dataset,contract_id,text,label
LexGLUE_ledgar,ledgar_0,"Executive agrees to be employed with the Company, and the Company agrees to employ Executive, during the Term and on the terms and conditions set forth in this Agreement. Executive agrees during the term of this Agreement to devote substantially all of Executive’s business time, efforts, skills and abilities to the performance of Executive’s duties to the Company and to the furtherance of the Company's business.",35
LexGLUE_ledgar,ledgar_1,"Participant agrees that in the event of a breach or threatened breach of any of the covenants contained in Sections 10 or 11 of this Agreement, in addition to any other penalties or restrictions that may apply under any employment agreement, state law, or otherwise, Participant shall forfeit, upon written notice to such effect from the Corporation, any and all Awards granted to him or her under the Plan and this Agreement, including vested Awards. The forfeiture provisions of this Section 13 shall continue to apply, in accordance with their terms, after the provisions of any employment or other agreement between the Corporation and Participant have lapsed. Participant consents and agrees that if Participant violates or threatens to violate any provisions of Sections 10 or 11 of this Agreement, the Corporation or its successors in interest shall be entitled, in addition to any other remedies that they may have, including money damages, to an injunction to be issued by a court of competent jurisdiction restraining Participant from committing or continuing any violation of Sections 10 or 11. In the event that Participant is found to have breached any provision set forth in Section 10 of this Agreement, the time period provided for in that provision shall be deemed tolled ( i.e. , it will not begin to run) for as long as Participant was in violation of that provision. The provisions of Sections 10 and 11 of this Agreement shall continue to apply, in accordance with their terms, after the Participant's service has terminated and after provisions of any employment or other agreement between the Corporation and the Participant have lapsed.",75
LexGLUE_ledgar,ledgar_2,"For purposes of this Amendment, all terms used herein which are not otherwise defined herein, including but not limited to, those terms used in the recitals hereto, shall have the respective meanings assigned thereto in the Credit Agreement.",55
LexGLUE_ledgar,ledgar_3,"So long as this as this Note is outstanding, upon written request of the Holder, the Company shall furnish to the Holder the then-current number of common shares issued and outstanding, the then-current number of common shares authorized, and the then-current number of shares reserved for third parties.",16
LexGLUE_ledgar,ledgar_4,"As of the Closing Date, Schedule 5.12 sets forth the name of, and the ownership interest of the Borrower and each of its subsidiaries in, each subsidiary of the Borrower.",83
LexGLUE_ledgar,ledgar_5,"Notwithstanding any other provision of this Article IV , each Purchaser covenants that the Shares may be disposed of only pursuant to an effective registration statement under, and in compliance with the requirements of, the Securities Act, or pursuant to an available exemption from, or in a transaction not subject to, the registration requirements of the Securities Act, and in compliance with any applicable state and federal securities laws. In connection with any transfer of the Shares other than (i) pursuant to an effective registration statement, (ii) to the Company, (iii) pursuant to Rule 144 ( provided , that such Purchaser provides the Company with reasonable assurances (in the form of seller and, if applicable, broker representation letters) that the securities may be sold pursuant to such rule) or (iv) in connection with a bona fide pledge as contemplated in Section 4.1(b) , the Company may require the transferor thereof to provide to the Company an opinion of counsel selected by the transferor and reasonably acceptable to the Company, the form and substance of which opinion shall be reasonably satisfactory to the Company, to the effect that such transfer does not require registration of such transferred Shares under the Securities Act.",19
LexGLUE_ledgar,ledgar_6,"Each Party (i) hereby agrees to instruct the applicable Parties and TMM Holdings, as applicable, to reflect the foregoing transfers on the books and records thereof and (ii) shall execute, deliver, file and record, or cause to be executed, delivered, filed and recorded, such further agreements, instruments and other documents, and take, or cause to be taken, such further actions, as any other Party may reasonably request as being necessary or desirable to effect or evidence the transactions contemplated by this Agreement.",45
LexGLUE_ledgar,ledgar_7,"The Participant will earn the number of Performance Shares equal to Target Shares if there is a Change in Control before January 1, 2021.",17
LexGLUE_ledgar,ledgar_8,"This Agreement may be executed in one or more counterparts, each of which shall be deemed to be an original, but all of which together will constitute one in the same agreement.",26
LexGLUE_ledgar,ledgar_9,"The representations and warranties contained in Article VI shall be true and correct in all material respects (except to the extent any such representation and warranty is qualified by materiality or reference to Material Adverse Effect, in which case, such representation and warranty shall be true, correct and complete in all respects) on and as of such borrowing or issuance date with the same effect as if made on and as of such date, except for any representation and warranty made as of an earlier date, which representation and warranty shall remain true and correct in all material respects (except to the extent any such representation and warranty is qualified by materiality or reference to Material Adverse Effect, in which case, such representation and warranty shall be true, correct and complete in all respects) as of such earlier date and except that for purposes of this Section 5.2(a) , the representations and warranties contained in subsections (i) and (ii) of Section 6.1(g) shall be deemed to refer to the most recent statements furnished pursuant to clauses (i) and (ii), respectively, of Section 7.1(a) .",98
LexGLUE_ledgar,ledgar_10,"Each party’s obligations under this Section 2.13 shall survive the resignation or replacement of the Administrative Agent or any assignment of rights by, or the replacement of, a Lender, the termination of the Commitments and the repayment, satisfaction or discharge of all obligations under any Loan Document.",85
LexGLUE_ledgar,ledgar_11,"Employee has been advised, and hereby is advised in writing, to consult with an attorney of his choice regarding the form and content of this Confirming Release, and he represents that he has had a sufficient opportunity (and a full 21 days) to do so before execution and return, and that he has read this Confirming Release and enters into it voluntarily and of his own free will. This Confirming Release and the releases and covenants contained herein shall be binding upon Employee, his heirs, executors, administrators, assigns, agents, attorneys in fact, attorneys at law, and representatives. This Confirming Release and the releases and covenants contained herein shall inure to the benefit of all Confirming Release Company Parties and each of their respective predecessors, successors, and assigns.",13
LexGLUE_ledgar,ledgar_12,"THIS AMENDMENT AND ANY CLAIMS, CONTROVERSY, DISPUTE OR CAUSES OF ACTION (WHETHER IN CONTRACT OR TORT OR OTHERWISE) BASED UPON, ARISING OUT OF OR RELATING TO THIS AMENDMENT SHALL BE CONSTRUED IN ACCORDANCE WITH AND GOVERNED BY THE LAWS OF THE STATE OF NEW YORK.",4
LexGLUE_ledgar,ledgar_13,"No waiver of any provision of this Agreement is effective unless made in writing and signed by the waiving party, and, in the case of the Company only after the waiver has been specifically approved by the Board. The failure of either party to require the performance of any term or obligation of this Agreement, or the waiver by either party of any breach of this Agreement, will not prevent any subsequent enforcement of such term or obligation or be deemed a waiver of any subsequent breach.",97
LexGLUE_ledgar,ledgar_14,"The validity and interpretation of this Agreement, and the terms and conditions set forth herein, shall be construed and interpreted in accordance with and governed by the laws of the State of California, without giving effect to any provisions relating to conflict of laws.",47
LexGLUE_ledgar,ledgar_15,"Whenever notice is required to be given under this Warrant, unless otherwise provided herein, such notice shall be given in accordance with the notice provisions contained in the Purchase Agreement. The Company shall provide the Holder with prompt written notice (i) immediately upon any adjustment of the Exercise Price, setting forth in reasonable detail, the calculation of such adjustment and (ii) at least 20 days prior to the date on which the Company closes its books or takes a record (A) with respect to any dividend or distribution upon the Common Shares, (B) with respect to any grants, issuances or sales of any shares or other securities directly or indirectly convertible into or exercisable or exchangeable for Common Shares or other property, pro rata to the holders of Common Shares or (C) for determining rights to vote with respect to any Fundamental Transaction, dissolution or liquidation, provided in each case that such information shall be made known to the public prior to or in conjunction with such notice being provided to the Holder.",65
LexGLUE_ledgar,ledgar_16,"EACH PARTY TO THIS AGREEMENT, FOR ITSELF AND ITS AFFILIATES, HEREBY IRREVOCABLY AND UNCONDITIONALLY WAIVES TO THE FULLEST EXTENT PERMITTED BY APPLICABLE LAW ALL RIGHT TO TRIAL BY JURY IN ANY ACTION, PROCEEDING OR COUNTERCLAIM (WHETHER BASED ON CONTRACT, TORT OR OTHERWISE) ARISING OUT OF OR RELATING TO THE ACTIONS OF THE PARTIES HERETO OR THEIR RESPECTIVE AFFILIATES PURSUANT TO THIS AGREEMENT OR IN THE NEGOTIATION, ADMINISTRATION, PERFORMANCE OR ENFORCEMENT OF THIS AGREEMENT.",96
LexGLUE_ledgar,ledgar_17,"Holder hereby (a) agrees that the Stock (or Options), and any other shares of capital stock or securities required by the Agreement to be bound thereby, shall be bound by and subject to the terms of the Stockholder Agreement and (b) acknowledges receipt of a copy of, and hereby adopts the Agreement with the same force and effect as if Holder were originally a party thereto.",1
LexGLUE_ledgar,ledgar_18,"No failure or delay by Agent or any Lender in exercising any right, power or privilege under any Financing Document shall operate as a waiver thereof nor shall any single or partial exercise thereof preclude any other or further exercise thereof or the exercise of any other right, power or privilege. The rights and remedies herein and therein provided shall be cumulative and not exclusive of any rights or remedies provided by law. Any reference in any Financing Document to the “continuing” nature of any Event of Default shall not be construed as establishing or otherwise indicating that any Borrower or any other Credit Party has the independent right to cure any such Event of Default, but is rather presented merely for convenience should such Event of Default be waived in accordance with the terms of the applicable Financing Documents.",63
LexGLUE_ledgar,ledgar_19,"This Agreement shall be enforceable to the fullest extent allowed by law. In the event that a court or appointed arbitrator holds any provision of this Agreement to be invalid or unenforceable, then, if allowed by law, that provision shall be reduced, modified or otherwise conformed to the relevant law, judgment or determination to the degree necessary to render it valid and enforceable without affecting the rest of this Agreement. Any provision of this Agreement that is prohibited or unenforceable in any jurisdiction shall, as to such jurisdiction, be deemed severable from the remainder of this Agreement, and the remaining provisions contained in this Agreement shall be construed to preserve to the maximum permissible extent the intent and purposes of this Agreement. Any such prohibition or unenforceability in any jurisdiction shall not invalidate or render unenforceable such provision in any other jurisdiction.",79
LexGLUE_ledgar,ledgar_20,"Guarantor is solvent and will not become insolvent after giving effect to the transactions contemplated hereby; Guarantor is paying its debts as they become due; and Guarantor, after giving effect to the transactions contemplated hereby, will have adequate capital to conduct its business. Guarantor does not intend to incur, or believe that it has incurred, debts beyond its ability to pay such debts as they mature. Guarantor is not contemplating the commencement of insolvency, bankruptcy, liquidation or consolidation proceedings or the appointment of a receiver, liquidator, conservator, trustee or similar official in respect of Guarantor or any of its assets. The Guarantor is not subject to any proceeding under the Bankruptcy Code or under any other applicable bankruptcy, insolvency or similar law.",80
LexGLUE_ledgar,ledgar_21,"Subject to the provisions of Section 2.06(b) , (i) each Eurodollar Rate Loan under a Facility shall bear interest on the outstanding principal amount thereof for each Interest Period from the applicable borrowing date at a rate per annum equal to the Eurodollar Rate for such Interest Period plus the Applicable Rate for such Facility and (ii) each Base Rate Loan under a Facility shall bear interest on the outstanding principal amount thereof from the applicable borrowing date at a rate per annum equal to the Base Rate plus the Applicable Rate for such Facility. To the extent that any calculation of interest or any fee required to be paid under this Agreement shall be based on (or result in) a calculation that is less than zero, such calculation shall be deemed zero for purposes of this Agreement.",54
LexGLUE_ledgar,ledgar_22,The Employee’s employment under this Agreement will terminate upon the Employee’s death.,27
LexGLUE_ledgar,ledgar_23,"The term of this Agreement (the “Term”) shall commence as of the Effective Date hereof and shall continue in effect for a period of two (2) years, unless otherwise terminated earlier pursuant to Paragraph 4 hereof.",89
LexGLUE_ledgar,ledgar_24,"Except for (a) any matter fully covered as to subject matter and amount (subject to applicable deductibles and retentions) by insurance for which the insurance carrier has not asserted lack of subject matter coverage or reserved its right to do so, (b) any matter, or series of related matters, involving a claim against Borrower or any of its Subsidiaries of less than $250,000, (c) matters of an administrative nature not involving a claim or charge against Borrower or any Subsidiary of Borrower and (d) matters set forth in Schedule 4.9 , there are no actions, suits, proceedings or investigations pending as to which Borrower or any of its Subsidiaries have been served or have received notice or, to the best knowledge of Borrower threatened against or affecting Borrower or any of its Subsidiaries or any Property of any of them before any Governmental Agency. None of Borrower, its Subsidiaries, or, to the best knowledge of Borrower, any executive officer of any such Persons has been indicted or convicted in connection with or is engaging in any criminal conduct which constitutes a felony, or is currently subject to any lawsuit or proceeding or, to the best of Borrower’s knowledge, under investigation in connection with any anti-racketeering or criminal conduct or activity which constitutes a felony.",58
LexGLUE_ledgar,ledgar_25,"This Agreement may be amended by a writing which specifically states that it is amending this Agreement executed by (i) the Company and the Executive, (ii) the Company (at the discretion of the Committee), so long as a copy of such amendment is delivered to the Executive, and provided that no such amendment having a material adverse affect on the rights of the Executive hereunder may be made without the Executive's written consent or (iii) the Company (at the discretion of the Committee) in any way it may deem necessary or advisable to carry out the purpose of the grant as a result of any change in applicable Laws or any future Laws or judicial decisions.",2
LexGLUE_ledgar,ledgar_26,"HA INC shall maintain and shall maintain on behalf of and for the benefit of each Borrower insurance with insurers satisfactory to Agent, with respect to the Properties, Collateral and business of Obligors of such type (including general liability, umbrella policy, D&O and workers compensation coverages), in such amounts, and with such coverages and deductibles as are customary for companies similarly situated.",51
LexGLUE_ledgar,ledgar_27,"The Section headings used in this Amendment are for convenience of reference only, are not part of this Amendment and are not to affect the construction of, or to be taken into consideration in interpreting, this Amendment.",48
LexGLUE_ledgar,ledgar_28,"Attached hereto as Schedule 2.1(l) are true, complete and correct copies of the unaudited balance sheet and statement of income for Seller for the years ended December 31, 2017 and 2018 (the balance sheet as of December 31, 2018 being the “ Most Recent Balance Sheet ” and the date of such balance sheet being the “ Most Recent Balance Sheet Date ”) (such balance sheets and statements being referred to collectively as the “ Financial Statements ”). Each of the Financial Statements (including the notes thereto, if any) are true, complete and correct, have been prepared from, and are consistent with, the books and records of Seller (which are correct and complete in all material respects), and present the financial condition of the Seller in accordance with the Seller’s historical practices as of the dates thereof and the operating results and cash flows for the periods of Seller then ended. Seller does not have any indebtedness for borrowed money pertaining to the Business except for indebtedness that will be paid off at Closing in accordance with Section 1.5 .",43
LexGLUE_ledgar,ledgar_29,"This Agreement may be executed in two or more counterparts, each of which shall be deemed to be an original, but all of which together shall constitute one and the same document.",26
LexGLUE_ledgar,ledgar_30,"This Agreement may be executed in one or more counterparts, each of which shall be deemed an original but all of which together constitute on and the same instrument.",26
LexGLUE_ledgar,ledgar_31,"The Company shall not sell, offer for sale or solicit offers to buy or otherwise negotiate in respect of any security (as defined in Section 2(a)(1) of the Securities Act) that would be integrated with the offer or sale of the Securities for purposes of the rules and regulations of any Trading Market such that it would require shareholder approval prior to the closing of such other transaction unless shareholder approval is obtained before the closing of such subsequent transaction.",52
LexGLUE_ledgar,ledgar_32,"The Company may assign this Agreement to any successor to all or substantially all of its assets, and in that case, a transfer of Executive’s employment to the successor assuming this Agreement will not constitute a termination without Cause by the Company, whether or not Executive accepts such transfer. Executive’s obligations under this Agreement are personal in nature and may not be assigned by Executive to another person.",7
LexGLUE_ledgar,ledgar_33,"This Agreement may be executed in counterparts, and each counterpart shall have the same force and effect as an original and shall constitute an effective, binding agreement on the part of each of the undersigned. Either party may execute this letter agreement by signing on the designated signature block below, and by transmitting such signature page via facsimile or e-mail (via PDF format) to the other party. Any signature made and transmitted by facsimile or e-mail (via PDF format) for the purpose of executing this letter agreement shall be deemed an original signature for purposes of this letter agreement, and shall be binding upon the party transmitting its or his signature by facsimile or e-mail (via PDF format).",26
LexGLUE_ledgar,ledgar_34,"During the Employment Period, the Employer shall pay to the Executive a base salary (the “ Base Salary ”) at the rate of no less than $200,000 per calendar year, less applicable deductions, and prorated for any partial year. Beginning with the first quarter of 2020, the Base Salary shall be reviewed for increase by the Employer no less frequently than annually, and shall be increased in the discretion of the Employer and any such adjusted Base Salary shall constitute the “Base Salary” for purposes of this Agreement. The Base Salary shall be paid in substantially equal installments in accordance with the Employer’s regular payroll procedures. The Executive’s Base Salary may not be decreased during the Employment Period.",11
LexGLUE_ledgar,ledgar_35,The headings of Articles and Sections contained in this Agreement are for reference purposes only and are not part of this Agreement.,48
LexGLUE_ledgar,ledgar_36,"In the event any provision of the Plan shall be held invalid or illegal for any reason, any illegality or invalidity shall not affect the remaining parts of the Plan, but the Plan shall be construed and enforced as if the illegal or invalid provision had never been inserted, and the Company shall have the privilege and opportunity to correct and remedy such questions of illegality or invalidity by amendment as provided in the Plan.",79
LexGLUE_ledgar,ledgar_37,"By accepting the Performance, you expressly acknowledge and agree to comply with applicable Brazilian laws and to pay any and all applicable taxes associated with the vesting of the Performance Shares, the issuance and/or sale of shares of Common Stock acquired under the Plan or the receipt of any dividends.",19
LexGLUE_ledgar,ledgar_38,"There shall be no governmental or judicial action, actual or threatened, that has or would have, singly or in the aggregate, a reasonable likelihood of restraining, preventing or imposing burdensome conditions on the transactions contemplated by this Amendment.",58
LexGLUE_ledgar,ledgar_39,"To the extent not preempted by the laws of the United States, the laws of the State of California (without regard to the choice of law rules) shall be the controlling law in all matters relating to the Plan.",4
LexGLUE_ledgar,ledgar_40,"Whenever applicable, masculine and neutral pronouns shall equally apply to the feminine genders; the singular shall include the plural and the plural shall, include the singular. The Parties have reviewed and understand this Agreement, and each has had a full opportunity to negotiate the agreement's terms and to consult with counsel of their own choosing. Therefore, the Parties expressly waive all applicable common law and statutory rules of construction that any provision of this Agreement should be construed against the agreement's drafter and agree that this Agreement and all amendments thereto shall be construed as a whole, according to the fair meaning of the language used.",23
LexGLUE_ledgar,ledgar_41,"The Borrowers shall have paid the upfront fees to the Administrative Agent for the benefit of the Lenders in the amount agreed upon between the Borrowers and the Administrative Agent. The Lenders and the Administrative Agent shall have received all other fees required to be paid, and all expenses required to be reimbursed for which invoices have been presented (including the reasonable fees and expenses of legal counsel), on or before the Effective Date. All such amounts will be paid with proceeds of Loans made on the Effective Date and will be reflected in the funding instructions given by the Borrower Representative to the Administrative Agent on or before the Effective Date.",42
LexGLUE_ledgar,ledgar_42,The headings of this Amendment are for purposes of reference only and shall not limit or otherwise affect the meaning hereof.,48
LexGLUE_ledgar,ledgar_43,"The failure of either party to assert a right hereunder or to insist upon compliance with any term or condition of this Agreement shall not constitute a waiver of that right or excuse a similar subsequent failure to perform any such term or condition by the other party. None of the terms, covenants and conditions of this Agreement can be waived except by the written consent of the party waiving compliance.",97
LexGLUE_ledgar,ledgar_44,"As of the Agreement Date, Schedule 6.1.(f) is a complete and correct listing of all of the real property owned or leased by the Borrower, each other Loan Party and each other Subsidiary. Each such Person has good, marketable and legal title to, or a valid leasehold interest in, its respective assets that are material assets of the Trust and its Subsidiaries, taken as a whole. As of the Agreement Date, there are no Liens against any assets of the Borrower, any other Loan Party or any other Subsidiary except for Permitted Liens.",57
LexGLUE_ledgar,ledgar_45,"All disputes involving Arbitrable Claims shall be decided by a single arbitrator. The arbitrator shall be selected by mutual agreement of the parties within 30 days of the effective date of the notice initiating the arbitration. If the parties cannot agree on an arbitrator, then the complaining party shall notify the AAA and request selection of an arbitrator in accordance with the AAA Employment Rules. The arbitrator shall have only such authority to award equitable relief, damages, costs, and fees as a court would have for the particular claim(s) asserted. The arbitrator shall have exclusive authority to resolve all Arbitrable Claims, including, but not limited to, whether any particular claim is arbitrable and whether all or any part of this Agreement is void or unenforceable.",9
LexGLUE_ledgar,ledgar_46,"This Agreement, together with the PIIA and the other documents referred to in this Agreement, represents the entire agreement and understanding between the parties as to the subject matter herein and supersedes all prior or contemporaneous agreements whether written or oral. This Agreement may be modified only by agreement of the parties by a written instrument executed by the parties that is designated as an amendment to this Agreement.",52
LexGLUE_ledgar,ledgar_47,"If any provision of this Section 5 is determined to be invalid, illegal or unenforceable, in whole or in part, then such provision shall be modified so as to be enforceable to the maximum extent permitted by law. If such provision cannot be modified to be enforceable, the provision shall be severed from this Agreement to the extent unenforceable. In this regard, Employer and Employee hereby agree that any judicial authority construing this Agreement shall be empowered to sever any portion of the geographic restrictions, any prohibited business activity or any time period from the coverage of this Section 5 and to apply the provisions of this Section 5 to the remaining portion of the geographic restrictions, the remaining business activities and the remaining time period not so severed by such judicial authority.",79
LexGLUE_ledgar,ledgar_48,"Payments of vested accrued benefits to Pre-2005 Plan II Beneficiaries from the Trust shall be made in accordance with the distribution event specified by the Participant in the Deferral Election between the Company and the Participant (the “Distribution Event”). Except as otherwise expressly provided in the Participant’s Deferral Election and as set forth in Article VII below, no distribution shall be made or commenced prior to the time and manner as set forth in the Participant’s Deferral Election.",46
LexGLUE_ledgar,ledgar_49,"The Swingline Lender may at any time in its discretion, and shall, at the minimum on a weekly basis, by written notice given to the Administrative Agent ( provided such notice requirement shall not apply if the Swingline Lender and the Administrative Agent are the same entity) not later than 11:00 a.m., New York City time, on the next succeeding Business Day following such notice require the Revolving Lenders to acquire participations on such Business Day in all or a portion of the Swingline Loans then outstanding. Such notice shall specify the aggregate amount of Swingline Loans in which Revolving Lenders will participate. Promptly upon receipt of such notice, the Administrative Agent will give notice thereof to each Revolving Lender, specifying in such notice such Lender’s Pro Rata Percentage of such Swingline Loan or Loans. Each Revolving Lender hereby absolutely and unconditionally agrees, upon receipt of notice as provided above, to pay to the Administrative Agent, for the account of the Swingline Lender, such Lender’s Pro Rata Percentage of such Swingline Loan or Loans. Each Revolving Lender acknowledges and agrees that its obligation to acquire participations in Swingline Loans pursuant to this Section 2.17(d) is absolute and unconditional and shall not be affected by any circumstance whatsoever, including the occurrence and continuance of a Default or reduction or termination of the Commitments, and that each such payment shall be made without any offset, abatement, withholding or reduction whatsoever (so long as such payment shall not cause such Lender’s Revolving Exposure to exceed such Lender’s Revolving Commitment). Each Revolving Lender shall comply with its obligation under this clause (d) by wire transfer of immediately available funds, in the same manner as provided in Section 2.02(c) with respect to Loans made by such Lender (and Section 2.02 shall apply, mutatis mutandis , to the payment obligations of the Revolving Lenders), and the Administrative Agent shall promptly pay to the Swingline Lender the amounts so received by it from the Revolving Lenders. The Administrative Agent shall notify the Administrative Borrower of any participations in any Swingline Loan acquired by the Revolving Lenders pursuant to this Section 2.17(d) , and thereafter payments in respect of such Swingline Loan shall be made to the Administrative Agent and not to the Swingline Lender. Any amounts received by the Swingline Lender from the Borrowers (or other party on behalf of any Borrower) in respect of a Swingline Loan after receipt by the Swingline Lender of the proceeds of a sale of participations therein shall be promptly remitted to the Administrative Agent. Any such amounts received by the Administrative Agent shall be promptly remitted by the Administrative Agent to the Revolving Lenders that shall have made their payments pursuant to this Section 2.17(d) , as their interests may appear. The purchase of participations in a Swingline Loan pursuant to this Section 2.17(d) shall not relieve the Borrowers of any default in the payment thereof.",67
LexGLUE_ledgar,ledgar_50,"Any notice, demand or request required or permitted to be given under this Agreement shall be in writing and shall be deemed sufficient when delivered personally or sent by fax or 48 hours after being sent by nationally-recognized courier or deposited in the U.S. mail, as certified or registered mail, with postage prepaid, and addressed to the party to be notified at such party’s address or fax number as set forth below or as subsequently modified by written notice.",65
LexGLUE_ledgar,ledgar_51,"Neither this Lease nor any term or provision hereof may be changed, waived, discharged or terminated orally, and no breach thereof shall be waived, altered or modified, except by a written instrument signed by the party against which the enforcement of the change, waiver, discharge or termination is sought. Any right to change, waive, discharge, alter or modify, or terminate this Lease shall be subject to the prior express written consent of Landlord's Mortgagee.",60
LexGLUE_ledgar,ledgar_52,This Agreement shall be construed under the laws of the State of Delaware.,47
LexGLUE_ledgar,ledgar_53,"It has not entered, and shall not enter, into any agreement with any Third Party or any Affiliate that is in conflict with the rights granted to the other Party under this Agreement and all Ancillary Agreements, and has not taken and shall not take any action that would in any way prevent it from granting the rights granted to the other Party under this Agreement and all Ancillary Agreements, or that would otherwise materially conflict with or adversely affect the rights granted to the other Party under this Agreement and all Ancillary Agreements. Its performance and execution of this Agreement and all Ancillary Agreements shall not result in a material breach of any other contract to which it is a Party or assuming the receipt of clearance of the Japan FTC as contemplated by Section 7.4, of any applicable Law or Order.",61
LexGLUE_ledgar,ledgar_54,"Sections 20(b) and 20(h) of each of the Partner Agreements is hereby amended by adding the phrase “, Class E-1 Common Units” immediately after the term “Retained P Units” where such latter term appears in such Sections 20(b) and 20(h), respectively.",59
LexGLUE_ledgar,ledgar_55,"The Committee has the right to amend, alter, suspend, discontinue or cancel the PSUs, prospectively or retroactively; provided, that , no such amendment shall adversely affect the Grantee’s material rights under this Agreement without the Grantee’s consent.",2
LexGLUE_ledgar,ledgar_56,"This Agreement, together with the Contribution Agreement, constitutes the full and entire understanding and agreement among the parties with regard to the subject matter hereof.",38
LexGLUE_ledgar,ledgar_57,"Borrower agrees from time to time to execute, acknowledge and deliver all such instruments and to take all such reasonable action for the purpose of effectuating this Assignment and the carrying out of the terms hereof as may be requested by Agent.",45
LexGLUE_ledgar,ledgar_58,Tenant shall fail to discharge or otherwise obtain the release of any lien placed upon the Premises in violation of this Lease within 10 days after any such lien is filed against the Premises.,57
LexGLUE_ledgar,ledgar_59,"In addition to such other rights of indemnification as they may have as members of the Board or the Committee or as officers or employees of the Participating Company Group, to the extent permitted by applicable law, members of the Board or the Committee and any officers or employees of the Participating Company Group to whom authority to act for the Board, the Committee or the Company is delegated shall be indemnified by the Company against all reasonable expenses, including attorneys’ fees, actually and necessarily incurred in connection with the defense of any action, suit or proceeding, or in connection with any appeal therein, to which they or any of them may be a party by reason of any action taken or failure to act under or in connection with the Plan, or any right granted hereunder, and against all amounts paid by them in settlement thereof (provided such settlement is approved by independent legal counsel selected by the Company) or paid by them in satisfaction of a judgment in any such action, suit or proceeding, except in relation to matters as to which it shall be adjudged in such action, suit or proceeding that such person is liable for gross negligence, bad faith or intentional misconduct in duties; provided, however, that within sixty (60) days after the institution of such action, suit or proceeding, such person shall offer to the Company, in writing, the opportunity at its own expense to handle and defend the same.",49
LexGLUE_ledgar,ledgar_60,The Administrative Agent shall have received a certificate of the chief financial officer of the Borrower (or another authorized financial officer of the Borrower) certifying the solvency of the Borrower substantially in the form attached hereto as Exhibit E .,80
LexGLUE_ledgar,ledgar_61,"Each Purchaser, severally and not jointly with the other Purchasers, covenants that neither it nor any Affiliate acting on its behalf or pursuant to any understanding with it will execute any purchases or sales, including Short Sales of any of the Company’s securities during the period commencing with the execution of this Agreement and ending at such time that the transactions contemplated by this Agreement are first publicly announced pursuant to the initial press release as described in Section 4.4. Each Purchaser, severally and not jointly with the other Purchasers, covenants that until such time as the transactions contemplated by this Agreement are publicly disclosed by the Company pursuant to the initial press release as described in Section 4.4, such Purchaser will maintain the confidentiality of the existence and terms of this transaction and the information included in the Disclosure Schedules. Notwithstanding the foregoing and notwithstanding anything contained in this Agreement to the contrary, the Company expressly acknowledges and agrees that (i) no Purchaser makes any representation, warranty or covenant hereby that it will not engage in effecting transactions in any securities of the Company after the time that the transactions contemplated by this Agreement are first publicly announced pursuant to the initial press release as described in Section 4.4, (ii) no Purchaser shall be restricted or prohibited from effecting any transactions in any securities of the Company in accordance with applicable securities laws from and after the time that the transactions contemplated by this Agreement are first publicly announced pursuant to the initial press release as described in Section 4.4 and (iii) no Purchaser shall have any duty of confidentiality or duty not to trade in the securities of the Company to the Company or its Subsidiaries, VIEs or VIE Subsidiaries after the issuance of the initial press release as described in Section 4.4. Notwithstanding the foregoing, in the case of a Purchaser that is a multi-managed investment vehicle whereby separate portfolio managers manage separate portions of such Purchaser’s assets and the portfolio managers have no direct knowledge of the investment decisions made by the portfolio managers managing other portions of such Purchaser’s assets, the covenant set forth above shall only apply with respect to the portion of assets managed by the portfolio manager that made the investment decision to purchase the Securities covered by this Agreement.",20
LexGLUE_ledgar,ledgar_62,"The execution and delivery by Buyer of this Agreement, Buyer’s performance hereunder, and the consummation of the transactions contemplated hereby do not require any Consent under any Contract to which Buyer is a party or by which Buyer’s assets are bound or any Governmental Approval, except where the failure to obtain any such Governmental Approval would not, individually or in the aggregate, prohibit, restrict or delay, in any material respect, the performance by Buyer of Buyer’s obligations under this Agreement or the consummation of the transactions contemplated hereby.",22
LexGLUE_ledgar,ledgar_63,"This Consent may be separately executed in counterparts and by the different parties hereto in separate counterparts, each of which when so executed shall be deemed to constitute one and the same agreement. This Consent may be duly executed and delivered by facsimile transmission, electronic mail, or other electronic means.",26
LexGLUE_ledgar,ledgar_64,"To the extent not preempted by Federal law, the Plan, this Agreement, and documents evidencing rights relating to the Plan or this Agreement will be construed, administered and governed in all respects under and by the laws of the State of Delaware, without giving effect to its conflict of laws principles. If any provision of this Agreement will be held by a court of competent jurisdiction to be invalid or unenforceable, the remaining provisions hereof will continue to be fully effective. The jurisdiction and venue for any disputes arising under, or any action brought to enforce (or otherwise relating to), this Agreement will be exclusively in the courts in the State of Illinois, County of Cook, including the Federal Courts located therein (should Federal jurisdiction exist).",47
LexGLUE_ledgar,ledgar_65,"All covenants, agreements, representations and warranties made by each Obligor herein and in any Loan Document or other documents delivered in connection herewith or therewith or pursuant hereto or thereto shall be considered to have been relied upon by the other parties hereto and shall survive the execution and delivery hereof and thereof and the making of the Borrowings hereunder, regardless of any investigation made by any such other party or on its behalf and notwithstanding that the Facility Agent, the Security Trustee or any Lender may have had notice or knowledge of any Default at the time of any Borrowing, and shall continue in full force and effect as long as any Loan or any other Obligation hereunder shall remain unpaid or unsatisfied and so long as the Commitments have not expired or been terminated. The provisions of Sections 2.14, 2.15, 11.03, 11.15 and Article X shall survive and remain in full force and effect regardless of the consummation of the transactions contemplated hereby, the payment in full of the Obligations, the expiration or termination of the Commitments or the termination of this Agreement or any provision hereof.",85
LexGLUE_ledgar,ledgar_66,"Conduct its businesses in compliance with the United States Foreign Corrupt Practices Act of 1977, the UK Bribery Act 2010, and other similar anti‑corruption legislation in other jurisdictions, and maintain policies and procedures designed to promote and achieve compliance with such laws.",3
LexGLUE_ledgar,ledgar_67,The headings of this First Amendment are for purposes of reference only and shall not limit or otherwise affect the meaning hereof.,48
LexGLUE_ledgar,ledgar_68,"Any and all notices or other communications or deliveries required or permitted to be provided hereunder shall be in writing and shall be deemed given and effective on the earliest of: (a) the date of transmission, if such notice or communication is delivered via email at the email address as set forth on the signature pages attached hereto at or prior to 5:30 p.m. (New York City time) on a Trading Day, (b) the next Trading Day after the date of transmission, if such notice or communication is delivered via email at the email address as set forth on the signature pages attached hereto on a day that is not a Trading Day or later than 5:30 p.m. (New York City time) on any Trading Day, (c) the second Trading Day following the date of transmission, if sent by U.S. nationally recognized overnight courier service or (d) upon actual receipt by the party to whom such notice is required to be given. The address for such notices and communications shall be as set forth on the signature pages attached hereto. To the extent that any notice provided pursuant to any Transaction Document constitutes, or contains, material, non-public information regarding the Company or any Subsidiaries, the Company shall simultaneously file such notice with the SEC pursuant to a Current Report on Form 8-K.",65
LexGLUE_ledgar,ledgar_69,"Employee agrees to make no disclosure or use of any proprietary or confidential information, including without limitation, data, developments, customer information, or trade secrets belonging to the Company or learned or acquired by Employee and will take all action necessary to preserve that confidentiality. Employee shall continue to comply with any confidentiality agreements, provisions, and policies by which Employee has previously agreed to abide. For purposes of emphasis and as a reminder, portions of this Agreement set forth obligations already imposed on Employee by agreement(s) of confidentiality, whether by acceptance of the Company policy(s) or provision(s) on confidentiality in writing, by electronic affirmation of such policy(s) or provision(s), or by the fact of Employee’s employment with the Company constituting an acceptance of the confidentiality requirements in policy(s) or provision(s) applicable to employees generally including, but not limited to, obligations related to nondisclosure. This Agreement does not supersede any such confidentiality agreement(s), policy(s) or provision(s), but instead supplements the terms of all such confidentiality agreement(s), policy(s) and provision(s).",20
LexGLUE_ledgar,ledgar_70,"The Company will pay you a base salary at the rate of six hundred thousand dollars ($600,000) per year, payable in accordance with the regular payroll practices of the Company and subject to adjustment from time to time by Parent’s Board of Directors (the “ Board ”) or its designee in its discretion (as adjusted from time to time, the “ Base Salary ”).",11
LexGLUE_ledgar,ledgar_71,"Unless earlier terminated pursuant to this Section 13 , the term of this Agreement shall commence on the Effective Date and end August 6, 2025, (the “ Term ”).",89
LexGLUE_ledgar,ledgar_72,"(a) All payments made by or on behalf of any Loan Party under this Agreement (other than in respect of any Competitive Loans as to which this Section 2.21(a) shall not apply) or any other Loan Document shall be made free and clear of, and without deduction or withholding for or on account of, any present or future Taxes, excluding (i) Taxes imposed on or measured by income or profits (including franchise taxes imposed in lieu of or in addition to net income taxes) imposed on the Administrative Agent or any Lender as a result of a present or former connection between the Administrative Agent or such Lender and the jurisdiction of the Governmental Authority imposing such tax or any political subdivision or taxing authority thereof or therein (other than any such connection arising solely from the Administrative Agent or such Lender having executed, delivered or performed its obligations or received a payment under, or enforced, this Agreement or any other Loan Document), (ii) any branch profit taxes imposed by the United States or any similar tax imposed by any other Governmental Authority in a jurisdiction described in clause (i) above and (iii) any Taxes imposed by reason of FATCA (any such non-excluded Taxes, “ Non-Excluded Taxes ”). If any Taxes are required to be withheld from any amounts payable to the Administrative Agent or any Lender under any Loan Document, as determined in good faith by the applicable withholding agent or by the Company, to the extent there is no withholding agent, the applicable withholding agent or the Company shall make such deductions and shall pay the full amount deducted to the relevant Governmental Authority in accordance with applicable laws. In the case of any Non-Excluded Taxes or Other Taxes, the amounts so payable by the applicable Loan Party to the Administrative Agent or such Lender shall be increased to the extent necessary to yield to the Administrative Agent or such Lender (after payment of all Non-Excluded Taxes and Other Taxes) an amount equal to the sum which would have been received had no such deduction or withholding been made; provided , however , that no Loan Party shall be required to increase any such amounts payable to the Administrative Agent or any Lender with respect to any Non-Excluded Taxes except to the extent that any change in applicable law, treaty or governmental rule or regulation after the time such Lender becomes a party to this agreement (a “ Change in Tax Law ”), shall result in an increase in the rate of any deduction, withholding or payment from that in effect at the time such Lender becomes a party to this Agreement (or designates a new Applicable Lending Office), except to the extent that such Lender (or its assignor, if any) was entitled, at the time of its designation of a new Applicable Lending Office (or assignment), to receive additional amounts from such Loan Party with respect to such Non-Excluded Taxes pursuant to this Section 2.21. Notwithstanding anything to the contrary herein, the Company shall not be required to increase any amounts payable to the Administrative Agent or any Lender with respect to any Non-Excluded Taxes that are attributable to such Person’s failure to comply with the requirements of paragraph (d) or (f) of this Section 2.21 except as such failure relates to a Change in Tax Law rendering such Person legally unable to comply.",87
LexGLUE_ledgar,ledgar_73,"Section headings used herein are for convenience of reference only, are not part of this Agreement and are not to affect the construction of, or to be taken into consideration in interpreting, this Agreement.",48
LexGLUE_ledgar,ledgar_74,"It is the intention of Seller that each transfer and assignment herein contemplated constitutes a sale of the Related Receivables and the related Other Conveyed Property from Seller to Purchaser and that the beneficial interest in and title to such Related Receivables and related Other Conveyed Property not be part of Seller’s estate in the event of the filing of a bankruptcy petition by or against Seller under any bankruptcy law. No Related Receivable or related Other Conveyed Property has been sold, transferred, assigned, or pledged by Seller to any Person other than Purchaser. Immediately prior to each transfer and assignment herein contemplated, Seller had good and marketable title to each Related Receivable (including any Approved Seller Receivables sold on such Purchase Date) and related Other Conveyed Property and was the sole owner thereof, free and clear of all liens, claims, encumbrances, security interests, and rights of others, and, immediately upon the transfer thereof to Purchaser and Purchaser shall have good and marketable title to the Receivables (including any Approved Seller Receivables) and the Other Conveyed Property and shall be the sole owner thereof, free and clear of all Liens (except Permitted Liens); provided however that any Financed Vehicle which is part of the Other Conveyed Property may be subject to a lien subordinate to the security interests securing the related Contract. No Dealer has a participation in, or other right to receive, proceeds of any Receivable.",90
LexGLUE_ledgar,ledgar_75,"No change, modification, or termination of any of the terms, provisions, or conditions of this Agreement shall be effective unless made in writing and signed or initialed by all signatories to this Agreement.",2
LexGLUE_ledgar,ledgar_76,"Except as set forth on Schedule 3.6 , PanOptic has not received notice of any Proceeding, and to the Best Knowledge of PanOptic none is Threatened, and there are no Proceedings currently pending against PanOptic, including before any Governmental Entity, which could affect its performance under this Agreement.",58
LexGLUE_ledgar,ledgar_77,"On or before the Closing Date, the Lenders, the Administrative Agent and the Arrangers shall have received all fees and (to the extent invoiced at least two (2) Business Days prior to the Closing Date) all reasonable and documented out-of-pocket expenses then due and owing to the Administrative Agent, the Lenders, and the Arrangers pursuant to this Agreement and as otherwise agreed in writing by the Borrower.",42
LexGLUE_ledgar,ledgar_78,"Upon consummation of an IPO or a Sale of the Company, this Agreement will be terminated (and replaced, in the case of an IPO, by a suitable replacement stockholders’ agreement as reasonably determined by the Board of Directors immediately prior to the IPO) and each of the Members will be fully, finally and forever discharged and released from any and all agreements, terms, covenants, conditions, representations, warranties and other obligations arising under this Agreement and all rights and benefits of the Members arising under this Agreement shall be fully, finally and forever terminated and extinguished; provided , that Article VII, Article XI and this Article XII (and, solely in the case of a Sale of the Company, Section 9.08 to the extent any obligations thereunder have not been fully performed) shall survive and continue to apply in accordance with the their terms.",88
LexGLUE_ledgar,ledgar_79,This Agreement may not be modified or changed except by an instrument or instruments in writing executed by the parties hereto.,2
LexGLUE_ledgar,ledgar_80,"The Borrower shall immediately pay Administrative Agent upon demand all actual out-of-pocket costs and expenses incurred by Administrative Agent (including reasonable attorneys’ fees and expenses) in connection with: (a) the preparation of this Agreement, all other Loan Documents and Other Related Documents contemplated hereby; (b) the negotiation, preparation, execution, delivery and administration of any consents, amendments, waivers or other modifications to this Agreement, the other Loan Documents, Other Related Documents and any other documents or matters, (c) securing the Borrower’s compliance with any requests made pursuant to the provisions of this Agreement; (d) the filing and recording fees and expenses, title insurance and reasonable fees and expenses of counsel for providing to Lender all required legal opinions, and other similar expenses incurred in creating and perfecting the Liens in favor of Administrative Agent pursuant to this Agreement, the other Loan Documents and Other Related Documents; (e) enforcing or preserving any rights, in response to third party claims or the prosecuting or defending of any action or proceeding or other litigation, in each case against, under or affecting the Borrower, this Agreement, the other Loan Documents, Other Related Documents, the Property or any other security given for the Loan; and (f) the enforcement or satisfaction by Administrative Agent or Lenders of any of Borrower’s obligations under this Agreement, the other Loan Documents or the Other Related Documents or in connection with any refinancing or restructuring of the credit arrangements provided under this Agreement in the nature of a “ work out ” or of any insolvency or bankruptcy proceedings. For all purposes of this Agreement, Administrative Agent’s and Lenders’ costs and expenses shall include, without limitation, all appraisal fees incurred for (x) provided that no Default exists, no more than two appraisals obtained during the term of the Loan (in addition to any appraisal delivered in connection with the closing of the Loan) and (y) all appraisals obtained after and during the continuation of a Default, cost engineering and inspection fees, reasonable legal fees and expenses, accounting fees, environmental consultant fees, auditor fees, UCC filing fees, UCC vendor fees and the cost to Lenders of any title insurance premiums, title surveys, reconveyance and notary fees (to the extent Administrative Agent is permitted to procure such items hereunder) and/or (following the occurrence and during the continuance of Default) all costs incurred by Administrative Agent in connection with Section 11.2 hereof. Notwithstanding anything to the contrary herein, in no event shall Borrower be required to pay any underwriting fees or other similar fees to Administrative Agent or any Lender. Borrower recognizes and agrees that formal written Appraisals of the Property and Improvements by a licensed independent appraiser may be required by Administrative Agent’s or any Lender’s internal procedures and/or federal regulatory reporting requirements on an annual and/or specialized basis and Borrower hereby agrees that, subject to the cost allocations set forth in the immediately preceding sentence, Administrative Agent shall have the right to obtain any such appraisal. Additionally, and notwithstanding anything contained herein to the contrary, any Lender may require Administrative Agent to obtain an Appraisal at any time at such Lender’s expense if the expense of such Appraisal would not otherwise be the responsibility of Borrower. If any of the services described above are provided by an employee of Administrative Agent if Helaba is acting as Administrative Agent, Administrative Agent’s costs and expenses for such services shall be calculated in accordance with Administrative Agent’s standard charge for such services, which charges shall be commercially reasonable and without duplication to any third-party costs in connection with the same service.",41
LexGLUE_ledgar,ledgar_81,"Borrower agrees to pay on demand all costs and expenses of Agent (including the reasonable fees and expenses of outside counsel for Agent) in connection with the preparation, negotiation, execution, delivery and administration of this Amendment and all other instruments or documents provided for herein or delivered or to be delivered hereunder or in connection herewith. All obligations provided herein shall survive any termination of this Amendment and the Credit Agreement as amended hereby.",41
LexGLUE_ledgar,ledgar_82,"Except as set forth on Schedule 6.1.(h), there are no actions, suits or proceedings pending (or, to the knowledge of any Loan Party, are there any actions, suits or proceedings threatened, nor is there any basis therefor) against or in any other way relating adversely to or affecting the Borrower, any other Loan Party, any other Subsidiary or any of their respective property in any court or before any arbitrator of any kind or before or by any other Governmental Authority which, (i) could reasonably be expected to have a Material Adverse Effect or (ii) in any manner draws into question the validity or enforceability of any Loan Document.",58
LexGLUE_ledgar,ledgar_83,"Your Award is transferable by will and by the laws of descent and distribution. At your death, vesting of your Award will cease and your executor or administrator of your estate shall be entitled to receive, on behalf of your estate, any Ordinary Shares or other consideration that vested but was not issued before your death.",27
LexGLUE_ledgar,ledgar_84,"Buyer is duly organized, validly existing and in good standing under the laws of Nevada. Buyer has full corporate power and authority to own or lease all of its properties and assets and to conduct its business in the manner and in the places where such properties are owned and leased or such business is now conducted by it.",66
LexGLUE_ledgar,ledgar_85,"Guarantor is, and upon funding of the Loans on the Closing Date will be, in compliance with all of the covenants hereof. No Event of Default has occurred, and the execution, delivery and performance of the Loan Documents to which it is a party will not cause an Event of Default.",62
LexGLUE_ledgar,ledgar_86,The Borrower covenants and agrees as follows with respect to Taxes.,87
LexGLUE_ledgar,ledgar_87,"A true and correct copy of the rent roll (the “ Closing Rent Roll ”) for the Property as of January 18, 2019 is attached hereto as Schedule 4.7(B) . The Closing Rent Roll constitutes a true, correct, and complete in all material respects list of each and every Lease, and accurately and completely discloses in all material respects all annual and monthly rents payable by all Tenants under Leases. In all material respects, except only as specified in the Closing Rent Roll, (i) the Leases are in full force and effect; (ii) no Individual Borrower is in default under any Lease and, to Borrower’s knowledge, no Tenant under any Lease is in default under its Lease; (iii) to Borrower’s knowledge, no Tenant has any set-off, claim against the landlord, or defense to the enforcement of any Lease; and (iv) no Tenant is past due more than one month in the payment of rent, additional rent or any other material charges due under any Lease.",31
LexGLUE_ledgar,ledgar_88,"If the Participant violates either of the covenants in Section 5(a) or Section 5(b), the PSUs will be forfeited and the Participant’s rights under this Agreement will terminate. In addition, if any dispute arises concerning the violation by the Participant of the covenants described in this section, in addition to any other rights or remedies of this Company, an injunction may be issued restraining such violation pending the determination of such controversy, and no bond or other security will be required in connection therewith. Further, the Company will be entitled to seek appropriate legal relief, including money damages, equitable relief, and attorneys’ fees.",75
LexGLUE_ledgar,ledgar_89,"The Company represents and warrants to the Investor Group as follows: (a) the Company has the power and authority to execute, deliver and carry out the terms and provisions of this Agreement and to consummate the transactions contemplated by this Agreement and (b) this Agreement has been duly and validly authorized, executed and delivered by the Company, constitutes a valid and binding obligation and agreement of the Company and is enforceable against the Company in accordance with its terms, except as enforcement of this Agreement may be limited by applicable bankruptcy, insolvency, reorganization, moratorium, fraudulent conveyance or similar laws generally affecting the right of creditors and subject to general equity principles.",76
LexGLUE_ledgar,ledgar_90,"In the event that the Executive’s employment and the Employment Term end on account of the Executive’s Disability, the Company shall pay or provide the Executive with the Accrued Benefits.",30
LexGLUE_ledgar,ledgar_91,"Subject to the terms and conditions set forth herein, the purchase and sale of the Series A Preferred Units contemplated hereby shall take place at a closing (the “ Closing ”) to be held on June 28, 2019 (such date, the “ Scheduled Closing Date ”) or such other time and at such place as is mutually agreed by the parties hereto; provided , that (a) if all of the conditions set forth in Section 2.03 have been satisfied or waived on or before June 28, 2019 other than the condition set forth in Section 2.03(b)(iii) , the Scheduled Closing Date shall instead be August 1, 2019, and (b) the Scheduled Closing Date may occur before June 28, 2019 or August 1, 2019, as applicable, if the Partnership delivers at least fifteen (15) days’ prior written notice to the Purchasers of such earlier Scheduled Closing Date. The date on which the Closing occurs shall be referred to herein as the “ Closing Date ”.",18
LexGLUE_ledgar,ledgar_92,"This Agreement may be executed and accepted in one or more counterparts for the convenience of the parties, each of which will be deemed an original and all of which, taken together, shall constitute one and the same instrument. Delivery of a facsimile of a manually executed counterpart hereof via facsimile transmission or by electronic mail transmission, including but not limited to an Adobe file format document (also known as a PDF file), shall be as effective as delivery of a manually executed counterpart hereof.",26
LexGLUE_ledgar,ledgar_93,"This Guarantee and any information disclosed under this Guarantee shall be governed under the Confidentiality Agreement. This Guarantee may not be used, circulated, quoted or otherwise referred to in any document, except with the written consent of Guarantor and the Guaranteed Party; provided that no such written consent will be required (and the Guaranteed Party and its Affiliates will be free to release such information) for disclosures to employees, agents, legal, financial, accounting or other advisors or representatives on a confidential basis; provided , that the Guarantor, Parent, Merger Sub and Guaranteed Party may disclose or use such information and this Guarantee to the extent required by Law, the applicable rules of any national securities exchange or in connection with any SEC filings relating to the transactions contemplated by the Merger Agreement.",20
LexGLUE_ledgar,ledgar_94,"This Agreement contains the entire agreement among the parties concerning the subject matter hereof and supersedes all prior agreements, understandings, discussions, negotiations and undertakings, whether written or oral, between the parties with respect thereto.",38
LexGLUE_ledgar,ledgar_95,"Except as otherwise provided below or in the Award Document, all Options will become exercisable at the rate of 20% per year on each of the first five anniversaries of the Grant Date and will expire and terminate at 4:00 p.m. Eastern Time on the tenth anniversary of the Grant Date.",46
LexGLUE_ledgar,ledgar_96,"The Borrower has implemented and maintains in effect policies and procedures designed to achieve compliance by the Borrower, its Subsidiaries and their respective directors, officers, employees and agents (acting in their capacity as such) with applicable Anti-Corruption Laws and Sanctions. The Borrower and each of its Subsidiaries is in compliance with all applicable Anti-Corruption Laws and Sanctions. None of (a) the Borrower, any Subsidiary or to the knowledge of the Borrower or such Subsidiary any of their respective directors or officers, or (b) to the knowledge of the Borrower, any employee or agent of the Borrower or any Subsidiary (in each case, acting in their capacity as such), is a Sanctioned Person. No Borrowing or Letter of Credit, use of proceeds or other transaction contemplated by this Agreement will violate any Anti-Corruption Law or applicable Sanctions. Neither the making of the Loans nor the use of proceeds thereof will violate the USA Patriot Act, the Trading with the Enemy Act, as amended, or any of the foreign assets control regulations of the United States Treasury Department (31 C.F.R., Subtitle B, Chapter V, as amended) or any enabling legislation or executive order relating thereto or successor statute thereto. The Borrower and its Subsidiaries are in compliance in all material respects with the USA Patriot Act.",78
LexGLUE_ledgar,ledgar_97,"It has used the proceeds of the Term Loans solely as permitted in Section 6.18 . It and its Subsidiaries are not engaged principally, or as one of its or their important activities, in the business of extending credit for the purpose, whether immediate, incidental or ultimate, of buying or carrying margin stock (within the meaning of Regulation T, U or X of the Board).",92
LexGLUE_ledgar,ledgar_98,"During and following the Executive’s employment with the Employer, the Executive agrees not to disparage, either orally or in writing, the Company, any of Company’s affiliates, business, products, services or practices, or any of Company’s or its affiliates’ directors, officers, agents, representatives, stockholders, or employees. During and following the Executive’s employment with the Employer, the Employer agrees not to disparage, either orally or in writing, the Executive.",64
LexGLUE_ledgar,ledgar_99,"The waiver by a Party hereto of any right hereunder shall not be deemed a waiver of any other right hereunder, whether of a similar nature or otherwise.",97
LexGLUE_ledgar,ledgar_100,"All representations and warranties in this Agreement shall survive the Closing for a period of 18 months and shall then expire and be of no force or effect, except that a representation or warranty made in Sections 2.1(a) or (b) , 2.2 , 2.4 , 2.12 , 2.13 , 3.1 , and 3.2 (each, a “ Fundamental Representation ”) shall survive the Closing and terminate upon the expiration of the applicable statute of limitations. All covenants and obligations in this Agreement, as well as the other Transaction Documents, shall survive the Closing for the period explicitly specified therein (or, if no such period is explicitly specified, until the expiration of the applicable statute of limitations). It is the express intent of the Parties that, if the applicable survival period for an item as contemplated by this Section 5.1 is shorter than the statute of limitations that would otherwise have been applicable to such item, then the applicable statute of limitations with respect to such item shall be reduced to the shortened survival period contemplated hereby. The right to indemnification, reimbursement, or other remedy based on such representations, warranties, covenants and obligations are not to be affected by any investigation conducted with respect to, or any knowledge obtained (or capable of being obtained), whether before or after the date of this Agreement, about, the accuracy or inaccuracy of or compliance with, any such representation, warranty, covenant or obligation.",85
LexGLUE_ledgar,ledgar_101,"The Transaction Documents, together with the Exhibits and Schedules thereto and the respective nondisclosure agreements between the Company and the Purchaser, contain the entire understanding of the parties with respect to the subject matter hereof and supersede all prior agreements and understandings, oral or written, with respect to such matters, which the parties acknowledge have been merged into such documents, exhibits and schedules. At or after the Closing, and without further consideration, the Company will execute and deliver to the Purchaser such further documents as may be reasonably requested in order to give practical effect to the intention of the parties under the Transaction Documents.",38
LexGLUE_ledgar,ledgar_102,"The Guarantor agrees that, to the fullest extent permitted by applicable law, as between the Guarantor on the one hand and the Managing Administrative Agent and the Lenders on the other, the obligations of any Subsidiary Borrower under this Agreement may be declared to be forthwith due and payable as provided in Section 7 (and shall be deemed to have become automatically due and payable in the circumstances provided in Section 7) for purposes of Section 10.1 notwithstanding any stay, injunction or other prohibition preventing such declaration (or such obligations from becoming automatically due and payable) as against any Subsidiary Borrower and that, in the event of such declaration (or such obligations being deemed to have become automatically due and payable), such obligations (whether or not due and payable by such Subsidiary Borrower) shall forthwith become due and payable by the Guarantor for purposes of Section 10.1.",75
LexGLUE_ledgar,ledgar_103,"Notwithstanding the forgoing or anything in this Agreement or any deferral election form to the contrary, in the event of the Director’s death or a Change of Control, the Settlement Date of the Award shall accelerate and the Award shall be settled as soon as practicable but in no event more than sixty (60) days following the date of the Director’s death or such Change of Control.",27
LexGLUE_ledgar,ledgar_104,"This Amendment may be signed in any number of counterparts and by different parties hereto in separate counterparts, each of which when so executed shall be deemed to be an original and all of which taken together shall constitute one and the same agreement. Transmission by facsimile or other electronic transmission of an executed counterpart of this Amendment shall be deemed to constitute due and sufficient delivery of such counterpart.",26
LexGLUE_ledgar,ledgar_105,"The Company and its Subsidiaries have good and marketable title to all personal property owned by them that is material to the business of the Company and its Subsidiaries, in each case free and clear of all liens, encumbrances and defects except such as are described in Schedule 3(l) or such as do not materially affect the value of such property and do not interfere with the use made and proposed to be made of such property by the Company and any of its Subsidiaries or could not reasonably be expected to have, individually or in the aggregate, a Material Adverse Effect. Any real property and facilities held under lease by the Company and any of its Subsidiaries, to the Company’s knowledge, are held by them under valid, subsisting and enforceable leases with such exceptions as are not material and do not interfere with the use made and proposed to be made of such property and buildings by the Company and its Subsidiaries.",90
LexGLUE_ledgar,ledgar_106,"This Amendment, together with all the Loan Documents (collectively, the “ Relevant Documents ”), sets forth the entire understanding and agreement of the parties hereto in relation to the subject matter hereof and supersedes any prior negotiations and agreements among the parties relating to such subject matter. No promise, condition, representation or warranty, express or implied, not set forth in the Relevant Documents shall bind any party hereto, and no such party has relied on any such promise, condition, representation or warranty. Each of the parties hereto acknowledges that, except as otherwise expressly stated in the Relevant Documents, no representations, warranties or commitments, express or implied, have been made by any party to the other in relation to the subject matter hereof or thereof. None of the terms or conditions of this Amendment may be changed, modified, waived or canceled orally or otherwise, except in writing and in accordance with Section 11.01 of the Credit Agreement.",38
LexGLUE_ledgar,ledgar_107,"Subject to the other provisions of this Section 2, the PSUs shall vest as set forth on Schedule 1 to this Agreement, based on the achievement of the performance goal for the performance period set forth on Schedule 1, as certified by the Compensation Committee promptly following the performance period. Such date on which PSUs vest under this Agreement may be referred to herein as the “ Vesting Date .” Subject to Section 4, as soon as administratively practicable after the Vesting Date shown on Schedule 1 , the Company will issue to the Participant, in certificated or uncertificated form, such number of Shares as is equal to the number of PSUs that vested on such Vesting Date. In no event shall the Shares be issued to the Participant later than 30 days after the Vesting Date.",46
LexGLUE_ledgar,ledgar_108,"The headings and underscoring of articles, sections, and clauses have been included herein for convenience only and are not to be considered in interpreting this Agreement.",48
LexGLUE_ledgar,ledgar_109,"The Company possesses all licenses, certificates, permits and other authorizations issued by, and have made all declarations and filings with, the appropriate federal, state, local or foreign governmental or regulatory authorities that are necessary for the ownership or lease of its properties or the conduct of its business as described in the Registration Statement, the Disclosure Package and the Prospectus, except where the failure to possess or make the same would not, individually or in the aggregate, have a Material Adverse Effect; and except as described in the Registration Statement, the Disclosure Package and the Prospectus, the Company has not received notice of any revocation or modification of any such license, certificate, permit or authorization or has any reason to believe that any such license, certificate, permit or authorization will not be renewed in the ordinary course. No consent, approval, authorization, order, license, registration or qualification of or with any court or arbitrator or governmental or regulatory authority is required for the execution, delivery and performance by the Company of this Agreement, the issuance and sale of the Shares and the consummation of the transactions contemplated by this Agreement, except for (i) where the failure to obtain any such consent, approval, authorization, order, registration or qualification would not, individually or in the aggregate, affect the Company's ability to consummate the transactions contemplated by this Agreement, and (ii) the registration of the Shares under the Securities Act and such consents, approvals, authorizations, orders and registrations or qualifications as may be required by the Financial Industry Regulatory Authority, Inc. (“ FINRA ”), the NYSE American, or under applicable state securities laws in connection with the transactions contemplated by this Agreement.",22
LexGLUE_ledgar,ledgar_110,"Request a Committed Loan or Letter of Credit or directly or, to the Parent’s and the Borrower’s knowledge, indirectly use the proceeds of any Credit Extension, or lend, contribute or otherwise make available such proceeds to any Subsidiary, joint venture partner or other individual or entity, to fund any activities of or business with any individual or entity that, at the time of such funding, is the subject of Sanctions, or with or in any country that, at the time of such funding, is a Designated Jurisdiction, or in any other manner that will result in a violation by any individual or entity (including any individual or entity participating in the transaction, whether as Lender, Arranger, Administrative Agent, L/C Issuers, or otherwise) of Sanctions.",78
LexGLUE_ledgar,ledgar_111,"Each Loan Party is in material compliance with, and its respective properties, business operations, and leaseholds are in material compliance with, all laws applicable to such Loan Party, its properties, and the conduct of its businesses.",19
LexGLUE_ledgar,ledgar_112,"The waiver by either Party hereto of any right hereunder, or of any failure of the other Party to perform, or of any breach by the other Party, shall not be deemed a waiver of any other right hereunder or of any other breach by or failure of such other Party whether of a similar nature or otherwise.",97
LexGLUE_ledgar,ledgar_113,"The Administrator shall be liable as primary obligor for, and shall indemnify the Owner Trustee (including in its individual capacity) and its officers, directors, employees, successors, assigns, agents and servants (collectively, the “Indemnified Parties”) from and against, any and all liabilities, obligations, losses, damages, taxes (excluding any net income, profits, franchise or similar taxes on income earned by the Owner Trustee), claims, actions and suits, and any and all reasonable costs, expenses and disbursements (including reasonable legal fees and expenses and including, without limitation, any legal fees, costs and expenses incurred in connection with any enforcement (including any action, claim or suit brought) by the Owner Trustee of any indemnification or other obligation of the Administrator) of any kind and nature whatsoever (collectively, “Expenses”) which may at any time be imposed on, incurred by, or asserted against the Owner Trustee or any Indemnified Party in any way relating to or arising out of this Agreement, the Basic Documents, the Trust Estate, the administration of the Trust Estate or the action or inaction of an Indemnified Party hereunder, except only that the Administrator shall not be liable for or required to indemnify an Indemnified Party from and against Expenses arising or resulting from any of the matters described in the third sentence of Section 7.01. The indemnities contained in this Section shall survive the resignation or termination of the Owner Trustee or the termination of this Agreement. In the event of any claim, action or proceeding for which indemnity will be sought pursuant to this Section, the Indemnified Party’s choice of legal counsel shall be subject to the approval of the Administrator, which approval shall not be unreasonably withheld.",49
LexGLUE_ledgar,ledgar_114,This Agreement shall become effective as of the Effective Date and shall remain in effect until terminated as provided herein. The period of time in which this Agreement is effective is the “ Term ”.,89
LexGLUE_ledgar,ledgar_115,"As a condition of receiving any and all amounts payable and benefits or additional rights provided pursuant to this Agreement beyond the Accrued Benefits, the Executive must execute and deliver to the Company and not revoke a general release of claims in favor of the Company in substantially the form attached on Exhibit B hereto (the “ Release ”). The Release must be executed and delivered (and no longer subject to revocation, if applicable) within sixty (60) days following the Executive’s Date of Termination. The Company shall deliver to the Executive the Release for the Executive to execute within five (5) business days following the Date of Termination.",74
LexGLUE_ledgar,ledgar_116,"The Parent and the Borrower shall maintain in effect and enforce policies and procedures designed to ensure compliance by the Parent, the Borrower, their respective Subsidiaries and their respective directors, officers, employees and agents with Anti-Corruption Laws and applicable Sanctions.",78
LexGLUE_ledgar,ledgar_117,"In the event that any provision of this Plan is found to be invalid or otherwise unenforceable under any applicable law, such invalidity or unenforceability will not be construed as rendering any other provisions contained herein as invalid or unenforceable, and all such other provisions will be given full force and effect to the same extent as though the invalid or unenforceable provision was not contained herein.",79
LexGLUE_ledgar,ledgar_118,"This Sublease contains the entire agreement between the parties with respect to the subject matter contained herein and all prior negotiations and agreements are merged herein. In the event any provisions of this Sublease are held to be invalid or unenforceable in any respect, the validity, legality or enforceability of the remaining provisions of this Sublease shall remain unaffected.",38
LexGLUE_ledgar,ledgar_119,"For purposes of this Section 2.17, the term “Lender” includes any Issuing Bank and the term “applicable law” includes FATCA.",28
LexGLUE_ledgar,ledgar_120,"No failure to exercise and no delay in exercising on the part of the Holder, of any right, remedy, power or privilege hereunder shall operate as a waiver thereof; nor shall any single or partial exercise of any right, remedy, power or privilege hereunder preclude any other or further exercise thereof or the exercise of any other right, remedy, power or privilege. The rights, remedies, powers and privileges herein provided are cumulative and not exclusive of any rights, remedies, powers and privileges provided by law.",63
LexGLUE_ledgar,ledgar_121,"This Agreement may not be modified, altered or changed except by a written agreement signed by APS and Employee.",2
LexGLUE_ledgar,ledgar_122,"This Agreement may be authenticated in any number of separate counterparts, each of which shall collectively and separately constitute one and the same agreement. This Agreement may be authenticated by manual signature, facsimile or electronic means, all of which shall be equally valid.",26
LexGLUE_ledgar,ledgar_123,"All payments to be made by the Performance Guarantor hereunder shall be made free and clear of any deduction or withholding. If the Performance Guarantor is required by Law to make any deduction or withholding on account of Tax or otherwise from any such payment, the sum due from it in respect of such payment shall be increased to the extent necessary to ensure that, after the making of such deduction or withholding, the Affected Parties receive a net sum equal to the sum which it would have received had no deduction or withholding been made.",87
LexGLUE_ledgar,ledgar_124,"In consideration of the Company’s promises, payments and other consideration contained herein, Mr. Caudle agrees to hold this Agreement and its terms in confidence and not to disclose or discuss the existence of this Agreement or its contents with anyone, including employees of the Bank and its affiliates, except his attorneys and immediate family members.",20
LexGLUE_ledgar,ledgar_125,This Agreement embodies the entire and final agreement of the parties hereto on the subject matter stated in this Agreement. No amendment or modification of this Agreement shall be valid or binding upon the Employer or the Executive unless made in writing and signed by both of them. All prior understandings and agreements relating to the subject matter of this Agreement are hereby expressly terminated.,38
LexGLUE_ledgar,ledgar_126,"To the fullest extent permitted by applicable Law, each party hereto (i) agrees that any claim, action or proceeding by such party seeking any relief whatsoever arising out of, relating to or in connection with, this Agreement or the transactions contemplated hereby or thereby shall be brought only in the Court of Chancery or the Superior Court of the State of Delaware in and for New Castle County, Delaware (unless the federal courts have exclusive jurisdiction over the matter, in which case the United States District Court for the District of Delaware) and not in any other State or Federal court in the United States of America or any court in any other country, (ii) agrees to submit to the exclusive jurisdiction of such courts located in for purposes of all legal proceedings arising out of, or in connection with, this Agreement or the transactions contemplated hereby, (iii) waives and agrees not to assert any objection that it may now or hereafter have to the laying of the venue of any such Action brought in such a court or any claim that any such Action brought in such a court has been brought in an inconvenient forum, and (iv) agrees that mailing of process or other papers in connection with any such action or proceeding in the manner provided in Section 5.1 or any other manner as may be permitted by Law shall be valid and sufficient service thereof.",21
LexGLUE_ledgar,ledgar_127,"The term of this Agreement (the “ Term ”) shall commence upon the Effective Date and, unless earlier terminated as set forth in Section ‎15.2 below, continue in full force and effect, on a country-by-country and Collaboration Product-by-Collaboration Product basis, until there is no remaining payment obligation hereunder from Genentech to Xencor with respect to such Collaboration Product (whether royalty or profit sharing), at which time this Agreement shall expire with respect to such Collaboration Product in such country. The Term shall expire on the date this Agreement has expired in its entirety with respect to all Collaboration Products in all countries in the Territory; provided, that the Term shall automatically terminate if Genentech does not make the upfront payment under Section ‎8.1 in accordance with the timing set forth in such Section.",89
LexGLUE_ledgar,ledgar_128,"Should Executive become incapacitated due to a Disability, Executive shall continue to receive the Base Salary and other benefits up until such time as the Company terminates this Agreement pursuant to this Section 6(b). In the event of termination pursuant to this Section 6(b), in addition to payment of the Base Salary, Annual Bonus, Kellogg Reimbursement, unpaid Retention Award, and any other compensation and benefits accrued through the effective date of termination, the Company shall pay to Executive the amounts set forth in Section 6(h). Nothing in this section is intended to alter or amend Executive’s rights under any applicable workers’ compensation system.",30
LexGLUE_ledgar,ledgar_129,"Except as set forth on Schedule 3.1(j) , (i) there is no action, suit, inquiry, notice of violation, proceeding or investigation pending or, to the knowledge of the Company, threatened against or affecting the Company, any Subsidiary or any of their respective properties before or by any court, arbitrator, governmental or administrative agency or regulatory authority (federal, state, county, local or foreign) (collectively, an “ Action ”) which (A) adversely affects or challenges the legality, validity or enforceability of any of the Transaction Documents or the Securities or (B) could, if there were an unfavorable decision, have or reasonably be expected to result in a Material Adverse Effect, (ii) neither the Company nor any Subsidiary, nor any director or officer thereof, is or has been the subject of any Action involving a claim of violation of or liability under federal or state securities laws or a claim of breach of fiduciary duty and (iii) there has not been, and to the knowledge of the Company, there is not pending or contemplated, any investigation by the Commission involving the Company or any current or former director or officer of the Company. The Commission has not issued any stop order or other order suspending the effectiveness of any registration statement filed by the Company or any Subsidiary under the Exchange Act or the Securities Act.",58
LexGLUE_ledgar,ledgar_130,"Upon the date of payment of the Award, Linde will deduct from the number of Shares (or other form of payment, if applicable) otherwise due the Participant, Shares (or other form of payment, if applicable) having a Fair Market Value (or fair market value in the event of payment other than in Shares) sufficient to discharge all applicable federal, state, city, local or foreign taxes of any kind required to be withheld with respect to such payment, provided that, if Shares are so withheld, they shall be withheld only up to the minimum required tax withholding rates or such other rate that will not trigger a negative accounting impact on Linde. In the alternative, Linde shall have the right to require the Participant to pay cash to satisfy any applicable withholding taxes as a condition to the payment of the Award. Notwithstanding the foregoing, to the extent any employment or other taxes are due in respect of the Award prior to the payment of the Award, Linde shall have the right to require the value of such taxes to either be withheld by deducting Shares underlying the Award (as described above) or by requiring the Participant to pay cash to satisfy such applicable withholding.",86
LexGLUE_ledgar,ledgar_131,"Borrower and Operating Lessee shall use reasonable efforts to cooperate (at Lender’s expense) with all reasonable requests of Lender in connection with this Section 9.3 . Subject to Section 9.3.2 , if reasonably requested by Lender, Borrower and Operating Lessee shall promptly execute and deliver such documents as shall be required by Lender and any Rating Agency in connection with any modification or New Mezzanine Loan pursuant to this Section 9.3 , all in form and substance reasonably satisfactory to Lender and satisfactory to any applicable Rating Agency, including, the severance of security documents if requested and/or, in connection with the creation of any New Mezzanine Loan: (i) execution and delivery of a promissory note and loan documents necessary to evidence such New Mezzanine Loan, (ii) execution and delivery of such amendments to the Loan Documents as are necessary in connection with the creation of such New Mezzanine Loan, (iii) delivery of opinions of legal counsel with respect to due execution, authority and enforceability of any modification documents or documents evidencing or securing any New Mezzanine Loan, as applicable and (iv) with respect to any New Mezzanine Loan, delivery of an additional Insolvency Opinion for the Loan and a substantive non-consolidation opinion; each as reasonably acceptable to Lender, prospective investors and/or the Rating Agencies. In the event Borrower and/or Operating Lessee fails to execute and deliver such documents to Lender within five (5) Business Days following such request by Lender, Borrower and Operating Lessee each hereby absolutely and irrevocably appoints Lender as its true and lawful attorney, coupled with an interest, in its name and stead to make and execute all documents necessary or desirable to effect such transactions, Borrower and Operating Lessee each hereby ratifying all that such attorney shall do by virtue thereof.",24
LexGLUE_ledgar,ledgar_132,"All plans and drawings (and changes thereto) shall be subject to Landlord's written approval. Landlord shall not unreasonably withhold, condition, or delay its consent to such plans and drawings. Such approval shall not constitute either (a) approval of any delay caused by Tenant or a waiver of any right or remedy that may arise as a result of such delay, or (b) Landlord's representation that such approved plans, drawings or changes comply with all applicable governmental laws, codes, orders, rules or regulations. Any deficiency in design or construction, although same had prior approval of Landlord, shall be solely the responsibility of Tenant. All materials and equipment furnished by Tenant shall be new or like-new and all work shall be done in a good and workmanlike manner. Notwithstanding anything herein to the contrary, any alterations or improvements which connect into the Base Building Systems (as defined in the Lease), or which are made to the exterior of the Third Expansion Premises or the Building, or which are visible from the exterior of the Third Expansion Premises or the Building shall be subject to Landlord's prior written approval, in its sole and absolute discretion. To the extent that Landlord does not have a third party review the plans and drawings (or changes thereof) provided by Tenant in connection with Tenant's Work, Landlord shall advise Tenant within seven (7) business days after receiving any request for such approval (including receipt of such reasonable plans and drawings) whether or not Landlord approves such plans and drawings (or changes thereof) (or if disapproval, the specific reasons for such disapproval). If Landlord does hire a third party to review any such plans and drawings (or changes thereto), then the time period for reviewing such plans and drawings (or changes thereto) shall be extended from seven (7) business days to ten (10) business days. In the event Tenant is required to resubmit plans or drawings (or changes thereto) for approval, Landlord shall respond to such resubmitted plans and drawings (or changes thereto) within five (5) business days after Tenant's submission of a complete set thereof. If Landlord fails to respond to a submission of plans and drawings (or changes thereto) within the time frames set forth above, and Landlord also fails to respond to Tenant within three (3) business days after Landlord's receipt of a second written request for Landlord's approval (which second request states in bold capital letters that the request will be deemed approved if Landlord fails to respond within the three (3) business day period) then, Landlord shall be deemed to have approved the same as submitted, however such “deemed approval” concept shall not apply with respect to improvements affecting the base Building structure or the Base Building Systems.",5
LexGLUE_ledgar,ledgar_133,"The Option will become vested and exercisable as set forth in the Grant Notice. The Option will expire on the Expiration Date set forth in the Grant Notice, or earlier as provided in this Agreement or the Plan.",95
LexGLUE_ledgar,ledgar_134,"Except as set forth on Schedule 4.7 attached hereto, the Company shall use the net proceeds from the sale of the Securities hereunder for working capital purposes and shall not use such proceeds: (a) for the satisfaction of any portion of the Company’s debt (other than payment of trade payables in the ordinary course of the Company’s business and prior practices), (b) for the redemption of any Common Stock or Common Stock Equivalents, (c) for the settlement of any outstanding litigation (except as set forth on Schedule 4.7 ) or (d) in violation of FCPA or OFAC regulations.",92
LexGLUE_ledgar,ledgar_135,"Eton is in compliance with all, and is not in violation of any, law, ordinance, order, decree, rule or regulation of any governmental agency or authority, the violation of or noncompliance with which could have a material adverse effect on Eton. No unresolved (a) charges of violations of laws or regulations relating to Eton’s business have been made or threatened; (b) proceedings or investigations relating to Eton’s business are pending or have been threatened; and (c) citations or notices of deficiency have been issued or have been threatened, against Eton relating to or arising out of its business by any governmental authorities.",19
LexGLUE_ledgar,ledgar_136,"As an independent contractor, Consultant shall be solely responsible for any taxes due in connection with any compensation (including vesting of equity awards from the Company) that Consultant receives in connection with this Agreement and the performance of the Services hereunder, and Consultant agrees to pay all such taxes when due.",87
LexGLUE_ledgar,ledgar_137,"The Company shall reimburse Employee for reasonable business expenses incurred by Employee in the performance of his duties hereunder in accordance with the Company’s general policies, subject to proof of payment by Employee.",41
LexGLUE_ledgar,ledgar_138,"Notices and communications under this Agreement must be in writing and either personally delivered or sent by registered or certified United States mail, return receipt requested, postage prepaid. Notices to the Company must be addressed to The Wendy’s Company, One Dave Thomas Boulevard, Dublin, Ohio 43017, Attention: Corporate Secretary, or any other address designated by the Company in a written notice to the Participant. Notices to the Participant will be directed to the address of the Participant then currently on file with the Company, or at any other address given by the Participant in a written notice to the Company.",65
LexGLUE_ledgar,ledgar_139,"The invalidity, illegality or unenforceability of any provision or provisions of this Agreement will not affect any other provision of this Agreement, which will remain in full force and effect, nor will the invalidity, illegality or unenforceability of a portion of any provision of this Agreement affect the balance of such provision. In the event that any one or more of the provisions contained in this Agreement or any portion thereof shall for any reason be held to be invalid, illegal or unenforceable in any respect, this Agreement shall be reformed, construed and enforced as if such invalid, illegal or unenforceable provision had never been contained herein.",79
LexGLUE_ledgar,ledgar_140,"Employee agrees to cooperate with Rogers in the truthful and honest prosecution and/or defense of any claim in which the Released Parties may have an interest (subject to reasonable limitations concerning time and place), which may include without limitation: making Employee available on a timely basis, on reasonable notice by Rogers, for interviews, meetings and other communications with auditors and outside counsel acting on behalf of Rogers in connection with any such matter; providing documents to Rogers related to any such matter; and voluntarily appearing, without a subpoena and at Rogers’s request, for a deposition or to give testimony in any hearing, trial, investigation or arbitration at the request of Rogers for any such matter. If Employee becomes legally compelled to testify or provide an interview on any matter related to Rogers, whether by subpoena or otherwise, Employee agrees to provide Rogers with prompt, written notice of such legal requirement so that Rogers may, if it so wishes, seek a protective order or other remedy. To the extent that Rogers requests Employee’s cooperation, Rogers shall reimburse Employee for reasonable expenses consistent with Rogers’s expense reimbursement policy there in effect.",24
LexGLUE_ledgar,ledgar_141,"This Agreement is subject to all valid present and future laws, regulations, rules and orders of Governmental Authorities now or hereafter having jurisdiction over the Parties, this Agreement, or the services performed or the facilities utilized under this Agreement. To the extent that the performance of the Fluid Handling Services by Antero Water shall at any point in time become prohibited or restricted by Applicable Laws or the provisions of any Governmental Approval, Antero Water shall be relieved from its obligations to perform such Fluid Handling Services.",4
LexGLUE_ledgar,ledgar_142,"This Agreement has been, and each other Loan Document, when delivered hereunder, will have been, duly executed and delivered by each Loan Party that is party thereto. This Agreement constitutes, and each other Loan Document when so delivered will constitute, a legal, valid and binding obligation of such Loan Party, enforceable against each Loan Party that is party thereto in accordance with its terms, except as enforceability may be limited by Debtor Relief Laws.",13
LexGLUE_ledgar,ledgar_143,"The Company intends to use the net proceeds from the sale of the Shares and the Warrants hereunder to strengthen the Company’s current balance sheet, improve the regulatory capital of the Bank, support organic growth opportunities and for general corporate purposes.",92
LexGLUE_ledgar,ledgar_144,"Each of Landlord and Tenant represent, warrant and covenant to the other that, to the best of its knowledge, Landlord and Tenant are not in default of any of their respective obligations under the Existing Lease and no event has occurred that, with the passage of time or the giving of notice (or both) would constitute a default by either Landlord or Tenant thereunder.",62
LexGLUE_ledgar,ledgar_145,"This Agreement is for the sole and exclusive benefit of the Parties and shall not be deemed to be for the benefit of any third-party, including any Borrower. Neither Party shall assign or encumber any of its rights or delegate any of its obligations hereunder without prior written consent of the other Party. Any assignment or encumbrance in violation of the foregoing shall be void.",7
LexGLUE_ledgar,ledgar_146,"During the Term hereof and thereafter, the Executive shall cooperate with the Company in any disputes with third parties, internal investigations or administrative, regulatory or judicial proceedings as reasonably requested by the Company and at the Company’s sole cost and expense (including, without limitation, the Executive being available to the Company upon reasonable notice for interviews and factual investigations, at times and on schedules that are reasonably consistent with the Executive’s other permitted activities and commitments).",24
LexGLUE_ledgar,ledgar_147,"You agree that you will not disclose the existence or terms of this Agreement to any other employees of the Company or third parties with the exception of your accountants, attorneys, financial advisors, spouse, or domestic partner, and shall ensure that none of them discloses such existence or terms to any other person, except as required by applicable law. If the existence or terms of this Agreement are disclosed by you other than as provided above, then at the discretion of the Company (i) RSUs, to the extent they remain subject to restriction, shall terminate automatically on the date on which the disclosure occurred and (ii) you shall pay to the Company in cash any financial gain you received with respect to this Award within the 12-month period immediately preceding such disclosure.",20
LexGLUE_ledgar,ledgar_148,"If the Asset Representations Reviewer resigns or is removed, the Asset Representations Reviewer will cooperate with the Issuer and take all actions reasonably requested to assist the Issuer in making an orderly transition of the Asset Representations Reviewer’s rights and obligations under this Agreement to the successor Asset Representations Reviewer. The Asset Representations Reviewer will pay the reasonable expenses of transitioning the Asset Representations Reviewer’s obligations under this Agreement and preparing the successor Asset Representations Reviewer to take on the obligations on receipt of an invoice in reasonable detail from the Issuer or the successor Asset Representations Reviewer.",41
LexGLUE_ledgar,ledgar_149,"This Agreement is made under, and will be construed in accordance with, the laws of State of New York, without giving effect to the principles of conflict of laws of such State.",47
LexGLUE_ledgar,ledgar_150,"Executive shall report exclusively and directly to the Chief Executive Officer of the Parent Company (“ CEO ”), and to the Boards of Directors of the Companies (the “ Companies Boards ”).",32
LexGLUE_ledgar,ledgar_151,"Each Party shall obtain and maintain, during the term of this Agreement and for six (6) years thereafter, comprehensive general liability insurance, including products liability insurance and coverage for clinical trials. Such insurance shall be with reputable and financially secure insurance carriers, or self-insurance in a form and at levels consistent with industry standards based upon such Party’s activities hereunder and indemnification obligations hereunder, and shall name the other Party as an additional insured. Such liability insurance or self-insurance shall be maintained on an occurrence basis to provide such protection after expiration or termination of the policy itself or this Agreement.",51
LexGLUE_ledgar,ledgar_152,"This Agreement, including the Exhibits, Schedules, and Ancillary Agreements annexed hereto, constitutes the sole and entire agreement of the parties with respect to the subject matter hereof. All Exhibits, Schedules and Ancillary Agreements annexed hereto are hereby incorporated herein by reference.",38
LexGLUE_ledgar,ledgar_153,"The rights and obligations of the parties shall be governed by, and this Amendment shall be construed and enforced in accordance with, the laws in the Commonwealth of Massachusetts.",47
LexGLUE_ledgar,ledgar_154,"Executive acknowledges and affirms that in the event of any breach by Executive of any of his covenants, agreements or obligations hereunder, monetary damages would be inadequate to compensate the Released Parties or any of them. Accordingly, in addition to other remedies which may be available to the Released Parties hereunder or otherwise at law or in equity, any Released Party will be entitled to specifically enforce such covenants, obligations and restrictions through injunctive and/or equitable relief, in each case without the posting of any bond or other security with respect thereto. Should any provision of this Agreement be adjudged to any extent invalid by any court or tribunal of competent jurisdiction, each provision will be deemed modified to the minimum extent necessary to render it enforceable.",75
LexGLUE_ledgar,ledgar_155,"The duties, responsibilities and powers of the Trust Administrator will terminate when the Trust is dissolved and terminated pursuant to Article IV hereof and the Trust Administrator has performed all of its obligations under Section 4.3 , by an order of the Bankruptcy Court or by entry of a final decree closing the Debtors’ cases before the Bankruptcy Court; provided , however , that Sections 9.4, 9.5 and 9.6 hereof shall survive such termination, dissolution and entry.",88
LexGLUE_ledgar,ledgar_156,"The Company shall have the right to deduct applicable taxes from any Grant payment and withhold, at the time of delivery or exercise of Options, Stock Awards or Restricted Stock Purchase Offers or vesting of shares under such Grants, an appropriate number of shares for payment of taxes required by law or to take such other action as may be necessary in the opinion of the Company to satisfy all obligations for withholding of such taxes. If Stock is used to satisfy tax withholding, such stock shall be valued based on the Fair Market Value when the tax withholding is required to be made.",86
LexGLUE_ledgar,ledgar_157,This Agreement shall be governed by and construed in accordance with the laws of the State of Delaware without reference to the principles of conflict of laws thereof.,47
LexGLUE_ledgar,ledgar_158,"This Proxy shall be governed by and construed in accordance with the laws of the State of Nevada, without giving effect to principles of conflicts of laws.",47
LexGLUE_ledgar,ledgar_159,"Any PSUs that remain unvested after the earlier of (i) the Certification Date or (ii) a Change of Control, shall be forfeited and cancelled.",44
LexGLUE_ledgar,ledgar_160,"Executive shall devote a substantial majority of his business time, attention, skill, and effort to the performance of his duties under this Agreement. Executive may, to the extent such activities do not impair the performance of his duties to Playa Management or the Playa Affiliates: (i) engage in personal investments and charitable, professional, and civic activities; (ii) serve on boards of directors (or other governing bodies) of non-competitive corporations (or other entities) other than Playa Management and the Playa Affiliates; and (iii) engage in such additional activities and serve on such additional boards of directors (or other governing bodies) as the Board of Directors of Playa Management (“ Playa Management Board ”) shall approve; provided , however , that Executive shall resign promptly from any additional boards of directors (or other governing bodies) if directed to do so by the Playa Management Board or the Board of Directors of Playa Hotels & Resorts, B.V. (the “ Playa Board ”) in its sole and absolute discretion. Executive shall not serve on the board of directors (or other governing body) of any corporation (or any other entity) that engages in activities in competition with those of Playa Management or the Playa Affiliates. Executive shall perform his duties to the best of his ability, shall adhere to Playa Management’s published policies and procedures, and shall use his best efforts to promote the interests, reputation, business, and welfare of Playa Management.",46
LexGLUE_ledgar,ledgar_161,"(i) Executive acknowledges and agrees that: (A) in the course of his employment or continued employment by the Company and its affiliates, it has been, or will or may be, necessary for Executive to create, use or have access to (x) technical, business, or customer information, materials, or data relating to the present or planned business of the Company or its affiliates which has not previously been released to the public with the Company’s authorization, including confidential information, materials or proprietary data belonging to the Company or its affiliates or relating to the affairs of the Company or its affiliates (collectively, “ Confidential Information ”) and (y) information and materials that concern the business of the Company or its affiliates that come into Executive’s possession by reason of employment with the Company or its affiliates (collectively, “ Business Related Information ”); (B) all Confidential Information and Business Related Information are the property of the Company and its affiliates; (C) the use, misappropriation or disclosure of any Confidential Information or any Business Related Information would constitute a breach of trust and could cause serious and irreparable injury to the Company and its affiliates; and (D) it is essential to the protection of the goodwill of the Company and its affiliates and to the maintenance of the competitive position of the Company and its affiliates that all Confidential Information and Business Related Information be kept confidential and that Executive not disclose any Confidential Information or Business Related Information to others or use any Confidential Information or Business Related Information to Executive’s own advantage or the advantage of others.",20
LexGLUE_ledgar,ledgar_162,"The Board reserves the right to terminate this Plan at any time and at such times that the Board reasonably determines in its discretion is appropriate and, with respect to the Non-Grandfathered Benefit, conforms to the requirements of Code section 409A; to pay all Participants their accrued benefits in a lump sum or to make other provisions for the payment of benefits (e.g., purchase of annuities) immediately following such termination or at such time thereafter as the Board may determine.",88
LexGLUE_ledgar,ledgar_163,The Company will use the net proceeds from the offering of the Securities as described in the Prospectus.,92
LexGLUE_ledgar,ledgar_164,"(a) Each Seller Party, the LC Bank and each Purchaser shall maintain and shall cause each of its employees and officers to maintain the confidentiality of this Agreement and the other confidential or proprietary information with respect to the Agent, the LC Bank and each Purchaser and their respective businesses obtained by it or them in connection with the structuring, negotiating and execution of the transactions contemplated herein, except that such LC Bank, such Seller Party and such Purchaser and its officers and employees may disclose such information to such LC Bank’s, such Seller Party’s and such Purchaser’s external accountants and attorneys and as required by any applicable law or order of any judicial or administrative proceeding (it being understood that the Persons to whom such disclosure is made will be informed of the confidential nature of such information and instructed to keep such information confidential).",20
LexGLUE_ledgar,ledgar_165,Sections 4 through 21 shall survive the expiration or termination of this Agreement.,85
LexGLUE_ledgar,ledgar_166,"Marsh & McLennan Companies and/or your employer shall have the power and the right to deduct and withhold from the Award and other compensation or to require you to remit to Marsh & McLennan Companies and/or to your employer, an amount sufficient to satisfy any taxes that Marsh & McLennan Companies expects to be payable under the laws of any country, state, province, city or other jurisdiction, including but not limited to income taxes, payroll taxes, fringe benefits, payment on account, capital gain taxes, transfer taxes, social security contributions and National Insurance Contributions with respect to the Award, and any and all associated tax events derived therefrom. If applicable, Marsh & McLennan Companies and/or your employer will, to the extent permissible under applicable law or otherwise agreed between you and Marsh & McLennan Companies and/or your employer, retain and sell a sufficient number of whole shares of Common Stock distributable in respect of the Award for this purpose.",99
LexGLUE_ledgar,ledgar_167,"The Plan shall be constructed administered and enforced according to the laws of the State of Illinois, except to the extent such laws are preempted by federal law.",47
LexGLUE_ledgar,ledgar_168,"The Note shall be a senior debt obligation of the Company, with priority in payment and performance over all existing and future indebtedness of the Company, except for the Company’s preexisting obligations as described in Schedule 3(g) attached hereto or as such described in the Company’s SEC Documents. The execution, delivery and performance of this Agreement and the Note by the Company and the consummation by the Company of the transactions contemplated hereby and thereby (including, without limitation, the issuance and reservation for issuance of the Conversion Shares) will not (i) conflict with or result in a violation of any provision of the Certificate of Incorporation or By-laws, or (ii) violate or conflict with, or result in a breach of any provision of, or constitute a default (or an event which with notice or lapse of time or both could become a default) under, or give to others any rights of termination, amendment, acceleration or cancellation of, any agreement, note, evidence of indebtedness, indenture, patent, patent license or instrument to which the Company or any of its Subsidiaries is a party, or (iii) result in a violation of any law, rule, regulation, order, judgment or decree (including federal and state securities laws and regulations and regulations of any self-regulatory organizations to which the Company or its securities is subject) applicable to the Company or any of its Subsidiaries or by which any property or asset of the Company or any of its Subsidiaries is bound or affected (except for such conflicts, defaults, terminations, amendments, accelerations, cancellations and violations as would not, individually or in the aggregate, have a Material Adverse Effect), or (iv) trigger any anti-dilution and/or ratchet provision contained in any other contract in which the Company is a party thereto or any security issued by the Company, except for the Company’s preexisting obligations as described in Schedule 3(g) attached hereto or as such described in the Company’s SEC Documents. Neither the Company nor any of its Subsidiaries is in violation of its Certificate of Incorporation, By-laws or other organizational documents and neither the Company nor any of its Subsidiaries is in default (and no event has occurred which with notice or lapse of time or both could put the Company or any of its Subsidiaries in default) under, and neither the Company nor any of its Subsidiaries has taken any action or failed to take any action that would give to others any rights of termination, amendment, acceleration or cancellation of, any agreement, indenture or instrument to which the Company or any of its Subsidiaries is a party or by which any property or assets of the Company or any of its Subsidiaries is bound or affected, except for possible defaults as would not, individually or in the aggregate, have a Material Adverse Effect. The businesses of the Company and its Subsidiaries, if any, are not being conducted, and shall not be conducted so long as the Buyer owns any of the Securities, in violation of any law, ordinance or regulation of any governmental entity. Except as specifically contemplated by this Agreement and as required under the 1933 Act and any applicable state securities laws, the Company is not required to obtain any consent, authorization or order of, or make any filing or registration with, any court, governmental agency, regulatory agency, self-regulatory organization or stock market or any third party in order for it to execute, deliver or perform any of its obligations under this Agreement and the Note in accordance with the terms hereof or thereof or to issue and sell the Note in accordance with the terms hereof and, upon conversion of the Note and/or exercise of the Warrant, issue Conversion Shares. All consents, authorizations, orders, filings and registrations which the Company is required to obtain pursuant to the preceding sentence have been obtained or effected on or prior to the date hereof. If the Company is listed on the Over-the-Counter Bulletin Board, the OTCQB Market, any principal market operated by OTC Markets Group, Inc. or any successor to such markets (collectively, the “OTCBB”), the Company is not in violation of the listing requirements of the OTCBB and does not reasonably anticipate that the Common Stock will be delisted by the OTCBB in the foreseeable future. The Company and its Subsidiaries are unaware of any facts or circumstances which might give rise to any of the foregoing.",61
LexGLUE_ledgar,ledgar_169,"This Agreement shall be binding upon and inure to the benefit of, and shall be enforceable by the Executive, the Company, and their respective heirs, executors, administrators, legal representatives, successors, and assigns. In the event of a Change in Control, the provisions of this Agreement shall be binding upon and inure to the benefit of the Company or entity resulting from such Change in Control or to which the assets shall be sold or transferred, which entity from and after the date of such Change in Control shall be deemed to be the Company for purposes of this Agreement. In the event of any other assignment of this Agreement by the Company, the Company shall remain primarily liable for its obligations hereunder; provided , however , that if the Company is financially unable to meet its obligations hereunder, the Subsidiary shall assume responsibility for the Company’s obligations hereunder pursuant to the guaranty provision following the signature page hereof. The Executive expressly acknowledges that the Subsidiary and other members of the Company Group (and their successors and assigns) are third party beneficiaries of this Agreement and may enforce this Agreement on behalf of themselves or the Company. Both parties agree that there are no third party beneficiaries to this Agreement other than as expressly set forth in this Section 7.9.",84
LexGLUE_ledgar,ledgar_170,"The Company has sole title and ownership of, exclusive licenses for, or other valid rights to use, free and clear of all encumbrances, all intellectual property used in the business of the Company as presently conducted. The Company’s use of the intellectual property used in its business does not infringe the intellectual property rights of any third party.",53
LexGLUE_ledgar,ledgar_171,"Each of the Company and the Executive evidenced by the execution hereof, (i) hereby irrevocably submits to the jurisdiction of the state courts of the State of Michigan for the purpose of any claim or action arising out of or based upon this Agreement or relating to the subject matter hereof and (ii) hereby waives, to the extent not prohibited by applicable law, and agrees not to assert by way of motion, as a defense or otherwise, in any such claim or action, any claim that it or he/she is not subject personally to the jurisdiction of the above-named courts, that its or his/her property is exempt or immune from attachment or execution, that any such proceeding brought in the above-named courts is improper, or that this Agreement or the subject matter hereof may not be enforced in or by such court. Each of the Company and the Executive hereby consents to service of process in any such proceeding in any manner permitted by Michigan law, and agrees that service of process by registered or certified mail, return receipt requested, at its address specified pursuant to Section 13.4 hereof is reasonably calculated to give actual notice.",21
LexGLUE_ledgar,ledgar_172,"This Amendment is a Credit Document executed pursuant to the Existing Credit Agreement and shall (unless otherwise expressly indicated therein) be construed, administered and applied in accordance with the terms and provisions of the Amended Credit Agreement.",23
LexGLUE_ledgar,ledgar_173,"If any provision of this Agreement or application thereof to anyone or under any circumstances shall be determined to be invalid or unenforceable, such invalidity or unenforceability shall not affect any other provisions or applications of this Agreement which can be given effect without the invalid or unenforceable provision or application.",79
LexGLUE_ledgar,ledgar_174,"For the avoidance of doubt, the benefits payable pursuant to Sections 8(b) through (c) are mutually exclusive and not cumulative. All lump sum payments provided in this Section 8 shall be made no later than the 60 th day following your termination of employment (unless explicitly provided otherwise above). In addition, Sections 8(b) and 8(c) and the benefits conferred therein shall expire and terminate on the third (3 rd ) anniversary of the Start Date. Notwithstanding anything to the contrary in this Agreement, (i) any reference herein to a termination of your employment is intended to constitute a “separation from service” within the meaning of Section 409A of the Code, and Section 1.409A-1(h) of the regulations promulgated thereunder, and shall be so construed, and (ii) no payment will be made or become due to you during any period that you continue in a role with the Company that does not constitute a separation from service, and will be paid once you experience a “separation from service” from the Company within the meaning of Section 409A of the Code. In addition, notwithstanding anything to the contrary in this Agreement, upon a termination of your employment, you agree to resign prior to the time you deliver the Release from all positions you may hold with the Company and any of its subsidiaries or affiliated entities at such time, and no payment will be made or become due to you until you resign from all such positions, unless requested otherwise by the Board.",59
LexGLUE_ledgar,ledgar_175,"If any particular provision of this Plan is found to be invalid or otherwise unenforceable, such determination shall not affect the other provisions of the Plan, but the Plan shall be construed in all respects as if such invalid provision were omitted.",79
LexGLUE_ledgar,ledgar_176,"This Agreement, together with the Equity Plan, Option Agreement, the Confidential Information Agreement (and its exhibits), lock up agreement, and any employment policy statements and employment manuals that the Company or its Board adopts from time to time represents the entire agreement and understanding between the parties with respect to Executive's employment by the Company and supersedes all prior or contemporaneous agreements whether written or oral. With respect to stock options granted on or after the date of this Agreement the acceleration of vesting provisions provided herein will apply to such stock options. This Agreement may be modified only by agreement of the parties by a written instrument executed by the parties that is designated as an amendment to this Agreement.",38
LexGLUE_ledgar,ledgar_177,"The governing law and related provisions set forth in Section 17.2 of the Loan Agreement (including, without limitation, any authorized agent provisions thereof) are hereby incorporated by reference as if fully set forth herein (with Guarantor substituted in all places where Borrower appears thereunder) and shall be deemed fully applicable to Guarantor hereunder. Guarantor hereby certifies that it has received and reviewed the Loan Agreement (including, without limitation, Section 17.2 thereof). In the event of any conflict or inconsistency between the terms and conditions hereof and this Section 8, this Section 8 shall control.",47
LexGLUE_ledgar,ledgar_178,"Pathologists shall at its own expense maintain professional errors and omissions insurance with policy limits of at least One Million Dollars ($1,000,000) per claim and Three Million Dollars ($3,000,000) annual aggregate for each Approved Physician. Veracyte shall at its own expense maintain professional malpractice insurance for its laboratory operations with policy limits of at least Three Million Dollars ($3,000,000).",51
LexGLUE_ledgar,ledgar_179,"Any Property Costs that are not reflected in the adjustments to the Purchase Price following the final adjustment pursuant to Section 9.4(b) shall be treated as follows: (a) all Property Costs for which Seller is responsible under Section 2.4 shall be the sole obligation of Seller, and Seller shall promptly pay, or, if paid by Buyers, promptly reimburse Buyers for and hold Buyers harmless from and against, such Property Costs; and (b) all Property Costs for which Buyers are responsible under Section 2.4 shall be the sole obligation of Buyers, and Buyers shall promptly pay, or, if paid by Seller, promptly reimburse Seller for and hold Seller harmless from and against, such Property Costs. Furthermore, Seller shall promptly pay, or if paid by Buyers, promptly reimburse Buyers for and hold Buyers harmless from and against, any costs (other than Property Costs) which result in the increase of the Purchase Price pursuant to Section 3.2 . Seller is entitled to resolve all joint interest audits and other audits of Property Costs covering periods for which Seller is in whole or in part responsible, provided that Seller shall not agree to any adjustments to previously assessed costs for which Buyers are liable without the prior written consent of Buyers, such consent not to be unreasonably withheld. Seller shall provide Buyers with a copy of all applicable audit reports and written audit agreements received by Seller and relating to periods for which Buyers are partially responsible.",41
LexGLUE_ledgar,ledgar_180,"BORROWER IRREVOCABLY AND UNCONDITIONALLY AGREES THAT IT WILL NOT COMMENCE ANY ACTION, LITIGATION OR PROCEEDING OF ANY KIND OR DESCRIPTION, WHETHER IN LAW OR EQUITY, WHETHER IN CONTRACT OR IN TORT OR OTHERWISE, AGAINST THE LENDER IN ANY WAY RELATING TO THIS AGREEMENT OR ANY OTHER LOAN DOCUMENT OR THE TRANSACTIONS RELATING HERETO OR THERETO, IN ANY FORUM OTHER THAN THE STATE AND FEDERAL COURTS OF THE STATE OF NEW YORK SITTING IN THE BOROUGH OF MANHATTAN, AND ANY APPELLATE COURT FROM ANY THEREOF, AND EACH OF THE PARTIES HERETO IRREVOCABLY AND UNCONDITIONALLY SUBMITS TO THE JURISDICTION OF SUCH COURTS AND AGREES THAT ALL CLAIMS IN RESPECT OF ANY SUCH ACTION, LITIGATION OR PROCEEDING MAY BE HEARD AND DETERMINED IN SUCH NEW YORK STATE COURT OR, TO THE FULLEST EXTENT PERMITTED BY APPLICABLE LAW, IN SUCH FEDERAL COURT. EACH OF THE PARTIES HERETO AGREES THAT A FINAL JUDGMENT IN ANY SUCH ACTION, LITIGATION OR PROCEEDING SHALL BE CONCLUSIVE AND MAY BE ENFORCED IN OTHER JURISDICTIONS BY SUIT ON THE JUDGMENT OR IN ANY OTHER MANNER PROVIDED BY LAW. NOTHING IN THIS AGREEMENT OR IN ANY OTHER LOAN DOCUMENT SHALL AFFECT ANY RIGHT THAT THE LENDER MAY OTHERWISE HAVE TO BRING ANY ACTION OR PROCEEDING RELATING TO THIS AGREEMENT OR ANY OTHER LOAN DOCUMENT AGAINST THE BORROWER OR ITS PROPERTIES IN THE COURTS OF ANY JURISDICTION.",82
LexGLUE_ledgar,ledgar_181,"The Company shall indemnify Executive to the maximum extent permitted by any applicable indemnification agreement, applicable law and the Company’s bylaws with respect to Executive’s Service (including timely advancing and/or reimbursing costs as incurred by Executive) and the Executive shall also be covered under a directors and officers liability insurance policy(ies) paid for by the Company.",49
LexGLUE_ledgar,ledgar_182,"The Executive shall be entitled to all public holidays observed by the Company and vacation days in accordance with the applicable vacation policies in effect for senior executives of the Company, which shall be taken at a reasonable time or times.",93
LexGLUE_ledgar,ledgar_183,"Article IX, Article XI, Sections 10.1 through 10.8 and Section 10.10 of the Master Agreement are incorporated herein by reference and shall apply mutatis mutandis to this Amendment.",59
LexGLUE_ledgar,ledgar_184,"All notices required to be given hereunder shall be in writing and shall be deemed to be duly given if personally delivered, telecopied and confirmed, emailed and confirmed or mailed by registered or certified mail, return receipt requested, or recognized overnight delivery service with proof of receipt maintained, at the following address (or any other address that any such party may designate by written notice to the other parties): If to the Company, to the address of its principal executive offices, addressed to the attention of its General Counsel (email: GenCouns@Catalent.com). If to any Shareholder, at such Shareholder’s address as set forth on the records of the Company or such other address as such Shareholder notifies the Company in writing. Any such notice shall, if delivered personally, be deemed received upon delivery; shall, if delivered by telecopy or email, be deemed received on the first Business Day following confirmation; shall, if delivered by overnight delivery service, be deemed received the first Business Day after being sent; and shall, if delivered by mail, be deemed received upon the earlier of actual receipt thereof or five (5) Business Days after the date of deposit in the United States mail.",65
LexGLUE_ledgar,ledgar_185,"No course of dealing or any delay or failure to exercise any right hereunder on the part of Holder shall operate as a waiver of such right or otherwise prejudice the Holder’s rights, powers or remedies. Without limiting any other provision of this Warrant, if the Company willfully and knowingly fails to comply with any provision of this Warrant, which results in any material damages to the Holder, the Company shall pay to the Holder such amounts as shall be sufficient to cover any reasonable costs and expenses including, but not limited to, reasonable attorneys’ fees, including those of appellate proceedings, incurred by the Holder in collecting any amounts due pursuant hereto or in otherwise enforcing any of its rights, powers or remedies hereunder.",41
LexGLUE_ledgar,ledgar_186,"Executive shall have the benefit of indemnification to the fullest extent permitted by applicable law pursuant to the Company’s indemnification policy, which indemnification shall continue after the termination of this Agreement for such period as may be necessary to continue to indemnify Executive for his acts during his employment and/or other service with the Company. In addition, the Company shall cause Executive to be covered by the current policies of directors’ and officers’ liability insurance covering directors and officers of the Company, copies of which have been provided to Executive, in accordance with their terms, to the maximum extent of the coverage available for any director or officer of the Company. The Company shall use commercially reasonable efforts to cause the current policies of directors’ and officers’ liability insurance covering directors and officers of the Company to be maintained throughout the Term and for such period thereafter as may be necessary to continue to cover acts of Executive during his employment and/or other service with the Company (provided that the Company may substitute therefor, or allow to be substituted therefor, policies of at least the same coverage and amounts containing terms and conditions which are, in the aggregate, no less advantageous to the insured in any material respect). In the event of any merger or other acquisition of the Company, the Company shall no later than immediately prior to consummation of such transaction purchase the longest applicable “tail” coverage available under the directors’ and officers’ liability insurance in effect at the time of such merger or acquisition. For purposes of this Section 4.2 , all references to the Company shall be deemed to include Parent and each of its other subsidiaries to the extent that Executive has provided services to Parent or any such subsidiary, as applicable.",49
LexGLUE_ledgar,ledgar_187,"Payment of the amounts payable with respect to Stock Appreciation Rights pursuant to this Article 11 shall be in cash, Shares (based on its Fair Market Value as of the date the Stock Appreciation Right is exercised), or a combination of both, as determined by the Administrator.",68
LexGLUE_ledgar,ledgar_188,"Item 6.21 (“ Insurance ”) of the Disclosure Schedule sets forth a true, complete and correct description of all insurance maintained by any Loan Party or any Subsidiary of any Loan Party as of the Amendment Effective Date. As of such date, such insurance is in full force and effect and all premiums have been duly paid.",51
LexGLUE_ledgar,ledgar_189,"The duties, responsibilities and powers of the GUC Trust Administrator will terminate when the GUC Trust is dissolved and terminated pursuant to Article IV hereof and the GUC Trust Administrator has performed all of its obligations under Section 4.3 , by an order of the Bankruptcy Court or by entry of a final decree closing the Debtors’ cases before the Bankruptcy Court; provided , however , that Sections 9.4 , 9.5 and 9.6 hereof shall survive such termination, dissolution and entry.",88
LexGLUE_ledgar,ledgar_190,"The Executive shall be entitled to receive prompt reimbursement for all reasonable expenses incurred by him during the Term in performing services hereunder, in accordance with the policies and procedures then in effect and established by the Company for its senior executive officers.",41
LexGLUE_ledgar,ledgar_191,"All indemnities set forth herein including, without limitation, in Sections 3.01 , 3.02 , 5.01 , 5.02 , 12.07 and 13.01 shall survive the execution, delivery and termination of this Agreement and the Notes and the making and repayment of the Obligations.",85
LexGLUE_ledgar,ledgar_192,"The Plan shall be construed, administered and enforced in accordance with the laws of Wisconsin without regard to conflicts of law.",47
LexGLUE_ledgar,ledgar_193,"You shall be eligible to participate in all employee benefit plans, policies, programs or perquisites made available to employees of Meira generally or to executive officers of Meira, including any broad-based or executive stock option and stock purchase plans. The terms and conditions of your participation in Meira’s employee benefit plans, policies, programs or perquisites shall be governed by the terms and conditions or practices of each such plan, policy, program or perquisite.",12
LexGLUE_ledgar,ledgar_194,"THIS AMENDMENT SHALL BE CONSTRUED IN ACCORDANCE WITH THE LAWS OF THE STATE OF NEW YORK, WITHOUT REGARD TO CONFLICT OF LAWS PRINCIPLES, EXCEPT TO THE EXTENT THAT THE PERFECTION OF THE RESPECTIVE INTERESTS OF THE CO-AGENTS, THE PURCHASER AND THE BANK PURCHASERS IN THE PURCHASED RECEIVABLES AND THE RELATED RIGHTS ARE GOVERNED BY THE LAWS OF A JURISDICTION OTHER THAN THE STATE OF NEW YORK.",47
LexGLUE_ledgar,ledgar_195,"Notwithstanding anything in this Agreement to the contrary, the provisions of this ARTICLE VIII shall survive until the earlier of (A) the expiration of all applicable statutes of limitations (giving effect to any waiver, mitigation, or extension thereof) plus 60 days and (B) the six (6)-year anniversary of the Closing Date.",85
LexGLUE_ledgar,ledgar_196,"The Borrower agrees to indemnify and hold harmless the Designated Agent, each Lender and each of their Affiliates and their respective officers, directors, employees, agents and advisors (each, an “ Indemnified Party ”) from and against any and all claims, damages, losses, liabilities and expenses (including, without limitation, reasonable fees and expenses of counsel) that may be incurred by or asserted against any Indemnified Party, in each case arising out of or in connection with or by reason of, or in connection with the preparation for a defense of, any investigation, litigation or proceeding (whether or not an Indemnified Party is a party thereto) arising out of, related to or in connection with the Commitments hereunder or the Advances made hereunder or any transactions in connection herewith, including, without limitation, any transaction in which any proceeds of the Advances are, or are proposed to be, applied (collectively, the “ Indemnified Matters ”); provided that the Borrower shall have no obligation to any Indemnified Party under this Section 8.08 with respect to (i) matters for which such Indemnified Party has been reimbursed by or on behalf of the Borrower pursuant to any other provision of this Agreement, but only to the extent of such reimbursement, or (ii) Indemnified Matters found by a court of competent jurisdiction to have resulted from the willful misconduct or gross negligence of such Indemnified Party. If any action is brought against any Indemnified Party, such Indemnified Party shall promptly notify the Borrower in writing of the institution of such action and the Borrower shall thereupon have the right, at its option, to elect to assume the defense of such action; provided, however, that the Borrower shall not, in assuming the defense of any Indemnified Party in any Indemnified Matter, agree to any dismissal or settlement of such Indemnified Matter without the prior written consent of such Indemnified Party, which consent shall not be unreasonably withheld, if such dismissal or settlement (A) would require any admission or acknowledgment of culpability or wrongdoing by such Indemnified Party or (B) would provide for any non-monetary relief to any Person to be performed by such Indemnified Party. If the Borrower so elects, it shall promptly assume the defense of such action, including the employment of counsel (reasonably satisfactory to such Indemnified Party) and payment of expenses. Such Indemnified Party shall have the right to employ its or their own counsel in any such case, but the fees and expenses of such counsel shall be at the expense of such Indemnified Party unless (1) the employment of such counsel shall have been authorized in writing by the Borrower in connection with the defense of such action or (2) the Borrower shall not have properly employed counsel reasonably satisfactory to such Indemnified Party to have charge of the defense of such action, in which case such fees and expenses shall be paid by the Borrower. If an Indemnified Party shall have reasonably concluded (based upon the advice of counsel) that the representation by one counsel of such Indemnified Party and the Borrower creates a conflict of interest for such counsel, the reasonable fees and expenses of such counsel shall be borne by the Borrower and the Borrower shall not have the right to direct the defense of such action on behalf of such Indemnified Party (but shall retain the right to direct the defense of such action on behalf of the Borrower). Anything in this Section 8.08 to the contrary notwithstanding, the Borrower shall not be liable for the fees and expenses of more than one counsel for any Indemnified Party in any jurisdiction as to any Indemnified Matter or for any settlement of any Indemnified Matter effected without its written consent. All obligations of the Borrower under this Section 8.08 shall survive the making and repayment of the Advances and the termination of this Agreement.",49
LexGLUE_ledgar,ledgar_197,"The obligations imposed by Paragraphs 3-6, above, of this letter agreement are severable and should be construed independently of each other. The invalidity of one such provision shall not affect the validity of any other such provision.",79
LexGLUE_ledgar,ledgar_198,"Upon re-execution, the date of such re-execution will be the date on which you sign this Agreement for the purposes of this Agreement, including without limitation, for the purposes of the Release set forth in Section 7.",74
LexGLUE_ledgar,ledgar_199,"This Amendment may be executed through the use of separate signature pages or in any number of counterparts, including via facsimile or pdf, with the same effect as if the parties executing such counterparts had executed one counterpart.",26
LexGLUE_ledgar,ledgar_200,"This Award Agreement may be executed in counterparts, each of which shall be deemed an original, but all of which together shall constitute one and the same instrument.",26
LexGLUE_ledgar,ledgar_201,"These Additional Terms and Conditions shall be binding upon and inure to the benefit of the Company and you and each of our respective heirs, representatives, successors and permitted assigns. These Additional Terms and Conditions shall not confer any rights or remedies upon any person other than the Company and you and each of our respective heirs, representatives, successor and permitted assigns.",13
LexGLUE_ledgar,ledgar_202,"The Committee may, without notice, amend, suspend or terminate the Program; provided, however, that no such action may adversely affect any then outstanding Award unless (i) expressly provided by the Committee and (ii) with the consent of you, unless such action is necessary or advisable to comply with any applicable law, regulation, rule or administrative reasons.",2
LexGLUE_ledgar,ledgar_203,"Each of the parties hereto agrees that this Commitment Letter is a binding and enforceable agreement (subject to the effects of bankruptcy, insolvency, fraudulent transfer, fraudulent conveyance, reorganization and other similar laws relating to or affecting creditors’ rights generally and general principles of equity) with respect to the subject matter contained herein, including an agreement to negotiate in good faith the Credit Documentation by the parties hereto in a manner consistent with this Commitment Letter, it being acknowledged and agreed that the funding of the Facility is subject only to the Funding Conditions.",59
LexGLUE_ledgar,ledgar_204,"Any reference in this Agreement to Section 409A of the Code will also include any proposed, temporary or final regulations, or any other guidance, promulgated with respect to such Section by the U.S. Department of the Treasury or the Internal Revenue Service.",55
LexGLUE_ledgar,ledgar_205,"Each Loan Party hereby irrevocably and unconditionally waives, to the fullest extent permitted by applicable Requirements of Law, any objection which it may now or hereafter have to the laying of venue of any suit, action or proceeding arising out of or relating to this Agreement or any other Loan Document in any court referred to in Section 10.09(b) . Each of the parties hereto hereby irrevocably waives, to the fullest extent permitted by applicable Requirements of Law, the defense of an inconvenient forum to the maintenance of such action or proceeding in any such court.",94
LexGLUE_ledgar,ledgar_206,"No failure to exercise and no delay in exercising, on the part of the Trustee, the Issuer, the Receivables Trust, the Servicer, or the Noteholders, any right, remedy, power or privilege hereunder, shall operate as a waiver thereof; nor shall any single or partial exercise of any right, remedy, power or privilege hereunder preclude any other or further exercise thereof or the exercise of any other right, remedy, power or privilege. The rights, remedies, powers and privileges herein provided are cumulative and not exhaustive of any rights, remedies, powers and privileges provided by law.",63
LexGLUE_ledgar,ledgar_207,"Perry acknowledges that the terms of this Agreement fully comply with applicable law including but not limited to the OWBPA, as amended, and implementing regulations, and that said terms therefore are final and binding. Specifically, Perry acknowledges that this Agreement specifically refers to his rights and claims under the federal and state statutes prohibiting age discrimination, and he understands that he is irrevocably waiving such rights and claims. Perry acknowledges that Perry compensation and benefits recited in this Agreement are good and valuable.",19
LexGLUE_ledgar,ledgar_208,"No provision of this Agreement affecting the Administrative Agent in its capacity as such shall be amended, modified or waived without the consent of the Administrative Agent. The Administrative Agent Fee Letter may be amended or modified by the Administrative Agent and the Administrative Borrower without the consent of any other Lender. No provision of this Agreement relating to the rights or duties of an Issuing Lender in its capacity as such shall be amended, modified or waived without the consent of such Issuing Lender. No provision of this Agreement relating to the rights or duties of the Swing Line Lender in its capacity as such shall be amended, modified or waived without the consent of the Swing Line Lender.",32
LexGLUE_ledgar,ledgar_209,This Guarantee represents the agreement of Guarantor with respect to the subject matter hereof and there are no promises or representations by Buyer relative to the subject matter hereof not reflected herein.,52
LexGLUE_ledgar,ledgar_210,"As of the date hereof, Schedule 4.12 contains a complete and accurate list of (a) all Subsidiaries of the Borrower, including, with respect to each Subsidiary, (i) its state of incorporation and (ii) the number and percentage of its shares owned by the Borrower and/or by any other Subsidiary, and (b) each Joint Venture, including, with respect to each such Joint Venture, (i) its jurisdiction of organization and (ii) the number and percentage of its shares owned by the Borrower and/or by any other Subsidiary. All the outstanding shares of Capital Stock of each Subsidiary of the Borrower are validly issued, fully paid and nonassessable, except as otherwise provided by state wage claim laws of general applicability. All of the outstanding shares of Capital Stock of each Subsidiary owned by the Borrower or another Subsidiary as specified in Schedule 4.12 are owned free and clear of all Liens, security interests, equity or other beneficial interests, charges and encumbrances of any kind whatsoever, except for Permitted Liens. Neither the Borrower nor any other Loan Party owns of record or beneficially any shares of the Capital Stock or other equity interests of any Subsidiary that is not a Guarantor, except Non-Guarantor Subsidiaries.",83
LexGLUE_ledgar,ledgar_211,"While Executive is employed by the Company, and thereafter, Executive shall not directly or indirectly disclose or make available any Confidential Information (as defined in the Confidential Proprietary Rights and Non-Disclosure Agreement between Executive and the Company dated [●] (the “ Confidentiality Agreement” attached hereto as Exhibit A)) disclosed to Executive or known by Executive as a consequence of or through his or her relationship with the Company. During Executive’s employment and following the termination of Executive's employment with the Company, Executive shall continue to be subject to any and all confidentiality and intellectual property agreements between Executive and the Company, including, without limitation, the Confidentiality Agreement, (collectively, the ""Confidential Information Agreements"").",20
LexGLUE_ledgar,ledgar_212,"If any clause or provision of this Agreement is or should ever be held to be illegal, invalid or unenforceable under any present or future law applicable to the terms hereof, then and in that event, it is the intention of the parties hereto that the remainder of this Agreement shall not be affected thereby, and that in lieu of each such clause or provision of this Agreement that is illegal, invalid or unenforceable, such clause or provision shall be judicially construed and interpreted to be as similar in substance and content to such illegal, invalid or unenforceable clause or provision, as the context thereof would reasonably suggest, so as to thereafter be legal, valid and enforceable.",79
LexGLUE_ledgar,ledgar_213,"This Assumption Agreement shall be governed by, and construed in accordance with, the laws of the State of New York.",47
LexGLUE_ledgar,ledgar_214,"The Borrower shall pay to the Administrative Agent and the Lenders, for their own respective accounts, the fees described in the Fee Letter.",42
LexGLUE_ledgar,ledgar_215,"The execution and delivery of this Amendment are valid and legally binding obligations of Borrower and Guarantors enforceable in accordance with the respective terms and provisions hereof, except as enforceability is limited by bankruptcy, insolvency, reorganization, moratorium or other laws relating to or affecting generally the enforcement of creditors’ rights and the effect of general principles of equity.",36
LexGLUE_ledgar,ledgar_216,"No waiver of any term or condition of this Note shall be construed to be a waiver of any succeeding breach of the same term or condition. No failure or delay of Payee to exercise any power hereunder, or it insists upon strict compliance by Maker of any obligations hereunder, and no custom or other practice at variance with the terms hereof shall constitute a waiver of the right of Payee to demand exact compliance with such terms.",97
LexGLUE_ledgar,ledgar_217,"The rights, powers and remedies of Lender under this Agreement shall be cumulative and not exclusive of any other right, power or remedy which Lender may have against the members of Borrower pursuant to this Agreement, the Note or the other Loan Documents, or existing at law or in equity or otherwise. Lender’s rights, powers and remedies may be pursued singularly, concurrently or otherwise, at such time and in such order as Lender may determine in Lender’s sole discretion. No delay or omission to exercise any remedy, right or power accruing upon an Event of Default shall impair any such remedy, right or power or shall be construed as a waiver thereof, but any such remedy, right or power may be exercised from time to time and as often as may be deemed expedient. A waiver of one Default or Event of Default with respect to Borrower shall not be construed to be a waiver of any subsequent Default or Event of Default by Borrower or to impair any remedy, right or power consequent thereon.",97
LexGLUE_ledgar,ledgar_218,"If any provision of this Agreement is determined to be invalid , void , or unenforceable, the remaining provisions will remain in full force and effect.",79
LexGLUE_ledgar,ledgar_219,"(a) Interest and fees payable pursuant hereto shall be calculated on the basis of a 360-day year for the actual days elapsed, except that with respect to ABR Loans the rate of interest on which is calculated on the basis of the Prime Rate, the interest thereon shall be calculated on the basis of a 365- (or 366-, as the case may be) day year for the actual days elapsed. The Administrative Agent shall as soon as practicable notify the Company and the Lenders of each determination of a Eurocurrency Rate. Any change in the interest rate on a Loan resulting from a change in the ABR or the Eurocurrency Reserve Requirements shall become effective as of the opening of business on the day on which such change becomes effective. The Administrative Agent shall as soon as practicable notify the Company and the Lenders of the effective date and the amount of each such change in interest rate.",42
LexGLUE_ledgar,ledgar_220,"Subject to the provisions set forth in Article IV, the Company shall indemnify, and advance Expenses to, Indemnitee to the fullest extent permitted by applicable law in effect on the date hereof and to such greater extent as applicable law may hereafter from time to time permit. The other provisions set forth in this Agreement are provided in addition to and as a means of furtherance and implementation of, and not in limitation of, the obligations expressed in this Article III. No requirement, condition to or limitation of any right to indemnification or to advancement of Expenses under this Article III shall in any way limit the rights of Indemnitee under Article VII.",46
LexGLUE_ledgar,ledgar_221,"The execution, delivery and performance by the Company of this Agreement and CE of the Security Documents and the consummation of the transactions contemplated hereby and thereby (A) are within the corporate power and authority of the Company and CE, respectively, and (B) have been duly authorized by all necessary corporate actions on the part of the Company and CE, respectively.",9
LexGLUE_ledgar,ledgar_222,"If Employee becomes Disabled prior to December 31, 2019, Employee will receive the Discretionary Credit described in Section 3, which shall be allocated to Employee’s Discretionary Credit Account as of the date of Employee’s Disability.",30
LexGLUE_ledgar,ledgar_223,"Except for Jefferies LLC, no broker, finder or investment banker is entitled to any brokerage, finder’s or other fee or commission in connection with the transactions contemplated by this Agreement or any other Transaction Document based upon arrangements made by or on behalf of Seller.",15
LexGLUE_ledgar,ledgar_224,"All deemed distributions (including deemed transfers pursuant to Section 7.l(b)(i) ) in connection with the allowance of any Allowed General Unsecured Claim shall be allocated first to the principal amount of such Allowed General Unsecured Claim, as determined for federal income tax purposes, and thereafter, to the remaining portion of such Allowed General Unsecured Claim, if any.",54
LexGLUE_ledgar,ledgar_225,"Except as disclosed in the SEC Documents, no shares are reserved for issuance pursuant to the Company’s stock option plans, no shares are reserved for issuance pursuant to securities (other than the Note) exercisable for, or convertible into or exchangeable for shares of Common Stock and sufficient shares are reserved for issuance upon conversion of the Note (as required by the Note and transfer agent share reserve letter). All of such outstanding shares of capital stock are, or upon issuance will be, duly authorized, validly issued, fully paid and non-assessable. No shares of capital stock of the Company are subject to preemptive rights or any other similar rights of the shareholders of the Company or any liens or encumbrances imposed through the actions or failure to act of the Company. Except as disclosed in the SEC Documents, as of the effective date of this Agreement, (i) there are no outstanding options, warrants, scrip, rights to subscribe for, puts, calls, rights of first refusal, agreements, understandings, claims or other commitments or rights of any character whatsoever relating to, or securities or rights convertible into or exchangeable for any shares of capital stock of the Company or any of its Subsidiaries, or arrangements by which the Company or any of its Subsidiaries is or may become bound to issue additional shares of capital stock of the Company or any of its Subsidiaries, (ii) there are no agreements or arrangements under which the Company or any of its Subsidiaries is obligated to register the sale of any of its or their securities under the 1933 Act and (iii) there are no anti-dilution or price adjustment provisions contained in any security issued by the Company (or in any agreement providing rights to security holders) that will be triggered by the issuance of the Note or the Conversion Shares. The Company has filed in its SEC Documents true and correct copies of the Company’s Certificate of Incorporation as in effect on the date hereof (“Certificate of Incorporation”), the Company’s By-laws, as in effect on the date hereof (the “By-laws”), and the terms of all securities convertible into or exercisable for Common Stock of the Company and the material rights of the holders thereof in respect thereto. The Company shall provide the Buyer with a written update of this representation signed by the Company’s Chief Executive on behalf of the Company as of the Closing Date.",16
LexGLUE_ledgar,ledgar_226,"The parties agree if any controversy or claim shall arise out of this Agreement or the breach hereof (other than claims (a) for equitable relief, including specific performance, injunctive relief or temporary restraining orders or (b) enforcing this Section 17 or an arbitration award granted in accordance herewith), and either party shall request that the matter be settled by arbitration the matter shall be settled exclusively by final and binding arbitration before JAMS (or its successor pursuant to the United States Arbitration Act, 9 U.S.C. Section 1 et seq.) in accordance with the provisions of JAMS’ Streamlined Arbitration Rules and Procedures in effect at such time, by a single arbitrator, if the parties shall agree upon one, or by one arbitrator appointee by each party and a third arbitrator appointed by the other arbitrators. In case of any failure of a party to make an appointment referred to above within two (2) weeks after written notice of controversy, such appointment shall be made by JAMS. All arbitration proceedings shall be held in the City of Los Angeles, and each party agrees to comply in all respects with any award made in such proceeding and to the entry of a judgment in any jurisdiction upon any award rendered in such proceeding.",6
LexGLUE_ledgar,ledgar_227,"If the Executive is no longer an employee of the Company and/or any subsidiaries of the Company, the Lease shall continue in full force and effect (subject to Tenant’s termination and other rights set forth in the Lease). Regardless of such termination of employment, for the Term of the Lease, Tenant will have ongoing ordinary income taxable as wages, subject to information reporting on IRS Form W-2, and the Company will have ongoing income and payroll tax withholding obligations with respect to the Lease Differential Amount (hereinafter defined), and upon exercise of the Original Purchase Price Option (hereinafter defined), if applicable.",35
LexGLUE_ledgar,ledgar_228,"This Option Award Agreement, the Plan and Letter Agreement contain the entire agreement and understanding among the parties as to the subject matter hereof, and supersede any other agreements or representations, oral or otherwise, express or implied, with respect to the subject matter hereof.",38
LexGLUE_ledgar,ledgar_229,"As of the Effective Date, the Borrower has disclosed to the Lenders all agreements, instruments and corporate or other restrictions to which the Borrower or any other Loan Party is subject, and all other matters known to any of them, that could, in each case, reasonably be expected to result in a Material Adverse Effect. None of the reports, financial statements, certificates or other information furnished by or on behalf of any Loan Party to the Administrative Agent or any Lender in connection with the negotiation of this Agreement or any other Loan Document or delivered hereunder or thereunder (as modified or supplemented by other information so furnished) contains any material misstatement of fact or omits to state any material fact necessary to make the statements therein, taken as a whole, in the light of the circumstances under which they were made, not misleading in any material respect; provided, however, that with respect to projected financial information, the Borrower represents only that such information was prepared in good faith based upon assumptions believed to be reasonable at the time. As of the Effective Date, the information included in the Beneficial Ownership Certification is true and correct in all respects.",31
LexGLUE_ledgar,ledgar_230,"Employee must pay, or make arrangements acceptable to the Company for the payment of any and all federal, state and local tax withholding that in the opinion of the Company is required by law. Unless Employee satisfies any such tax withholding obligation by paying the amount in cash or by check, the Company will withhold shares of Common Stock having a Fair Market Value on the date of withholding equal to the tax withholding obligation.",86
LexGLUE_ledgar,ledgar_231,"The Administrative Agent and the Required Lenders shall be satisfied that Holdings, the Borrower and their Subsidiaries and the transactions contemplated by this Amendment shall be in full compliance with all material Applicable Law, including Regulations T, U and X of the Board, and shall have received satisfactory evidence of such compliance reasonably requested by them.",4
LexGLUE_ledgar,ledgar_232,"The execution, delivery and performance by the Company of this Agreement, the issuance and sale of the Placement Shares and the consummation by the Company of the transactions contemplated by this Agreement will not (i) conflict with or result in a breach or violation of any of the terms or provisions of, or constitute a default under, or result in the creation or imposition of any lien, charge or encumbrance upon any property or assets of the Company or any of its subsidiaries pursuant to, any indenture, mortgage, deed of trust, loan agreement or other agreement or instrument to which the Company or any of its subsidiaries is a party or by which the Company or any of its subsidiaries is bound or to which any of the property or assets of the Company or any of its subsidiaries is subject, (ii) result in any violation of the provisions of the charter or by-laws or similar organizational documents of the Company or any of its subsidiaries or (iii) result in the violation of any law or statute or any judgment, order, rule or regulation of any court or arbitrator or governmental or regulatory authority, except, in the case of clauses (i) and (iii) above, for any such conflict, breach, violation or default that would not, individually or in the aggregate, have a Material Adverse Effect.",61
LexGLUE_ledgar,ledgar_233,"This Agreement contains the entire agreement of the parties relating to the subject matter hereof, and supersedes in its entirety any and all prior agreements, understandings or representations relating to the subject matter hereof.",38
LexGLUE_ledgar,ledgar_234,"Except as set forth in Schedule 3.13 , no action, suit, claim, demand, hearing, investigation or other proceeding is pending against the Company or any of its Subsidiaries, or, to the Knowledge of the Company, any officer, director, manager, member, shareholder or employee of any such Person, and none of the Company or any of its Subsidiaries, or, to the Knowledge of the Company, any officer, director, manager, member, shareholder or employee of any such Person, is subject to any outstanding injunction, judgment, order, decree, ruling or charge or, to the Knowledge of the Company, is threatened with being made a party to any action, suit, proceeding, hearing or investigation of, in, or before any Governmental Authority or before any arbitrator, all cases, that are required to be described in the SEC Reports but are not described as required in the SEC Reports, or that would reasonably be expected to have, individually or in the aggregate, a Material Adverse Effect.",58
LexGLUE_ledgar,ledgar_235,EACH OF PLP INDONESIA AND THE BANK ACKNOWLEDGES THAT BY AGREEING TO BINDING ARBITRATION THEY HAVE IRREVOCABLY WAIVED ANY RIGHT THEY MAY HAVE TO JURY TRIAL WITH REGARD TO A DISPUTE. Representation by PLP Indonesia. PLP Indonesia represents and warrants to the Bank that it has received the requisite authorizations from the applicable governmental authority to submit disputes arising under the Loan Documents to arbitration in the manner set forth herein.,96
LexGLUE_ledgar,ledgar_236,"The Company represents and warrants to each of the Stockholders that (a) the Company is duly authorized to execute, deliver and perform this Agreement; (b) this Agreement has been duly authorized, executed and delivered by the Company and is a valid and binding agreement of the Company, enforceable against the Company in accordance with its terms; and (c) the execution, delivery and performance by the Company of this Agreement does not violate or conflict with or result in a breach by the Company of or constitute (or with notice or lapse of time or both would constitute) a default by the Company under the Certificate of Incorporation or By-Laws, any existing applicable law, rule, regulation, judgment, order, or decree of any Governmental Entity exercising any statutory or regulatory authority of any of the foregoing, domestic or foreign, having jurisdiction over the Company or any of its Subsidiaries or Affiliates or any of their respective properties or assets, or any agreement or instrument to which the Company or any of its Subsidiaries or Affiliates is a party or by which the Company or any of its Subsidiaries or Affiliates or any of their respective properties or assets may be bound.",76
LexGLUE_ledgar,ledgar_237,"Subject to the provisions of Section 12.2 relating to permitted contests, Lessee will not directly or indirectly create or allow to remain and will promptly discharge at its expense any lien, encumbrance, attachment, title retention agreement or claim upon the Leased Property or any attachment, levy, claim or encumbrance in respect of the Rent, not including, however, (a) this Lease, (b) the matters included as exceptions in the title policy insuring Lessor’s interest in the Leased Property, (c) restrictions, liens and other encumbrances which are consented to in writing by Lessor or any easements granted pursuant to the provisions of Section 7.3 of this Lease, (d) liens for those taxes upon Lessor or the Leased Property which Lessee is not required to pay hereunder, (e) subleases permitted by Article 20 hereof, (f) liens for Impositions or for sums resulting from noncompliance with Legal Requirements so long as (1) the same are not yet payable or are payable without the addition of any fine or penalty or (2) such liens are in the process of being contested as permitted by Section 12.2, (g) liens of mechanics, laborers, materialmen, suppliers or vendors for sums either disputed or not yet due provided that (1) the payment of such sums shall not be postponed under any related contract for more than sixty (60) days after the completion of the action giving rise to such lien and such reserve or other appropriate provisions as shall be required by law or generally accepted accounting principles shall have been made therefor or (2) any such liens are in the process of being contested as permitted by Section 12.2 hereof, and (h) any liens which are the responsibility of Lessor pursuant to the provisions of Article 22 of this Lease.",57
LexGLUE_ledgar,ledgar_238,"During the Employment Term, ARC shall pay Executive a base salary at the annual rate of $470,000 per year or such higher rate as may be determined from time to time by ARC in accordance with ARC’s compensation policies and practices (“ Base Salary ”). Such Base Salary shall be paid in accordance with ARC’s standard payroll practice for senior executives.",11
LexGLUE_ledgar,ledgar_239,"The Borrower will use the proceeds of Revolving Loans to finance working capital needs, Capital Expenditures, acquisitions permitted pursuant to Section 7.3(b) , Investments permitted pursuant to Sections 7.4(e) , (f) , (g) , (i) and (j) and for other general corporate purposes of the Borrower and its Restricted Subsidiaries after the Closing Date. On the date of the consummation of the Cordillera Acquisition, the Borrower shall use a portion of the proceeds of the Tranche B-1 Term Loans to finance the Fourth Amendment Transactions. If the Fourth Amendment Early Closing Date occurs, then on the Fourth Amendment Closing Date, a portion of the proceeds of the Tranche B-1 Term Loans shall be deposited in a segregated account of the Borrower with the Administrative Agent. Upon the occurrence of a Cordillera Special Mandatory Prepayment Trigger Date, the Borrower shall use a portion of the proceeds of the Tranche B-1 Term Loans to effect a Cordillera Special Mandatory Prepayment on the Cordillera Special Mandatory Prepayment Date. On the Fourth Amendment Closing Date, a portion of the proceeds of the Tranche B-1 Term Loans shall be deposited in a segregated account of the Borrower with the Administrative Agent. On the Taurus Effective Date, the Borrower shall use a portion of the proceeds of the Tranche B-1 Term Loans to finance a portion of the Taurus Acquisition. Upon the occurrence of a Taurus Special Mandatory Prepayment Trigger Date, the Borrower shall use a portion of the proceeds of the Tranche B-1 Term Loans to effect a Taurus Special Mandatory Prepayment on the Taurus Special Mandatory Prepayment Date. No part of the proceeds of any Loan will be used, whether directly or indirectly, (a) for any purpose that would violate any rule or regulation of the Board of Governors of the Federal Reserve System, including Regulation T, Regulation U or Regulation X, (b) to fund, finance or facilitate any activities of or business with any Sanctioned Person or in any Sanctioned Country, (c) that will result in a violation by any Person (including any Person participating in the transaction, whether as a Lead Arranger, the Administrative Agent, any Lender (including the Swingline Lender) or the Issuing Bank or otherwise) of Sanctions or (d) that would in any manner violate any Anti-Corruption Laws. All Letters of Credit will be used for general corporate purposes.",92
LexGLUE_ledgar,ledgar_240,"The terms that follow, when used in this Agreement, shall have the meanings indicated.",29
LexGLUE_ledgar,ledgar_241,"The execution, delivery and performance by each Loan Party of each Loan Document to which such Loan Party is a party, and the consummation of the Transactions, are within such Loan Party’s corporate, limited liability company or other analogous powers, have been duly authorized by all necessary corporate, limited liability company or other analogous action, and do not and will not (a) contravene the terms of any of such Person’s Organizational Documents, (b) conflict with or result in any breach or contravention of, or the creation of any Lien under (other than under the Loan Documents), or require any payment to be made under (i) any Contractual Obligation to which such Person is a party or affecting such Person or the properties of such Person or any of its Subsidiaries or (ii) any order, injunction, writ or decree of any Governmental Authority or any arbitral award to which such Person or its property is subject; or (c) violate any law; except with respect to any conflict, breach or contravention or payment (but not creation of Liens) referred to in clause (b)(i), to the extent that such conflict, breach, contravention or payment could not, individually or in the aggregate, reasonably be expected to have a Material Adverse Effect.",10
LexGLUE_ledgar,ledgar_242,"The Company and the Subsidiaries have, or have rights to use, all patents, patent applications, trademarks, trademark applications, service marks, trade names, trade secrets, inventions, copyrights, licenses and other intellectual property rights and similar rights as described in the SEC Reports as necessary or required for use in connection with their respective businesses and that the failure to so have could have a Material Adverse Effect (collectively, the “ Intellectual Property Rights ”). None of, and neither the Company nor any Subsidiary has received a notice (written or otherwise) that any of, the Intellectual Property Rights has expired, terminated or been abandoned, or is expected to expire or terminate or be abandoned, within two (2) years from the date of this Agreement. Neither the Company nor any Subsidiary has received, since the date of the latest audited financial statements included within the SEC Reports, a written notice of a claim or otherwise has any knowledge that the Intellectual Property Rights violate or infringe upon the rights of any Person, except as could not have or reasonably be expected to not have a Material Adverse Effect. To the knowledge of the Company, all such Intellectual Property Rights are enforceable and there is no existing infringement by another Person of any of the Intellectual Property Rights. The Company and its Subsidiaries have taken reasonable security measures to protect the secrecy, confidentiality and value of all of their intellectual properties, except where failure to do so could not, individually or in the aggregate, reasonably be expected to have a Material Adverse Effect.",53
LexGLUE_ledgar,ledgar_243,"During the Term of Employment, Company shall, subject to Paragraph 20, pay or reimburse Executive for all properly documented expenses reasonably related to Executive’s performance of Executive’s duties hereunder in accordance with Company’s standard policies and practices as in effect from time to time.",41
LexGLUE_ledgar,ledgar_244,"This Agreement may be executed in two or more counterparts, all of which shall be considered one and the same agreement and shall become effective when counterparts have been signed by each party and delivered to the other party. In the event that any signature is delivered by facsimile transmission or by an e-mail which contains a portable document format (.pdf) or similar file of an executed signature page, such signature page shall create a valid and binding obligation of the party executing (or on whose behalf such signature is executed) with the same force and effect as if such signature page were an original thereof.",26
LexGLUE_ledgar,ledgar_245,Your employment with the Company under this Letter Agreement shall terminate immediately in the event of your death.,27
LexGLUE_ledgar,ledgar_246,"The payments and benefits pursuant to Section 2(b) of this Separation Agreement are conditioned upon the Employee’s agreement to be reasonably available to assist and otherwise advise and consult with the Company in transitioning responsibilities to other employees of the Company. The payments and benefits pursuant to Section 2(b) of this Separation Agreement are also conditioned upon the Employee’s full and continued cooperation in good faith with the Company, its subsidiaries and affiliates and its outside and in-house legal counsel, as may be necessary or appropriate: (i) to respond truthfully to any inquiries that may arise with respect to matters that the Employee was responsible for or involved with during the Employee’s employment with the Company, including matters in which Employee has been identified as an individual with knowledge; (ii) to furnish to the Company, as reasonably requested by the Company, from time to time, the Employee’s honest and good faith advice, information, judgment and knowledge with respect to all practices at the Company, and employees of the Company; (iii) in connection with any defense, prosecution or investigation of any and all actual, threatened, potential or pending court or administrative proceedings or other legal matters in which the Employee may be involved as a party and/or in which the Company determines, in its sole discretion, that the Employee is a relevant witness and/or possesses relevant information; (iv) to attend any deposition, trial, hearing or other proceeding to provide truthful testimony, and to prepare for any such deposition, trial, hearing or other proceeding with the Company’s outside or in-house counsel; and (v) in connection with any and all legal matters relating to the Company, its subsidiaries and affiliates, and each of their respective past and present employees, managers, directors, officers, administrators, shareholders, members, agents, and attorneys, in which the Employee may be called as an involuntary witness (by subpoena or other compulsory process) served by any third-party, including, without limitation, providing the Company with written notice of any subpoena or other compulsory process served on the Employee within forty-eight (48) hours of its occurrence.",24
LexGLUE_ledgar,ledgar_247,The provisions of this Article 3 shall survive the expiration or earlier termination of this Lease.,85
LexGLUE_ledgar,ledgar_248,"Lenders will reimburse and indemnify Administrative Agent and all other Agent Parties on demand (to the extent not actually reimbursed by the Loan Parties, but without limiting the obligations of the Loan Parties under this Agreement) for and against any and all liabilities, obligations, losses, damages, penalties, actions, judgments, suits, costs, expenses (including, reasonable attorneys’ fees and expenses), advances or disbursements of any kind or nature whatsoever which may be imposed on, incurred by, or asserted against the Administrative Agent or any other Agent Party (a) in any way relating to or arising out of this Agreement or any of the Loan Documents or any action taken or omitted by the Administrative Agent or any other Agent Party under this Agreement or any of the Loan Documents, and (b) in connection with the preparation, negotiation, execution, delivery, administration, amendment, modification, waiver or enforcement (whether through negotiations, legal proceedings or otherwise) of, or legal advice in respect of rights or responsibilities under, this Agreement or any of the other Loan Documents in proportion to each Lender’s Percentage; provided, that no Lender shall be liable for any portion of such liabilities, obligations, losses, damages, penalties, actions, judgments, suits, costs, expenses, advances or disbursements resulting from the Administrative Agent’s or any other Agent Party’s gross negligence, bad faith or willful misconduct, as determined by a final, non-appealable judgment by a court of competent jurisdiction. If any indemnity furnished to any Agent Party for any purpose shall, in the opinion of Administrative Agent, be insufficient or become impaired, Administrative Agent may call for additional indemnity and cease, or not commence, to do the acts indemnified against until such additional indemnity is furnished. The obligations of Lenders under this Section 10.12 shall survive the payment in full of the Obligations and the termination of the Commitments and this Agreement.",49
LexGLUE_ledgar,ledgar_249,"Subject to Section 12.8.2 , each of the Lenders and potential Swap Contract Counterparties with respect to Lender Hedging Obligations hereby irrevocably appoints and authorizes Agent to take such action as agent on its behalf and to exercise such powers under the Loan Documents as are delegated to Agent by the terms thereof or are reasonably incidental, as determined by Agent, thereto. This appointment and authorization is intended solely for the purpose of facilitating the servicing of the Loans and does not constitute appointment of Agent as trustee for any Lender or as representative of any Lender for any other purpose. Notwithstanding any provision to the contrary contained elsewhere herein or in any other Loan Document, the Agent shall not have any duties or responsibilities, except those expressly set forth herein, nor shall the Agent have or be deemed to have any fiduciary relationship with any Lender or participant or any Swap Contract Counterparty with respect to Lender Hedging Obligations, and no implied covenants, functions, responsibilities, duties, obligations or liabilities shall be read into this Agreement or any other Loan Document or otherwise exist against the Agent. Without limiting the generality of the foregoing sentence, the use of the term ""Agent"" or “Administrative Agent” herein and in the other Loan Documents with reference to the Agent is not intended to connote any fiduciary or other implied (or express) obligations arising under agency doctrine of any applicable Law. Instead, such term is used merely as a matter of market custom, and is intended to create or reflect only an administrative relationship between independent contracting parties. The Agent may execute any of its duties under this Agreement or any other Loan Document by or through its agents, employees or attorneys-in-fact and shall be entitled to advice of counsel and other consultants or experts concerning all matters pertaining to such duties. The Agent shall not be responsible for the negligence or misconduct of any agent or attorney-in-fact that it selects in the absence of gross negligence or willful misconduct.",10
LexGLUE_ledgar,ledgar_250,The Company and each of the Company Subsidiaries are insured by insurers of recognized financial responsibility against such losses and risks and in such amounts as are prudent and customary in the businesses in which they are engaged; and neither the Company nor any of the Company Subsidiaries has any reason to believe that it will not be able to renew its existing insurance coverage as and when such coverage expires or to obtain similar coverage from similar insurers as may be necessary to continue its business at a cost that would not be reasonably likely to have a material impact on the Company and the Company Subsidiaries taken as a whole.,51
LexGLUE_ledgar,ledgar_251,"Licensee will procure and maintain insurance policies for the following coverages with respect to product liability, personal injury, bodily injury, and property damage arising out of Licensee’s (and its Affiliates’ and any Sublicensees’) performance under this Agreement: (a) during the term of this Agreement, comprehensive general liability, including broad form and contractual liability, in a minimum amount of * * * combined single limit per occurrence (or claim) and in the aggregate annually; (b) prior to the commencement of clinical trials involving Licensed Products and thereafter for a period of not less than * * * (or such longer period as Licensee is required by applicable law to continue to monitor the participants in the clinical trial), clinical trials coverage in amounts that are reasonable and customary in the U.S. pharmaceutical industry, subject always to a minimum limit of * * * combined single limit per occurrence (or claim) and in the aggregate annually; and (c) from prior to the first commercial sale of a Licensed Product until * * * after the last sale of a Licensed Product, product liability coverage, in amounts that are reasonable and customary in the U.S. pharmaceutical industry, subject always to a minimum limit of * * * combined single limit per occurrence (or claim) and in the aggregate annually. Licensor may review periodically the adequacy of the minimum amounts of insurance for each coverage required by this Section 8.5, and Licensor reserves the right to require Licensee to adjust the limits accordingly. The required minimum amounts of insurance do not constitute a limitation on Licensee’s liability or indemnification obligations to the Licensor Indemnified Parties under this Agreement. The policies of insurance required by this Section 8.5 will be issued by an insurance carrier with an A.M. best rating of * * * or better and will name Licensor as an additional insured with respect to Licensee’s performance (and its Affiliates’ and any Sublicensees’) under this Agreement. Licensee will provide Licensor with insurance certificates evidencing the required coverage within * * * after the Effective Date and the commencement of each policy period and any renewal periods. Each certificate will provide that the insurance carrier will notify Licensor in writing at least * * * prior to the cancellation or material change in coverage. Licensee will cause all Sublicensees to comply with the terms of this Section 8.5 to the same extent as Licensee.",51
LexGLUE_ledgar,ledgar_252,"The Company will withhold all applicable taxes from any Actual Award, including any federal, state and local taxes (including, but not limited to, the Participant’s FICA and SDI obligations).",86
LexGLUE_ledgar,ledgar_253,"The Administrative Agent shall have received evidence of insurance coverage in form, scope, and substance reasonably satisfactory to the Administrative Agent and otherwise in compliance with the terms of Section 5.05 and Section 4.10 of the Security Agreement.",51
LexGLUE_ledgar,ledgar_254,"Schedule 3.21 sets forth a true, complete and correct description of all material insurance maintained by or on behalf of Holdings, Hexion, and the Subsidiaries as of the DIP Closing Date. As of such date, such insurance is in full force and effect.",51
LexGLUE_ledgar,ledgar_255,"The Owner and the Development Manager, from time to time and upon every reasonable written request so to do, shall give, execute and deliver all such further assurances as may be required for more effectually implementing and carrying out the true intent and meaning of this Agreement.",45
LexGLUE_ledgar,ledgar_256,"The Executive represents and warrants to the Employer, and acknowledges that the Employer has relied on such representations and warranties in employing Executive, that neither the Executive’s duties as an employee of the Employer nor her performance of the Agreement will breach any other agreement to which Executive is a party, including without limitation, any agreement limiting the use or disclosure of any information acquired by Executive prior to her employment by the Employer. The Executive further represents and warrants and acknowledges that the Employer has relied on such representations and warranties in employing the Executive, that he has not entered into, and will not enter into, any agreement, either oral or written, in conflict herewith. If it is determined that the Executive is in breach or has breached any of the representations set forth herein, the Employer shall have the right to terminate Executive’s employment for Cause.",76
LexGLUE_ledgar,ledgar_257,"Sellers have received no written or, to Sellers’ Knowledge, verbal notices of non-compliance with any laws, rules and regulations applicable to the Assets or Facilities. Sellers are in material compliance with all federal, state and local laws, rules and regulations which relate to the operations of the Facilities.",19
LexGLUE_ledgar,ledgar_258,"This Agreement shall, except as herein stated to the contrary, inure to the benefit of and bind the legal representatives, heirs, successors and assigns of the parties hereto.",84
LexGLUE_ledgar,ledgar_259,"In the event of any conversion, stock split, stock dividend, recapitalization, reclassification, reorganization, merger, consolidation, spin-off, combination, exchange of shares, liquidation or other similar change in capitalization or event, or any distribution to holders of Common Stock other than a regular cash dividend, the number and class of shares subject to the Award shall be appropriately and equitably adjusted by the Committee. If such adjustment would result in a fractional share being subject to the Award, the Company shall pay the Employee, on the date that the shares with respect to the Award are delivered (if any), an amount in cash determined by multiplying (i) the fraction of such share (rounded to the nearest hundredth) by (ii) the Fair Market Value of a share on the date that the Award became vested. The decision of the Committee regarding such adjustment and the Fair Market Value of any fractional share shall be final, binding and conclusive.",0
LexGLUE_ledgar,ledgar_260,"The Company shall (a) by the Disclosure Time, issue a press release disclosing the material terms of the transactions contemplated hereby, and (b) file a Current Report on Form 8-K, including the Transaction Documents as exhibits thereto, with the Commission within the time required by the Exchange Act. From and after the issuance of such press release, the Company represents to the Purchasers that it shall have publicly disclosed all material, non-public information delivered to any of the Purchasers by the Company or any of its Subsidiaries, or any of their respective officers, directors, employees or agents in connection with the transactions contemplated by the Transaction Documents. In addition, effective upon the issuance of such press release, the Company acknowledges and agrees that any and all confidentiality or similar obligations under any agreement, whether written or oral, between the Company, any of its Subsidiaries or any of their respective officers, directors, agents, employees or Affiliates on the one hand, and any of the Purchasers or any of their Affiliates on the other hand, shall terminate. The Company and each Purchaser shall consult with each other in issuing any other press releases with respect to the transactions contemplated hereby, and neither the Company nor any Purchaser shall issue any such press release nor otherwise make any such public statement without the prior consent of the Company, with respect to any press release of any Purchaser, or without the prior consent of each Purchaser, with respect to any press release of the Company, which consent shall not unreasonably be withheld or delayed, except if such disclosure is required by law, in which case the disclosing party shall promptly provide the other party with prior notice of such public statement or communication. Notwithstanding the foregoing, the Company shall not publicly disclose the name of any Purchaser, or include the name of any Purchaser in any filing with the Commission or any regulatory agency or Trading Market, without the prior written consent of such Purchaser, except (i) as required by federal securities law in connection with the filing of final Transaction Documents with the Commission and (ii) to the extent such disclosure is required by law or Trading Market regulations, in which case the Company shall provide the Purchasers with prior notice of such disclosure permitted under this clause (ii).",71
LexGLUE_ledgar,ledgar_261,"The Company confirms that neither the Company nor any other Person acting on its behalf has provided the Holder or its agents or counsel with any information that constitutes or could reasonably be expected to constitute material, nonpublic information. The Company understands and confirms that the Holder will rely on the foregoing representations in effecting transactions in the securities of the Company.",31
LexGLUE_ledgar,ledgar_262,"This Warrant may be executed in counterparts, all of which together shall constitute one and the same agreement. Any signature page delivered electronically or by facsimile shall be binding to the same extent as an original signature page with regards to any agreement subject to the terms hereof or any amendment thereto.",26
LexGLUE_ledgar,ledgar_263,"It is the express intention and agreement of the parties hereto that the provisions of Sections 6, 7, 8, 10, 11, 12, 13, 15, 16, 17, 19, 20, 21, 23, 24 and 25 hereof and this Section 14 shall survive the termination of employment of the Executive or the termination or expiration of the Employment Period. In addition, all obligations of the Company to make payments hereunder shall survive any expiration of the Employment Period on the terms and conditions set forth herein.",85
LexGLUE_ledgar,ledgar_264,"The parties shall consummate the transactions contemplated by this Agreement (the “ Closing ”) on the date hereof (such date, the “ Closing Date ”), by the electronic exchange of documents and signatures.",18
LexGLUE_ledgar,ledgar_265,"The Borrower and the Guarantors shall execute and deliver to Agent and Lenders such additional consents and affirmations and other documents (including, without limitation, amendments to the Security Documents) as the Agent may reasonably require, and the Borrower shall pay the cost of any title endorsement or update thereto or any update of UCC searches, recordings costs and fees, and any and all intangible taxes or other documentary or mortgage taxes, assessments or charges or any similar fees, taxes or expenses which are required to be paid in connection with such extension.",41
LexGLUE_ledgar,ledgar_266,"The provisions of this Section 14 shall survive expiration or other termination of this Agreement, regardless of the cause of such termination.",85
LexGLUE_ledgar,ledgar_267,"Seller has complied with all applicable city, state, and federal laws, ordinances, regulations, and rules with respect to the conduct of its operations, and has not received any notice or notices (whether written or oral) of violations of any such statutes or regulations which have not been cured.",19
LexGLUE_ledgar,ledgar_268,"The execution, delivery and performance by the Asset Representations Reviewer of the transactions contemplated by this Agreement and the performance of the Asset Representations Reviewer’s obligations under this Agreement will not (A) conflict with, or be a breach or default under, any indenture, mortgage, deed of trust, loan agreement, guarantee or other agreement or instrument under which the Asset Representations Reviewer is a party, (B) result in the creation or imposition of any Lien on any of the properties or assets of the Asset Representations Reviewer under the terms of any indenture, mortgage, deed of trust, loan agreement, guarantee or other agreement or instrument, (C) violate the organizational documents of the Asset Representations Reviewer or (D) violate any law or, to the Asset Representations Reviewer’s knowledge, any order, rule or regulation of a federal or state court, regulatory body, administrative agency or other governmental instrumentality having jurisdiction over the Asset Representations Reviewer or its properties that applies to the Asset Representations Reviewer, which, in each case, would reasonably be expected to have a material adverse effect on the Asset Representations Reviewer’s ability to perform its obligations under this Agreement.",61
LexGLUE_ledgar,ledgar_269,"Any notice to the Company provided for in this Agreement shall be addressed to the Company in care of the General Counsel at the principal office of the Company, and any notice to the Participant shall be addressed to such Participant at the current address shown in the records of the Employer, or to such other address as the Participant may designate to the Employer in writing. Any notice shall be delivered by hand, sent by telecopy or enclosed in a properly sealed envelope addressed as stated above, registered and deposited, postage prepaid, in a post office regularly maintained by the United States Postal Service.",65
LexGLUE_ledgar,ledgar_270,"With the exception of the Non-Compete Agreement, this Agreement contains the entire understanding of the parties, and there are no additional promises, representations, assurances, terms or provisions between the parties. This Agreement may not be amended except in writing signed by Employee and a duly authorized officer of Company.",38
LexGLUE_ledgar,ledgar_271,"This Amendment may be executed in any number of counterparts, and by the parties hereto on the same or separate counterparts, and each such counterpart, when executed and delivered, shall be deemed to be an original, but all such counterparts shall together constitute but one and the same Amendment. Delivery of an executed signature page of this Amendment by facsimile transmission or electronic photocopy (i.e. “ pdf ”) shall be effective as delivery of a manually executed counterpart hereof.",26
LexGLUE_ledgar,ledgar_272,"The Employee’s obligations under this Agreement shall survive the termination of the Employee’s employment with the Company regardless of the manner of, or circumstances surrounding, such termination, and shall be binding upon the Employee’s heirs, executors, administrators and legal representatives.",85
LexGLUE_ledgar,ledgar_273,"During the Term, the Company agrees to employ Executive, and Executive agrees to continue his employment with the Company, subject to the provisions of this Agreement. As of the Effective Date (as defined below), this Agreement supersedes and replaces in all respects the Prior Agreement.",35
LexGLUE_ledgar,ledgar_274,"At the time of delivery to the [F.O.B. point], (subject to Subsection 4.2) title to such Products and risk of loss shall pass to Buyer. All freight, insurance, and other shipping expenses, as well as any special packing expense, shall be paid by Buyer. Buyer shall also bear all applicable taxes, duties, and similar charges that may be assessed against the Products.",90
LexGLUE_ledgar,ledgar_275,"The term of employment under this Agreement shall begin on April 1, 2019, or such earlier date that Employer and Executive shall mutually agree (the “ Effective Date ”), and shall expire on February 28, 2022, unless terminated sooner as provided in this Agreement or unless extended as provided in the next sentence (the “ Employment Period ”). Unless this Agreement is terminated earlier, commencing on March 1, 2022, and on each anniversary of March 1, 2022 (each March 1st on or after March 1, 2022, the “ Renewal Date ”), the Employment Period shall be extended for one (1) additional year (a “ Renewal Term ”), unless either party notifies the other party at least ninety (90) days prior to the applicable Renewal Date that the Employment Period shall not be so extended; provided , however , that in no event shall the Employment Period be extended beyond February 28, 2024, except by written agreement of the parties.",89
LexGLUE_ledgar,ledgar_276,"Holdings and each of its Restricted Subsidiaries owns beneficially, or has the legal right to use, all United States and foreign patents, patent applications, trademarks, trademark applications, trade names, copyrights, and rights in know-how and trade secrets necessary for each of them to conduct its business as currently conducted (the “ Intellectual Property ”) except for those the failure to own or have such legal right to use would not be reasonably expected to have a Material Adverse Effect. Except as provided on Schedule 5.9 , no claim has been asserted and is pending by any Person against Holdings or any of its Restricted Subsidiaries challenging or questioning the use of any such Intellectual Property or the validity or effectiveness of any such Intellectual Property, nor does Holdings know of any such claim, and, to the knowledge of Holdings, the use of such Intellectual Property by Holdings and its Restricted Subsidiaries does not infringe on the rights of any Person, except for such claims and infringements which in the aggregate, would not be reasonably expected to have a Material Adverse Effect.",53
LexGLUE_ledgar,ledgar_277,"The Parties are permitted to execute this Agreement in one or more counterparts, each of such counterparts is to be deemed to be an original copy of this Agreement and all of which, when taken together, are to be deemed to constitute one and the same agreement. The exchange of copies of this Agreement and of signature pages by facsimile or other electronic transmission is to constitute effective execution and delivery of this Agreement as to the Parties. Signatures of the Parties transmitted by facsimile or other electronic transmission are to be deemed to be their original signatures for any purpose whatsoever.",26
LexGLUE_ledgar,ledgar_278,"The Plan shall be governed and construed in accordance with ERISA and any other applicable federal law and, to the extent not preempted by federal law, the laws of the State of Texas. Except as otherwise mandated by applicable law, exclusive jurisdiction over all disputes and actions arising under, or directly or indirectly relating to the Plan, shall be in Houston, Texas.",47
LexGLUE_ledgar,ledgar_279,"Notwithstanding anything to the contrary set forth in Section 3(a) hereof, if, within thirty (30) days prior to or twenty four (24) months following the completion of a Change in Control or at any time prior to a Change in Control at the request of a prospective purchaser whose proposed purchase would constitute a Change in Control upon its completion, the Company, or any of its Subsidiaries, terminates the Participant’s employment without Cause or the Participant terminates employment for Good Reason, all unvested RSUs shall immediately become vested. For the avoidance of doubt, all references to a Termination of the Participant’s employment “without Cause” in this Agreement shall, to the extent applicable, include any Termination due to the expiration of the employment term under the Participant’s Employment Agreement (as defined below) following notice of nonrenewal thereof by the Company.",17
LexGLUE_ledgar,ledgar_280,"Purchaser is an Indiana limited liability company duly organized, and validly existing, under the laws of Indiana and has full power and authority to carry on the business in which it is engaged and to execute and deliver and carry out the transactions contemplated by this Agreement.",66
LexGLUE_ledgar,ledgar_281,"The Credit Agreement as amended by this Amendment shall be binding upon and inure to the benefit of each of the undersigned and their respective legal representatives, successors and permitted assigns.",13
LexGLUE_ledgar,ledgar_282,"Pledgor shall and shall cause Borrower to preserve and maintain its existence and all of its material rights, privileges and franchises; provided , however , that Pledgor may convert its form of organization or the form of organization of Borrower to the extent expressly permitted by the Loan Agreement and only upon satisfaction of the conditions set forth therein. Pledgor shall comply and cause Borrower to comply with the requirements of all applicable laws, rules, regulations and orders of governmental or regulatory authorities; and pay and discharge or cause Borrower to pay or discharge all taxes, assessments and governmental charges or levies imposed on it or on its income or profits or on any of their property prior to the date on which penalties attach thereto, except for any such tax, assessment, charge or levy the payment of which is being contested in good faith and by proper proceedings.",40
LexGLUE_ledgar,ledgar_283,"The rules in Sections 15.6.1 through 15.6.2 are effective for Plan Years beginning after December 31, 2007.",33
LexGLUE_ledgar,ledgar_284,"This Agreement may be executed in several counterparts, each of which shall be deemed to be an original, but both of which together shall constitute one and the same instrument.",26
LexGLUE_ledgar,ledgar_285,"The Collateral Agent, for itself and on behalf of the Secured Party, acknowledges and agrees that compliance with the confidentiality provisions set forth in Section 3.2(b) is essential, and that Company will suffer immediate and irreparable injury and have no adequate remedy at law, if the Collateral Agent or the Secured Party, through acts or omissions, fails to comply with such provisions. Accordingly, in addition to all other rights and remedies of the Company hereunder, the Company shall have the right to seek specific performance of the Collateral Agent’s and the Secured Party’s obligations under such provisions, and any other equitable relief as the Company may deem necessary or appropriate, and the Collateral Agent, for itself and on behalf of the Secured Party, waives any requirement for the posting of a bond in connection with such equitable relief.",81
LexGLUE_ledgar,ledgar_286,"In the event that an actual proceeding is brought in equity to enforce the provisions of Section 5 or this Section 6, the Executive shall not urge as a defense that there is an adequate remedy at law nor shall the Company be prevented from seeking any other remedies which may be available. The Executive agrees that she shall not raise in any proceeding brought to enforce the provisions of Section 5 or this Section 6 that the covenants contained in such Sections limit Executive’s ability to earn a living.",75
LexGLUE_ledgar,ledgar_287,"The Seller has all requisite corporate power, authority and capacity to carry on its business as it is now being conducted, to execute and deliver this Agreement and to perform all of its obligations hereunder. The Seller has all requisite power and authority to enter into this Agreement, and the agreements to which it is or will become a party contemplated by this Agreement, and to carry out the transactions contemplated hereby. The Seller does not believe, nor does it have any cause or reason to believe, that it cannot perform each and every covenant required of it contained in this Agreement.",9
LexGLUE_ledgar,ledgar_288,"The REIT and each Subsidiary of the REIT have filed all tax returns (federal, state and local) required to be filed on or before the date of this representation (including any future dates on which this representation is deemed to be made), including all income, franchise, employment, property and sales taxes, and have paid all of their liabilities for taxes, assessments, governmental charges and other levies that are due and payable, other than those not yet delinquent and except any such taxes, assessments, governmental charges and levies which are being contested in good faith by appropriate proceedings diligently pursued and for which adequate reserves in accordance with GAAP have been established.",87
LexGLUE_ledgar,ledgar_289,"This Agreement may be executed in separate counterparts, any one of which need not contain signatures of more than one party, but both of which taken together will constitute one and the same Agreement.",26
LexGLUE_ledgar,ledgar_290,"All representations and warranties made hereunder and in any other Loan Document or other document delivered pursuant hereto or thereto or in connection herewith or therewith shall survive the execution and delivery hereof and thereof. Such representations and warranties have been or will be relied upon by the Administrative Agent and each Lender, regardless of any investigation made by the Administrative Agent or any Lender or on their behalf and notwithstanding that the Administrative Agent or any Lender may have had notice or knowledge of any Default or Event of Default at the time of any Borrowing, and shall continue in full force and effect as long as any Loan or any other Borrower Obligation hereunder shall remain unpaid or unsatisfied.",98
LexGLUE_ledgar,ledgar_291,"The Company may terminate the Executive’s employment if she is disabled and unable to perform the essential functions of the Executive’s then existing position or positions under this Agreement with or without reasonable accommodation for a period of 180 days (which need not be consecutive) in any 12-month period. If any question shall arise as to whether during any period the Executive is disabled so as to be unable to perform the essential functions of the Executive’s then-existing position or positions with or without reasonable accommodation, the Executive may, and at the request of the Company shall, submit to the Company a certification in reasonable detail by a physician selected by the Company to whom the Executive or the Executive’s guardian has no reasonable objection as to whether the Executive is so disabled or how long such disability is expected to continue, and such certification shall for the purposes of this Agreement be conclusive of the issue. The Executive shall cooperate with any reasonable request of the physician in connection with such certification. If such question shall arise and the Executive shall fail to submit such certification, the Company’s determination of such issue shall be binding on the Executive. Nothing in this Section 3(b) shall be construed to waive the Executive’s rights, if any, under existing law including, without limitation, the Family and Medical Leave Act of 1993, 29 U.S.C. §2601 et seq. and the Americans with Disabilities Act, 42 U.S.C. §12101 et seq.",30
LexGLUE_ledgar,ledgar_292,"This Amendment shall be governed by and construed in accordance with the laws of the State of Illinois, without regard to principles of conflicts of laws.",47
LexGLUE_ledgar,ledgar_293,"Executive shall not be required to mitigate the amount of any payment provided for under this Agreement by seeking other employment or in any other manner. Notwithstanding anything to the contrary in this Agreement, the termination of Executive’s employment shall not impair the rights or obligations of any Party.",85
LexGLUE_ledgar,ledgar_294,"The Administrative Agent and the Lenders shall hold confidentially all non-public and proprietary information and all other information designated by the Borrower as confidential, in each case, obtained from the Borrower or its Affiliates pursuant to the requirements of this Agreement in accordance with their customary procedures for handling confidential information of this nature and in accordance with safe and sound lending practices; provided , however , that the Administrative Agent and the Lenders may make disclosure of any such information (a) to their examiners, Affiliates, outside auditors, counsel, consultants, appraisers, agents, other professional advisors, any credit insurance provider relating to the Borrower and its obligations and any direct or indirect contractual counterparty in swap agreements or such counterparty’s professional advisor in connection with this Agreement or as reasonably required by any proposed syndicate member or any proposed transferee or participant in connection with the contemplated transfer of any Note or participation therein (including, without limitation, any pledgee referred to in Section 11.4(e) hereof), in each case, so long as any such Person (other than any examiners) receiving such information is advised of the provisions of this Section 11.18 and agrees to be bound thereby, (b) as required or requested by any governmental authority or self-regulatory body or representative thereof or in connection with the enforcement hereof or of any Loan Document or related document or (c) pursuant to legal process or with respect to any litigation between or among the Borrower and any of the Administrative Agent or the Lenders. In no event shall the Administrative Agent or any Lender be obligated or required to return any materials furnished to it by the Borrower. The foregoing provisions shall not apply to the Administrative Agent or any Lender with respect to information that (i) is or becomes generally available to the public (other than through the Administrative Agent or such Lender), (ii) is already in the possession of the Administrative Agent or such Lender on a non-confidential basis, or (iii) comes into the possession of the Administrative Agent or such Lender from a source other than the Borrower or its Affiliates in a manner not known to the Administrative Agent or such Lender to involve a breach of a duty of confidentiality owing to the Borrower or its Affiliates.",20
LexGLUE_ledgar,ledgar_295,"The Borrower and Administrative Agent may continue to deal solely and directly with the assigning Lender in connection with the interest so assigned to an Eligible Assignee until such time as (i) written notice of such assignment, together with payment instructions, addresses and related information with respect to the Eligible Assignee shall have been given to the Borrower and Administrative Agent by the assigning Lender and the Eligible Assignee; (ii) the assigning Lender and the Eligible Assignee shall have delivered to the Borrower and Administrative Agent an Assignment and Assumption. Upon request, Borrower will execute and deliver to Administrative Agent an appropriate replacement promissory note or replacement promissory notes in favor of each assignee (and assignor, if such assignor is retaining a portion of its applicable Commitment and advances) reflecting such assignee’s (and assignor’s) portion of the applicable Commitment. Upon execution and delivery of such replacement promissory note(s) the original promissory note or notes evidencing all or a portion of the Commitment being assigned shall be canceled and returned to Borrower.",7
LexGLUE_ledgar,ledgar_296,"All notices under this Agreement shall be in writing and shall be deemed effective when delivered in person (with respect to the Bank, to the Bank's Corporate Counsel) or when mailed, if mailed by certified mail, return receipt requested. Notices mailed shall be addressed, in the case of Employee, to his last known residential address, and in the case of the Bank, to its corporate headquarters, attention of Corporate Counsel, or to such other address as Employee or the Bank may designate in writing at any time or from time to time to the other party in accordance with this Section.",65
LexGLUE_ledgar,ledgar_297,"The parties shall keep the terms and provisions of this Agreement confidential, and shall not disclose or discuss any of the terms of this Agreement to or with other persons or entities except as required by law or in order to enforce the terms of this Agreement, and, as to Employee, to the Employee’s counsel, family, and tax and financial planning advisors.",20
LexGLUE_ledgar,ledgar_298,"Following the Closing, each of the Parties shall, and shall cause their respective Affiliates to, execute and deliver such additional documents, instruments, conveyances and assurances and take such further actions as may be reasonably required to carry out the provisions hereof and give effect to the Transactions.",45
LexGLUE_ledgar,ledgar_299,"Subject to the terms and conditions set forth herein, the Company may request the issuance of Letters of Credit denominated in Agreed Currencies as the applicant thereof for the support of its or its Subsidiaries’ obligations, in a form reasonably acceptable to the Administrative Agent and the Issuing Bank, at any time and from time to time during the Availability Period. In the event of any inconsistency between the terms and conditions of this Agreement and the terms and conditions of any form of letter of credit application or other agreement submitted by the Company to, or entered into by the Company with, the Issuing Bank relating to any Letter of Credit, the terms and conditions of this Agreement shall control. The letters of credit identified on Schedule 2.06 and the letters of credit issued and outstanding on the Effective Date under the Existing Credit Agreement (collectively, the “ Existing Letters of Credit ”) shall be deemed to be “Letters of Credit” issued on the Effective Date for all purposes of the Loan Documents. Notwithstanding anything herein to the contrary, the Issuing Bank shall have no obligation hereunder to issue, and shall not issue, any Letter of Credit the proceeds of which would be made available to any Person (i) to fund any activity or business of or with any Sanctioned Person, or in any country or territory that, at the time of such funding, is the subject of any Sanctions, in each case, to the extent such funding would be prohibited for a Person required to comply with Sanctions or (ii) in any manner that would result in a violation of any Sanctions by any party to this Agreement. The Company unconditionally and irrevocably agrees that, in connection with any Letter of Credit issued for the support of any Subsidiary’s obligations as provided in the first sentence of this paragraph, the Company will be fully responsible for the reimbursement of LC Disbursements in accordance with the terms hereof, the payment of interest thereon and the payment of fees due under Section 2.12(b) to the same extent as if it were the sole account party in respect of such Letter of Credit (the Company hereby irrevocably waiving any defenses that might otherwise be available to it as a guarantor or surety of the obligations of such a Subsidiary that is an account party in respect of any such Letter of Credit).",46
LexGLUE_ledgar,ledgar_300,"The Borrower shall pay all reasonable costs and expenses of the Administrative Agent within ten Business Days notice thereof in connection with the preparation, negotiation, execution and delivery of this Agreement, including, without limitation, the reasonable fees and out-of-pocket expenses of counsel for the Administrative Agent with respect thereto.",41
LexGLUE_ledgar,ledgar_301,"(a) The Company has filed all returns, declarations, reports and statements required to be filed or sent by it prior to the Closing Date relating to all federal, state, local and foreign taxes (“Taxes”), including, without limitation, income, property, sales, use, franchise, added value, Employees’ income withholding and social security taxes (collectively, the “Returns”); (b) all Returns were and are complete and correct in all respects, and prepared and filed in accordance with applicable Law; (c) Company has timely paid all Taxes shown as due and payable on the Returns or otherwise due from Company, together with any interest, penalties, assessments or deficiencies related thereto; (d) there are no unpaid Taxes in any material amount claimed to be due by the taxing authority of any jurisdiction as of the Effective Date, and the officers of the Company know of no basis for any such claim; and (e) none of the Company’s tax returns is presently being audited by any taxing authority. The Company has not executed a waiver with respect to the statute of limitations relating to the assessment or collection of any foreign, federal, state or local tax. All monies required to be withheld by the Company from its Employees for income taxes, social security and other payroll taxes have been collected or withheld and either paid to the appropriate governmental agencies, set aside in accounts for such purpose or accrued, reserved against and entered upon the books of the Company.",87
LexGLUE_ledgar,ledgar_302,"The Company hereby agrees that, at the election of the Grantee and except as would otherwise violate the terms of any financing agreement to which the Company is then a party, the maximum applicable tax withholding obligations arising in connection with this Award may be settled by withholding the delivery of nonforfeitable Shares otherwise distributable hereunder in respect of vested Restricted Stock Units based on the Fair Market Value of those Shares.",86
LexGLUE_ledgar,ledgar_303,"Any notice required to be given pursuant to this Agreement or the Plan shall be in writing and shall be deemed to have been duly delivered upon receipt or, in the case of notices by the Company, five (5) days after deposit in the U.S. mail, postage prepaid, addressed to Grantee at the last address provided by Grantee for use in the Company’s records.",65
LexGLUE_ledgar,ledgar_304,"The Committee shall have exclusive authority to operate, manage and administer the Plan including but not limited to authorizing and administering Subplans all in accordance with its terms and conditions. Notwithstanding the foregoing, in its absolute discretion, the Board may at any time and from time to time exercise any and all rights, duties and responsibilities of the Committee under the Plan, including establishing procedures to be followed by the Committee, but excluding matters which under any applicable law, regulation or rule, including any exemptive rule under Section 16 of the Exchange Act (including Rule 16b-3), are required to be determined in the sole discretion of the Committee. If and to the extent that the Committee may not operate in respect of any matter pursuant to Applicable Law, does not exist or cannot function, the Board may take any action under the Plan that would otherwise be the responsibility of the Committee, subject to the limitations set forth in the immediately preceding sentence. Accordingly, in any such case described in the immediately preceding sentence, any reference to the “Committee” shall also refer to the Board.",46
LexGLUE_ledgar,ledgar_305,"This Fourth Amendment is binding upon and will inure to the benefit of the Borrower, the Lenders and the Administrative Agent and their respective successors and assigns, except that neither the Borrower nor any Lender will not have the right to assign its rights hereunder or any interest herein except in accordance with the terms of the Revolving Credit Agreement.",13
LexGLUE_ledgar,ledgar_306,"All notices, consents, waivers, and other communications under this Agreement must be in writing and will be deemed to have been duly given (a) when delivered by hand (with written confirmation of receipt), (b) three (3) days after being deposited in the mails, if sent by certified mail, with return receipt requested, (c) upon confirmed receipt, if sent by facsimile transmission during normal business hours of the receiving party on a business day, or (d) one (1) day after sending, if sent by a nationally recognized overnight delivery service (receipt requested) specifying next day delivery, in each case to the appropriate addresses or telecopy numbers set forth on the signature page hereto (or to such other addresses or telecopy number as a party may designate by notice to the other parties).",65
LexGLUE_ledgar,ledgar_307,"For all purposes of this Agreement, all communications, including notices, consents, requests or approvals, required or permitted to be given hereunder shall be in writing and shall be deemed to have been duly given when hand delivered or dispatched by electronic facsimile or email transmission (with receipt thereof orally confirmed), or five business days after having been mailed by United States registered or certified mail, return receipt requested, postage prepaid or one business day after having been sent for next‑day delivery by a nationally recognized overnight courier service, addressed to the Company (to the attention of the Secretary of the Company) and to Indemnitee at the applicable address shown on the signature page hereto, or to such other address as any party hereto may have furnished to the other in writing and in accordance herewith, except that notices of changes of address will be effective only upon receipt.",65
LexGLUE_ledgar,ledgar_308,"The headings preceding the text of this Agreement are inserted solely for convenience of reference and shall not constitute a part of this Agreement or affect its meaning, construction or effect.",48
LexGLUE_ledgar,ledgar_309,"Each Creditor agrees to indemnify the Collateral Agent and each of its Affiliates, and each of their respective directors, officers, employees, agents and advisors (to the extent not reimbursed by the Borrower), from and against such Lender’s ratable share (calculated based on the outstanding principal amount of the Secured Obligations owing to, including commitments of, such Creditors) of any and all liabilities, obligations, losses, damages, penalties, actions, judgments, suits, costs, expenses and disbursements (including fees, expenses and disbursements of financial and legal advisors) of any kind or nature whatsoever that may be imposed on, incurred by, or asserted against, the Collateral Agent or any of its Affiliates, directors, officers, employees, agents and advisors in any way relating to or arising out of this Agreement or the Transaction Documents or any action taken or omitted by the Collateral Agent under this Agreement or the other Transaction Documents; provided , that no such Lender shall be liable for any portion of such liabilities, obligations, losses, damages, penalties, actions, judgments, suits, costs, expenses or disbursements resulting from such Collateral Agent’s or such Affiliate’s gross negligence, bad faith or willful misconduct. Without limiting the foregoing, each such Lender further agrees to reimburse the Collateral Agent promptly upon demand for its ratable share (calculated based on the outstanding principal amount of the Secured Obligations owing to, and commitments of, such Creditors) of any out-of-pocket expenses (including fees, expenses and disbursements of financial and legal advisors) incurred by the Collateral Agent in connection with the preparation, execution, delivery, administration, modification, amendment or enforcement (whether through negotiations, legal proceedings or otherwise) of, or legal advice in respect of its rights or responsibilities under, this Agreement or the Transaction Documents, to the extent that the Collateral Agent is not reimbursed therefor by the Borrower.",49
LexGLUE_ledgar,ledgar_310,The section and subsection headings contained in this Agreement are for reference purposes only and shall not affect in any way the meaning or interpretation of this Agreement.,48
LexGLUE_ledgar,ledgar_311,"Words importing any gender include all genders. Words importing the singular form shall include the plural and vice versa. The terms “herein”, “hereunder”, “hereby”, “hereto”, “hereof' and any similar terms refer to this Agreement. Any captions, titles or headings preceding the text of any article, section or subsection herein are solely for convenience of reference and shall not constitute part of this Agreement or affect its meaning, construction or effect.",55
LexGLUE_ledgar,ledgar_312,"This Note, the schedules hereto, the Securities Purchase Agreement and the other Transaction Agreements constitute the full and entire understanding and agreement between the parties with regard to the subject matter hereof and thereof and no party shall be liable or bound to any other party in any manner by any representations, warranties, covenants and agreements except as specifically set forth herein.",38
LexGLUE_ledgar,ledgar_313,"Except as expressly set forth herein, the representations and warranties contained in this Agreement, and liability for the breach thereof, shall survive the Closing Date and shall remain in full force and effect for a period of two (2) years following the Closing Date; provided , however , that the representations and warranties contained in Sections 5.1 , 5.2 , 5.5 , 5.11 , 5.12 and 5.13 hereof, shall, in each case, survive the Closing Date and remain in full force and effect until the expiration of the applicable statute of limitations .",85
LexGLUE_ledgar,ledgar_314,"This Lease shall be construed and enforced in accordance with the laws of the State of North Carolina. Landlord and Tenant waive trial by jury in any action to which they are parties, and further agree that any action arising out of this Lease (except an action for possession by Landlord, which may be brought in whatever manner or place provided by law) shall be brought in the Trial Court, Superior Court Department, in the county where the Premises are located.",47
LexGLUE_ledgar,ledgar_315,"You agree not to make any public oral or written statement, or take any other public action, that disparages or criticizes the Company’s management, employees, products or services, in any case that damages the Company’s reputation or impairs its normal operations.",64
LexGLUE_ledgar,ledgar_316,"Any provision of this Agreement that is prohibited or unenforceable in any jurisdiction shall, as to such jurisdiction, be ineffective to the extent of such prohibition or unenforceability without invalidating the remaining provisions hereof and any such prohibition or unenforceability in any jurisdiction shall not invalidate or render unenforceable such provision in any other jurisdiction. To the extent permitted by Applicable Law, the Parties hereto hereby waive any provision of law that renders any provision hereof prohibited or unenforceable in any respect.",79
LexGLUE_ledgar,ledgar_317,The treatment of the PSUs in the event of a Change in Control (as defined in the Plan) shall be governed by the terms of the Plan.,17
LexGLUE_ledgar,ledgar_318,"Any Lender may at any time, without the consent of, or notice to, the Borrower or the Administrative Agent, sell participations to any Person (other than a natural person or any Credit Party or any Credit Party’s Affiliates or Subsidiaries) (each, a “ Participant ”) in all or a portion of such Lender’s rights and/or obligations under this Agreement (including all or a portion of its Commitment and/or the Loans owing to it); provided that (i) such Lender’s obligations under this Agreement shall remain unchanged, (ii) such Lender shall remain solely responsible to the other parties hereto for the performance of such obligations and (iii) the Borrower, the Administrative Agent, the Issuing Lenders and the other Lenders shall continue to deal solely and directly with such Lender in connection with such Lender’s rights and obligations under this Agreement. For the avoidance of doubt, each Lender shall be responsible for the indemnity under Section 9.5(c) with respect to any payments made by such Lender to its Participant(s).",67
LexGLUE_ledgar,ledgar_319,"By its acceptance of the benefits of this Agreement and the other Loan Documents, each Secured Party agrees that (a) the Loan Documents may be enforced only by the Administrative Agent, acting upon the instructions or with the consent of Required Lenders as provided in this Agreement, (b) no Secured Party shall have any right individually to enforce or seek to enforce this Agreement or the other Loan Documents or to realize upon any Collateral or other security given to secure the payment and performance of the Obligations and (c) no Secured Party has any right to notice of any action or to consent to, direct or object to any action hereunder or under any other Loan Document or otherwise in respect of the Collateral (including the release or impairment of any Collateral) other than in its capacity as a Lender or an Issuing Lender and, in such case, only to the extent expressly provided in the Loan Documents.",37
LexGLUE_ledgar,ledgar_320,All amounts due under this Section shall be payable not later than ten (10) Business Days after demand therefor (accompanied by backup documentation to the extent available).,68
LexGLUE_ledgar,ledgar_321,"Each Purchaser, severally and not jointly with the other Purchasers, covenants that neither it, nor any Affiliate acting on its behalf or pursuant to any understanding with it will execute any purchases or sales, including Short Sales, of any of the Company’s securities during the period commencing with the execution of this Agreement and ending at such time that the transactions contemplated by this Agreement are first publicly announced pursuant to the initial press release as described in Section 4.5. Each Purchaser, severally and not jointly with the other Purchasers, covenants that until such time as the transactions contemplated by this Agreement are publicly disclosed by the Company pursuant to the initial press release as described in Section 4.5, such Purchaser will maintain the confidentiality of the existence and terms of this transaction and the information included in the Disclosure Schedules. Notwithstanding the foregoing, and notwithstanding anything contained in this Agreement to the contrary, the Company expressly acknowledges and agrees that (i) no Purchaser makes any representation, warranty or covenant hereby that it will not engage in effecting transactions in any securities of the Company after the time that the transactions contemplated by this Agreement are first publicly announced pursuant to the initial press release as described in Section 4.5, (ii) no Purchaser shall be restricted or prohibited from effecting any transactions in any securities of the Company in accordance with applicable securities laws from and after the time that the transactions contemplated by this Agreement are first publicly announced pursuant to the initial press release as described in Section 4.5 and (iii) no Purchaser shall have any duty of confidentiality or duty not to trade in the securities of the Company to the Company or its Subsidiaries after the issuance of the initial press release as described in Section 4.5. Notwithstanding the foregoing, in the case of a Purchaser that is a multi-managed investment vehicle whereby separate portfolio managers manage separate portions of such Purchaser’s assets and the portfolio managers have no direct knowledge of the investment decisions made by the portfolio managers managing other portions of such Purchaser’s assets, the covenant set forth above shall only apply with respect to the portion of assets managed by the portfolio manager that made the investment decision to purchase the Securities covered by this Agreement.",20
LexGLUE_ledgar,ledgar_322,"The Advisor shall maintain appropriate records of all its activities hereunder and make such records available for inspection by the Board and by counsel, auditors and authorized agents of the Company, at any time or from time to time, upon reasonable request, during normal business hours. The Advisor shall at all reasonable times have access to the books and records of the Company, OP I and the Partnership.",73
LexGLUE_ledgar,ledgar_323,"This Agreement constitutes the entire agreement between the parties hereto relating to the subject matter hereof, and supersedes all prior written or oral agreements, commitments or understandings with respect to the matters provided for herein, and no modification shall be binding unless set forth in writing and duly executed by each party hereto.",38
LexGLUE_ledgar,ledgar_324,"The proceeds of the Loans will be applied in accordance with Section 6.09 . The Borrower is not engaged principally, or as one of its important activities, in the business of extending credit for the purpose, whether immediate, incidental or ultimate, of buying or carrying margin stock (within the meaning of Regulations T, U or X of the Board). No part of the proceeds of any Loan will be used for any purpose which violates the provisions of Regulations T, U or X of the Board.",92
LexGLUE_ledgar,ledgar_325,"The Company shall pay when due all material taxes, assessments and other liabilities except as contested in good faith and by appropriate proceedings and for which adequate reserves in conformity with GAAP have been established.",87
LexGLUE_ledgar,ledgar_326,"This Certificate shall be construed in accordance with and governed by the laws of the State of Georgia, United States of America, regardless of the law that might be applied under principles of conflict of laws. Grantee hereby agrees and submits to jurisdiction in the state and federal courts of the State of Georgia and waives objection to such jurisdiction.",47
LexGLUE_ledgar,ledgar_327,"The obligations of the Borrower under Sections 4.3 , 4.4 , 4.5 , 4.6 , 4.7 , 11.3 and 11.4 and the obligations of the Lenders under Section 10.1 , shall in each case survive any termination of this Agreement and the payment in full of all Obligations. The representations and warranties made by the Borrower in this Agreement and in each other Loan Document shall survive the execution and delivery of this Agreement and each such other Loan Document.",85
LexGLUE_ledgar,ledgar_328,"Notwithstanding anything herein to the contrary, Buyer or, if applicable, the Company, shall be entitled to deduct and withhold from the consideration otherwise payable pursuant to this Agreement to any Person such amounts required to be deducted and withheld from such Person with respect to the making of such payment under the Code and the rules and regulations promulgated thereunder, or any provision of state, local or foreign law relating to Taxes. To the extent that amounts are so withheld by Buyer or, if applicable, the Company, such withheld amounts shall be treated for all purposes of this Agreement as having been paid to such Person in respect of which such deduction and withholding was made by Buyer or, if applicable, the Company. Any sales or use Tax or stamp Tax related to the sale of the Purchased Interests shall be payable by the Seller.",86
LexGLUE_ledgar,ledgar_329,"To the knowledge of Holdings, ( 1 ) Holdings and each of its Restricted Subsidiaries has filed or caused to be filed all material tax returns which are required to be filed by it and has paid ( a ) all Taxes shown to be due and payable on such returns and ( b ) all Taxes shown to be due and payable on any assessments of which it has received notice made against it or any of its property (including the Mortgaged Fee Properties) and all other Taxes imposed on it or any of its property by any Governmental Authority; and ( 2 ) no Tax Liens have been filed (except for Liens for Taxes not yet due and payable), and no claim is being asserted in writing, with respect to any such Taxes (in each case other than in respect of any such ( i ) Taxes with respect to which the failure to pay, in the aggregate, would not have a Material Adverse Effect or ( ii ) Taxes the amount or validity of which are currently being contested in good faith by appropriate proceedings diligently conducted and with respect to which reserves in conformity with GAAP have been provided on the books of Holdings or its Restricted Subsidiaries, as the case may be).",87
LexGLUE_ledgar,ledgar_330,"Except as provided in Sections 3, 4, 5 or 6, one hundred percent (100%) of the shares of Restricted Stock awarded under this Agreement will vest on the Vesting Date shown above.",95
LexGLUE_ledgar,ledgar_331,"The Employee will be entitled to participate in such life insurance, hospitalization and medical plans or insurance coverage, disability, and other employee benefit plans, programs and policies of the Employer in effect from time to time (collectively, the “Plans”), vacation and holidays (as further provided in Section 5 below), and any other plan which may be made available by the Employer to its key management employees from time to time in the future, if, and to the extent that, the Employee is eligible under the terms of such Plans. In addition, Employer will pay for Employee’s cost of COBRA coverage during the ninety-day period following her hire date with Employer that she must wait before becoming eligible to receive medical insurance coverage through Employer. All of the plans, agreements, and undertakings of Employer set forth above shall be called, collectively, the “Benefits.” Any Benefits hereunder shall be subject to such local, state or federal tax reporting requirements as maybe in effect from time to time. This Agreement will not limit the Employer’s ability to amend, modify or terminate such Plans at any time for any reason.",12
LexGLUE_ledgar,ledgar_332,"This Agreement constitutes the entire agreement and understanding of the Parties hereto with respect to the subject matter hereof and no representations, oral or written, are being relied upon by either Party in executing this Agreement other than the express representations of this Agreement. This Agreement supersedes any prior understanding, agreement or undertakings between the Parties, subject to the provisions of Paragraph 13 .",38
LexGLUE_ledgar,ledgar_333,"Any legal suit, action or proceeding arising out of or based upon this Agreement or the transactions contemplated hereby may be instituted in the federal courts of the United States or the courts of the State of Florida in each case located in the County of Miami-Dade, Florida and each party irrevocably submits to the exclusive jurisdiction of such courts in any such suit, action or proceeding. Service of process, summons, notice or other document by mail to such party's address set forth herein shall be effective service of process for any suit, action or other proceeding brought in any such court. The parties irrevocably and unconditionally waive any objection to the laying of venue of any suit, action or any proceeding in such courts and irrevocably waive and agree not to plead or claim in any such court that any such suit, action or proceeding brought in any such court has been brought in an inconvenient forum.",94
LexGLUE_ledgar,ledgar_334,"Either Party may terminate this Agreement upon giving the other Party seven (7) days’ prior written notice of such termination pursuant to Section 10 of this Agreement. The Company may terminate this Agreement immediately and without prior notice if Consultant refuses to or is unable to perform the Services or is in breach of any material provision of this Agreement. Upon termination, any partial month of service provided under this Agreement in the last month of the Term will be considered a full month for compensation purposes.",88
LexGLUE_ledgar,ledgar_335,"Upon the terms and subject to the conditions of this Agreement, as of the Closing Date (as defined in Article 5): (i) the Seller agrees to assign and transfer to the Purchaser, and the Purchaser agrees to purchase from the Seller, the Royalties and all of the Seller’s right, title and interest therein; and (ii) the Seller agrees to grant the Option to Purchaser.",77
LexGLUE_ledgar,ledgar_336,"THE VALIDITY, CONSTRUCTION, AND EFFECT OF THIS PLAN AND ANY RULES AND REGULATIONS RELATING TO THIS PLAN SHALL BE DETERMINED IN ACCORDANCE WITH THE LAWS (INCLUDING THOSE GOVERNING CONTRACTS) OF THE STATE OF DELAWARE, WITHOUT GIVING EFFECT TO PRINCIPLES OF CONFLICTS OF LAWS, AND APPLICABLE FEDERAL LAW. If any provision hereof shall be held by a court or arbitrator of competent jurisdiction to be invalid and unenforceable, the remaining provisions shall continue to be fully effective.",47
LexGLUE_ledgar,ledgar_337,"The Company owns, directly or indirectly, all of the capital stock or other equity interests of each Subsidiary free and clear of any Liens (except for Liens created under or expressly permitted by the RBL Credit Agreement and the Second Lien Credit Agreement), and all of the issued and outstanding shares of capital stock or other equity interests of each Subsidiary have been validly issued, are fully paid and nonassessable (except in the case of any Subsidiary that is a limited liability company, as such nonassessability may be affected by the applicable limited liability company Law) and were not issued in violation of any preemptive or similar rights to subscribe for or purchase securities. None of the Company’s Subsidiaries is currently prohibited, directly or indirectly, from paying any dividends or distributions to the Company, from making any other distribution on such Subsidiary’s capital stock or other equity securities, from repaying to the Company any loans or advances to such Subsidiary from the Company or from transferring any of such Subsidiary’s property or assets to the Company or any other Subsidiary of the Company, except for (i) such prohibitions under applicable Law, applicable organizational or charter documents, the RBL Credit Agreement or the Second Lien Credit Agreement, (ii) restrictions on the subletting, assignment or transfer of any property, right or asset that is subject to a lease, license or similar contract, or the assignment or transfer of any such lease, license or other similar contract and (iii) other restrictions incurred in the ordinary course of business under agreements or instruments not relating to indebtedness of the Company or any of its Subsidiaries.",83
LexGLUE_ledgar,ledgar_338,"Seller will, at Seller’s expense, maintain in full force and effect, products liability insurance coverage with a policy limit of at least Ten Million Dollars ($10,000,000) per occurrence and Ten Million Dollars ($10,000,000) in the aggregate, consisting of at least Two Million Dollars ($2,000,000) in primary coverage and the remaining Eight Million Dollars ($8,000,000) in an umbrella form for excess liability coverage. Such policy referred to in this Section 19 shall (a) name Juice Plus+ and any Master Distributor or Affiliate designated by Juice Plus+ as additional insured parties thereunder (without any representation or warranty by or obligation upon Juice Plus+) as respects Production and Products, (b) provide that at least thirty (30) days prior written notice of cancellation, amendment, or lapse of coverage shall be given to Juice Plus+ by the insurer, (c) provide worldwide coverage for occurrences; and (d) provide coverage for occurrences during the Term of this Agreement which will continue for such occurrences after the Term of this Agreement. Seller will deliver to Juice Plus+ original or duplicate policies of such insurance, or satisfactory certificates of insurance.",51
LexGLUE_ledgar,ledgar_339,"This Second Amendment may be executed in two or more counterparts, each of which shall be deemed an original, but all of which together shall constitute one and the same instrument. Delivery of an executed counterpart of a signature page to this Second Amendment by facsimile, portable document format (.pdf), DocuSign or other electronic transmission shall be equally as effective as delivery of a manually executed counterpart of this Second Amendment.",26
LexGLUE_ledgar,ledgar_340,"The Company has filed all reports, schedules, forms, statements and other documents required to be filed by the Company under the Securities Act and the Exchange Act, including pursuant to Section 13(a) or 15(d) thereof, for the one year preceding the date hereof (or such shorter period as the Company was required by law or regulation to file such material) (the foregoing materials, including the exhibits thereto and documents incorporated by reference therein, together with the Base Prospectus and the Prospectus Supplement, being collectively referred to herein as the “ SEC Reports ”) on a timely basis or has received a valid extension or waiver of such time of filing and has filed any such SEC Reports prior to the expiration of any such extension. As of their respective dates, the SEC Reports complied in all material respects with the requirements of the Securities Act and the Exchange Act, as applicable, and none of the SEC Reports, when filed, contained any untrue statement of a material fact or omitted to state a material fact required to be stated therein or necessary in order to make the statements therein, in the light of the circumstances under which they were made, not misleading. The Company has never been an issuer subject to Rule 144(i) under the Securities Act. The financial statements, together with the related notes and schedules of the Company filed with the Commission as a part of or incorporated by reference in the Registration Statement and the Prospectus comply in all material respects with applicable accounting requirements and the rules and regulations of the Commission with respect thereto as in effect at the time of filing. Such financial statements have been prepared in accordance with United States generally accepted accounting principles applied on a consistent basis during the periods involved (“ GAAP ”), except as may be otherwise specified in such financial statements or the notes thereto and except that unaudited financial statements may not contain all footnotes required by GAAP, and fairly present in all material respects the financial position of the Company and its consolidated Subsidiaries as of and for the dates thereof and the results of operations and cash flows for the periods then ended, subject, in the case of unaudited statements, to normal, immaterial, year-end audit adjustments. The supporting schedules included or incorporated by reference in the Registration Statement present fairly the information required to be stated therein.",43
LexGLUE_ledgar,ledgar_341,"In the event that any provision of this Agreement should be held to be void, voidable, unlawful, or for any other reason unenforceable, the Parties hereto shall mutually agree upon a new provision to replace the provision held void, voidable, unlawful or unenforceable. In the event that it is not possible as a matter of law to replace any such provision, the remaining provisions or portions of this Agreement shall remain in full force and effect.",79
LexGLUE_ledgar,ledgar_342,"The provisions of Sections 6, 7, 10 and 0 shall survive the termination of this Agreement for any reason.",85
LexGLUE_ledgar,ledgar_343,"Except to the extent superseded by laws of the United States, the laws of Texas will be controlling in all matters relating to the Plan without regard to the choice of law principles therein. The Plan and all Awards are intended to comply, and will be construed by the Bank in a manner in which they are exempt from or comply with the applicable provisions of Section 409A of the Internal Revenue Code of 1986, as amended (the “Code”). To the extent there is any conflict between a provision of the Plan or an Award and a provision of Code Section 409A, the applicable provision of Code Section 409A will control.",47
LexGLUE_ledgar,ledgar_344,"Each of the Parties will have and retain all rights to specific performance and injunctive or other equitable relief, arising out of or relating to a breach or threatened breach of this Agreement. Without limiting the generality of the foregoing, each of the Parties acknowledges that money damages would not be a sufficient remedy for any breach or threatened breach of this Agreement and that irreparable harm would result if this Agreement were not specifically enforced. Therefore, the rights and obligations of the Parties will be enforceable by a decree of specific performance issued by any court of competent jurisdiction, and appropriate injunctive relief will be granted in connection therewith, without the necessity of posting a bond or other security or proving irrevocable harm and without regard to the adequacy of any remedy at law. Each of the Parties agrees that it will not oppose the granting of an injunction, specific performance and other equitable relief when available pursuant to the terms of this Agreement on the basis that the other Parties have an adequate remedy at law or an award of specific performance is not an appropriate remedy for any reason at law or equity.",81
LexGLUE_ledgar,ledgar_345,"Mondelēz International agrees to pay on demand (i) all reasonable costs and expenses in connection with the preparation, execution, delivery, administration (excluding any cost or expenses for administration related to the overhead of the Administrative Agent), modification and amendment of this Agreement and the documents to be delivered hereunder, including, without limitation, the reasonable fees and out-of-pocket expenses of counsel for the Administrative Agent and the Joint Lead Arrangers with respect thereto and with respect to advising the Administrative Agent as to its rights and responsibilities under this Agreement (which, insofar as such costs and expenses relate to the preparation, execution and delivery of this Agreement and the closing hereunder, shall be limited to the reasonable fees and expenses of Cravath, Swaine & Moore LLP), and (ii) all costs and expenses of the Lenders and the Administrative Agent, if any (including, without limitation, reasonable counsel fees and expenses of the Lenders and the Administrative Agent), in connection with the enforcement (whether through negotiations, legal proceedings or otherwise) of this Agreement and the other documents to be delivered hereunder.",37
LexGLUE_ledgar,ledgar_346,"Section 5.15 of the Disclosure Schedules sets forth a true, correct and complete list of all insurance policies carried by Sellers (collectively, the “ Insurance Policies ”), the amounts and types of insurance coverage available thereunder and all insurance loss runs and workers’ compensation claims received for the past three (3) policy years. Sellers have delivered to Buyer true, complete and correct copies of all such Insurance Policies. With respect to each such Insurance Policy, (a) such Insurance Policy is legal, valid, binding and enforceable in accordance with its terms and, except for policies that have expired under their terms in the ordinary course of business, is in full force and effect, (b) Sellers are not in breach or default (including any breach or default with respect to the giving of notice), and no event has occurred which, after notice or the lapse of time or both, would constitute a breach or default or permit termination or modification under such Insurance Policy and (c) such Insurance Policy is occurrence based. All premiums payable under all such Insurance Policies have been timely paid, and Sellers are in compliance with the terms of such Insurance Policies. Such Insurance Policies are of the type and in amounts customarily carried by Persons conducting a business similar to the Business and provides adequate insurance for the Business and the Purchased Assets and comply with all applicable Laws. There have been no threatened terminations of, or material premium increases with respect to, any such Insurance Policies.",51
LexGLUE_ledgar,ledgar_347,"In the event that any provision of this Agreement is invalid or unenforceable under any applicable statute or rule of law, then such provision shall be deemed inoperative to the extent that it may conflict therewith and shall be deemed modified to conform with such statute or rule of law. Any provision hereof which may prove in valid or unenforceable under any law shall not affect the validity or enforceability of any other provision hereof.",79
LexGLUE_ledgar,ledgar_348,"Administrative Agent, each Lender and Borrower acknowledge that each of them has had the benefit of legal counsel of its own choice and has been afforded an opportunity to review the Loan Documents with its legal counsel and that the Loan Documents shall be constructed as if jointly drafted by Administrative Agent, each Lender and Borrower.",23
LexGLUE_ledgar,ledgar_349,"Any provision of this First Amendment that is prohibited or unenforceable in any jurisdiction shall, as to such jurisdiction, be ineffective to the extent of such prohibition or unenforceability without invalidating the remaining portions hereof or affecting the validity or enforceability of such provision in any other jurisdiction.",79
LexGLUE_ledgar,ledgar_350,"Should any portion of this Confidentiality Agreement be deemed too broad to permit enforcement to its fullest extent, or should any portion of this Confidentiality Agreement be deemed unreasonable, then said portion will be reformed and enforced to the maximum extent permitted by law. In the event that such portion is deemed incapable of reform, the offending language will be severed, and the remaining terms of this Confidentiality Agreement will remain unaffected, valid, and enforceable for all purposes.",23
LexGLUE_ledgar,ledgar_351,Capitalized terms in the Plan shall be defined as set forth in the Plan.,29
LexGLUE_ledgar,ledgar_352,"There is no litigation pending or, to the knowledge of any Credit Party, threatened (i) with respect to the Credit Documents or (ii) which would reasonably be expected to have, either individually or in the aggregate, a Material Adverse Effect.",58
LexGLUE_ledgar,ledgar_353,"If any term, provision, covenant or restriction of this Agreement, or any part thereof, is held by a court of competent jurisdiction of any foreign, federal, state, county or local government or any other governmental, regulatory or administrative agency or authority to be invalid, void, unenforceable or against public policy for any reason, the remainder of the terms, provisions, covenants and restrictions of this Agreement shall remain in full force and effect and shall in no way be affected, impaired or invalidated.",79
LexGLUE_ledgar,ledgar_354,This Agreement shall be governed by and construed in accordance with the laws of the state of Tennessee without giving effect to its conflict of law principles.,47
LexGLUE_ledgar,ledgar_355,"Other than as set forth in Section 3.09 , none of the Partnership or its Subsidiaries (i) own, directly or indirectly, any Equity Securities of any corporation, partnership, limited liability company, joint venture, association or other entity, (ii) has outstanding any Equity Securities or any other securities convertible into or exchangeable for Equity Securities, or (iii) have outstanding any rights to subscribe for or to purchase, or any options for the purchase of, or any agreements providing for the issuance (contingent or otherwise) of, or any calls, commitments or claims of any character relating to, Equity Securities or securities convertible into or exchangeable for Equity Securities, other than the Option Agreements.",83
LexGLUE_ledgar,ledgar_356,"Except as shall otherwise be stated herein or as otherwise required by applicable law, all shares of Common Stock shall be identical in all respects and shall entitle the holders thereof to the same rights and privileges, subject to the same qualifications, limitations and restrictions.",46
LexGLUE_ledgar,ledgar_357,"All demands, notices and communications hereunder shall be in writing and shall be deemed to have been duly given if personally delivered at or mailed by registered mail, return receipt requested, or overnight delivery service, by facsimile or by electronic mail (if an address therefore has been provided by the respective party in writing) to, the address of each party as set forth on Schedule B to the Sale and Servicing Agreement, or, as to any of such Persons, at such other address as shall be designated by such Person in a written notice to the other Persons.",65
LexGLUE_ledgar,ledgar_358,"(a) If any Lender (a “ Benefited Lender ”) shall at any time receive any payment of all or part of its Loans owing to it, or interest thereon, or receive any collateral in respect thereof (whether voluntarily or involuntarily, by set-off, pursuant to events or proceedings of the nature referred to in subsection 8.1(f), or otherwise (except pursuant to subsection 3.4, 3.9, 3.10, 3.11, 3.12, 3.13(d), 3.14, 10.1(g) or 10.6))), in a greater proportion than any such payment to or collateral received by any other Lender, if any, in respect of such other Lender’s Loans owing to it, or interest thereon, such Benefited Lender shall purchase for cash from the other Lenders an interest (by participation, assignment or otherwise) in such portion of each such other Lender’s Loans, as the case may be, owing to it, or shall provide such other Lenders with the benefits of any such collateral, or the proceeds thereof, as shall be necessary to cause such Benefited Lender to share the excess payment or benefits of such collateral or proceeds ratably with each of the Lenders; provided , however , that if all or any portion of such excess payment or benefits is thereafter recovered from such Benefited Lender, such purchase shall be rescinded, and the purchase price and benefits returned, to the extent of such recovery, but without interest.",0
LexGLUE_ledgar,ledgar_359,"The PRSUs subject to the Award shall vest in accordance with the Vesting Schedule set forth in Exhibit B to the Grant Notice. Unless and until the PRSUs have vested in accordance with the Vesting Schedule set forth in the Grant Notice, Participant will have no right to any distribution with respect to such PRSUs. Unless otherwise provided in Exhibit B to the Grant Notice, in the event of Participant’s Termination of Service prior to the vesting of all of the PRSUs, any unvested PRSUs will terminate automatically without any further action by the Company and be forfeited without further notice and at no cost to the Company.",95
LexGLUE_ledgar,ledgar_360,"No material consent, approval, order or authorization of, or registration, declaration or filing with, any Governmental Authority or other Person is required in connection with the execution and delivery of the Loan Documents by the Borrower and the performance or consummation of the transactions contemplated thereby, except such as (a) have been made or obtained and are in full force and effect, (b) are being made or obtained in a timely manner and once made or obtained will be in full force and effect or (c) filings made by the Borrower in accordance with Requirements of Law.",5
LexGLUE_ledgar,ledgar_361,The headings of the articles and sections of this Agreement are inserted for purposes of convenience only and shall not be construed to affect the meaning or construction of any of the provisions hereof.,48
LexGLUE_ledgar,ledgar_362,"All notices required or permitted under this Agreement shall be in writing and shall be deemed effective upon personal delivery or upon deposit in the United States Post Office, by registered or certified mail, postage prepaid, addressed to the other party at the address shown above, or at such other address or addresses as either party shall designate to the other in accordance with this Section 13.",65
LexGLUE_ledgar,ledgar_363,"This Agreement may be terminated by any party by written notice to the other party, if the Closing has not been consummated on or before 28 th February 2019 (or such other date as shall be agreed between both parties in writing); provided, however, that such termination will not affect the right of any party to sue for any breach by any other party (or parties).",88
LexGLUE_ledgar,ledgar_364,"This Agreement and the other Transaction Documents may be executed in two or more counterparts, each of which shall be deemed an original but all of which together shall constitute one and the same instrument. This Agreement and any amendments hereto, to the extent signed and delivered by means of electronic transmission, shall be treated in all manner and respects as an original contract and shall be considered to have the same binding legal effects as if it were the original signed version thereof delivered in person.",26
LexGLUE_ledgar,ledgar_365,"The terms in this Amendment No. 1 with initial letters capitalized, whether used in the singular or the plural, shall have the respective meanings either set forth below or in another part of this Agreement.",29
LexGLUE_ledgar,ledgar_366,"Any provision of this Agreement which is unenforceable or invalid or contrary to law, or the inclusion of which would adversely affect the validity, legality or enforcement of this Agreement, shall be of no effect and, in such case, all the remaining terms and provisions of this Agreement shall subsist and be fully effective according to the tenor of this Agreement the same as though any such invalid portion had never been included herein. Notwithstanding any of the foregoing to the contrary, if any provisions of this Agreement or the application thereof are held invalid or unenforceable only as to particular persons or situations, the remainder of this Agreement, and the application of such provision to persons or situations other than those to which it shall have been held invalid or unenforceable, shall not be affected thereby, but shall continue valid and enforceable to the fullest extent permitted by law.",79
LexGLUE_ledgar,ledgar_367,"THIS AMENDMENT SHALL BE GOVERNED BY THE LAWS OF THE STATE OF NEW YORK, WITHOUT GIVING EFFECT TO ANY CONFLICT OF LAW PRINCIPLES OR OTHER RULE OF LAW WHICH WOULD CAUSE THE APPLICATION OF THE LAW OF ANY JURISDICTION OTHER THAN THE LAW OF THE STATE OF NEW YORK.",47
LexGLUE_ledgar,ledgar_368,"Whenever any payment of cash is to be made by any Credit Party to any Person pursuant to this Agreement, the Notes or other Transaction Document, such payment shall be made in lawful money of the United States of America (provided, that payments of cash made in respect of the UK Term Notes (GBP) shall be made in lawful money of the United Kingdom) by a check drawn on the account or accounts of such Credit Party and sent via overnight courier service to such Person at such address as previously provided to the Borrower Representative in writing (which address, in the case of each of the Lenders, shall initially be as set forth on the Schedule of Lenders attached hereto); provided that (i) the Agent, any Holder or any Lender may elect to receive a payment of cash via wire transfer of immediately available funds by providing the Borrower Representative with prior written notice setting out such request and the Agent’s, such Holder’s or such Lender’s wire transfer instructions and (ii) Credit Parties may elect to make a payment of cash via wire transfer of immediately available funds in accordance with wire transfer instructions provided by the Agent, each Holder and each Lender upon request therefor. Whenever any amount expressed to be due by the terms of this Agreement or any Note is due on any day which is not a Business Day, the same shall instead be due on the next succeeding day which is a Business Day and, in the case of any Interest Date which is not the date on which the applicable Note is paid in full in cash, the extension of the due date thereof shall not be taken into account for purposes of determining the amount of interest due on such date. Any amount due under the Transaction Documents (other than principal and interest, if the same are already accruing interest at the Default Rate), which is not paid when due shall result in a late charge being incurred and payable by the Borrowers in an amount equal to accrued interest at the Default Rate from the date such amount was due until the same is paid in full in cash (“ Late Charge ”). Such Late Charge shall continue to accrue post-petition in any proceeding under any Bankruptcy Law.",68
LexGLUE_ledgar,ledgar_369,"If, at least one month after the Grant Date but prior to the Vesting Date, the Grantee dies, a prorated number of RSUs shall become Vested RSUs. For purposes of this Section 6(a), the number of RSUs that shall become Vested RSUs due to the Grantee’s death shall be equal to (i) the Target Number of RSUs multiplied by (ii) a fraction, where the numerator is the number of full calendar months the Grantee remained employed after the Grant Date and the denominator is 36. The Company shall settle any RSUs that become Vested RSUs under this Section 6(a) by paying the Grantee’s estate a cash amount equal to the Fair Market Value of one Share for each Vested RSU as soon as administratively practicable after the date of the Grantee’s death, but in any event, by March 15th of the year following the year in which the Grantee’s death occurred. For purposes of this Section 6(a), the Fair Market Value shall be determined as of the date of the Grantee’s death.",27
LexGLUE_ledgar,ledgar_370,"This Release shall be binding upon me and my heirs, administrators, representatives, or executors, and upon Proto Labs’ successors or assigns. No assignment of this Release may be made by me, and any such purported assignment shall be null and void. Proto Labs may assign its rights or obligations under this Release to any successor or assign of Proto Labs without further consent by me.",84
LexGLUE_ledgar,ledgar_371,"Wherever any words are used herein in the singular or in the plural, they shall be construed as though they were used in the plural or the singular, as the case may be, in all cases where they would so apply.",89
LexGLUE_ledgar,ledgar_372,"Except as provided under Paragraph 8(b), and except for transfers and/or assignments of this Agreement from any Company entity to another Company entity, neither this Agreement nor any of the rights or obligations hereunder shall be assigned or delegated by any party hereto without the prior written consent of the other party.",7
LexGLUE_ledgar,ledgar_373,"This Agreement, the Credit Agreement and the other Loan Documents, comprises the complete and integrated agreement of the parties on the subject matter hereof and thereof and supersedes all prior agreements, written or oral, on such subject matter. This Agreement shall not constitute a novation of any amount owing under the Credit Agreement and all amounts owing in respect of principal, interest, fees and other amounts pursuant to the Credit Agreement and the other Loan Documents shall, to the extent not paid or exchanged on or prior to the Effective Date, shall continue to be owing under the Credit Agreement or such other Loan Documents until paid in accordance therewith.",38
LexGLUE_ledgar,ledgar_374,"The Employee has indicated his or her consent and acknowledgement of the terms of this Agreement pursuant to the instructions provided to the Employee by or on behalf of the Company. The Employee acknowledges receipt of the Plan, represents to the Company that he or she has read and understood this Agreement and the Plan, and, as an express condition to the grant of the Options under this Agreement, agrees to be bound by the terms of both this Agreement and the Plan. The Employee and the Company each agrees and acknowledges that the use of electronic media (including, without limitation, a click-through button or checkbox on a website of the Company or a third-party administrator) to indicate the Employee’s confirmation, consent, signature, agreement and delivery of this Agreement and the Options is legally valid and has the same legal force and effect as if the Employee and the Company signed and executed this Agreement in paper form. The same use of electronic media may be used for any amendment or waiver of this Agreement.",1
LexGLUE_ledgar,ledgar_375,"The Guarantor hereby waives promptness, diligence, notice of acceptance and any other notice with respect to any of the Obligations, this Guaranty or any circumstance referred to in Section 2, and waives any requirement that the Administrative Agent or any Lender protect, secure, perfect or insure any security interest or lien or any property subject thereto or exhaust any right or take any action against the Assignee or any other person or entity or any collateral.",97
LexGLUE_ledgar,ledgar_376,"No Loan Party (nor any member of the ERISA Group to the extent it could reasonably be expected to result in liability to a Loan Party) has maintained or contributed to (or had any obligation or liability, contingent or otherwise, with respect to) any Plan or Multiemployer Plan. No Loan Party is an “ employee benefit plan ” (as defined in Section 3(3) of ERISA) that is subject to Title I of ERISA or a plan subject to Section 4975 of the Code, and none of the assets of any Loan Party constitutes or will constitute “ plan assets ” of one or more such employee benefit plans or plans within the meaning of 29 C.F.R. Section 2510.3-101, as modified by Section 3(42) of ERISA (“ Plan Assets ”). Assuming that no part of the Loan funds are Plan Assets prior to the disbursement of such funds to the Borrower, and assuming that Lender’s interest in the Loan is not a Plan Asset, neither the execution or delivery of this Agreement or of any of the other Loan Documents by the Borrower or Guarantor, nor the performance by Borrower or Guarantor of their obligations under this Agreement or under any of the other Loan Documents, nor any transaction contemplated under this Agreement or under any of the other Loan Documents, nor the exercise by Lenders of any of their rights or remedies under this Agreement or under any of the other Loan Documents is or will be a non-exempt “ prohibited transaction ” within the meaning of Section 406 of ERISA or Section 4975 of the Internal Revenue Code.",39
LexGLUE_ledgar,ledgar_377,"Borrower will use the proceeds of the Loan to pay off existing mortgage financing secured by the Property and as otherwise not prohibited by this Agreement. The Borrower shall not, and shall not permit Guarantor, to use any part of such proceeds to purchase or carry, or to reduce or retire or refinance any credit incurred to purchase or carry, any margin stock (within the meaning of Regulation U of the Board of Governors of the Federal Reserve System) or to extend credit to others for the purpose of purchasing or carrying any such margin stock.",92
LexGLUE_ledgar,ledgar_378,"In the event any one or more of the provisions contained in this Agreement or in any other Loan Document should be held invalid, illegal or unenforceable in any respect, the validity, legality and enforceability of the remaining provisions contained herein and therein shall not in any way be affected or impaired thereby. The parties shall endeavor in good-faith negotiations to replace the invalid, illegal or unenforceable provisions with valid provisions the economic effect of which comes as close as possible to that of the invalid, illegal or unenforceable provisions. Without limiting the foregoing provisions of this Section 9.14 , if and to the extent that the enforceability of any provisions in this Agreement relating to Defaulting Lenders shall be limited by Debtor Relief Laws, as determined in good faith by the Administrative Agent and any Issuing Bank, then such provisions shall be deemed to be in effect only to the extent not so limited.",79
LexGLUE_ledgar,ledgar_379,"If you are resident or provide services outside the United States, you agree to repatriate all payments attributable to Shares and/or cash acquired under the Plan in accordance with applicable foreign exchange rules and regulations in your country of residence (and country of service, if different). In addition, you agree to take any and all actions, and consent to any and all actions taken by the Company and its Affiliates, as may be required to allow the Company and its Affiliates to comply with local laws, rules and/or regulations in your country of residence (and country of service, if different). Finally, you agree to take any and all actions as may be required to comply with your personal obligations under local laws, rules and/or regulations in your country of residence and country of service, if different).",19
LexGLUE_ledgar,ledgar_380,"Each grant of Restricted Stock and Restricted Stock Units shall be evidenced by an Award Agreement. Each Restricted Stock and Restricted Stock Unit so granted shall be subject to the conditions set forth in this Section 9, and to such other conditions not inconsistent with the Plan as may be reflected in the applicable Award Agreement.",46
LexGLUE_ledgar,ledgar_381,"Borrower shall have paid to the Lender all reasonable fees and disbursements of Lender’s counsel and all reasonable out-of-pocket expenses incurred by Lender, recording fees, search fees, charges and taxes in connection with this Amendment and all transactions contemplated hereby or made other arrangements with respect to such payment as are satisfactory to Lender.",42
LexGLUE_ledgar,ledgar_382,"THIS AMENDMENT SHALL BE GOVERNED BY, AND CONSTRUED AND INTERPRETED IN ACCORDANCE WITH, THE LAWS OF THE STATE OF NEW YORK .",47
LexGLUE_ledgar,ledgar_383,"This Agreement may be executed in any number of counterparts, each of which shall be an original, but all of which together shall constitute one instrument. This Agreement may be executed by facsimile, e-mail or .pdf format signature(s).",26
LexGLUE_ledgar,ledgar_384,"This Agreement may be executed in two (2) or more counterparts, each of which shall be deemed an original but all of which, taken together, shall constitute one and the same instrument. PDF and facsimile signatures shall constitute original signatures. The Parties agree that the electronic signatures appearing on this Agreement are the same as handwritten signatures for the purposes of validity, enforceability and admissibility pursuant to the Electronic Signatures in Global and National Commerce (ESIGN) Act of 2000, and Uniform Electronic Transactions Act (UETA) model law, or similar applicable laws.",26
LexGLUE_ledgar,ledgar_385,"The Purchaser makes the following representations and warranties for the benefit of each Seller, on which such Seller relies in Conveying Railcars, related Leases and Related Assets to the Purchaser hereunder. Such representations are made as of each applicable Delivery Date.",76
LexGLUE_ledgar,ledgar_386,"(a) The Borrower agrees to pay on demand (i) all reasonable and documented out-of-pocket costs and expenses (including, without limitation, reasonable and documented fees and expenses of counsel) of the Joint Lead Arrangers and the Agent and each of their respective Affiliates in connection with the preparation, execution, delivery and administration of the Loan Documents and the other documents and instruments delivered hereunder or in connection with any amendments, modifications, consents or waivers in connection with the Loan Documents, (ii) all reasonable and documented fees and expenses of counsel for the Joint Lead Arrangers and the Agent and, during the existence of any Event of Default, any Bank with respect to advising any Joint Lead Arranger or the Agent or, during the existence of any Event of Default, any Bank as to its rights and responsibilities under the Loan Documents and (iii) all reasonable and documented out-of-pocket costs and expenses (including, without limitation, reasonable and documented fees and expenses of counsel) of the Joint Lead Arrangers, the Agent and each Bank in connection with the enforcement (whether through negotiations, legal proceedings or otherwise) of the Loan Documents (including the enforcement of rights under this Section 8.04(a)) and the other documents and instruments delivered hereunder and rights and remedies hereunder and thereunder.",41
LexGLUE_ledgar,ledgar_387,"To request the issuance of a Letter of Credit or the amendment, renewal or extension of an outstanding Letter of Credit, a Borrower shall hand deliver or telecopy (or transmit by electronic communication, if arrangements for doing so have been approved by the applicable Issuing Bank) an LC Request to the applicable Issuing Bank and the Administrative Agent not later than the Applicable Time specified by the Administrative Agent on the third Business Day preceding the requested date of issuance, amendment, renewal or extension (or such later date and time as is reasonably acceptable to the applicable Issuing Bank). A request for an initial issuance of a Letter of Credit shall specify in form and detail reasonably satisfactory to the applicable Issuing Bank: (i) the proposed issuance date of the requested Letter of Credit (which shall be a Business Day); (ii) the amount and currency thereof; (iii) the expiry date thereof; (iv) the name and address of the beneficiary thereof; (v) the documents to be presented by such beneficiary in case of any drawing thereunder; (vi) the full text of any certificate to be presented by such beneficiary in case of any drawing thereunder; and (vii) such other matters as the applicable Issuing Bank may reasonably require and shall attach the agreed form of the Letter of Credit. A request for an amendment, renewal or extension of any outstanding Letter of Credit shall specify in form and detail reasonably satisfactory to the applicable Issuing Bank, (w) the Letter of Credit to be amended, renewed or extended; (x) the proposed date of amendment, renewal or extension thereof (which shall be a Business Day), (y) the nature of the proposed amendment, renewal or extension; and (z) such other matters as the applicable Issuing Bank may reasonably require. If requested by the applicable Issuing Bank, the applicable Borrower also shall submit a letter of credit application substantially on such Issuing Bank’s standard form in connection with any request for a Letter of Credit. A Letter of Credit shall be issued, amended, renewed or extended only if (and upon issuance, amendment, renewal or extension of each Letter of Credit, the applicable Borrower shall be deemed to represent and warrant (solely in the case of (w) and (x)) that, after giving effect to such issuance, amendment, renewal or extension) (A) the LC Exposure shall not exceed $150,000,000 (the “ LC Sublimit ”), (B) the European LC Exposure shall not exceed $40,000,000 (the “ European LC Sublimit ”), (C) the Availability Conditions are satisfied, (D) the European LC Exposure attributable to European Letters of Credit issued by any European Issuing Bank shall not exceed the Dollar Equivalent of such European Issuing Bank’s European Issuing Bank Sublimit, (E) the U.S. LC Exposure attributable to U.S. Letters of Credit issued by any U.S. Issuing Bank shall not exceed the Dollar Equivalent of such U.S. Issuing Bank’s U.S. Issuing Bank Sublimit and (F) if a Defaulting Lender exists, either such Lender or the Lead Borrower has entered into arrangements satisfactory to the Administrative Agent and the applicable Issuing Bank to eliminate any Fronting Exposure associated with such Lender.",2
LexGLUE_ledgar,ledgar_388,"Each Subsidiary of the Company that is or becomes a “Subsidiary Borrower” pursuant to this Section 2.23 hereby irrevocably appoints the Company as its agent for all purposes relevant to this Agreement and each of the other Loan Documents, including (i) the giving and receipt of notices, (ii) the execution and delivery of all documents, instruments and certificates contemplated herein and all modifications hereto, and (iii) the receipt of the proceeds of any Loans made by the Lenders to any such Subsidiary Borrower hereunder. Any acknowledgment, consent, direction, certification or other action which might otherwise be valid or effective only if given or taken by all Borrowers, or by each Borrower acting singly, shall be valid and effective if given or taken only by the Company, whether or not any such other Borrower joins therein.",65
LexGLUE_ledgar,ledgar_389,"If Tenant does not pay any Rent within ten (10) days of the date when due hereunder, then following notice and in addition to all other remedies hereunder, Tenant shall pay to Landlord interest on such unpaid amount at the rate of one and one half percent (1.5%) per month from the date such amount was due until the date paid (which interest, as accrued to date, shall be payable from time to time within thirty (30) days following Tenant’s receipt of Landlord’s written demand therefor); provided, however, in no event shall such interest exceed the maximum amount permitted to be charged by applicable Law; and provided further that such interest shall not apply with respect to the first late payment in any twelve (12) consecutive month period. In addition, Tenant shall pay to Landlord a reasonable fee for any checks returned by Tenant’s bank for any reason.",42
LexGLUE_ledgar,ledgar_390,"The Lenders agree to indemnify each Agent and its officers, directors, partners, employees, affiliates, agents, advisors and controlling persons (each, an “ Agent Indemnitee ”) (to the extent not reimbursed by the Borrowers and without limiting the obligation of the Borrowers to do so), ratably according to their respective Aggregate Exposure Percentages in effect on the date on which indemnification is sought under this Section (or, if indemnification is sought after the date upon which the Revolving Commitments shall have terminated and the Loans shall have been paid in full, ratably in accordance with such Aggregate Exposure Percentages immediately prior to such date), from and against any and all liabilities, obligations, losses, damages, penalties, actions, judgments, suits, costs, expenses or disbursements of any kind whatsoever that may at any time (whether before or after the payment of the Loans) be imposed on, incurred by or asserted against such Agent Indemnitee in any way relating to or arising out of, the Revolving Commitments, this Agreement, any of the other Loan Documents or any documents contemplated by or referred to herein or therein or the transactions contemplated hereby or thereby or any action taken or omitted by such Agent Indemnitee under or in connection with any of the foregoing; provided that no Lender shall be liable for the payment of any portion of such liabilities, obligations, losses, damages, penalties, actions, judgments, suits, costs, expenses or disbursements that are found by a final and nonappealable decision of a court of competent jurisdiction to have resulted from such Agent Indemnitee’s gross negligence or willful misconduct. The agreements in this Section shall survive the termination of this Agreement and the payment of the Loans and all other amounts payable hereunder.",49
LexGLUE_ledgar,ledgar_391,EACH OF THE PARTIES HERETO HEREBY IRREVOCABLY WAIVES ANY AND ALL RIGHT TO TRIAL BY JURY IN ANY LEGAL PROCEEDING ARISING OUT OF OR RELATED TO THE TRANSACTION DOCUMENTS OR THE TRANSACTIONS CONTEMPLATED HEREBY AND THEREBY.,96
LexGLUE_ledgar,ledgar_392,"Borrower agrees to pay all losses, costs and expenses, including reasonable attorneys’ fees, in connection with the enforcement of the Note, the Loan Agreement and any other instruments and documents delivered in connection herewith sustained as a result of the occurrence of an Event of Default by Borrower.",41
LexGLUE_ledgar,ledgar_393,"The Recipient acknowledges and agrees that the Company may require the Recipient to pay, or may withhold from sums owed by the Company to the Recipient, any amount necessary to comply with the minimum applicable withholding requirements that the Company deems necessary to comply with any federal, state or local withholding requirements for income and employment tax purposes.",86
LexGLUE_ledgar,ledgar_394,"By accepting this Award, the Participant expressly warrants that he or she has received a right to an equity based award under the Plan, and has received, read, and understood a description of the Plan. The Participant understands that the Plan is discretionary in nature and may be modified, suspended, or terminated by the Company at any time.",2
LexGLUE_ledgar,ledgar_395,"During each year of the Term, the Executive shall be entitled to a vacation period or periods in accordance with the vacation policy of the Company as in effect from time to time, but not less than twenty-five (25) days.",93
LexGLUE_ledgar,ledgar_396,"This Agreement may be executed in counterparts, including via facsimile or portable document format (PDF), each of which shall constitute an original, but all of which together shall constitute one and the same agreement.",26
LexGLUE_ledgar,ledgar_397,"Each Transaction Party shall have performed and complied with all agreements and conditions contained in this Agreement required to be performed or complied with by it prior to or at the Closing. Before and after giving effect to the issue and sale of the Notes (and the application of the proceeds thereof as contemplated by Section 5.14), no Default or Event of Default shall have occurred and be continuing. Neither any Transaction Party nor any Subsidiary shall have entered into any transaction since February 1, 2019 that would have been prohibited by Section 10 had such Section applied since such date.",62
LexGLUE_ledgar,ledgar_398,"This Agreement shall inure to the benefit of, be binding upon and be enforceable by the Company and its successors and assigns. The Participant shall not assign (except as permitted under Section 8 hereof) any part of this Agreement without the prior express written consent of the Company.",7
LexGLUE_ledgar,ledgar_399,For purposes of the Award Agreement the following provision shall replace Section 5 of the Award Agreement in its entirety.,99
LexGLUE_ledgar,ledgar_400,"This Agreement represents the entire agreement between the parties hereto, and there are no other agreements, contracts or understandings between the parties hereto with respect to the subject matter of this Agreement, except as specifically referred to herein or as provided in Section 15 hereof.",38
LexGLUE_ledgar,ledgar_401,"To the extent not prohibited by law, venue for any legal proceeding relating to enforcement of this Agreement shall be, at Bank’s option, the county in which Bank has its principal office in Wisconsin.",94
LexGLUE_ledgar,ledgar_402,"The enumeration of the rights and remedies of the Agent and the Lenders set forth in this Agreement is not intended to be exhaustive and the exercise by the Agent and the Lenders of any right or remedy shall not preclude the exercise of any other rights or remedies, all of which shall be cumulative, and shall be in addition to any other right or remedy given hereunder or under the other Loan Documents or that may now or hereafter exist at law or in equity or by suit or otherwise. No delay or failure to take action on the part of the Agent or any Lender in exercising any right, power or privilege shall operate as a waiver thereof, nor shall any single or partial exercise of any such right, power or privilege preclude any other or further exercise thereof or the exercise of any other right, power or privilege or shall be construed to be a waiver of any Event of Default. No course of dealing between the Borrower, the Agent and the Lenders or their respective agents or employees shall be effective to change, modify or discharge any provision of this Agreement or any of the other Loan Documents or to constitute a waiver of any Event of Default. No waiver, amendment or other variation of the terms, conditions or provisions of the Loan Documents whatsoever shall be valid unless in writing signed by the Lenders required pursuant to Section 9.1 , and then only to the extent in such writing specifically set forth. All remedies contained in the Loan Documents or by law afforded shall be cumulative and all shall be available to the Agent and the Lenders until the Obligations (other than contingent indemnification obligations) have been paid in full.",37
LexGLUE_ledgar,ledgar_403,Any notice required or permitted to be given under this Agreement shall be sufficient if in writing and if sent by registered or certified mail to your residence or to the Company’s principal office in the case of the Company.,65
LexGLUE_ledgar,ledgar_404,"EACH PARTY ACKNOWLEDGES AND AGREES THAT ANY CONTROVERSY WHICH MAY ARISE UNDER THIS AGREEMENT IS LIKELY TO INVOLVE COMPLICATED AND DIFFICULT ISSUES AND, THEREFORE, EACH SUCH PARTY IRREVOCABLY AND UNCONDITIONALLY WAIVES ANY RIGHT IT MAY HAVE TO A TRIAL BY JURY IN RESPECT OF ANY LEGAL ACTION ARISING OUT OF OR RELATING TO THIS AGREEMENT or the transactions contemplated hereby. EACH PARTY TO THIS AGREEMENT CERTIFIES AND ACKNOWLEDGES THAT: (A) NO REPRESENTATIVE OF ANY OTHER PARTY HAS REPRESENTED, EXPRESSLY OR OTHERWISE, THAT SUCH OTHER PARTY WOULD NOT SEEK TO ENFORCE THE FOREGOING WAIVER IN THE EVENT OF A LEGAL ACTION; (B) SUCH PARTY HAS CONSIDERED THE IMPLICATIONS OF THIS WAIVER; (C) SUCH PARTY MAKES THIS WAIVER VOLUNTARILY; AND (D) SUCH PARTY HAS BEEN INDUCED TO ENTER INTO THIS AGREEMENT BY, AMONG OTHER THINGS, THE MUTUAL WAIVERS AND CERTIFICATIONS IN THIS SECTION 6.12 .",96
LexGLUE_ledgar,ledgar_405,"Neither Buyer nor any of its Affiliates has any Liability or obligation to pay fees or commissions to any broker, finder or agent with respect to the Transactions for which either Seller or their respective Affiliates would become liable or obliged.",15
LexGLUE_ledgar,ledgar_406,"There is no action, suit, inquiry, notice of violation, proceeding or investigation pending or, to the knowledge of the Company, threatened against or affecting the Company, any Subsidiary or any of their respective properties before or by any court, arbitrator, governmental or administrative agency or regulatory authority (federal, state, county, local or foreign) (collectively, an “Action”) which (i) adversely affects or challenges the legality, validity or enforceability of any of the Transaction Documents or the Securities or (ii) could, if there were an unfavorable decision, have or reasonably be expected to result in a Material Adverse Effect. Neither the Company nor any Subsidiary, nor any director or officer thereof, is or has been the subject of any Action involving a claim of violation of or liability under federal or state securities laws or a claim of breach of fiduciary duty. There has not been, and to the knowledge of the Company, there is not pending or contemplated, any investigation by the Commission involving the Company or any current or former director or officer of the Company. The Commission has not issued any stop order or other order suspending the effectiveness of any registration statement filed by the Company or any Subsidiary under the Exchange Act or the Securities Act.",58
LexGLUE_ledgar,ledgar_407,"Maintain with financially sound and reputable insurance companies, insurance with respect to its properties and business against loss or damage of the kinds customarily insured against by Persons engaged in the same or similar business, of such types and in such amounts (after giving effect to any self-insurance reasonable and customary for similarly situated Persons engaged in the same or similar businesses as Holdings and its Subsidiaries) as are customarily carried under similar circumstances by such other Persons.",51
LexGLUE_ledgar,ledgar_408,"Neither the Borrower nor any Restricted Subsidiary thereof is in default under or with respect to any Material Indebtedness that, either individually or in the aggregate, would reasonably be expected to have a Material Adverse Effect.",62
LexGLUE_ledgar,ledgar_409,"This Agreement (a) constitutes the entire agreement and supersede all prior agreements and understandings, both written and oral, among the Parties with respect to the subject matter hereof, and (b) is not intended to confer any rights, benefits, remedies, obligations or liabilities upon any Person other than the Parties and their respective successors and permitted assigns.",38
LexGLUE_ledgar,ledgar_410,"Each Purchaser covenants and agrees that neither it, nor any Affiliate acting on its behalf or pursuant to any understanding with it will execute any Short Sales of the Common Stock or (ii) hedging transaction which establishes a Net Short Position with respect to the Company’s Common Stock during the period commencing with the execution of this Agreement and ending on the date that 100% of the Preferred Stock owned by such Purchaser has been redeemed in accordance with the terms of the Certificate of Designations; provided that this provision shall not prohibit any sales made where a corresponding Notice of Conversion is tendered to the Company and the shares received upon such conversion are used to close out such sale. For purposes hereof, a “Net Short Position” by a Purchaser means a position whereby such Purchaser has executed one or more sales of Common Stock that is marked as a short sale (but not including any sale marked “short exempt”) and that is executed at a time when such Purchaser does not have an equivalent offsetting long position in the Common Stock (or is deemed to have a long position hereunder or otherwise in accordance with Regulation SHO under the Exchange Act); provided, further that no “short sale” shall be deemed to exist as a result of any failure by the Company (or its agents) to deliver shares upon conversion of the Preferred Stock, to such Purchaser converting such Preferred Stock. For purposes of determining whether a Purchaser has an equivalent offsetting long position in the Common Stock, such Purchaser shall be deemed to hold “long” all Common Stock that is either (i) then owned by such Purchaser, if any, or (ii) then issuable to such Purchaser as shares issuable upon conversion of the Preferred Stock then held by such Purchaser, if any, (without regard to any limitations on conversion or exercise set forth in the Preferred Stock). Notwithstanding the foregoing, nothing contained herein shall (without implication that the contrary would otherwise be true) prohibit such Purchaser from selling “long” (as defined under Rule 200 promulgated under Regulation SHO under the Exchange Act) the Securities or any other Common Stock then owned by such Purchaser. For the avoidance of doubt, this Section 4.8 is applicable to each Purchaser individually, and not collectively. For example, if Purchaser A still holds Securities but Purchaser B does not, only Purchaser A remains subject to this Section 4.8, but Purchaser B does not.",20
LexGLUE_ledgar,ledgar_411,"The Company and each of its subsidiaries shall use commercially reasonable efforts to maintain, or cause to be maintained, all material environmental permits, licenses and other authorizations required by federal, state and local law in order to conduct their businesses as described in the Prospectus, and the Company and each of its subsidiaries shall conduct their businesses, or cause their businesses to be conducted, in substantial compliance with such permits, licenses and authorizations and with applicable environmental laws, except where the failure to maintain or be in compliance with such permits, licenses and authorizations could not reasonably be expected to result in a Material Adverse Effect.",19
LexGLUE_ledgar,ledgar_412,"This Release is effective after it has been signed by both parties and after seven days have passed since you have signed this Release (such date, the “ Effective Date ”).",33
LexGLUE_ledgar,ledgar_413,"This Amendment may be executed by the parties hereto in separate counterparts (including those delivered by facsimile or other electronic means), each of which, when so executed and delivered, shall be an original, but all such counterparts shall together constitute one and the same instrument.",26
LexGLUE_ledgar,ledgar_414,"The obligations of the Borrower under Sections 4.3 , 4.4 , 4.5 , 4.6 , 4.7 , 11.3 and 11.4 and the obligations of the Lenders under Section 10.1 , shall in each case survive any termination of this Agreement and the payment in full of all Obligations. The representations and warranties made by the Borrower in this Agreement and in each other Loan Document shall survive the execution and delivery of this Agreement and each such other Loan Document.",85
LexGLUE_ledgar,ledgar_415,"Company hereby agrees to employ Employee, and Employee hereby accepts employment by Company, upon the terms and subject to the conditions hereinafter set forth. During the term of his employment, Employee shall have the title of President and Chief Executive Officer of Company.",35
LexGLUE_ledgar,ledgar_416,"Notwithstanding any contrary provision of the Grant Notice or this Agreement to the contrary, if any one or more of the provisions (or any part thereof) of the Grant Notice or this Agreement shall be held invalid, illegal, or unenforceable in any respect, such provision shall be modified so as to make it valid, legal, and enforceable, and the validity, legality, and enforceability of the remaining provisions (or any part thereof) of the Grant Notice or this Agreement, as applicable, shall not in any way be affected or impaired thereby.",79
LexGLUE_ledgar,ledgar_417,"Any issuance or transfer of shares of Stock or other property to Participant or Participant’s legal representative, heir, legatee or distributee, in accordance with this Agreement shall be in full satisfaction of all claims of such person hereunder. As a condition precedent to such payment or issuance, the Company may require the Participant or the Participant’s legal representative, heir, legatee or distributee to execute (and not revoke within any time provided to do so) a release and receipt therefor in such form as it shall determine appropriate; provided, however, that any review period under such release will not modify the date of exercise with respect to purchased Shares.",74
LexGLUE_ledgar,ledgar_418,All amounts due under this Section 11.04 shall be payable not later than ten Business Days after demand therefor.,68
LexGLUE_ledgar,ledgar_419,"Thi s Agreement s hall be go v erned b y the internal la w of the State of New York without regard to the choice of l aw pro v i s ion s of an y juri s diction. Each party hereto irrevocably submits to the exclusive jurisdiction of the courts located within Suffolk County, New York for the purposes of any action or claim arising out of this Agreement or any transaction contemplated hereby, and agrees to commence any such action or claim only in such courts. Each party acknowledges and agrees that any controversy which may arise under this Agreement is likely to involve complicated and difficult issues and, therefore, each such party irrevocably and unconditionally waives any right it may have to a trial by jury in respect of any legal action arising out of or relating to this Agreement or the transactions contemplated hereby.",96
LexGLUE_ledgar,ledgar_420,"Each Loan Party will, and will cause each Subsidiary to, (a) do or cause to be done all things necessary to preserve, renew and keep in full force and effect its legal existence and the rights, qualifications, licenses, permits, franchises, governmental authorizations, intellectual property rights, licenses and permits material to the conduct of its business, and maintain all requisite authority to conduct its business in each jurisdiction in which its business is conducted; provided that the foregoing shall not prohibit any merger, consolidation, liquidation or dissolution permitted under Section 6.03 and (b) carry on and conduct its business in substantially the same manner and in substantially the same fields of enterprise as it is presently conducted.",40
LexGLUE_ledgar,ledgar_421,"The Shares shall vest as follows, provided the Participant is then, and since the date of the Grant has continuously been, employed by the Company or a Subsidiary.",95
LexGLUE_ledgar,ledgar_422,"The [Tenth]/[Eleventh] Supplemental Indenture referred to herein is an indenture supplemental to the Indenture. This [Tenth]/[Eleventh] Supplemental Indenture may be simultaneously executed in any number of counterparts, each of which when so executed shall be deemed to be an original; but such counterparts shall together constitute but one and the same instrument.",26
LexGLUE_ledgar,ledgar_423,"This Separation Agreement shall be governed by and interpreted in accordance with the substantive laws of the Commonwealth of Massachusetts, without regard to its conflict of law principles. You agree that any action, demand, claim or counterclaim relating to the terms and provisions of this Separation Agreement, or its formation or breach, shall be commenced in the Commonwealth of Massachusetts in a court of competent jurisdiction, and you further acknowledge that venue for such actions shall lie exclusively in Massachusetts.",47
LexGLUE_ledgar,ledgar_424,"This Agreement may be executed in separate counterparts, each of which shall be deemed to be an original, but all of which shall constitute one and the same agreement. Delivery of an executed counterpart to this Agreement by facsimile or other electronic transmission (including documents in PDF format) shall be effective as delivery of a manually executed counterpart to this Agreement.",26
LexGLUE_ledgar,ledgar_425,"Except as expressly provided to the contrary in this Agreement, every notice or other communication to be given by either party to the other with respect hereto shall be in writing and shall not be effective for any purpose unless the same shall be served personally or by national air courier service, or United States certified mail, return receipt requested, postage prepaid, addressed if to Licensee, at the address first set forth in this Agreement, and if to Licensor, at 999 - 18th Street, Suite 1201, Denver, Colorado 80202, or such other address or addresses as Licensee or Licensor may from time to time designate by notice given as above provided. Every notice or other communication hereunder shall be deemed to have been given as of the third (3rd) business day following the date of such mailing or immediately if personally delivered. Notices not sent in accordance with the foregoing shall be of no force or effect until received by the foregoing parties at such addresses required herein.",65
LexGLUE_ledgar,ledgar_426,The foregoing representations and warranties shall survive the Closing Date.,85
LexGLUE_ledgar,ledgar_427,"It has been duly organized, and is validly existing and in good standing under the laws of the jurisdiction of its formation, with all requisite power and authority to own or lease its properties and conduct its business as such business is presently conducted, and had at all relevant times, and now has all necessary power, authority and legal right to own or lease its properties and conduct its business as such business is presently conducted, including to acquire, own, sell and pledge the Receivables and the other Collateral.",66
LexGLUE_ledgar,ledgar_428,"Any notice required or permitted under this Agreement shall be deemed given when delivered personally, through Ambac’s stock compensation administration system or when deposited in a United States Post Office, postage prepaid, addressed, as appropriate, to the Company at its principal offices, to the Participant at the Participant’s address as last known by the Company or, in either case, such other address as one party may designate in writing to the other.",65
LexGLUE_ledgar,ledgar_429,"This Agreement will be governed by and construed in accordance with the laws of the State of Washington, without regard to any conflict of law principles thereof that would give rise to the application of the laws of any other jurisdiction. Executive hereby waives notice of the telephonic Board meeting held on January 21, 2019 at 9 AM Pacific Time.",47
LexGLUE_ledgar,ledgar_430,"The Credit Agreement, as amended by this Amendment, collectively sets forth the entire understanding and agreements of the parties hereto in relation to the subject matter hereof and supersede any prior negotiations and agreements between the parties relative to such subject matter. No promise, condition, representation or warranty, express or implied, not set forth in the Credit Agreement or any other Loan Document, as amended by this Amendment, shall bind any party hereto, and none of the Lender or the Borrower have relied on any such promise, condition, representation or warranty.",38
LexGLUE_ledgar,ledgar_431,"The Loan Parties have disclosed to the Lenders all agreements, instruments and corporate or other restrictions to which any Loan Party or any Restricted Subsidiary is subject, and all other matters known to it, that, individually or in the aggregate, could reasonably be expected to result in a Material Adverse Effect. None of the other reports, financial statements, certificates or other information furnished in writing by or on behalf of any Loan Party to the Administrative Agent or any Lender in connection with the negotiation of this Agreement or any other Loan Document (as modified or supplemented by other information so furnished) contains any material misstatement of fact or omits to state any material fact necessary to make the statements therein, in the light of the circumstances under which they were made, not misleading; provided that, with respect to projected financial information, the Loan Parties represent only that such information was prepared in good faith based upon assumptions believed to be reasonable at the time delivered and, if such projected financial information was delivered prior to the Effective Date, as of the Effective Date. As of the Effective Date, to the knowledge of the Borrower, the information included in the Beneficial Ownership Certification provided on or prior to the Effective Date to any Lender in connection with this Agreement is true and correct in all respects.",31
LexGLUE_ledgar,ledgar_432,"The Company will withhold from the number of shares of Common Stock otherwise issuable hereunder (including with respect to dividend equivalents) a number of shares necessary to satisfy any and all applicable federal, state, local and foreign tax withholding obligations and employment-related tax requirements (“Tax-Related Items”). In addition, the Company (or your employer, if different) will withhold from your compensation any and all applicable Tax-Related Items in the event all or a portion of the Performance Shares are treated as taxable prior to or other than on the vesting date set forth in paragraph 2 above and the number of shares of Common Stock otherwise issuable (if any) is insufficient to satisfy such Tax-Related Items withholding obligations. Finally, you shall pay to the Company (or your employer, if different) any amount of Tax-Related Items that the Company or your employer may be required to withhold or account for as a result of your participation in the Plan that cannot be satisfied by the means previously described. The Company may refuse to issue or deliver the shares of Common Stock if you fail to comply with your obligations in connection with the Tax-Related Items.",86
LexGLUE_ledgar,ledgar_433,"All computations of interest based on the Prime Rate shall be made by the Administrative Agent on the basis of a year of 365 days (or 366 days in a leap year). All computations of interest based on the LIBO Rate or the NYFRB Rate and of Facility Fees shall be made by the Administrative Agent and all computations of interest pursuant to Section 2.05 shall be made by the applicable Lender, in each case on the basis of a year of 360 days. All computations of interest in respect of Competitive Bid Advances shall be made by the Administrative Agent on the basis of a year of 360 days in the case of Floating Rate Bid Advances and on the basis of a year of 365 or 366 days in the case of Fixed Rate Bid Advances, as specified in the applicable Notice of Competitive Bid Borrowing. Computations of interest or Facility Fees shall in each case be made for the actual number of days (including the first day but excluding the last day) occurring in the period for which such interest or Facility Fees are payable. Each determination by the Administrative Agent (or, in the case of Section 2.05, by the applicable Lender), of an interest rate or fee hereunder shall be conclusive and binding for all purposes, absent manifest error.",42
LexGLUE_ledgar,ledgar_434,"Each Investor, on behalf of itself, severally represents and warrants to the Company that (a) as of the date hereof, such Investor beneficially owns, directly or indirectly, only the number of shares of Common Stock as described opposite its name on Exhibit A , and Exhibit A includes all Affiliates and Associates of any Investor that own any securities of the Company beneficially or of record and reflects all shares of Common Stock in which the Investor has any right to acquire or has an interest therein or related thereto, whether through derivative securities, voting agreements, contracts or instruments in any way related to the price of the Common Stock (other than a broad-based market basket or index), or otherwise, (b) this Agreement has been duly and validly authorized, executed, and delivered by such Investor, and constitutes a valid and binding obligation and agreement of such Investor, enforceable against such Investor in accordance with its terms, except as enforcement thereof may be limited by applicable bankruptcy, insolvency, reorganization, moratorium, fraudulent conveyance, or similar laws generally affecting the rights of creditors and subject to general equity principles, (c) such Investor has the authority to execute this Agreement on behalf of itself and the applicable Investor associated with that signatory’s name, and to bind such Investor to the terms hereof, (d) each of the Investors shall use its commercially reasonable efforts to cause its respective Affiliates and Associates to comply with the terms of this Agreement and (e) the execution, delivery and performance of this Agreement by such Investor does not and will not violate or conflict with (i) any law, rule, regulation, order, judgment, or decree applicable to it, or (ii) result in any breach or violation of or constitute a default (or an event that with notice or lapse of time or both could become a default) under or pursuant to, or result in the loss of a material benefit under, or give any right of termination, amendment, acceleration or cancellation of, any organizational document, agreement, contract, commitment, understanding, or arrangement to which such Investor is a party or by which it is bound.",76
LexGLUE_ledgar,ledgar_435,"Subject to the other terms of this Agreement, the Parties agree to execute and deliver such other instruments and perform such acts, in addition to the matters herein specified, as may be reasonably appropriate or necessary from time to time, to effectuate and implement the terms of this Agreement.",45
LexGLUE_ledgar,ledgar_436,"(a) None of the execution, delivery, and performance by any Credit Party of this Agreement nor the consummation of the transactions herein contemplated do or will (i) conflict with or result in a breach of, or require any consent (which has not been obtained and is in full force and effect) under (x) any Organizational Document of any Credit Party, (y) subject to Section 13.13 of the Existing Credit Agreement, any applicable Requirement of Law (including, without limitation, any Gaming Law), or (z) any order, writ, injunction, or decree of any Governmental Authority binding on any Credit Party, (ii) constitute (with due notice or lapse of time or both) a default under any such Contractual Obligation, or (iii) result in or require the creation or imposition of any Lien (except for the Liens created pursuant to the Security Documents and other Permitted Liens) upon any Property of any Credit Party pursuant to the terms of any such Contractual Obligation, except with respect to (i)(y) , (i)(z) , (ii) , or (iii) which would not reasonably be expected to result in a Material Adverse Effect; and (b) No Default or Event of Default has occurred and is continuing.",62
LexGLUE_ledgar,ledgar_437,Section and subsection headings in this Amendment are included for convenience of reference only and shall not constitute a part of this Amendment for any other purpose or be given any substantive effect.,48
LexGLUE_ledgar,ledgar_438,"This Agreement (together with Appendix A hereto) embodies all of the representations, warranties, covenants, understandings and agreements between the Parties relating to Executive’s employment with the Company. No other representations, warranties, covenants, understandings, or agreements exist between the Parties relating to Executive’s employment. This Agreement shall supersede all prior agreements, written or oral, relating to Executive’s employment. This Agreement may not be amended or modified except by a writing signed by the Parties.",38
LexGLUE_ledgar,ledgar_439,"The Company shall pay Executive an annual salary of two hundred fifty thousand dollars ($250,000) per year, payable in equal installments once monthly or at more frequent intervals in accordance with the Company's customary pay schedule, subject to such increases as the Company may determine from time to time in its sole discretion.",11
LexGLUE_ledgar,ledgar_440,"The Administrative Agent shall have received a Borrowing Request as required by Section 2.03 (or such notice shall have been deemed given in accordance with Section 2.03 ) if Loans are being requested or, in the case of the issuance, amendment, extension or renewal of a Letter of Credit, the Issuing Bank and the Administrative Agent shall have received a notice requesting the issuance, amendment, extension or renewal of such Letter of Credit as required by Section 2.18(b) or, in the case of the Borrowing of a Swingline Loan, the Swingline Lender and the Administrative Agent shall have received a Borrowing Request as required by Section 2.17(b) .",65
LexGLUE_ledgar,ledgar_441,This Agreement shall be binding upon and inure to the benefit of the successors in interest of the Executive and the Company.,13
LexGLUE_ledgar,ledgar_442,"During and after the Term, the Company shall indemnify the Executive to the maximum extent permitted by any applicable agreement, arrangement or corporate governance document of the Company or, in the event no such agreement, arrangement or document exists, to the maximum extent permitted by applicable law, in either case against all liabilities, losses, damages and expenses actually and reasonably incurred by the Executive in connection with any claim or proceeding arising out of, or relating to, her services for the Company, other than (i) any claim or proceeding by the Company against the Executive and (ii) any claim or proceeding by the Executive against the Company (“Losses”). The Company shall advance to the Executive to the extent permitted by law all Losses incurred by her provided the Executive undertakes to repay the amount of such advances if it shall ultimately be determined that she is not entitled to be indemnified against such Losses.",49
LexGLUE_ledgar,ledgar_443,"Except as set forth on Schedule 3.6 as of the Closing Date, and except as hereafter disclosed to Lender in writing (including disclosures pursuant to Section 4.9 or otherwise, it being understood that any such disclosures shall not act as a consent or waiver of any Default or Event of Default arising under Section 4.9, Section 10.1(h) or any other provision of this Agreement), there is no Litigation pending against, or to such Credit Party’s knowledge threatened against or affecting, any Credit Party or, to such Credit Party’s knowledge, any party to any Operative Document other than a Credit Party. Other than as disclosed on Schedule 3.6, there is no Litigation pending in which an adverse decision could reasonably be expected to have a Material Adverse Effect or which in any manner draws into question the validity of any of the Operative Documents.",58
LexGLUE_ledgar,ledgar_444,"Upon the Completion Date with respect to the Facility and the installation of all of the Equipment therein, the Company shall prepare and deliver to the Agency, a schedule listing all of the Equipment not previously described in this Lease Agreement. If requested by the Agency, the Company shall thereafter furnish to the Agency, within sixty (60) days after the end of each calendar year, a schedule listing all of the Equipment not theretofore previously described herein or in the aforesaid schedule.",45
LexGLUE_ledgar,ledgar_445,The Company is insured by insurers of recognized financial responsibility against such losses and risks and in such amounts as management of the Company believes to be prudent and customary in the businesses in which the Company is engaged. The Company has not been refused any insurance coverage sought or applied for and the Company has no reason to believe that it will not be able to renew its existing insurance coverage as and when such coverage expires or to obtain similar coverage from similar insurers as may be necessary to continue its business at a cost that would not materially and adversely affect the financial condition of the Company.,51
LexGLUE_ledgar,ledgar_446,"Borrower (a) has not entered into the transaction contemplated by this Agreement or any Loan Document or the Environmental Indemnity with the actual intent to hinder, delay, or defraud any creditor and (b) has received reasonably equivalent value in exchange for its obligations under the Loan Documents and the Environmental Indemnity. Giving effect to the Loan, the fair saleable value of Borrower’s assets exceeds and will, immediately following the making of the Loan, exceed Borrower’s total liabilities, including, without limitation, subordinated, unliquidated, disputed and contingent liabilities. Borrower’s assets do not and, immediately following the making of the Loan will not, constitute unreasonably small capital to carry out its business as conducted or as proposed to be conducted.",80
LexGLUE_ledgar,ledgar_447,"Each of the parties to this Agreement shall be entitled to enforce its rights under this Agreement specifically, to recover damages caused by any breach of any provision of this Agreement and to exercise all other rights existing in its favor. If the Company prevails in enforcing this Agreement, it shall be entitled to recover, in addition to other damages and remedies, its costs and reasonable attorneys’ fees. The parties hereto agree and acknowledge that money damages would not be an adequate remedy for the other party’s breach of any term or provision of this Agreement and that the other party in its sole discretion may apply to any court of law or equity of competent jurisdiction (without posting any bond or deposit) for specific performance and/or other injunctive relief in order to enforce or prevent any violations of the provisions of this Agreement.",75
LexGLUE_ledgar,ledgar_448,"The Option granted pursuant to this Agreement, to the extent it has vested as of the date of Employee’s termination due to Disability, Retirement or death, may be exercised by Employee or Employee’s legal representative, heir or devisee, as appropriate, within one year from the date of Disability, Retirement or death.",30
LexGLUE_ledgar,ledgar_449,All amounts due under this Section shall be payable promptly after demand therefor.,68
LexGLUE_ledgar,ledgar_450,"The Plan shall be administered by the Compensation Committee (the “ Committee ”) of the United Rentals Board of Directors (the “ Board ”), as such committee is from time to time constituted, provided that the Committee may delegate its duties and powers in whole or in part to any subcommittee thereof or to any other individual or individuals. Except as specifically provided to the contrary, references herein to the Committee include any subcommittee, individual or individuals to whom the Committee has delegated some or all of its duties and powers.",46
LexGLUE_ledgar,ledgar_451,"During the term of this Agreement, except for periods of absence occasioned by illness, reasonable vacation periods, and reasonable leaves of absence approved by the Board of Directors of the Employer (collectively, and as applicable, the “ Board of Directors ” or “ Board ”) or a committee of the Board, Executive shall devote substantially all of Executive’s business time, attention, skill, and efforts to the faithful performance of Executive’s duties hereunder, including activities and services related to the organization, operation and management of the Employer; provided, however, that, Executive may serve, or continue to serve, on the boards of directors of, and hold any other offices or positions in, business companies or business or civic organizations, which, in the Board’s judgment, will not present any conflict of interest with the Employer, or materially affect the performance of Executive’s duties pursuant to this Agreement. Executive shall provide the Board of Directors annually for its approval a list of organizations for which Executive acts as a director or officer.",32
LexGLUE_ledgar,ledgar_452,"The rights, benefits, duties and obligations under this Agreement shall inure to, and be binding upon, Fortress, its successors and assigns, and upon Consultant and his legal representatives. This Agreement constitutes a personal service agreement, and the performance of Consultant’s obligations hereunder may not be transferred or assigned by Consultant without the prior written consent of Fortress, and any such purported transfer or assignment shall be null and void ab initio .",13
LexGLUE_ledgar,ledgar_453,"On May 31, 2019, FVE and RMR will pay any unpaid wages for the period through May 31, 2019, and FVE will pay you for any unused vacation time as of such date (it being acknowledged that you have no accrued and unpaid RMR vacation time), all subject to all usual and applicable taxes and deductions. Your health insurance on FVE’s group plan will terminate on the Separation Date. To continue any health insurance beyond the Separation Date, you must complete a continuation of coverage (COBRA) election form and make timely payments for coverage. Information regarding COBRA will be mailed to you. Any group life and disability insurance on our group plan will also terminate on the Separation Date. Your participation in FVE’s and/or RMR’s 401(k) plan will terminate on the Separation Date.",68
LexGLUE_ledgar,ledgar_454,"This Agreement may be terminated by the Purchaser by written notice to the Company, if the Closing has not been consummated on or before January 31, 2019; provided , however , that no such termination will affect the right of any party to sue for any breach of this Agreement or any other Transaction Document by the other party.",88
LexGLUE_ledgar,ledgar_455,"Executive shall report directly to the Company’s Board of Directors (the “ Board ”) or CEO. The Company shall use its best efforts to convince the shareholders of the Company to elect and reelect Executive to the Board during the Employment Period. Within the limitations established by the Bylaws of the Company, Executive shall have each and all of the duties and responsibilities of those positions and such other or different duties on behalf of the Company, as may be assigned from time to time by the Board.",32
LexGLUE_ledgar,ledgar_456,"All notices and other communications provided for hereunder shall, unless otherwise stated herein, be in writing (including facsimile and email communication) and shall be personally delivered or sent by express mail or nationally recognized overnight courier or by certified mail, first class postage prepaid, or by facsimile or email, to the intended party at the address, facsimile number or email address of such party set forth in Schedule 13.2 or at such other address, facsimile number or email address as shall be designated by such party in a written notice to the other parties hereto. All such notices and communications shall be effective, (a) if personally delivered or sent by express mail or courier or if sent by certified mail, when received, and (b) if transmitted by facsimile or email, when receipt is confirmed by telephonic or electronic means.",65
LexGLUE_ledgar,ledgar_457,"Such Purchaser understands and agrees that the Securities have not been registered under the Securities Act or any applicable state securities laws, by reason of their issuance in a transaction that does not require registration under the Securities Act, and that such Securities must be held indefinitely unless a subsequent disposition is registered under the Securities Act or any applicable state securities laws or is exempt from such registration. Such Purchaser understands and agrees that the Securities are being offered and sold to such Purchaser in reliance on specific exemptions from the registration requirements of United States federal and state securities laws and regulations and that the Company is relying in part upon the truth and accuracy of, and such Purchaser’s compliance with, the representations, warranties, agreements, acknowledgments and understandings of such Purchaser set forth herein in order to determine the availability of such exemptions and the eligibility of such Purchaser to acquire the Securities.",20
LexGLUE_ledgar,ledgar_458,"This Agreement may be executed and delivered in any number of counterparts (including by facsimile or electronic transmission), each of which shall be an original and all of which together shall constitute a single instrument.",26
LexGLUE_ledgar,ledgar_459,"This Offer Letter may be executed in counterparts, each of which shall be deemed to be an original but all of which together shall constitute one and the same instrument.",26
LexGLUE_ledgar,ledgar_460,"Unless otherwise provided in this Agreement, all notices, consents, approvals, requests and other communications required or permitted to be given to a Party hereunder shall be in writing and sent prepaid by hand delivery, by certified or registered mail, by expedited commercial or postal delivery service, or by facsimile or email if also sent by one of the foregoing, to the address for such Party specified in Annex I or such other address as such Party shall specify from time to time in a notice to the other Party. Any of the foregoing communications shall be effective when delivered, if such delivery occurs on a Business Day; otherwise, each such communication shall be effective on the first Business Day following the date of such delivery. A Party receiving a notice that does not comply with the technical requirements of this Section 18.12 may elect to waive any deficiencies and treat the notice as having been properly given.",65
LexGLUE_ledgar,ledgar_461,"Any failure of Seller, on the one hand, or Buyer, on the other hand, to comply with any obligation, covenant, agreement or condition herein may be waived by Buyer, on the one hand, or Seller, on the other hand, only by a written instrument signed by the Party granting such waiver, but such waiver or failure to insist upon strict compliance with such obligation, covenant, agreement or condition shall not operate as a waiver of, or estoppel with respect to, any subsequent or other failure. Whenever this Agreement requires or permits consent by or on behalf of any Party hereto, such consent shall be given in writing in a manner consistent with the requirements for a waiver of compliance as set forth in this Section 7.6.",22
LexGLUE_ledgar,ledgar_462,"This Sixth Amendment shall be binding upon and inure to the benefit of the Loan Parties, the Banks, the Issuing Banks and the Administrative Agent and their respective successors and assigns, except that the Loan Parties shall not have the right to assign their rights hereunder or any interest herein.",13
LexGLUE_ledgar,ledgar_463,"This Agreement and the rights, licenses and obligations hereunder may not be assigned, by operation of law or otherwise, by any party without the express prior written consent of the other parties, except as otherwise provided in this Agreement. Any assignment or transfer in violation of this provision shall be null and void. This Agreement is binding on and inures to the benefit of the parties hereto and their respective permitted successors and assigns. Notwithstanding the foregoing, the Class B Member shall have the right, without consent from any other Party, to assign or otherwise transfer this Agreement in whole or in part to: (a) an Affiliate of the Class B Member; (b) a third party in connection with a merger, consolidation or reorganization involving the Class B Member, regardless whether the Class B Member is a surviving entity, or (c) a third party in connection with a sale of all or substantially all of the Class B Member’s business or assets.",7
LexGLUE_ledgar,ledgar_464,"The parties hereto acknowledge and agree irreparable harm may occur for which money damages would not be an adequate remedy in the event that any of the provisions of this Agreement were not performed in accordance with their specific terms or were otherwise breached. It is accordingly agreed that, in addition to any other remedies at law or in equity, the parties to this Agreement shall be entitled to injunction to prevent breaches of this Agreement and to enforce specifically the terms and provisions of this Agreement without posting any bond or other undertaking.",81
LexGLUE_ledgar,ledgar_465,"This Agreement shall become effective (other than Section 2.01 , which shall only become effective upon satisfaction of the conditions precedent set forth in Section 3.01 ) when it shall have been executed by the Borrower and the Administrative Agent and when the Administrative Agent shall have been notified by each Initial Lender that such Initial Lender has executed it and thereafter shall be binding upon and inure to the benefit of the Borrower, the Administrative Agent and each Lender and their respective successors and assigns, except that no Loan Party shall have the right to assign its rights or Obligations hereunder or any interest herein without the prior written consent of all of the Lenders (and any other attempted assignment or transfer by any Loan Party shall be null and void).",13
LexGLUE_ledgar,ledgar_466,"Each Borrower, for itself, and on behalf of its insurers, hereby releases and waives any right to recover against Agent and each Lender on any liability for: damages for injury to or death of persons; any loss or damage to property, including the property of any occupant of any Property; any loss or damage to buildings or other improvements comprising any Property; any other direct or indirect loss or damage caused by fire or other risks, which loss or damage is or would be covered by the insurance required to be carried hereunder by Borrower, or is otherwise insured; or claims arising by reason of any of the foregoing, except to the extent caused by the gross negligence or willful misconduct of Agent or such Lender or their respective employees, agents or contractors, as the case may be.",74
LexGLUE_ledgar,ledgar_467,"Upon an Event of Default, Landlord shall have, in addition to any other remedies available to Landlord at law or in equity, the option to pursue any one or more of the following remedies, each and all of which shall be cumulative and nonexclusive, without any notice or demand whatsoever.",75
LexGLUE_ledgar,ledgar_468,"At any time or from time to time after the date hereof, the Parties agree to cooperate with each other, and at the request of any other Party, to execute and deliver any further instruments or documents and to take all such further action as the other Party may reasonably request in order to evidence or effectuate the consummation of the transactions contemplated hereby and to otherwise carry out the intent of the Parties hereunder.",45
LexGLUE_ledgar,ledgar_469,"EACH OF THE PARTIES TO THIS AGREEMENT HEREBY WAIVES, TO THE FULLEST EXTENT PERMITTED BY LAW, ANY RIGHT TO TRIAL BY JURY OF ANY CLAIM, DEMAND, ACTION OR CAUSE OF ACTION (A) ARISING UNDER THIS AGREEMENT OR (B) IN ANY WAY CONNECTED WITH OR RELATED OR INCIDENTAL TO THE DEALINGS OF THE PARTIES HERETO IN RESPECT OF THIS AGREEMENT OR ANY OF THE TRANSACTIONS RELATED HERETO, IN EACH CASE WHETHER NOW EXISTING OR HEREAFTER ARISING, AND WHETHER IN CONTRACT, TORT, EQUITY OR OTHERWISE. EACH OF THE PARTIES TO THIS AGREEMENT HEREBY AGREES AND CONSENTS THAT ANY SUCH CLAIM, DEMAND, ACTION OR CAUSE OF ACTION WILL BE DECIDED BY COURT TRIAL WITHOUT A JURY, AND THAT THE PARTIES TO THIS AGREEMENT MAY FILE A COPY OF THIS AGREEMENT WITH ANY COURT AS WRITTEN EVIDENCE OF THE CONSENT OF THE PARTIES HERETO TO THE WAIVER OF THEIR RIGHT TO TRIAL BY JURY.",96
LexGLUE_ledgar,ledgar_470,"In the event any one or more of the provisions contained in this Credit Agreement should be held invalid, illegal or unenforceable in any respect, the validity, legality and enforceability of the remaining provisions contained herein shall not in any way be affected or impaired thereby (it being understood that the invalidity of a particular provision in a particular jurisdiction shall not in and of itself affect the validity of such provision in any other jurisdiction). The parties shall endeavor in good faith negotiations to replace the invalid, illegal or unenforceable provisions with valid provisions the economic effect of which comes as close as possible to that of the invalid, illegal or unenforceable provisions.",79
LexGLUE_ledgar,ledgar_471,"The Company shall cover the Executive under directors’ and officers’ liability insurance both during and, while potential liability exists, after the term of this Agreement in the same amount and to the same extent as the Company covers its most senior active officers and directors. In addition, the Company shall indemnify the Executive on the same basis as its most senior active officers and active members of the Board. The rights of indemnification shall not be deemed exclusive under applicable law, the Company’s Certificate of Incorporation, the Company’s Bylaws, any agreement, a vote of stockholders, a resolution of directors or otherwise, of the Company.",49
LexGLUE_ledgar,ledgar_472,"The costs and expenses (including, but not limited to, attorneys’ fees) incurred by the Executive in investigating, defending, being a witness in, appealing or otherwise participating in any threatened or pending claim or any threatened or pending action, suit or proceeding described in Section 7.1 shall, at the written request of the Executive, be paid by the Company in advance of final judgment or settlement with the understanding, undertaking and agreement hereby made and entered into by the Executive and the Company that the Executive shall, if it is ultimately determined in accordance with Section 7.2 or pursuant to Section 7.10 that the Executive is not entitled to be indemnified, or was not entitled to be fully indemnified, repay to the Company such amount, or the appropriate portion thereof, so paid or advanced. Such advancements shall be made within ten business days of written request therefor by the Executive.",41
LexGLUE_ledgar,ledgar_473,"The section headings contained in this Agreement (including, without limitation, section headings and headings in the exhibits and schedules) are inserted for reference purposes only and shall not affect in any way the meaning, construction or interpretation of this Agreement. Any reference to the masculine, feminine, or neuter gender shall be a reference to such other gender as is appropriate. References to the singular shall include the plural and vice versa.",48
LexGLUE_ledgar,ledgar_474,"Notwithstanding any other provision of the Plan or this Agreement, unless there is an available exemption from any registration, qualification or other legal requirement applicable to the Shares, the Company shall not be required to deliver any Shares issuable upon settlement of the Award prior to the completion of any registration or qualification of the Shares under any local, state, federal or foreign securities or exchange control law or under rulings or regulations of the U.S. Securities and Exchange Commission (“SEC”) or of any other governmental regulatory body, or prior to obtaining any approval or other clearance from any local, state, federal or foreign governmental agency, which registration, qualification or approval the Company shall, in its absolute discretion, deem necessary or advisable. The Recipient understands that the Company is under no obligation to register or qualify the Shares with the SEC or any state or foreign securities commission or to seek approval or clearance from any governmental authority for the issuance or sale of the Shares. Further, the Recipient agrees that the Company shall have unilateral authority to amend the Plan and the Agreement without the Recipient’s consent to the extent necessary to comply with securities or other laws applicable to issuance of Shares.",19
LexGLUE_ledgar,ledgar_475,"After giving effect to the Loan advance and the liabilities and obligations of each Credit Party under the Operative Documents, each Borrower and each additional Credit Party is Solvent.",80
LexGLUE_ledgar,ledgar_476,This Release is only effective after it has been signed by both parties and after eight (8) days have passed following the date Employee signed the Agreement without Employee revoking this Agreement (the “Effective Date”).,33
LexGLUE_ledgar,ledgar_477,"By accepting this Award, the Participant expressly warrants that he or she has received an Award of MSUs, and has received, read and understood a description of the Plan. The Participant understands that the Plan is discretionary in nature and may be amended, suspended or terminated by the Company at any time.",2
LexGLUE_ledgar,ledgar_478,"In the event that one or more of the provisions of these Award Terms shall be invalidated for any reason by a court of competent jurisdiction, any provision so invalidated shall be deemed to be separable from the other provisions hereof, and the remaining provisions hereof shall continue to be valid and fully enforceable.",79
LexGLUE_ledgar,ledgar_479,"Capitalized terms used but not defined herein shall have the meanings assigned to such terms in the Amended Credit Agreement. The rules of interpretation set forth in Section 1.03 of the Original Credit Agreement are hereby incorporated by reference herein, mutatis mutandis . As used herein, the term “ April 2019 Transactions ” means, collectively, (a) the execution, delivery and performance by each Loan Party of this Amendment, (b) the Borrowing of the Incremental Term B-3 Loans hereunder and the use of the proceeds thereof and (c) the payment of fees and expenses incurred in connection with the foregoing.",28
LexGLUE_ledgar,ledgar_480,"Prior to the vesting, settlement, payment or delivery, as the case may be, of a Section 162(m) Performance Award, the Committee shall certify in writing the extent to which the applicable Section 162(m) Performance Goals and any other material terms of the Section 162(m) Performance Award have been achieved or exceeded for the applicable Performance Period. In no event may the Committee waive achievement of the Section 162(m) Performance Goal requirements for a Named Executive Officer except in its sole discretion in the case of the death or Disability of the Participant or a Change in Control.",68
LexGLUE_ledgar,ledgar_481,"The Company may deduct and withhold from any cash otherwise payable to the Employee such amount as may be required for the purpose of satisfying the Company’s obligation to withhold federal, state or local taxes. Further, in the event the amount so withheld is insufficient for such purpose, the Company may require that the Employee pay to the Company upon its demand or otherwise make arrangements satisfactory to the Company for payment of, such amount as may be requested by the Company in order to satisfy its obligation to withhold any such taxes.",86
LexGLUE_ledgar,ledgar_482,"Subject to Section ‎10.12 below, a Participant’s accounts shall vest in accordance with the following.",95
LexGLUE_ledgar,ledgar_483,The meaning of capitalized terms used in the Plan are set forth in Section 7.,28
LexGLUE_ledgar,ledgar_484,"Unless otherwise specified in the notice of an Award or other written agreement, the Option will vest and become exercisable in 25% annual, cumulative installments beginning on the first anniversary of the Date of Grant. The Option may not be exercised as to any shares after the Expiration Date.",95
LexGLUE_ledgar,ledgar_485,Employee’s right to the shares of Restricted Stock awarded under this Agreement as to which the restrictions have not lapsed shall cease and terminate immediately upon Employee’s termination of employment with Macatawa Bank Corporation or any of its subsidiaries during the Restricted Period for any reason other than Employee’s death or disability.,46
LexGLUE_ledgar,ledgar_486,"The Company has filed all reports, schedules, forms, statements and other documents required to be filed by the Company under the Securities Act and the Exchange Act, including pursuant to Section 13(a) or 15(d) thereof, for the two years preceding the date hereof (or such shorter period as the Company was required by law or regulation to file such material) (the foregoing materials, including the exhibits thereto and documents incorporated by reference therein, being collectively referred to herein as the “ SEC Reports ”) on a timely basis or has received a valid extension of such time of filing and has filed any such SEC Reports prior to the expiration of any such extension. As of their respective dates, the SEC Reports complied in all material respects with the requirements of the Securities Act and the Exchange Act, as applicable, and none of the SEC Reports, when filed, contained any untrue statement of a material fact or omitted to state a material fact required to be stated therein or necessary in order to make the statements therein, in the light of the circumstances under which they were made, not misleading. The financial statements of the Company included in the SEC Reports comply in all material respects with applicable accounting requirements and the rules and regulations of the Commission with respect thereto as in effect at the time of filing. Such financial statements have been prepared in accordance with United States generally accepted accounting principles applied on a consistent basis during the periods involved (“ GAAP ”), except as may be otherwise specified in such financial statements or the notes thereto and except that unaudited financial statements may not contain all footnotes required by GAAP, and fairly present in all material respects the financial position of the Company and its consolidated Subsidiaries in accordance with GAAP as of and for the dates thereof and the results of operations and cash flows for the periods then ended, subject, in the case of unaudited statements, to normal, immaterial, year-end audit adjustments.",43
LexGLUE_ledgar,ledgar_487,"All notices required or permitted to be given by the Corporation with respect to the Series B Preferred Stock shall be in writing, and if delivered by first class United States mail, postage prepaid, to the holders of the Series B Preferred Stock at their last addresses as they shall appear upon the books of the Corporation, shall be conclusively presumed to have been duly given, whether or not the holder actually receives such notice; provided, however, that failure to duly give such notice by mail, or any defect in such notice, to the holders of any stock designated for repurchase, shall not affect the validity of the proceedings for the repurchase of any other shares of Series B Preferred Stock, or of any other matter required to be presented for the approval of the holders of the Series B Preferred Stock.",65
LexGLUE_ledgar,ledgar_488,"The Seller Parties will not, directly or indirectly, use the proceeds of any Incremental Purchase or Letter of Credit for any purpose which would breach, in any material respect, any Anti-Corruption Law.",3
LexGLUE_ledgar,ledgar_489,"Unless the Committee specifically determines otherwise, the Nonqualified Stock Options shall be subject to adjustment or substitution as to the number, price or, if applicable, kind of shares of stock or other consideration subject to such Awards or as otherwise determined by the Committee to be equitable (a) in the event of changes in the outstanding Common Stock or in the capital structure of the Company, by reason of stock dividends, stock splits, recapitalizations, reorganizations, mergers, consolidations, combinations, exchanges or other relevant changes in capitalization occurring after the date of the grant of any such Award or (b) in the event of any change in applicable laws or any change in circumstances which results in or would result in any substantial dilution or enlargement of the rights granted to, or available for, the Holder under this Agreement, or which otherwise warrants equitable adjustment because it interferes with the intended operation of the Agreement. The Company shall give each Holder notice of an adjustment hereunder and, upon notice, such adjustment shall be conclusive and binding for all purposes.",0
LexGLUE_ledgar,ledgar_490,"The Company or any employer Affiliate has the authority and the right to deduct or withhold from any payment related to the DER Account due Grantee, or from any payroll or other payment due Grantee, any federal, state, local, or foreign taxes (including Grantee’s FICA obligation) required by law to be withheld with respect to any taxable event arising as a result of the DER Account.",99
LexGLUE_ledgar,ledgar_491,"If the foregoing is acceptable to you, please sign a copy of this Final Release Agreement and return a PDF of the Final Release Agreement to me by email. Y ou may take up to forty-five (45 ) days from today to consider, sign and return this Final Release Agreement. In addition, you may revoke the Final Release Agreement after signing it, but only by delivering a signed revocation notice to me within seven (7) days of your signing this Final Release Agreement. You acknowledge that your execution of this Final Release Agreement is a condition to your receipt of all payments and benefits offered to you as part of the Program described in Exhibit D to the Separation Agreement, and that you have received the information set forth in Exhibit D along with any updates to such Exhibit D as of the date you sign this Final Release Agreement. This Final Release Agreement shall be effective on the eighth day after you sign and return it (“ Effective Date ”). You agree that under no circumstances shall you sign or return this Final Release Agreement prior to the day following the Separation Date.",33
LexGLUE_ledgar,ledgar_492,"During the Employment Period, Executive shall receive an initial annual base salary in an amount equal to $400,000, less all applicable withholdings, which shall be paid in accordance with the customary payroll practices of the Company and prorated for partial calendar years of employment (as in effect from time to time, the “Annual Base Salary”). The Annual Base Salary shall be subject to annual review by the Board, in its sole discretion, for possible increase and any such increased Annual Base Salary shall constitute “Annual Base Salary” for purposes of this Agreement.",11
LexGLUE_ledgar,ledgar_493,"This Agreement and the other Transaction Documents constitute the sole and entire agreement of the Parties with respect to the subject matter contained herein and therein, and supersede all prior and contemporaneous understandings and agreements, both written and oral, with respect to such subject matter in any way, including that certain (a) Letter of Intent, dated January 15, 2019, by and among Buyer and Sellers. In the event of any inconsistency between the statements in the body of this Agreement and those in the other Transaction Documents, the Schedules (other than an exception expressly set forth as such in the Disclosure Schedules), the statements in the body of this Agreement will control.",38
LexGLUE_ledgar,ledgar_494,"Existing Borrowers, Agent, Lenders and Guarantors (by their signatures to the consent attached hereto) hereby consent to the assumption of the Loan Agreement, the Notes, the Fee Letter, the Indemnity and the other Loan Documents to which Borrowers are a party and the Obligations by the Additional Borrower and agree and acknowledge that after the date of this Joinder Agreement, (i) the Additional Borrower shall be a "" Borrower "" and (ii) the Additional Project shall be a "" Project ,"" for all purposes of the Loan Agreement, the Notes, the Fee Letter and the Indemnity and each of the other Loan Documents, including for purposes of the Indemnity provided to Agent and Lenders by each of the Borrowers (including Additional Borrower upon execution of this Joinder Agreement) under the Indemnity.",22
LexGLUE_ledgar,ledgar_495,"Payment of the aggregate principal amount outstanding under this Note (the “ Principal Amount ”), together with all accrued and unpaid interest thereon shall be made on the Maturity Date.",68
LexGLUE_ledgar,ledgar_496,"With the exception of Base Rate Loans, interest on Loans, Letter of Credit fees, Related Expenses and commitment and other fees and charges hereunder shall be computed on the basis of a year having three hundred sixty (360) days and calculated for the actual number of days elapsed. With respect to Base Rate Loans, interest shall be computed on the basis of a year having three hundred sixty-five (365) days or three hundred sixty-six (366) days, as the case may be, and calculated for the actual number of days elapsed.",42
LexGLUE_ledgar,ledgar_497,"The Plan shall take effect as of the closing of the Company’s initial public offering subject to approval by the shareholders of the Company as required by Section 423 of the Code, which approval must occur within twelve months of the adoption of the Plan by the Board.",33
LexGLUE_ledgar,ledgar_498,Neither the Parent Borrower nor any of its Subsidiaries is in default under or with respect to any of its Contractual Obligations in any respect which would reasonably be expected to have a Material Adverse Effect. No Default or Event of Default has occurred and is continuing.,62
LexGLUE_ledgar,ledgar_499,"All costs and expenses (including attorneys’ fees) incurred in connection with the negotiation and preparation of, or any claim, dispute or litigation pertaining to, this Agreement shall be paid by the party incurring such expenses.",41
