dataset,contract_id,text,label
LexGLUE_unfair_tos,unfair_tos_0,"last updated date : may 15 , 2017",[]
LexGLUE_unfair_tos,unfair_tos_1,"academia , inc. ( `` academia.edu '' or `` we '' ) offers a social networking service which enables its users , including graduate students and academics , to create academic profile pages and to connect with other users , including graduate students and academics , around the world with the same research interests ( the `` services '' ) through our website , accessible at academia.edu ( the `` site '' ) .",[]
LexGLUE_unfair_tos,unfair_tos_2,"please read carefully the following terms and conditions ( `` terms '' ) and our privacy policy , which may be found at academia.edu/privacy and which is incorporated by reference into these terms .",[]
LexGLUE_unfair_tos,unfair_tos_3,"these terms govern your access to and use of the site , services and collective content ( defined below ) , and constitute a binding legal agreement between you and academia.edu .",[]
LexGLUE_unfair_tos,unfair_tos_4,"arbitration notice : unless you opt out of arbitration within 30 days of the date you first agree to these terms by following the opt-out procedure specified in the `` arbitration '' section below , and except for certain types of disputes described in the `` arbitration `` section below , you agree that disputes between you and academia.edu will be resolved by binding , individual arbitration and you are waiving your right to a trial by jury or to participate as a plaintiff or class member in any purported class action or representative proceeding .",[7]
LexGLUE_unfair_tos,unfair_tos_5,"`` content '' means text , graphics , images , music , software , audio , video , information or other works of authorship .",[]
LexGLUE_unfair_tos,unfair_tos_6,"`` academia.edu content '' means content that academia.edu makes available through the site or services , including any content licensed from a third party , but excluding member content .",[]
LexGLUE_unfair_tos,unfair_tos_7,"`` member '' means a person who completes academia.edu 's account registration process , as described under the `` account registration '' section below .",[]
LexGLUE_unfair_tos,unfair_tos_8,"`` member content '' means content that a member posts , uploads , publishes , submits or transmits to be made available through the site or services .",[]
LexGLUE_unfair_tos,unfair_tos_9,"`` collective content '' means , collectively , academia.edu content and member content .",[]
LexGLUE_unfair_tos,unfair_tos_10,certain areas of the site ( and your access to or use of certain services or collective content ) may have different terms and conditions posted or may require you to agree with and accept additional terms and conditions .,[]
LexGLUE_unfair_tos,unfair_tos_11,"if there is a conflict between these terms and terms and conditions posted for a specific area of the site , services or collective content , the latter terms and conditions will take precedence with respect to your use of or access to that area of the site , services or collective content , as applicable .",[]
LexGLUE_unfair_tos,unfair_tos_12,"you acknowledge and agree that , by accessing or using the site or services or by downloading or posting any content from or on the site or through the services , you are indicating that you have read , and that you understand and agree to be bound by , these terms , whether or not you have registered on or through the site .",[4]
LexGLUE_unfair_tos,unfair_tos_13,"if you do not agree to these terms , then you have no right to access or use the site , services or collective content .",[]
LexGLUE_unfair_tos,unfair_tos_14,"if you accept or agree to these terms on behalf of a company , university or other legal entity , you represent and warrant that you have the authority to bind that company , university or other legal entity to these terms and , in such event , `` you '' and `` your '' will refer and apply to that company or other legal entity .",[]
LexGLUE_unfair_tos,unfair_tos_15,"academia.edu reserves the right , at its sole discretion , to modify the site , services and these terms , at any time and without prior notice .",[2]
LexGLUE_unfair_tos,unfair_tos_16,if we modify these terms we will post the modification on the site or provide you with notice of the modification .,[]
LexGLUE_unfair_tos,unfair_tos_17,we will also update the `` last updated date '' at the top of these terms .,[]
LexGLUE_unfair_tos,unfair_tos_18,"by continuing to access or use the site or services after we have posted a modification on the site or have provided you with notice of a modification , you are indicating that you agree to be bound by the modified terms .",[4]
LexGLUE_unfair_tos,unfair_tos_19,"if the modified terms are not acceptable to you , your only recourse is to cease using the site and services .",[]
LexGLUE_unfair_tos,unfair_tos_20,the site and services are intended solely for persons who are 13 years of age or older .,[]
LexGLUE_unfair_tos,unfair_tos_21,any access to or use of the site or services by anyone under the age of 13 is expressly prohibited .,[]
LexGLUE_unfair_tos,unfair_tos_22,by accessing or using the site or services you represent and warrant that you are 13 years of age or older .,[]
LexGLUE_unfair_tos,unfair_tos_23,in order to access certain features of the site and services and to post any member content on the site or through the services you must register to create an account ( `` account '' ) and become a member .,[]
LexGLUE_unfair_tos,unfair_tos_24,"you may register directly via the site or by logging into your account with certain third party social media or social networking sites ( `` sns '' ) ( including , but not limited to , facebook ) via the site , as described herein .",[]
LexGLUE_unfair_tos,unfair_tos_25,"if you decide to register through an sns , we will extract the personal information you have provided to the sns ( such as your `` real '' name , email address and other information you make publicly available via the sns ) from the account you have with the applicable sns and use that information to create your account .",[]
LexGLUE_unfair_tos,unfair_tos_26,the specific information that we extract may depend on the privacy settings you have with the sns .,[]
LexGLUE_unfair_tos,unfair_tos_27,you hereby consent to our access to and collection of such personal information about you .,[]
LexGLUE_unfair_tos,unfair_tos_28,"during the registration process , you will be required to provide certain information and you will establish a username and a password .",[]
LexGLUE_unfair_tos,unfair_tos_29,"you agree to provide accurate , current and complete information during the registration process and to update such information to keep it accurate , current and complete .",[]
LexGLUE_unfair_tos,unfair_tos_30,"academia.edu reserves the right to suspend or terminate your account if any information provided during the registration process or thereafter proves to be inaccurate , not current or incomplete .",[1]
LexGLUE_unfair_tos,unfair_tos_31,you are responsible for safeguarding your password .,[]
LexGLUE_unfair_tos,unfair_tos_32,"you agree that you will not disclose your password to any third party and that you will take sole responsibility for any activities or actions under your account , whether or not you have authorized such activities or actions .",[]
LexGLUE_unfair_tos,unfair_tos_33,you will immediately notify academia.edu of any unauthorized use of your account .,[]
LexGLUE_unfair_tos,unfair_tos_34,see academia.edu 's privacy policy at academia.edu/privacy for information and notices concerning academia.edu 's collection and use of your personal information .,[]
LexGLUE_unfair_tos,unfair_tos_35,academia.edu may offer you the ability to access certain features through purchase of a recurring subscription ( `` subscription '' ) .,[]
LexGLUE_unfair_tos,unfair_tos_36,"when you purchase a subscription or make any other paid feature related purchase via the services ( each , a `` transaction '' ) , you expressly authorize us ( or our third party payment processor , e.g. stripe ) to charge you for such transaction .",[]
LexGLUE_unfair_tos,unfair_tos_37,"we may ask you to supply additional information relevant to your transaction , including , without limitation , your credit card number , the expiration date of your credit card , your billing address and additional information to verify your identity before completing your transaction ( such information , `` payment information '' ) .",[]
LexGLUE_unfair_tos,unfair_tos_38,you represent and warrant that you have the legal right to use all payment method ( s ) represented by any such payment information .,[]
LexGLUE_unfair_tos,unfair_tos_39,"when you initiate a transaction , you authorize us to store and continue billing you using your payment information and to provide your payment information to our third party payment processors as needed to complete your transactions .",[]
LexGLUE_unfair_tos,unfair_tos_40,we may also periodically authorize your payment method in anticipation of applicable fees or related charges .,[]
LexGLUE_unfair_tos,unfair_tos_41,"further , as part of our order processing procedures , we may screen orders for fraud or other undesirable activity .",[]
LexGLUE_unfair_tos,unfair_tos_42,"if we feel an order could be fraudulent , unauthorized , or illegal , we reserve the right to refuse to process that order .",[]
LexGLUE_unfair_tos,unfair_tos_43,your subscription continues until cancelled by you or we terminate your access to or use of the services or the subscription in accordance with these terms .,[]
LexGLUE_unfair_tos,unfair_tos_44,"if you elect to purchase an annual or monthly subscription , you will be charged the annual or monthly subscription fee ( `` subscription fee '' ) plus any applicable taxes , at the beginning of your subscription and each year or month thereafter , respectively , at the then-current rate .",[]
LexGLUE_unfair_tos,unfair_tos_45,"if you elect to purchase an annual subscription , we ( or our third party payment processor ) will automatically charge you on the anniversary of the commencement of your subscription using the payment information you have provided .",[]
LexGLUE_unfair_tos,unfair_tos_46,"if you elect to purchase a monthly subscription , we ( or our third party payment processor ) will automatically charge you each month , on the calendar day corresponding to the commencement of your subscription , using the payment information you have provided .",[]
LexGLUE_unfair_tos,unfair_tos_47,"in the event your subscription began on a day not contained in a given month , your payment method will be charged on a day in the applicable month or such other day as we deem appropriate .",[]
LexGLUE_unfair_tos,unfair_tos_48,"for example , if you started your subscription on january 31st , your next payment date is likely to be february 28th , and your payment method would be billed on that date .",[]
LexGLUE_unfair_tos,unfair_tos_49,"by agreeing to these terms and electing to purchase a subscription , you acknowledge that your subscription has recurring payment features and you accept responsibility for all recurring payment obligations prior to cancellation of your subscription by you or academia.edu .",[]
LexGLUE_unfair_tos,unfair_tos_50,we may offer subscriptions on a free trial basis ( `` free trial '' ) for a specified period of time .,[]
LexGLUE_unfair_tos,unfair_tos_51,"if we offer you a free trial , the specific terms of your free trial will be provided at signup and/or in the promotional materials describing the free trial and your use of the free trial is subject to your compliance with such specific terms .",[]
LexGLUE_unfair_tos,unfair_tos_52,free trials may not be combined with any other offer .,[]
LexGLUE_unfair_tos,unfair_tos_53,"except as may otherwise be provided in the specific terms for the free trial offer , free trials are only available to users who have not previously subscribed to the service in connection with which the free trial is being offered .",[]
LexGLUE_unfair_tos,unfair_tos_54,"when you agree to a free trial , you are also agreeing to sign up for a subscription as described above and , consequently , unless you cancel your subscription prior to the end of your free trial , we ( or our third party payment processor ) will begin charging your payment method on a recurring basis for the subscription fee ( plus any applicable taxes ) until you cancel your subscription .",[]
LexGLUE_unfair_tos,unfair_tos_55,instructions for cancelling your subscription are stated below in the `` cancelling subscriptions '' section .,[]
LexGLUE_unfair_tos,unfair_tos_56,"we reserve the right to modify or terminate free trials at any time , without notice and in our sole discretion .",[1]
LexGLUE_unfair_tos,unfair_tos_57,you may cancel your subscription at any time .,[]
LexGLUE_unfair_tos,unfair_tos_58,"please note , however , that , except for the thirty ( 30 ) day period following the start of your subscription , all sales are final .",[]
LexGLUE_unfair_tos,unfair_tos_59,after the first thirty ( 30 ) day period following the start of your subscription you will not receive a refund of any portion of the subscription fee paid for the then current subscription period at the time of cancellation .,[]
LexGLUE_unfair_tos,unfair_tos_60,"to cancel , you can either ( i ) email us at support@academia.edu and follow instructions , if any , we provide to you in response to your cancellation request , or ( ii ) initiate a cancellation through your account settings within the services .",[]
LexGLUE_unfair_tos,unfair_tos_61,you will be responsible for all subscription fees incurred for the then current subscription period .,[]
LexGLUE_unfair_tos,unfair_tos_62,"if you cancel , your cancellation will be effective immediately , but academia.edu will allow you to access the subscription features until the most recently paid-up subscription period ends , and then we will terminate your access .",[]
LexGLUE_unfair_tos,unfair_tos_63,cancelling your subscription wo n't cancel your account .,[]
LexGLUE_unfair_tos,unfair_tos_64,see the termination and account cancellation section below for information on canceling your account .,[]
LexGLUE_unfair_tos,unfair_tos_65,please be aware that any fee or subscription plan is exclusive of all taxes .,[]
LexGLUE_unfair_tos,unfair_tos_66,"if at any point any applicable sales use , vat , gst , excise , withholding or similar taxes or levies , whether domestic or foreign , exist , the member is liable for them .",[]
LexGLUE_unfair_tos,unfair_tos_67,"if we believe , in our sole discretion , that any member of academia.edu or academia premium or other academia.edu paid services is in breach of our terms , or act outside of the letter or spirit of our terms , we reserve the right to add limitations to your access to www.academia.edu , up to and including terminating all access to www.academia.edu .",[2 1]
LexGLUE_unfair_tos,unfair_tos_68,"in this case , the member in question is not eligible for any refunds on any portion of their subscription payment .",[]
LexGLUE_unfair_tos,unfair_tos_69,"the site , services and collective content are protected by copyright , trademark , and other laws of the united states and foreign countries .",[]
LexGLUE_unfair_tos,unfair_tos_70,"you acknowledge and agree that the site , services and collective content , including all associated intellectual property rights , are the exclusive property of academia.edu and its licensors .",[]
LexGLUE_unfair_tos,unfair_tos_71,"you will not remove , alter or obscure any copyright , trademark , service mark or other proprietary rights notices incorporated in or accompanying the site , services or collective content .",[]
LexGLUE_unfair_tos,unfair_tos_72,licenses granted by academia.edu to academia.edu content and member content,[]
LexGLUE_unfair_tos,unfair_tos_73,"subject to your compliance with the terms and conditions of these terms , academia.edu authorizes you to download , view and print any academia.edu content , solely for your personal and non-commercial purposes , and to access and use the site and services , including to download , view and print any member content solely for your personal and non-commercial purposes , and subject to the restrictions set forth in these terms .",[]
LexGLUE_unfair_tos,unfair_tos_74,you have no right to sublicense the license rights granted in this section .,[]
LexGLUE_unfair_tos,unfair_tos_75,"you will not use , copy , adapt , modify , prepare derivative works based upon , distribute , license , sell , transfer , publicly display , publicly perform , transmit , stream , broadcast or otherwise exploit the site , services or collective content , or any related information to which you may have access ; except as expressly permitted in these terms .",[]
LexGLUE_unfair_tos,unfair_tos_76,"no licenses or rights are granted to you by implication or otherwise under any intellectual property rights owned or controlled by academia.edu or its licensors , except for the licenses and rights expressly granted in these terms .",[]
LexGLUE_unfair_tos,unfair_tos_77,"we may , in our sole discretion , permit members to post , upload , publish , submit or transmit member content .",[]
LexGLUE_unfair_tos,unfair_tos_78,"by making any member content available through the site or services , you hereby grant to academia.edu a worldwide , revocable , non-exclusive , transferable license to exercise any and all rights under copyright , in any medium , and to authorize others to do the same , in connection with operating and providing the services and content to you and to other members , provided that the member content is not sold for a profit .",[]
LexGLUE_unfair_tos,unfair_tos_79,academia.edu does not claim any ownership rights in any member content and nothing in these terms will be deemed to restrict any rights that you may have to use and exploit any member content .,[]
LexGLUE_unfair_tos,unfair_tos_80,you acknowledge and agree that you are solely responsible for all member content that you make available through the site or services .,[]
LexGLUE_unfair_tos,unfair_tos_81,"accordingly , you represent and warrant that : ( i ) you either are the sole and exclusive owner of all member content that you make available through the site or services or you have all rights , licenses , consents and releases that are necessary to grant to academia.edu the rights in such member content , as contemplated under these terms ; and ( ii ) neither the member content nor your posting , uploading , publication , submission or transmittal of the member content or academia.edu 's use of the member content ( or any portion thereof ) on , through or by means of the site or services will infringe , misappropriate or violate a third party 's patent , copyright , trademark , trade secret , moral rights or other intellectual property rights , or rights of publicity or privacy , or result in the violation of any applicable law or regulation .",[]
LexGLUE_unfair_tos,unfair_tos_82,content from social media and networking sites,[]
LexGLUE_unfair_tos,unfair_tos_83,"as part of the functionality of the site and services , you may link your account with online accounts you may have with third party service providers ( each such account , a `` third party account '' ) by either : ( i ) providing your third party account login information to academia.edu through the site or services ; or ( ii ) allowing academia.edu to access your third party account , as is permitted under the applicable terms and conditions that govern your use of each third party account .",[]
LexGLUE_unfair_tos,unfair_tos_84,"you represent that you are entitled to disclose your third party account login information to academia.edu and/or to grant academia.edu access to your third party account ( including , but not limited to , for use for the purposes described herein ) , without breach by you of any of the terms and conditions that govern your use of the applicable third party account and without obligating academia.edu to pay any fees or making academia.edu subject to any usage limitations imposed by such third party service providers .",[]
LexGLUE_unfair_tos,unfair_tos_85,"by granting academia.edu access to any third party accounts , you understand that academia.edu will access , make available and store ( if applicable ) any content that you have provided to and stored in your third party account ( `` third party account content '' ) so that it is available on and through the site and services via your account .",[]
LexGLUE_unfair_tos,unfair_tos_86,"unless otherwise specified in these terms , all third party account content , if any , will be considered to be member content for all purposes of these terms .",[]
LexGLUE_unfair_tos,unfair_tos_87,"depending on the third party accounts you choose and subject to the privacy settings that you have set in such third party accounts , personally identifiable information that you post to your third party accounts will be available on and through your account on the site and services .",[]
LexGLUE_unfair_tos,unfair_tos_88,"please note that if a third party account or associated service becomes unavailable or academia.edu 's access to such third party account is terminated by the third party service provider , then the third party account content that was available from such third party account will no longer be available on and through the site and services .",[]
LexGLUE_unfair_tos,unfair_tos_89,"you have the ability to disable the connection between your account and your third party accounts , at any time , by accessing your account settings page .",[]
LexGLUE_unfair_tos,unfair_tos_90,please note that your relationship with the third party service providers associated wth your third party accounts is governed solely by your agreement ( s ) with such third party service providers .,[]
LexGLUE_unfair_tos,unfair_tos_91,"academia.edu makes no effort to review any third party account content for any purpose , including but not limited to , for accuracy , legality or non-infringement and academia.edu is not responsible for any third party account content .",[]
LexGLUE_unfair_tos,unfair_tos_92,"we welcome and encourage you to provide feedback , comments and suggestions for improvements to the site or services ( `` feedback '' ) .",[]
LexGLUE_unfair_tos,unfair_tos_93,you may submit feedback by emailing us at feedback@academia.eduor through the `` ideas '' section of the site .,[]
LexGLUE_unfair_tos,unfair_tos_94,"you acknowledge and agree that if you submit any feedback to us , you hereby grant to us a non-exclusive , worldwide , perpetual , irrevocable , fully-paid , royalty-free , sub-licensable and transferable license under any and all intellectual property rights that you own or control to use , copy , modify , create derivative works based upon and otherwise exploit the feedback for any purpose .",[]
LexGLUE_unfair_tos,unfair_tos_95,you agree not to do any of the following :,[]
LexGLUE_unfair_tos,unfair_tos_96,"• post , upload , publish , submit or transmit any content that : ( i ) infringes , misappropriates or violates a third party 's patent , copyright , trademark , trade secret , moral rights or other intellectual property rights , or rights of publicity or privacy ; ( ii ) violates , or encourages any conduct that would violate , any applicable law or regulation or would give rise to civil liability ; ( iii ) is fraudulent , knowingly false , misleading or deceptive ; ( iv ) is defamatory , obscene , pornographic , vulgar or offensive ; ( v ) promotes discrimination , bigotry , racism , hatred , harassment or harm against any individual or group ; ( vi ) is violent or threatening or promotes violence or actions that are threatening to any person or entity ; or ( vii ) promotes illegal or harmful activities or substances ;",[]
LexGLUE_unfair_tos,unfair_tos_97,• disclose information that you do not have the right to disclose ( such as confidential information of others ( including your employer ) ;,[]
LexGLUE_unfair_tos,unfair_tos_98,"• use , display , mirror or frame the site , or any individual element within the site or services , academia.edu 's name , any academia.edu trademark , logo or other proprietary information , or the layout and design of any page or form contained on a page , without academia.edu 's express written consent ;",[]
LexGLUE_unfair_tos,unfair_tos_99,"• access , tamper with , or use non-public areas of the site , academia.edu 's computer systems , or the technical delivery systems of academia.edu 's providers ;",[]
LexGLUE_unfair_tos,unfair_tos_100,"• attempt to probe , scan , or test the vulnerability of any academia.edu system or network or breach any security or authentication measures ;",[]
LexGLUE_unfair_tos,unfair_tos_101,"• avoid , bypass , remove , deactivate , impair , descramble or otherwise circumvent any technological measure implemented by academia.edu or any of academia.edu 's providers or any other third party ( including another user ) to protect the site , services or collective content ;",[]
LexGLUE_unfair_tos,unfair_tos_102,"• scrape or copy profiles and information of others through any means ( including crawlers , browser plugins and add-ons , and any other technology or manual work ) ;",[]
LexGLUE_unfair_tos,unfair_tos_103,"• sell , sponsor , or otherwise monetize any feature of the services , without academia.edu 's consent ;",[]
LexGLUE_unfair_tos,unfair_tos_104,"• attempt to access or search the site , services or collective content or download collective content from the site or services through the use of any engine , software , tool , agent , device or mechanism ( including spiders , robots , crawlers , data mining tools or the like ) other than the software and/or search agents provided by academia.edu or other generally available third party web browsers ;",[]
LexGLUE_unfair_tos,unfair_tos_105,"• use bots or other automated methods to access the services , add or download contacts or profile information ;",[]
LexGLUE_unfair_tos,unfair_tos_106,"• send any unsolicited or unauthorized advertising , promotional materials , email , junk mail , spam , chain letters or other form of solicitation ;",[]
LexGLUE_unfair_tos,unfair_tos_107,"• use any meta tags or other hidden text or metadata utilizing a academia.edu trademark , logo url or product name without academia.edu 's express written consent ;",[]
LexGLUE_unfair_tos,unfair_tos_108,"• use the site , services or collective content for any commercial purpose or the benefit of any third party or in any manner not permitted by these terms ;",[]
LexGLUE_unfair_tos,unfair_tos_109,"• forge any tcp/ip packet header or any part of the header information in any email or newsgroup posting , or in any way use the site , services or collective content to send altered , deceptive or false source-identifying information ;",[]
LexGLUE_unfair_tos,unfair_tos_110,"• attempt to decipher , decompile , disassemble or reverse engineer any of the software used to provide the site , services or collective content ;",[]
LexGLUE_unfair_tos,unfair_tos_111,"• interfere with , or attempt to interfere with , the access of any user , host or network , including , without limitation , sending a virus , overloading , flooding , spamming , or mail-bombing the site or services ;",[]
LexGLUE_unfair_tos,unfair_tos_112,• collect or store any personally identifiable information from the site or services from other users of the site or services without their express permission ;,[]
LexGLUE_unfair_tos,unfair_tos_113,• impersonate or misrepresent your affiliation with any person or entity ;,[]
LexGLUE_unfair_tos,unfair_tos_114,• violate any applicable law or regulation ; or,[]
LexGLUE_unfair_tos,unfair_tos_115,• encourage or enable any other individual to do any of the foregoing .,[]
LexGLUE_unfair_tos,unfair_tos_116,academia.edu will have the right to investigate and prosecute violations of any of the above to the fullest extent of the law .,[]
LexGLUE_unfair_tos,unfair_tos_117,academia.edu may involve and cooperate with law enforcement authorities in prosecuting users who violate these terms .,[]
LexGLUE_unfair_tos,unfair_tos_118,"you acknowledge that academia.edu has no obligation to monitor your access to or use of the site , services or collective content or to review or edit any collective content , but has the right to do so for the purpose of operating the site and services , to ensure your compliance with these terms , or to comply with applicable law or the order or requirement of a court , administrative agency or other governmental body .",[]
LexGLUE_unfair_tos,unfair_tos_119,"academia.edu reserves the right , at any time and without prior notice , to remove or disable access to any collective content , including , but not limited to , collective content that academia.edu , at its sole discretion , considers to be in violation of these terms or otherwise harmful to the site or services .",[3 1]
LexGLUE_unfair_tos,unfair_tos_120,academia.edu respects copyright law and expects its users to do the same .,[]
LexGLUE_unfair_tos,unfair_tos_121,"it is academia.edu 's policy to terminate , in appropriate circumstances , members or other account holders who repeatedly infringe or are believed to be repeatedly infringing the rights of copyright holders .",[1]
LexGLUE_unfair_tos,unfair_tos_122,"please see academia.edu 's copyright policy at academia.edu/copyright , for further information .",[]
LexGLUE_unfair_tos,unfair_tos_123,the site or services may contain links to third-party websites or resources .,[]
LexGLUE_unfair_tos,unfair_tos_124,"you acknowledge and agree that academia.edu is not responsible or liable for : ( i ) the availability or accuracy of such websites or resources ; or ( ii ) the content , products , or services on or available from such websites or resources .",[]
LexGLUE_unfair_tos,unfair_tos_125,"links to such websites or resources do not imply any endorsement by academia.edu of such websites or resources or the content , products , or services available from such websites or resources .",[]
LexGLUE_unfair_tos,unfair_tos_126,"you acknowledge sole responsibility for and assume all risk arising from your use of any such websites or resources or the content , products , or services on or available from such websites or resources .",[]
LexGLUE_unfair_tos,unfair_tos_127,"academia.edu reserves the right , at its sole discretion , to discontinue or terminate the site and services and to terminate these terms , at any time and without prior notice .",[1]
LexGLUE_unfair_tos,unfair_tos_128,"if you breach any of these terms , academia.edu will have the right to suspend or disable your account or terminate these terms , at its sole discretion and without prior notice to you .",[1]
LexGLUE_unfair_tos,unfair_tos_129,"academia.edu reserves the right to revoke your access to and use of the site , services and collective content at any time , with or without cause .",[1]
LexGLUE_unfair_tos,unfair_tos_130,you may cancel your account at any time by visiting your account settings page and clicking on `` remove '' or by sending an email to feedback@academia.edu .,[]
LexGLUE_unfair_tos,unfair_tos_131,"the site , services and collective content are provided `` as is '' , without warranty of any kind , either express or implied .",[]
LexGLUE_unfair_tos,unfair_tos_132,"without limiting the foregoing , academia.edu explicitly disclaims any warranties of merchantability , fitness for a particular purpose , quiet enjoyment or non-infringement , and any warranties arising out of course of dealing or usage of trade .",[]
LexGLUE_unfair_tos,unfair_tos_133,"academia.edu makes no warranty that the site , services or collective content will meet your requirements or be available on an uninterrupted , secure , or error-free basis .",[]
LexGLUE_unfair_tos,unfair_tos_134,"academia.edu makes no warranty regarding the quality of any products , services or collective content purchased or obtained through the site or services or the accuracy , timeliness , truthfulness , completeness or reliability of any content obtained through the site or services .",[]
LexGLUE_unfair_tos,unfair_tos_135,"no advice or information , whether oral or written , obtained from academia.edu or through the site , services or collective content , will create any warranty not expressly made herein .",[]
LexGLUE_unfair_tos,unfair_tos_136,you are solely responsible for all of your communications and interactions with other users of the site and services and with other persons with whom you communicate or interact as a result of your use of the site or services .,[]
LexGLUE_unfair_tos,unfair_tos_137,"you understand that academia.edu does not screen or inquire into the background of any users of the site or services , nor does academia.edu make any attempt to verify the statements of users of the site or services .",[]
LexGLUE_unfair_tos,unfair_tos_138,academia.edu makes no representations or warranties as to the conduct of users of the site or services or their compatibility with any current or future users of the site or services .,[]
LexGLUE_unfair_tos,unfair_tos_139,"you agree to take reasonable precautions in all communications and interactions with other users of the site and services and with other persons with whom you communicate or interact as a result of your use of the site or services , particularly if you decide to meet offline or in person .",[]
LexGLUE_unfair_tos,unfair_tos_140,"you agree to defend , indemnify , and hold academia.edu , its officers , directors , employees and agents , harmless from and against any claims , liabilities , damages , losses , and expenses , including , without limitation , reasonable legal and accounting fees , arising out of or in any way connected with your access to or use of the site , services or collective content , or your violation of these terms .",[]
LexGLUE_unfair_tos,unfair_tos_141,"you acknowledge and agree that , to the maximum extent permitted by law , the entire risk arising out of your access to and use of the site , services and collective content remains with you .",[]
LexGLUE_unfair_tos,unfair_tos_142,"neither academia.edu nor any other person or entity involved in creating , producing , or delivering the site , services or collective content will be liable for any incidental , special , exemplary or consequential damages , or lost profits , loss of data or loss of goodwill , service interruption , computer damage or system failure or the cost of substitute products or services , or for any damages for personal or bodily injury or emotional distress arising out of or in connection with these terms or from the use of or inability to use the site , services or collective content , or from any communications , interactions or meetings with other users of the site or services or other persons with whom you communicate or interact as a result of your use of the site or services , whether based on warranty , contract , tort ( including negligence ) , product liability or any other legal theory , whether or not academia.edu has been informed of the possibility of such damage , and whether or not foreseeable , even if a limited remedy set forth herein is found to have failed of its essential purpose .",[0]
LexGLUE_unfair_tos,unfair_tos_143,"in no event will academia.edu 's aggregate liability arising out of or in connection with these terms or from the use of or inability to use the site , services or collective content exceed the greater of fifty dollars ( $ 50 ) and subscription fees paid by you during the 12 month period before the act giving rise to the liability .",[0]
LexGLUE_unfair_tos,unfair_tos_144,the limitations of damages set forth above are fundamental elements of the basis of the bargain between academia.edu and you .,[]
LexGLUE_unfair_tos,unfair_tos_145,"some jurisdictions do not allow the exclusion or limitation of liability for consequential or incidental damages , so the above limitation may not apply to you .",[]
LexGLUE_unfair_tos,unfair_tos_146,"all trademarks , service marks , logos , trade names and any other proprietary designations of academia.edu used herein are trademarks or registered trademarks of academia.edu .",[]
LexGLUE_unfair_tos,unfair_tos_147,"any other trademarks , service marks , logos , trade names and any other proprietary designations are the trademarks or registered trademarks of their respective parties .",[]
LexGLUE_unfair_tos,unfair_tos_148,these terms and any action related thereto will be governed by the laws of the state of california without regard to its conflict of laws provisions .,[5]
LexGLUE_unfair_tos,unfair_tos_149,"these terms constitute the entire and exclusive understanding and agreement between academia.edu and you regarding the site , services and collective content , and these terms supersede and replace any and all prior oral or written understandings or agreements between academia.edu and you regarding the site , services and collective content .",[]
LexGLUE_unfair_tos,unfair_tos_150,"you may not assign or transfer these terms , by operation of law or otherwise , without academia.edu 's prior written consent .",[]
LexGLUE_unfair_tos,unfair_tos_151,"any attempt by you to assign or transfer these terms , without such consent , will be null and of no effect .",[]
LexGLUE_unfair_tos,unfair_tos_152,"academia.edu may assign or transfer these terms , at its sole discretion , without restriction .",[]
LexGLUE_unfair_tos,unfair_tos_153,"subject to the foregoing , these terms will bind and inure to the benefit of the parties , their successors and permitted assigns .",[]
LexGLUE_unfair_tos,unfair_tos_154,"any notices or other communications permitted or required hereunder , including those regarding modifications to these terms , will be in writing and given by academia.edu ( i ) via email ( in each case to the address that you provide ) ; or ( ii ) by posting to the site .",[]
LexGLUE_unfair_tos,unfair_tos_155,"for notices made by e-mail , the date of receipt will be deemed the date on which such notice is transmitted .",[]
LexGLUE_unfair_tos,unfair_tos_156,"you and academia.edu agree that any dispute , claim or controversy arising out of or relating to these terms or the breach , termination , enforcement , interpretation or validity thereof or the use of the site or services ( collectively , `` disputes '' ) will be settled by binding arbitration , except that each party retains the right : ( i ) to bring an individual action in small claims court and ( ii ) to seek injunctive or other equitable relief in a court of competent jurisdiction to prevent the actual or threatened infringement , misappropriation or violation of a party 's copyrights , trademarks , trade secrets , patents or other intellectual property rights ( the action described in the foregoing clause ( ii ) , an `` ip protection action '' ) .",[7]
LexGLUE_unfair_tos,unfair_tos_157,( the actions described in clauses ( i ) and ( ii ) are the `` litigable actions . '' ),[]
LexGLUE_unfair_tos,unfair_tos_158,"without limiting the preceding sentence , you will also have the right to litigate any dispute other than a litigable action , if you provide academia.edu with written notice of your desire to do so by email or regular mail at 251 kearny st , 5th floor , san francisco ca 94108 within thirty ( 30 ) days following the date you first agree to these terms ( such notice , an `` arbitration opt-out notice '' ) .",[]
LexGLUE_unfair_tos,unfair_tos_159,"if you do n't provide academia.edu with an arbitration opt-out notice within the thirty ( 30 ) day period , you will be deemed to have knowingly and intentionally waived your right to litigate any dispute except for litigable actions .",[]
LexGLUE_unfair_tos,unfair_tos_160,"the exclusive jurisdiction and venue of any ip protection action or , if you timely provide academia.edu with an arbitration opt-out notice , any dispute other than an individual action brought in small claims court , will be the state and federal courts located in the northern district of california and each of the parties hereto waives any objection to jurisdiction and venue in such courts .",[6]
LexGLUE_unfair_tos,unfair_tos_161,"unless you timely provide cir with an arbitration opt-out notice , you acknowledge and agree that you and academia.edu are each waiving the right to a trial by jury or to participate as a plaintiff or class member in any purported class action or representative proceeding .",[]
LexGLUE_unfair_tos,unfair_tos_162,"further , unless both you and academia.edu otherwise agree in writing , the arbitrator may not consolidate more than one person 's claims , and may not otherwise preside over any form of any class or representative proceeding .",[]
LexGLUE_unfair_tos,unfair_tos_163,"if this specific paragraph is held unenforceable , then the entirety of this `` dispute resolution '' section will be deemed void .",[]
LexGLUE_unfair_tos,unfair_tos_164,"except as provided in the preceding sentence , this `` dispute resolution '' section will survive any termination of these terms .",[]
LexGLUE_unfair_tos,unfair_tos_165,arbitration rules and governing law .,[]
LexGLUE_unfair_tos,unfair_tos_166,"the arbitration will be administered by the american arbitration association ( `` aaa '' ) in accordance with the commercial arbitration rules and the supplementary procedures for consumer related disputes ( the `` aaa rules '' ) then in effect , except as modified by this `` dispute resolution '' section .",[]
LexGLUE_unfair_tos,unfair_tos_167,( the aaa rules are available at www.adr.org/arb_med or by calling the aaa at 1-800-778-7879 . ),[]
LexGLUE_unfair_tos,unfair_tos_168,the federal arbitration act will govern the interpretation and enforcement of this section .,[]
LexGLUE_unfair_tos,unfair_tos_169,a party who desires to initiate arbitration must provide the other party with a written demand for arbitration as specified in the aaa rules .,[]
LexGLUE_unfair_tos,unfair_tos_170,( the aaa provides a form demand for arbitration at http://www.adr.org/aaa/showpdf?doc=adrstg_004175 and a separate form for california residents at http://www.adr.org/aaa/showpdf?doc=adrstg_015822 . ),[]
LexGLUE_unfair_tos,unfair_tos_171,the arbitrator will be either a retired judge or an attorney licensed to practice law and will be selected by the parties from the aaa 's roster of arbitrators .,[]
LexGLUE_unfair_tos,unfair_tos_172,"if the parties are unable to agree upon an arbitrator within seven ( 7 ) days of delivery of the demand for arbitration , then the aaa will appoint the arbitrator in accordance with the aaa rules .",[]
LexGLUE_unfair_tos,unfair_tos_173,"unless you and academia.edu otherwise agree , the arbitration will be conducted in the county where you reside .",[]
LexGLUE_unfair_tos,unfair_tos_174,"if your claim does not exceed $ 10,000 , then the arbitration will be conducted solely on the basis of the documents that you and academia.edu submit to the arbitrator , unless you request a hearing or the arbitrator determines that a hearing is necessary .",[]
LexGLUE_unfair_tos,unfair_tos_175,"if your claim exceeds $ 10,000 , your right to a hearing will be determined by the aaa rules .",[]
LexGLUE_unfair_tos,unfair_tos_176,"subject to the aaa rules , the arbitrator will have the discretion to direct a reasonable exchange of information by the parties , consistent with the expedited nature of the arbitration .",[]
LexGLUE_unfair_tos,unfair_tos_177,the arbitrator will render an award within the time frame specified in the aaa rules .,[]
LexGLUE_unfair_tos,unfair_tos_178,the arbitrator 's decision will include the essential findings and conclusions upon which the arbitrator based the award .,[]
LexGLUE_unfair_tos,unfair_tos_179,judgment on the arbitration award may be entered in any court having jurisdiction thereof .,[]
LexGLUE_unfair_tos,unfair_tos_180,the arbitrator 's award damages must be consistent with the terms of the `` limitation of liability '' section above as to the types and the amounts of damages for which a party may be held liable .,[]
LexGLUE_unfair_tos,unfair_tos_181,the arbitrator may award declaratory or injunctive relief only in favor of the claimant and only to the extent necessary to provide relief warranted by the claimant 's individual claim .,[]
LexGLUE_unfair_tos,unfair_tos_182,"if you prevail in arbitration you will be entitled to an award of attorneys ' fees and expenses , to the extent provided under applicable law .",[]
LexGLUE_unfair_tos,unfair_tos_183,"academia.edu will not seek , and hereby waives all rights it may have under applicable law to recover , attorneys ' fees and expenses if it prevails in arbitration .",[]
LexGLUE_unfair_tos,unfair_tos_184,"your responsibility to pay any aaa filing , administrative and arbitrator fees will be solely as set forth in the aaa rules .",[]
LexGLUE_unfair_tos,unfair_tos_185,"however , if your claim for damages does not exceed $ 75,000 , academia.edu will pay all such fees unless the arbitrator finds that either the substance of your claim or the relief sought in your demand for arbitration was frivolous or was brought for an improper purpose ( as measured by the standards set forth in federal rule of civil procedure 11 ( b ) ) .",[]
LexGLUE_unfair_tos,unfair_tos_186,"notwithstanding the provisions of the `` modification '' section above , if academia.edu changes this `` dispute resolution '' section after the date you first accepted these terms ( or accepted any subsequent changes to these terms ) , you may reject any such change by sending us written notice ( including by email to feedback@academia.edu ) within 30 days of the date such change became effective , as indicated in the `` last updated date '' above or in the date of academia.edu 's email to you notifying you of such change .",[]
LexGLUE_unfair_tos,unfair_tos_187,"by rejecting any change , you are agreeing that you will arbitrate any dispute between you and academia.edu in accordance with the provisions of this `` dispute resolution '' section as of the date you first accepted these terms ( or accepted any subsequent changes to these terms ) .",[]
LexGLUE_unfair_tos,unfair_tos_188,the failure of academia.edu to enforce any right or provision of these terms will not constitute a waiver of future enforcement of that right or provision .,[]
LexGLUE_unfair_tos,unfair_tos_189,the waiver of any such right or provision will be effective only if in writing and signed by a duly authorized representative of academia.edu .,[]
LexGLUE_unfair_tos,unfair_tos_190,"except as expressly set forth in these terms , the exercise by either party of any of its remedies under these terms will be without prejudice to its other remedies under these terms or otherwise .",[]
LexGLUE_unfair_tos,unfair_tos_191,"if for any reason a court of competent jurisdiction finds any provision of these terms invalid or unenforceable , that provision will be enforced to the maximum extent permissible and the other provisions of these terms will remain in full force and effect .",[]
LexGLUE_unfair_tos,unfair_tos_192,"if you have any questions about these terms , please contact academia.edu at feedback@academia.edu .",[]
LexGLUE_unfair_tos,unfair_tos_193,"last updated : may 30 , 2017",[]
LexGLUE_unfair_tos,unfair_tos_194,"amazon services llc and/or its affiliates ( `` amazon '' ) provide website features and other products and services to you when you visit or shop at amazon.com , use amazon products or services , use amazon applications for mobile , or use software provided by amazon in connection with any of the foregoing ( collectively , `` amazon services '' ) .",[]
LexGLUE_unfair_tos,unfair_tos_195,amazon provides the amazon services subject to the following conditions .,[]
LexGLUE_unfair_tos,unfair_tos_196,"by using amazon services , you agree to these conditions .",[4]
LexGLUE_unfair_tos,unfair_tos_197,"we offer a wide range of amazon services , and sometimes additional terms may apply .",[]
LexGLUE_unfair_tos,unfair_tos_198,"when you use an amazon service ( for example , your profile , gift cards , amazon video , your media library , amazon devices , or amazon applications ) you also will be subject to the guidelines , terms and agreements applicable to that amazon service ( `` service terms '' ) .",[]
LexGLUE_unfair_tos,unfair_tos_199,"if these conditions of use are inconsistent with the service terms , those service terms will control .",[]
LexGLUE_unfair_tos,unfair_tos_200,"please review our privacy notice , which also governs your use of amazon services , to understand our practices .",[]
LexGLUE_unfair_tos,unfair_tos_201,"when you use amazon services , or send e-mails , text messages , and other communications from your desktop or mobile device to us , you may be communicating with us electronically .",[]
LexGLUE_unfair_tos,unfair_tos_202,"you consent to receive communications from us electronically , such as e-mails , texts , mobile push notices , or notices and messages on this site or through the other amazon services , such as our message center , and you can retain copies of these communications for your records .",[]
LexGLUE_unfair_tos,unfair_tos_203,"you agree that all agreements , notices , disclosures , and other communications that we provide to you electronically satisfy any legal requirement that such communications be in writing .",[]
LexGLUE_unfair_tos,unfair_tos_204,"all content included in or made available through any amazon service , such as text , graphics , logos , button icons , images , audio clips , digital downloads , data compilations , and software is the property of amazon or its content suppliers and protected by united states and international copyright laws .",[]
LexGLUE_unfair_tos,unfair_tos_205,the compilation of all content included in or made available through any amazon service is the exclusive property of amazon and protected by u.s. and international copyright laws .,[]
LexGLUE_unfair_tos,unfair_tos_206,click here to see a non-exhaustive list of amazon trademarks .,[]
LexGLUE_unfair_tos,unfair_tos_207,"in addition , graphics , logos , page headers , button icons , scripts , and service names included in or made available through any amazon service are trademarks or trade dress of amazon in the u.s. and other countries .",[]
LexGLUE_unfair_tos,unfair_tos_208,"amazon 's trademarks and trade dress may not be used in connection with any product or service that is not amazon 's , in any manner that is likely to cause confusion among customers , or in any manner that disparages or discredits amazon .",[]
LexGLUE_unfair_tos,unfair_tos_209,"all other trademarks not owned by amazon that appear in any amazon service are the property of their respective owners , who may or may not be affiliated with , connected to , or sponsored by amazon .",[]
LexGLUE_unfair_tos,unfair_tos_210,one or more patents owned by amazon apply to the amazon services and to the features and services accessible via the amazon services .,[]
LexGLUE_unfair_tos,unfair_tos_211,portions of the amazon services operate under license of one or more patents .,[]
LexGLUE_unfair_tos,unfair_tos_212,click here to see a non-exhaustive list of applicable amazon patents and applicable licensed patents .,[]
LexGLUE_unfair_tos,unfair_tos_213,"subject to your compliance with these conditions of use and any service terms , and your payment of any applicable fees , amazon or its content providers grant you a limited , non-exclusive , non-transferable , non-sublicensable license to access and make personal and non-commercial use of the amazon services .",[]
LexGLUE_unfair_tos,unfair_tos_214,"this license does not include any resale or commercial use of any amazon service , or its contents ; any collection and use of any product listings , descriptions , or prices ; any derivative use of any amazon service or its contents ; any downloading , copying , or other use of account information for the benefit of any third party ; or any use of data mining , robots , or similar data gathering and extraction tools .",[]
LexGLUE_unfair_tos,unfair_tos_215,"all rights not expressly granted to you in these conditions of use or any service terms are reserved and retained by amazon or its licensors , suppliers , publishers , rightsholders , or other content providers .",[]
LexGLUE_unfair_tos,unfair_tos_216,"no amazon service , nor any part of any amazon service , may be reproduced , duplicated , copied , sold , resold , visited , or otherwise exploited for any commercial purpose without express written consent of amazon .",[]
LexGLUE_unfair_tos,unfair_tos_217,"you may not frame or utilize framing techniques to enclose any trademark , logo , or other proprietary information ( including images , text , page layout , or form ) of amazon without express written consent .",[]
LexGLUE_unfair_tos,unfair_tos_218,you may not use any meta tags or any other `` hidden text '' utilizing amazon 's name or trademarks without the express written consent of amazon .,[]
LexGLUE_unfair_tos,unfair_tos_219,you may not misuse the amazon services .,[]
LexGLUE_unfair_tos,unfair_tos_220,you may use the amazon services only as permitted by law .,[]
LexGLUE_unfair_tos,unfair_tos_221,the licenses granted by amazon terminate if you do not comply with these conditions of use or any service terms .,[1]
LexGLUE_unfair_tos,unfair_tos_222,"you may need your own amazon account to use certain amazon services , and you may be required to be logged in to the account and have a valid payment method associated with it .",[]
LexGLUE_unfair_tos,unfair_tos_223,"you are responsible for maintaining the confidentiality of your account and password and for restricting access to your account , and you agree to accept responsibility for all activities that occur under your account or password .",[]
LexGLUE_unfair_tos,unfair_tos_224,"amazon does sell products for children , but it sells them to adults , who can purchase with a credit card or other permitted payment method .",[]
LexGLUE_unfair_tos,unfair_tos_225,"if you are under 18 , you may use the amazon services only with involvement of a parent or guardian .",[]
LexGLUE_unfair_tos,unfair_tos_226,alcohol listings on amazon are intended for adults .,[]
LexGLUE_unfair_tos,unfair_tos_227,"you must be at least 21 years of age to purchase alcohol , or use any site functionality related to alcohol .",[]
LexGLUE_unfair_tos,unfair_tos_228,"amazon reserves the right to refuse service , terminate accounts , terminate your rights to use amazon services , remove or edit content , or cancel orders in its sole discretion .",[3 1]
LexGLUE_unfair_tos,unfair_tos_229,"reviews , comments , communications , and other content",[]
LexGLUE_unfair_tos,unfair_tos_230,"you may post reviews , comments , photos , videos , and other content ; send e-cards and other communications ; and submit suggestions , ideas , comments , questions , or other information , so long as the content is not illegal , obscene , threatening , defamatory , invasive of privacy , infringing of intellectual property rights ( including publicity rights ) , or otherwise injurious to third parties or objectionable , and does not consist of or contain software viruses , political campaigning , commercial solicitation , chain letters , mass mailings , or any form of `` spam '' or unsolicited commercial electronic messages .",[]
LexGLUE_unfair_tos,unfair_tos_231,"you may not use a false e-mail address , impersonate any person or entity , or otherwise mislead as to the origin of a card or other content .",[]
LexGLUE_unfair_tos,unfair_tos_232,"amazon reserves the right ( but not the obligation ) to remove or edit such content , but does not regularly review posted content .",[3]
LexGLUE_unfair_tos,unfair_tos_233,"if you do post content or submit material , and unless we indicate otherwise , you grant amazon a nonexclusive , royalty-free , perpetual , irrevocable , and fully sublicensable right to use , reproduce , modify , adapt , publish , perform , translate , create derivative works from , distribute , and display such content throughout the world in any media .",[]
LexGLUE_unfair_tos,unfair_tos_234,"you grant amazon and sublicensees the right to use the name that you submit in connection with such content , if they choose .",[]
LexGLUE_unfair_tos,unfair_tos_235,you represent and warrant that you own or otherwise control all of the rights to the content that you post ; that the content is accurate ; that use of the content you supply does not violate this policy and will not cause injury to any person or entity ; and that you will indemnify amazon for all claims resulting from content you supply .,[]
LexGLUE_unfair_tos,unfair_tos_236,amazon has the right but not the obligation to monitor and edit or remove any activity or content .,[3]
LexGLUE_unfair_tos,unfair_tos_237,amazon takes no responsibility and assumes no liability for any content posted by you or any third party .,[0]
LexGLUE_unfair_tos,unfair_tos_238,amazon respects the intellectual property of others .,[]
LexGLUE_unfair_tos,unfair_tos_239,"if you believe that your work has been copied in a way that constitutes copyright infringement , please follow our notice and procedure for making claims of copyright infringement",[]
LexGLUE_unfair_tos,unfair_tos_240,all purchases of physical items from amazon are made pursuant to a shipment contract .,[]
LexGLUE_unfair_tos,unfair_tos_241,this means that the risk of loss and title for such items pass to you upon our delivery to the carrier .,[]
LexGLUE_unfair_tos,unfair_tos_242,amazon does not take title to returned items until the item arrives at our fulfillment center .,[]
LexGLUE_unfair_tos,unfair_tos_243,"at our discretion , a refund may be issued without requiring a return .",[]
LexGLUE_unfair_tos,unfair_tos_244,"in this situation , amazon does not take title to the refunded item .",[]
LexGLUE_unfair_tos,unfair_tos_245,"for more information about our returns and refunds , please see our returns center .",[]
LexGLUE_unfair_tos,unfair_tos_246,amazon attempts to be as accurate as possible .,[]
LexGLUE_unfair_tos,unfair_tos_247,"however , amazon does not warrant that product descriptions or other content of any amazon service is accurate , complete , reliable , current , or error-free .",[]
LexGLUE_unfair_tos,unfair_tos_248,"if a product offered by amazon itself is not as described , your sole remedy is to return it in unused condition .",[]
LexGLUE_unfair_tos,unfair_tos_249,"`` list price '' means the suggested retail price of a product as provided by a manufacturer , supplier , or seller .",[]
LexGLUE_unfair_tos,unfair_tos_250,we regularly check list prices against prices recently found on amazon and other retailers .,[]
LexGLUE_unfair_tos,unfair_tos_251,"certain products may have a `` was price '' displayed , which is determined using recent price history of the product on amazon .",[]
LexGLUE_unfair_tos,unfair_tos_252,"with respect to items sold by amazon , we can not confirm the price of an item until you order .",[]
LexGLUE_unfair_tos,unfair_tos_253,"despite our best efforts , a small number of the items in our catalog may be mispriced .",[]
LexGLUE_unfair_tos,unfair_tos_254,"if the correct price of an item sold by amazon is higher than our stated price , we will , at our discretion , either contact you for instructions before shipping or cancel your order and notify you of such cancellation .",[]
LexGLUE_unfair_tos,unfair_tos_255,other merchants may follow different policies in the event of a mispriced item .,[]
LexGLUE_unfair_tos,unfair_tos_256,"we generally do not charge your credit card until after your order has entered the shipping process or , for digital products , until we make the digital product available to you .",[]
LexGLUE_unfair_tos,unfair_tos_257,"when you use apps created by amazon , such as the amazon app or kindle app , you may grant certain permissions to us for your device .",[]
LexGLUE_unfair_tos,unfair_tos_258,most mobile devices provide you with information about these permissions .,[]
LexGLUE_unfair_tos,unfair_tos_259,"to learn more about these permissions , click here .",[]
LexGLUE_unfair_tos,unfair_tos_260,you may not use any amazon service if you are the subject of u.s. sanctions or of sanctions consistent with u.s. law imposed by the governments of the country where you are using amazon services .,[]
LexGLUE_unfair_tos,unfair_tos_261,"you must comply with all u.s. or other export and re-export restrictions that may apply to goods , software ( including amazon software ) , technology , and services .",[]
LexGLUE_unfair_tos,unfair_tos_262,"parties other than amazon operate stores , provide services or software , or sell product lines through the amazon services .",[]
LexGLUE_unfair_tos,unfair_tos_263,"in addition , we provide links to the sites of affiliated companies and certain other businesses .",[]
LexGLUE_unfair_tos,unfair_tos_264,"we are not responsible for examining or evaluating , and we do not warrant , the offerings of any of these businesses or individuals ( including the content of their web sites ) .",[]
LexGLUE_unfair_tos,unfair_tos_265,"amazon does not assume any responsibility or liability for the actions , product , and content of all these and any other third parties .",[]
LexGLUE_unfair_tos,unfair_tos_266,you should carefully review their privacy statements and other conditions of use .,[]
LexGLUE_unfair_tos,unfair_tos_267,disclaimer of warranties and limitation of liability,[]
LexGLUE_unfair_tos,unfair_tos_268,"the amazon services and all information , content , materials , products ( including software ) and other services included on or otherwise made available to you through the amazon services are provided by amazon on an `` as is '' and `` as available '' basis , unless otherwise specified in writing .",[]
LexGLUE_unfair_tos,unfair_tos_269,"amazon makes no representations or warranties of any kind , express or implied , as to the operation of the amazon services , or the information , content , materials , products ( including software ) or other services included on or otherwise made available to you through the amazon services , unless otherwise specified in writing .",[]
LexGLUE_unfair_tos,unfair_tos_270,you expressly agree that your use of the amazon services is at your sole risk .,[]
LexGLUE_unfair_tos,unfair_tos_271,"to the full extent permissible by law , amazon disclaims all warranties , express or implied , including , but not limited to , implied warranties of merchantability and fitness for a particular purpose .",[]
LexGLUE_unfair_tos,unfair_tos_272,"amazon does not warrant that the amazon services , information , content , materials , products ( including software ) or other services included on or otherwise made available to you through the amazon services , amazon 's servers or electronic communications sent from amazon are free of viruses or other harmful components .",[]
LexGLUE_unfair_tos,unfair_tos_273,"to the full extent permissible by law , amazon will not be liable for any damages of any kind arising from the use of any amazon service , or from any information , content , materials , products ( including software ) or other services included on or otherwise made available to you through any amazon service , including , but not limited to direct , indirect , incidental , punitive , and consequential damages , unless otherwise specified in writing .",[0]
LexGLUE_unfair_tos,unfair_tos_274,"any dispute or claim relating in any way to your use of any amazon service , or to any products or services sold or distributed by amazon or through amazon.com will be resolved by binding arbitration , rather than in court , except that you may assert claims in small claims court if your claims qualify .",[7]
LexGLUE_unfair_tos,unfair_tos_275,the federal arbitration act and federal arbitration law apply to this agreement .,[]
LexGLUE_unfair_tos,unfair_tos_276,"there is no judge or jury in arbitration , and court review of an arbitration award is limited .",[]
LexGLUE_unfair_tos,unfair_tos_277,"however , an arbitrator can award on an individual basis the same damages and relief as a court ( including injunctive and declaratory relief or statutory damages ) , and must follow the terms of these conditions of use as a court would .",[]
LexGLUE_unfair_tos,unfair_tos_278,"to begin an arbitration proceeding , you must send a letter requesting arbitration and describing your claim to our registered agent corporation service company , 300 deschutes way sw , suite 304 , tumwater , wa 98501 .",[]
LexGLUE_unfair_tos,unfair_tos_279,"the arbitration will be conducted by the american arbitration association ( aaa ) under its rules , including the aaa 's supplementary procedures for consumer-related disputes .",[]
LexGLUE_unfair_tos,unfair_tos_280,the aaa 's rules are available at www.adr.org or by calling 1-800-778-7879 .,[]
LexGLUE_unfair_tos,unfair_tos_281,"payment of all filing , administration and arbitrator fees will be governed by the aaa 's rules .",[]
LexGLUE_unfair_tos,unfair_tos_282,"we will reimburse those fees for claims totaling less than $ 10,000 unless the arbitrator determines the claims are frivolous .",[]
LexGLUE_unfair_tos,unfair_tos_283,"likewise , amazon will not seek attorneys ' fees and costs in arbitration unless the arbitrator determines the claims are frivolous .",[]
LexGLUE_unfair_tos,unfair_tos_284,"you may choose to have the arbitration conducted by telephone , based on written submissions , or in person in the county where you live or at another mutually agreed location .",[]
LexGLUE_unfair_tos,unfair_tos_285,"we each agree that any dispute resolution proceedings will be conducted only on an individual basis and not in a class , consolidated or representative action .",[]
LexGLUE_unfair_tos,unfair_tos_286,if for any reason a claim proceeds in court rather than in arbitration we each waive any right to a jury trial .,[]
LexGLUE_unfair_tos,unfair_tos_287,we also both agree that you or we may bring suit in court to enjoin infringement or other misuse of intellectual property rights .,[]
LexGLUE_unfair_tos,unfair_tos_288,"by using any amazon service , you agree that the federal arbitration act , applicable federal law , and the laws of the state of washington , without regard to principles of conflict of laws , will govern these conditions of use and any dispute of any sort that might arise between you and amazon .",[5 4]
LexGLUE_unfair_tos,unfair_tos_289,"site policies , modification , and severability",[]
LexGLUE_unfair_tos,unfair_tos_290,"please review our other policies , such as our pricing policy , posted on this site .",[]
LexGLUE_unfair_tos,unfair_tos_291,these policies also govern your use of amazon services .,[]
LexGLUE_unfair_tos,unfair_tos_292,"we reserve the right to make changes to our site , policies , service terms , and these conditions of use at any time .",[2]
LexGLUE_unfair_tos,unfair_tos_293,"if any of these conditions shall be deemed invalid , void , or for any reason unenforceable , that condition shall be deemed severable and shall not affect the validity and enforceability of any remaining condition .",[]
LexGLUE_unfair_tos,unfair_tos_294,the following terms ( `` software terms '' ) apply to any software ( including any updates or upgrades to the software ) and any related documentation we make available to you in connection with amazon services ( the `` amazon software '' ) .,[]
LexGLUE_unfair_tos,unfair_tos_295,use of the amazon software .,[]
LexGLUE_unfair_tos,unfair_tos_296,"you may use amazon software solely for purposes of enabling you to use the amazon services as provided by amazon , and as permitted by these conditions of use and any service terms .",[]
LexGLUE_unfair_tos,unfair_tos_297,"you may not incorporate any portion of the amazon software into other programs or compile any portion of it in combination with other programs , or otherwise copy ( except to exercise rights granted in this section ) , modify , create derivative works of , distribute , assign any rights to , or license the amazon software in whole or in part .",[]
LexGLUE_unfair_tos,unfair_tos_298,all software used in any amazon service is the property of amazon or its software suppliers and is protected by united states and international copyright laws .,[]
LexGLUE_unfair_tos,unfair_tos_299,use of third party services .,[]
LexGLUE_unfair_tos,unfair_tos_300,"when you use the amazon software , you may also be using the services of one or more third parties , such as a wireless carrier or a mobile software provider .",[]
LexGLUE_unfair_tos,unfair_tos_301,"your use of these third party services may be subject to the separate policies , terms of use , and fees of these third parties .",[]
LexGLUE_unfair_tos,unfair_tos_302,"you may not reverse engineer , decompile or disassemble , tamper with , or bypass any security associated with the amazon software , whether in whole or in part .",[]
LexGLUE_unfair_tos,unfair_tos_303,we may offer automatic or manual updates to the amazon software at any time and without notice to you .,[]
LexGLUE_unfair_tos,unfair_tos_304,"if you are a u.s. government end user , we are licensing the amazon software to you as a `` commercial item '' as that term is defined in the u.s. code of federal regulations ( see 48 c.f.r. § 2.101 ) , and the rights we grant you to the amazon software are the same as the rights we grant to all others under these conditions of use .",[]
LexGLUE_unfair_tos,unfair_tos_305,"in the event of any conflict between these conditions of use and any other amazon or third-party terms applicable to any portion of amazon software , such as open-source license terms , such other terms will control as to that portion of the amazon software and to the extent of the conflict .",[]
LexGLUE_unfair_tos,unfair_tos_306,"if you have a subpoena to serve on amazon , please note that amazon does not accept service via e-mail or fax and will not respond to the subpoena .",[]
LexGLUE_unfair_tos,unfair_tos_307,"all subpoenas must be properly served on amazon.com , preferably by mailing the subpoena to corporation service company ( csc ) , amazon 's national registered agent .",[]
LexGLUE_unfair_tos,unfair_tos_308,please find below the washington address for csc ( the csc office in your jurisdiction may be located through the secretary of state 's website ) :,[]
LexGLUE_unfair_tos,unfair_tos_309,"300 deschutes way sw , suite 304",[]
LexGLUE_unfair_tos,unfair_tos_310,attn : legal department -- subpoena,[]
LexGLUE_unfair_tos,unfair_tos_311,please note also that providing detailed and accurate information at the outset will facilitate efficient processing of your request .,[]
LexGLUE_unfair_tos,unfair_tos_312,"that information will include , for example , e-mail and/or credit card number used to make purchases for retail purchase information ; the name , e-mail , and physical address of a seller for seller information ; device serial number for amazon devices ; and ip address and complete time stamps .",[]
LexGLUE_unfair_tos,unfair_tos_313,notice and procedure for making claims of copyright infringement,[]
LexGLUE_unfair_tos,unfair_tos_314,"if you believe that your work has been copied in a way that constitutes copyright infringement , please submit your complaint using our online form .",[]
LexGLUE_unfair_tos,unfair_tos_315,we respond quickly to the concerns of rights owners about any alleged infringement .,[]
LexGLUE_unfair_tos,unfair_tos_316,"if you prefer to submit a report in writing , please provide us with this information :",[]
LexGLUE_unfair_tos,unfair_tos_317,a physical signature of the person authorized to act on behalf of the owner of the copyright interest ;,[]
LexGLUE_unfair_tos,unfair_tos_318,a description of the copyrighted work that you claim has been infringed upon ;,[]
LexGLUE_unfair_tos,unfair_tos_319,a description of where the material that you claim is infringing is located on the site ;,[]
LexGLUE_unfair_tos,unfair_tos_320,"your address , telephone number , and e-mail address ;",[]
LexGLUE_unfair_tos,unfair_tos_321,"a statement by you that you have a good-faith belief that the disputed use is not authorized by the copyright owner , its agent , or the law ;",[]
LexGLUE_unfair_tos,unfair_tos_322,"a statement by you , made under penalty of perjury , that the above information in your notice is accurate and that you are the copyright owner or authorized to act on the copyright owner 's behalf .",[]
LexGLUE_unfair_tos,unfair_tos_323,amazon 's copyright agent for notice of claims of copyright infringement on its site can be reached as follows :,[]
LexGLUE_unfair_tos,unfair_tos_324,please note that this procedure is exclusively for notifying amazon that your copyrighted material has been infringed .,[]
LexGLUE_unfair_tos,unfair_tos_325,"netflix provides a subscription service that allows our members to access movies and tv shows ( `` netflix content '' ) streamed over the internet to certain internet-connected tvs , computers and other devices ( `` netflix ready devices '' ) .",[]
LexGLUE_unfair_tos,unfair_tos_326,"the netflix service is provided to you by netflix international b.v. , a netherlands limited liability company .",[]
LexGLUE_unfair_tos,unfair_tos_327,these terms of use govern your use of our service .,[]
LexGLUE_unfair_tos,unfair_tos_328,"as used in these terms of use , `` netflix service '' , `` our service '' or `` the service '' means the service provided by netflix for discovering and watching netflix content , including all features and functionalities , recommendations and reviews , the website , and user interfaces , as well as all content and software associated with our service .",[]
LexGLUE_unfair_tos,unfair_tos_329,your netflix membership will continue month-to-month until terminated .,[]
LexGLUE_unfair_tos,unfair_tos_330,"to use the netflix service you must have internet access and a netflix ready device , and provide a current , valid , accepted method of payment , which you may update from time to time ( `` payment method '' ) .",[]
LexGLUE_unfair_tos,unfair_tos_331,"unless you cancel your membership before your monthly billing date , you authorize us to charge your next month 's membership fee to your payment method ( see `` cancellation '' below ) .",[]
LexGLUE_unfair_tos,unfair_tos_332,you can find specific details regarding your netflix membership by visiting our website and clicking on the `` your account '' link available at the top of the pages of the netflix website under your profile name .,[]
LexGLUE_unfair_tos,unfair_tos_333,your netflix membership may start with a free trial .,[]
LexGLUE_unfair_tos,unfair_tos_334,"the free trial period of your membership lasts for one month , or as otherwise specified during sign-up and is intended to allow new members and certain former members to try the service .",[]
LexGLUE_unfair_tos,unfair_tos_335,free trial eligibility is determined by netflix at its sole discretion and we may limit eligibility to prevent free trial abuse .,[]
LexGLUE_unfair_tos,unfair_tos_336,we reserve the right to revoke the free trial and put your account on hold in the event that we determine that you are not eligible .,[1]
LexGLUE_unfair_tos,unfair_tos_337,members of households with an existing or recent netflix membership are not eligible .,[]
LexGLUE_unfair_tos,unfair_tos_338,"we may use information such as device id , method of payment or an account email address used with an existing or recent netflix membership to determine eligibility .",[]
LexGLUE_unfair_tos,unfair_tos_339,"for combinations with other offers , restrictions may apply .",[]
LexGLUE_unfair_tos,unfair_tos_340,"we will charge your payment method for your monthly membership fee at the end of the free trial period unless you cancel your membership prior to the end of the free trial period to view the monthly membership price and end date of your free trial period , visit our website and click the `` billing details '' link on the `` your account '' page .",[]
LexGLUE_unfair_tos,unfair_tos_341,"the membership fee for the netflix service and any other charges you may incur in connection with your use of the service , such as taxes and possible transaction fees , will be charged on a monthly basis to your payment method on the calendar day corresponding to the commencement of the paying portion of your membership .",[]
LexGLUE_unfair_tos,unfair_tos_342,"in some cases your payment date may change , for example if your payment method has not successfully settled or if your paid membership began on a day not contained in a given month .",[]
LexGLUE_unfair_tos,unfair_tos_343,visit our website and click on the `` billing details '' link on the `` your account '' page to see your next payment date .,[]
LexGLUE_unfair_tos,unfair_tos_344,you can change your payment method by visiting our website and clicking on the `` your account '' link .,[]
LexGLUE_unfair_tos,unfair_tos_345,"if a payment is not successfully settled , due to expiration , insufficient funds , or otherwise , and you do not change your payment method or cancel your account , we may suspend your access to the service until we have obtained a valid payment method .",[]
LexGLUE_unfair_tos,unfair_tos_346,"when you update your payment method , you authorize us to continue charging the updated payment method , and you remain responsible for any uncollected amounts .",[]
LexGLUE_unfair_tos,unfair_tos_347,this may result in a change to your payment billing dates .,[]
LexGLUE_unfair_tos,unfair_tos_348,"for some payment methods , the issuer of your payment method may charge you certain fees , such as a foreign transaction fee or other fees relating to the processing of your payment method .",[]
LexGLUE_unfair_tos,unfair_tos_349,local tax charges may vary depending on the payment method used .,[]
LexGLUE_unfair_tos,unfair_tos_350,check with your payment method service provider for details .,[]
LexGLUE_unfair_tos,unfair_tos_351,"you can cancel your netflix membership at any time , and you will continue to have access to the netflix service through the end of your monthly billing period .",[]
LexGLUE_unfair_tos,unfair_tos_352,"to the extent permitted by the applicable law , payments are non-refundable and we do not provide refunds or credits for any partial-month membership periods or unwatched netflix content .",[]
LexGLUE_unfair_tos,unfair_tos_353,"to cancel , go to the `` your account '' page and follow the instructions for cancellation .",[]
LexGLUE_unfair_tos,unfair_tos_354,"if you cancel your membership , your account will automatically close at the end of your current billing period .",[]
LexGLUE_unfair_tos,unfair_tos_355,"to see when your account will close , click `` billing details '' on the `` your account '' page .",[]
LexGLUE_unfair_tos,unfair_tos_356,"if you signed up for netflix using your account with a third party as a payment method and wish to cancel your netflix membership , you may need to do so through such third party , for example by visiting your account with the applicable third party and turning off auto-renew , or unsubscribing from the netflix service through that third party .",[]
LexGLUE_unfair_tos,unfair_tos_357,you may also find billing information about your netflix membership by visiting your account with the applicable third party .,[]
LexGLUE_unfair_tos,unfair_tos_358,changes to the price and service plans .,[]
LexGLUE_unfair_tos,unfair_tos_359,"we may change our service plans and the price of our service from time to time ; however , any price changes or changes to our service plans will apply to you no earlier than 30 days following notice to you .",[2]
LexGLUE_unfair_tos,unfair_tos_360,"you must be 18 years of age , or the age of majority in your province , territory or country , to become a member of the netflix service .",[]
LexGLUE_unfair_tos,unfair_tos_361,minors may only use the service under the supervision of an adult .,[]
LexGLUE_unfair_tos,unfair_tos_362,the netflix service and any content viewed through the service are for your personal and non-commercial use only .,[]
LexGLUE_unfair_tos,unfair_tos_363,"during your netflix membership we grant you a limited , non-exclusive , non-transferable , license to access the netflix service and view netflix content .",[]
LexGLUE_unfair_tos,unfair_tos_364,"except for the foregoing limited license , no right , title or interest shall be transferred to you .",[]
LexGLUE_unfair_tos,unfair_tos_365,you agree not to use the service for public performances .,[]
LexGLUE_unfair_tos,unfair_tos_366,you may view the netflix content primarily within the country in which you have established your account and only in geographic locations where we offer our service and have licensed such content .,[]
LexGLUE_unfair_tos,unfair_tos_367,the content that may be available to watch will vary by geographic location and will change from time to time .,[]
LexGLUE_unfair_tos,unfair_tos_368,the number of devices on which you may simultaneously watch depends on your chosen subscription plan and is specified on the `` your account '' page .,[]
LexGLUE_unfair_tos,unfair_tos_369,"netflix regularly makes changes to the service , including the content library .",[2]
LexGLUE_unfair_tos,unfair_tos_370,"in addition , we continually test various aspects of our service , including our website , user interfaces , promotional features and availability of netflix content .",[]
LexGLUE_unfair_tos,unfair_tos_371,you can at any time opt-out of tests by visiting the `` your account '' page and changing the `` test participation '' settings .,[]
LexGLUE_unfair_tos,unfair_tos_372,some netflix content is available for temporary download and offline viewing on certain supported devices ( `` offline titles '' ) .,[]
LexGLUE_unfair_tos,unfair_tos_373,"limitations apply , including restrictions on the number of offline titles per account , the maximum number of devices that can contain offline titles , the time period within which you will need to begin viewing offline titles and how long the offline titles will remain accessible .",[]
LexGLUE_unfair_tos,unfair_tos_374,"some offline titles may not be playable in certain countries and if you go online in a country where you would not be able to stream that offline title , the offline title will not be playable while you are in that country .",[]
LexGLUE_unfair_tos,unfair_tos_375,"you agree to use the netflix service , including all features and functionalities associated therewith , in accordance with all applicable laws , rules and regulations , or other restrictions on use of the service or content therein .",[]
LexGLUE_unfair_tos,unfair_tos_376,"you agree not to archive , reproduce , distribute , modify , display , perform , publish , license , create derivative works from , offer for sale , or use ( except as explicitly authorized in these terms of use ) content and information contained on or obtained from or through the netflix service .",[]
LexGLUE_unfair_tos,unfair_tos_377,"you also agree not to : circumvent , remove , alter , deactivate , degrade or thwart any of the content protections in the netflix service ; use any robot , spider , scraper or other automated means to access the netflix service ; decompile , reverse engineer or disassemble any software or other products or processes accessible through the netflix service ; insert any code or product or manipulate the content of the netflix service in any way ; or use any data mining , data gathering or extraction method .",[]
LexGLUE_unfair_tos,unfair_tos_378,"in addition , you agree not to upload , post , e-mail or otherwise send or transmit any material designed to interrupt , destroy or limit the functionality of any computer software or hardware or telecommunications equipment associated with the netflix service , including any software viruses or any other computer code , files or programs .",[]
LexGLUE_unfair_tos,unfair_tos_379,we may terminate or restrict your use of our service if you violate these terms of use or are engaged in illegal or fraudulent use of the service .,[1]
LexGLUE_unfair_tos,unfair_tos_380,"the quality of the display of the netflix content may vary from device to device , and may be affected by a variety of factors , such as your location , the bandwidth available through and/or speed of your internet connection .",[]
LexGLUE_unfair_tos,unfair_tos_381,"hd , ultra hd and hdr availability is subject to your internet service and device capabilities .",[]
LexGLUE_unfair_tos,unfair_tos_382,"not all content is available in all formats , such as hd , ultra hd and hdr , and not all subscription plans allow you to receive content in all formats .",[]
LexGLUE_unfair_tos,unfair_tos_383,"default playback settings on cellular networks exclude hd , ultra hd and hdr content .",[]
LexGLUE_unfair_tos,unfair_tos_384,"the minimum connection speed for sd quality is 0.5 mbps ; however , we recommend a faster connection for improved video quality .",[]
LexGLUE_unfair_tos,unfair_tos_385,a download speed of at least 5.0 mbps per stream is recommended to receive hd content ( defined as a resolution of 720p or higher ) .,[]
LexGLUE_unfair_tos,unfair_tos_386,a download speed of at least 25.0 mbps per stream is recommended to receive ultra hd ( defined as a resolution of 1080p or higher ) and hdr content .,[]
LexGLUE_unfair_tos,unfair_tos_387,you are responsible for all internet access charges .,[]
LexGLUE_unfair_tos,unfair_tos_388,please check with your internet provider for information on possible internet data usage charges .,[]
LexGLUE_unfair_tos,unfair_tos_389,"the time it takes to begin watching netflix content will vary based on a number of factors , including your location , available bandwidth at the time , the content you have selected and the configuration of your netflix ready device .",[]
LexGLUE_unfair_tos,unfair_tos_390,"the netflix software is developed by , or for , netflix and is designed to enable viewing of netflix content through netflix ready devices .",[]
LexGLUE_unfair_tos,unfair_tos_391,"the netflix software may vary by device and medium , and functionalities and features may also differ between devices .",[]
LexGLUE_unfair_tos,unfair_tos_392,you acknowledge that the use of the service may require third party software that is subject to third party licenses .,[]
LexGLUE_unfair_tos,unfair_tos_393,you agree that you may automatically receive updated versions of the netflix and related third-party software .,[]
LexGLUE_unfair_tos,unfair_tos_394,the member who created the netflix account and whose payment method is charged ( the `` account owner '' ) has access and control over the netflix account and the netflix ready devices that are used to access our service .,[]
LexGLUE_unfair_tos,unfair_tos_395,"to maintain control over the account and to prevent anyone from accessing the account ( which would include information on viewing history for the account ) , the account owner should maintain control over the netflix ready devices that are used to access the service and not reveal the password nor details of the payment method associated with the account to anyone .",[]
LexGLUE_unfair_tos,unfair_tos_396,you are responsible for updating and maintaining the accuracy of the information you provide to us relating to your account .,[]
LexGLUE_unfair_tos,unfair_tos_397,"we can terminate your account or place your account on hold in order to protect you , netflix or our partners from identity theft or other fraudulent activity .",[]
LexGLUE_unfair_tos,unfair_tos_398,these terms of use shall be governed by and construed in accordance with the laws of the netherlands .,[5]
LexGLUE_unfair_tos,unfair_tos_399,these terms will not limit any consumer protection rights that you may be entitled to under the mandatory laws of your country of residence .,[]
LexGLUE_unfair_tos,unfair_tos_400,"netflix does not accept unsolicited materials or ideas for netflix content , and is not responsible for the similarity of any of its content or programming in any media to materials or ideas transmitted to netflix .",[]
LexGLUE_unfair_tos,unfair_tos_401,"to find more information about our service and its features or if you need assistance with your account , please visit the netflix help center on our website ( www.netflix.com/help ) .",[]
LexGLUE_unfair_tos,unfair_tos_402,"in certain instances , customer service may best be able to assist you by using a remote access support tool through which we have full access to your computer .",[]
LexGLUE_unfair_tos,unfair_tos_403,"if you do not want us to have this access , you should not consent to support through the remote access tool , and we will assist you through other means .",[]
LexGLUE_unfair_tos,unfair_tos_404,"in the event of any conflict between these terms of use and information provided by customer support or other portions of our website , these terms of use will control .",[]
LexGLUE_unfair_tos,unfair_tos_405,"if any provision or provisions of these terms of use shall be held to be invalid , illegal , or unenforceable , the validity , legality and enforceability of the remaining provisions shall remain in full force and effect .",[]
LexGLUE_unfair_tos,unfair_tos_406,changes to terms of use .,[]
LexGLUE_unfair_tos,unfair_tos_407,"netflix may , from time to time , change these terms of use .",[2]
LexGLUE_unfair_tos,unfair_tos_408,we will notify you at least 30 days before these new terms of use apply to you .,[]
LexGLUE_unfair_tos,unfair_tos_409,"we will send you information relating to your account ( e.g. payment authorizations , invoices , changes in password or payment method , confirmation messages , notices ) in electronic form only , for example via emails to your email address provided during registration .",[]
LexGLUE_unfair_tos,unfair_tos_410,last updated : 1 january 2017,[]
LexGLUE_unfair_tos,unfair_tos_411,snap group limited terms of service,[]
LexGLUE_unfair_tos,unfair_tos_412,( if you live outside the united states ),[]
LexGLUE_unfair_tos,unfair_tos_413,"effective : january 10 , 2017",[]
LexGLUE_unfair_tos,unfair_tos_414,"we 're thrilled you 've decided to use snapchat and our other products and services , all of which we refer to simply as the `` services . ''",[]
LexGLUE_unfair_tos,unfair_tos_415,we 've drafted these terms of service ( which we call the `` terms '' ) so you 'll know the rules that govern our relationship with you .,[]
LexGLUE_unfair_tos,unfair_tos_416,"although we have tried our best to strip the legalese from the terms , there are places where these terms may still read like a traditional contract .",[]
LexGLUE_unfair_tos,unfair_tos_417,there 's a good reason for that : these terms do indeed form a legally binding contract between you and snap group limited .,[]
LexGLUE_unfair_tos,unfair_tos_418,so please read them carefully .,[]
LexGLUE_unfair_tos,unfair_tos_419,"by using the services , you agree to the terms .",[4]
LexGLUE_unfair_tos,unfair_tos_420,"of course , if you do n't agree with them , then do n't use the services .",[]
LexGLUE_unfair_tos,unfair_tos_421,these terms apply to you if you live outside the united states or if you are using the services on behalf of a business located outside the united states .,[]
LexGLUE_unfair_tos,unfair_tos_422,"if you live in the united states or are using the services on behalf of a business located there , the snap inc. .",[]
LexGLUE_unfair_tos,unfair_tos_423,"arbitration notice : if you 're using the services on behalf of a business , then your business will be bound by the arbitration clause that appears later in these terms .",[]
LexGLUE_unfair_tos,unfair_tos_424,no one under 13 is allowed to create an account or use the services .,[]
LexGLUE_unfair_tos,unfair_tos_425,we may offer additional services with additional terms that may require you to be even older to use them .,[]
LexGLUE_unfair_tos,unfair_tos_426,so please read all terms carefully .,[]
LexGLUE_unfair_tos,unfair_tos_427,"by using the services , you affirm that :",[]
LexGLUE_unfair_tos,unfair_tos_428,you can form a binding contract with snap group limited .,[]
LexGLUE_unfair_tos,unfair_tos_429,"you are not a person who is barred from receiving the services under the laws of the united states , the united kingdom , or any other applicable jurisdiction -- meaning that you do not appear on the u.s. treasury department 's list of specially designated nationals or face any other similar prohibition .",[]
LexGLUE_unfair_tos,unfair_tos_430,"you will comply with these terms and all applicable local , state , national , and international laws , rules , and regulations .",[]
LexGLUE_unfair_tos,unfair_tos_431,"if you are using the services on behalf of a business or some other entity , you affirm that you are authorized to grant all licenses set forth in these terms and to agree to these terms on behalf of the business or entity .",[]
LexGLUE_unfair_tos,unfair_tos_432,"snap group limited grants you a personal , worldwide , royalty-free , non-assignable , nonexclusive , revocable , and non-sublicensable license to access and use the services .",[]
LexGLUE_unfair_tos,unfair_tos_433,"this license is for the sole purpose of letting you use and enjoy the services ' benefits in a way that these terms and our usage policies , such as our community guidelines , allow .",[]
LexGLUE_unfair_tos,unfair_tos_434,"any software that we provide you may automatically download and install upgrades , updates , or other new features .",[]
LexGLUE_unfair_tos,unfair_tos_435,you may be able to adjust these automatic downloads through your device 's settings .,[]
LexGLUE_unfair_tos,unfair_tos_436,"you may not copy , modify , distribute , sell , or lease any part of our services .",[]
LexGLUE_unfair_tos,unfair_tos_437,"nor may you reverse engineer or attempt to extract the source code of that software , unless laws prohibit these restrictions or you have our written permission to do so .",[]
LexGLUE_unfair_tos,unfair_tos_438,"many of our services let you create , upload , post , send , receive , and store content .",[]
LexGLUE_unfair_tos,unfair_tos_439,"when you do that , you retain whatever ownership rights in that content you had to begin with .",[]
LexGLUE_unfair_tos,unfair_tos_440,but you grant us a license to use that content .,[]
LexGLUE_unfair_tos,unfair_tos_441,how broad that license is depends on which services you use and the settings you have selected .,[]
LexGLUE_unfair_tos,unfair_tos_442,"for all services other than live , local , and any other crowd-sourced service , you grant snap group limited , snap inc. , and their affiliates a worldwide , royalty-free , sublicensable , and transferable license to host , store , use , display , reproduce , modify , adapt , edit , publish , and distribute that content for as long as you use the services .",[]
LexGLUE_unfair_tos,unfair_tos_443,"this license is for the limited purpose of operating , developing , providing , promoting , and improving the services and researching and developing new ones .",[]
LexGLUE_unfair_tos,unfair_tos_444,"because live , local , and any other crowd-sourced services are inherently public and chronicle matters of public interest , the license you grant us for content submitted to those services is broader .",[]
LexGLUE_unfair_tos,unfair_tos_445,"in addition to granting us the rights mentioned in the previous paragraph , you also grant us a license to create derivative works from , promote , exhibit , broadcast , syndicate , sublicense , publicly perform , and publicly display content submitted to live , local , or any other crowd-sourced services in any form and in any and all media or distribution methods ( now known or later developed ) .",[]
LexGLUE_unfair_tos,unfair_tos_446,"to the extent it 's necessary , when you appear in , create , upload , post , or send live , local , or other crowd-sourced content , you also grant snap group limited , snap inc. , and our affiliates and business partners the unrestricted , worldwide right and license to use your name , likeness , and voice .",[]
LexGLUE_unfair_tos,unfair_tos_447,"this means , among other things , that you will not be entitled to any compensation from snap group limited , snap inc. , or our affiliates and business partners if your name , likeness , or voice is conveyed through live , local , or other crowd-sourced services , either on the snapchat application or on one of our business partner 's platforms .",[]
LexGLUE_unfair_tos,unfair_tos_448,"for more information about how to tailor who can watch your content , please take a look at our privacy policy and support site .",[]
LexGLUE_unfair_tos,unfair_tos_449,"while we 're not required to do so , we may access , review , screen , and delete your content at any time and for any reason , including if we think your content violates these terms .",[3]
LexGLUE_unfair_tos,unfair_tos_450,"you alone , though , remain responsible for the content you create , upload , post , send , or store through the services .",[]
LexGLUE_unfair_tos,unfair_tos_451,the services may contain advertisements .,[]
LexGLUE_unfair_tos,unfair_tos_452,"in consideration for snap group limited letting you access and use the services , you agree that we , snap inc. , our affiliates , and our third-party partners may place advertising on the services , including personalized advertising based upon the information you provide us or we collect or obtain about you .",[]
LexGLUE_unfair_tos,unfair_tos_453,"because the services contain content that you and other users provide us , advertising may sometimes appear near your content .",[]
LexGLUE_unfair_tos,unfair_tos_454,we always love to hear from our users .,[]
LexGLUE_unfair_tos,unfair_tos_455,"but if you volunteer feedback or suggestions , just know that we can use your ideas without compensating you .",[]
LexGLUE_unfair_tos,unfair_tos_456,"much of the content on our services is produced by users , publishers , and other third parties .",[]
LexGLUE_unfair_tos,unfair_tos_457,"whether that content is posted publicly or sent privately , the content is the sole responsibility of the person or organization that submitted it .",[]
LexGLUE_unfair_tos,unfair_tos_458,"although snap group limited reserves the right to review all content that appears on the services and to remove any content that violates these terms , we do not necessarily review all of it .",[]
LexGLUE_unfair_tos,unfair_tos_459,so we can not -- and do not -- take responsibility for any content that others provide through the services .,[]
LexGLUE_unfair_tos,unfair_tos_460,"through these terms and our community guidelines , we make clear that we do not want the services put to bad uses .",[]
LexGLUE_unfair_tos,unfair_tos_461,"but because we do not review all content , we can not guarantee that content on the services will always conform to our terms or guidelines .",[]
LexGLUE_unfair_tos,unfair_tos_462,your privacy matters to us .,[]
LexGLUE_unfair_tos,unfair_tos_463,you can learn how your information is handled when you use our services by reading the privacy policy .,[]
LexGLUE_unfair_tos,unfair_tos_464,"we encourage you to give the privacy policy a careful look because , by using our services , you agree that your information may be collected and processed by snap group limited in the uk and snap inc. in the u.s. , as well as their affiliates , and transferred outside of the country in which you reside , including to countries that may not have the same data-protection laws as your country .",[4]
LexGLUE_unfair_tos,unfair_tos_465,snap group limited respects the rights of others .,[]
LexGLUE_unfair_tos,unfair_tos_466,you therefore may not use the services in a manner that :,[]
LexGLUE_unfair_tos,unfair_tos_467,"violates or infringes someone else 's rights of publicity , privacy , copyright , trademark , or other intellectual-property right .",[]
LexGLUE_unfair_tos,unfair_tos_468,"bullies , harasses , or intimidates .",[]
LexGLUE_unfair_tos,unfair_tos_469,spams or solicits our users .,[]
LexGLUE_unfair_tos,unfair_tos_470,"you must also respect the rights of snap group limited and its affiliates , including snap inc. .",[]
LexGLUE_unfair_tos,unfair_tos_471,these terms do not grant you any right to :,[]
LexGLUE_unfair_tos,unfair_tos_472,"use branding , logos , designs , photographs , videos , or any other materials used in our services .",[]
LexGLUE_unfair_tos,unfair_tos_473,"copy , archive , download , upload , distribute , syndicate , broadcast , perform , display , make available , or otherwise use any portion of the services or the content on the services except as set forth in these terms .",[]
LexGLUE_unfair_tos,unfair_tos_474,"use the services , any tools provided by the services , or any content on the services for any commercial purposes without our consent .",[]
LexGLUE_unfair_tos,unfair_tos_475,in short : you may not use the services or the content on the services in ways that are not authorized by these terms .,[]
LexGLUE_unfair_tos,unfair_tos_476,nor may you help anyone else in doing so .,[]
LexGLUE_unfair_tos,unfair_tos_477,we therefore take reasonable steps to expeditiously remove from our services any infringing material that we become aware of .,[]
LexGLUE_unfair_tos,unfair_tos_478,"and if snap group limited becomes aware that one of its users has repeatedly infringed copyrights , we will take reasonable steps within our power to terminate the user 's account .",[1]
LexGLUE_unfair_tos,unfair_tos_479,we make it easy for you to report suspected copyright infringement .,[]
LexGLUE_unfair_tos,unfair_tos_480,"if you believe that anything on the services infringes a copyright that you own or control , please fill out this form .",[]
LexGLUE_unfair_tos,unfair_tos_481,or you may file a notice with our designated agent :,[]
LexGLUE_unfair_tos,unfair_tos_482,"if you file a notice with our copyright agent , it must :",[]
LexGLUE_unfair_tos,unfair_tos_483,contain the physical or electronic signature of a person authorized to act on behalf of the copyright owner .,[]
LexGLUE_unfair_tos,unfair_tos_484,identify the copyrighted work claimed to have been infringed .,[]
LexGLUE_unfair_tos,unfair_tos_485,"identify the material that is claimed to be infringing or to be the subject of infringing activity and that is to be removed , or access to which is to be disabled , and information reasonably sufficient to let us locate the material .",[]
LexGLUE_unfair_tos,unfair_tos_486,"provide your contact information , including your address , telephone number , and an email address .",[]
LexGLUE_unfair_tos,unfair_tos_487,"provide a personal statement that you have a good-faith belief that the use of the material in the manner complained of is not authorized by the copyright owner , its agent , or the law .",[]
LexGLUE_unfair_tos,unfair_tos_488,"provide a statement that the information in the notification is accurate and , under penalty of perjury , that you are authorized to act on behalf of the copyright owner .",[]
LexGLUE_unfair_tos,unfair_tos_489,we try hard to keep our services a safe place for all users .,[]
LexGLUE_unfair_tos,unfair_tos_490,but we ca n't guarantee it .,[]
LexGLUE_unfair_tos,unfair_tos_491,that 's where you come in .,[]
LexGLUE_unfair_tos,unfair_tos_492,"by using the services , you agree that :",[]
LexGLUE_unfair_tos,unfair_tos_493,you will not use the services for any purpose that is illegal or prohibited in these terms .,[]
LexGLUE_unfair_tos,unfair_tos_494,"you will not use any robot , spider , crawler , scraper , or other automated means or interface to access the services or extract other user 's information .",[]
LexGLUE_unfair_tos,unfair_tos_495,you will not use or develop any third-party applications that interact with the services or other users ' content or information without our written consent .,[]
LexGLUE_unfair_tos,unfair_tos_496,"you will not use the services in a way that could interfere with , disrupt , negatively affect , or inhibit other users from fully enjoying the services , or that could damage , disable , overburden , or impair the functioning of the services .",[]
LexGLUE_unfair_tos,unfair_tos_497,"you will not use or attempt to use another user 's account , username , or password without their permission .",[]
LexGLUE_unfair_tos,unfair_tos_498,you will not solicit login credentials from another user .,[]
LexGLUE_unfair_tos,unfair_tos_499,"you will not post content that contains pornography , graphic violence , threats , hate speech , or incitements to violence .",[]
