contract_id,label,text,clause_length_chars,clause_length_words,sentence_count,uppercase_ratio,relative_position,has_numbering,has_heading_keyword,has_signature_keyword,has_table_like_pattern,has_date,has_money,has_percentage,contains_negation,contains_obligation
LIMEENERGYCO_09_09_1999-EX-10-DISTRIBUTOR AGREEMENT,Document Name,DISTRIBUTOR AGREEMENT,21,2,1,0.9523809523809523,0.0,0,0,0,0,0,0,0,0,0
LIMEENERGYCO_09_09_1999-EX-10-DISTRIBUTOR AGREEMENT,Parties,Electric City of Illinois L.L.C.,32,5,3,0.1875,0.023255813953488372,0,0,0,0,0,0,0,0,0
LIMEENERGYCO_09_09_1999-EX-10-DISTRIBUTOR AGREEMENT,Parties,Electric City of Illinois LLC,29,5,1,0.20689655172413793,0.046511627906976744,0,0,0,0,0,0,0,0,0
LIMEENERGYCO_09_09_1999-EX-10-DISTRIBUTOR AGREEMENT,Agreement Date,"7th day of September, 1999.",27,5,1,0.037037037037037035,0.06976744186046512,1,0,0,0,1,0,0,0,0
LIMEENERGYCO_09_09_1999-EX-10-DISTRIBUTOR AGREEMENT,Effective Date,"The term of this Agreement shall be ten (10) years (the ""Term"") which shall commence on the date upon which the Company delivers to Distributor the last Sample, as defined hereinafter.",184,31,1,0.03260869565217391,0.09302325581395349,1,0,0,0,0,0,0,0,1
LIMEENERGYCO_09_09_1999-EX-10-DISTRIBUTOR AGREEMENT,Effective Date,"Unless earlier terminated otherwise provided therein, this Agreement, subject to the commencement date established in Section 1.3, shall be effective immediately.",162,21,2,0.018518518518518517,0.11627906976744186,1,1,0,0,0,0,0,1,1
LIMEENERGYCO_09_09_1999-EX-10-DISTRIBUTOR AGREEMENT,Expiration Date,"The term of this Agreement shall be ten (10) years (the ""Term"") which shall commence on the date upon which the Company delivers to Distributor the last Sample, as defined hereinafter.",184,31,1,0.03260869565217391,0.13953488372093023,1,0,0,0,0,0,0,0,1
LIMEENERGYCO_09_09_1999-EX-10-DISTRIBUTOR AGREEMENT,Renewal Term,"If Distributor complies with all of the terms of this Agreement, the Agreement shall be renewable on an annual basis for one (1) year terms for up to another ten (10) years on the same terms and conditions as set forth herein.",226,42,1,0.017699115044247787,0.16279069767441862,1,0,0,0,0,0,0,0,1
LIMEENERGYCO_09_09_1999-EX-10-DISTRIBUTOR AGREEMENT,Governing Law,This Agreement is to be construed according to the laws of the State of Illinois.,81,15,1,0.04938271604938271,0.18604651162790697,0,0,0,0,0,0,0,0,0
LIMEENERGYCO_09_09_1999-EX-10-DISTRIBUTOR AGREEMENT,Exclusivity,The Distributor shall not order or purchase Products from any source other than the Company.,92,15,1,0.043478260869565216,0.20930232558139536,0,0,0,0,0,0,0,1,1
LIMEENERGYCO_09_09_1999-EX-10-DISTRIBUTOR AGREEMENT,Exclusivity,"Company hereby appoints Distributor as Company's exclusive distributor within the Market and grants to Distributor the exclusive right to sell and distribute Products within the Market, and Distributor hereby accepts such appointment and such grant, in accordance with the terms and conditions of this Agreement.",312,45,1,0.028846153846153848,0.23255813953488372,0,0,0,0,0,0,0,0,0
LIMEENERGYCO_09_09_1999-EX-10-DISTRIBUTOR AGREEMENT,Exclusivity,"The Company appoints the Distributor as an exclusive distributor of Products in the Market, subject to the terms and conditions of this Agreement.",146,23,1,0.0410958904109589,0.2558139534883721,0,0,0,0,0,0,0,0,0
LIMEENERGYCO_09_09_1999-EX-10-DISTRIBUTOR AGREEMENT,No-Solicit Of Customers,"Distributor further agrees that it will not interfere with or otherwise disrupt the business relations between the Company or nay of its affiliates and any of their current or prospective customers, suppliers or distributors, during the",236,36,1,0.00847457627118644,0.27906976744186046,0,0,0,0,0,0,0,1,0
LIMEENERGYCO_09_09_1999-EX-10-DISTRIBUTOR AGREEMENT,No-Solicit Of Customers,"Term of the Agreement and for a period of eighteen (18) months thereafter, nor will Distributor solicit any customer or potential customer of Company to purchase a competitive product during that period.",203,32,1,0.019704433497536946,0.3023255813953488,1,0,0,0,0,0,0,0,0
LIMEENERGYCO_09_09_1999-EX-10-DISTRIBUTOR AGREEMENT,No-Solicit Of Employees,"During the Term of this Agreement and for a period of twelve (12) months thereafter, the Distributor (on behalf of itself, each of its affiliates and each of their respective representatives) agrees that it will not directly or indirectly solicit or hire any executive, managerial or technical employee of the Company or any of its affiliates.",343,56,1,0.014577259475218658,0.32558139534883723,1,0,0,0,0,0,0,1,0
LIMEENERGYCO_09_09_1999-EX-10-DISTRIBUTOR AGREEMENT,Rofr/Rofo/Rofn,Distributor shall exercise its option to become exclusive Distributor of other Products or devices by serving written notification on Company of its election to become exclusive distributor within thirty (30) days upon which Company informed Distributor in writing of Company's intention to introduce other Products or devices.,327,47,1,0.024464831804281346,0.3488372093023256,1,0,0,0,0,0,0,0,1
LIMEENERGYCO_09_09_1999-EX-10-DISTRIBUTOR AGREEMENT,Rofr/Rofo/Rofn,"If Distributor does not exercise its option as herein provided, Company may distribute the other Products or devices within the Market itself or through other distributors.",172,26,1,0.029069767441860465,0.37209302325581395,0,0,0,0,1,0,0,1,0
LIMEENERGYCO_09_09_1999-EX-10-DISTRIBUTOR AGREEMENT,Rofr/Rofo/Rofn,"Should Company introduce other products or devices as contemplated by recital paragraph ""A"", Distributor shall have the option of becoming Company's exclusive distributor of such other Products or devices within the Market.",223,32,1,0.03139013452914798,0.3953488372093023,0,0,0,0,0,0,0,0,1
LIMEENERGYCO_09_09_1999-EX-10-DISTRIBUTOR AGREEMENT,Anti-Assignment,"No assignment of this Agreement or any right accruing hereunder shall be made by the Distributor in whole or in part, without the prior written consent of the Company, which consent shall not be unreasonably withheld.",217,36,1,0.018433179723502304,0.4186046511627907,0,0,0,0,0,0,0,1,1
LIMEENERGYCO_09_09_1999-EX-10-DISTRIBUTOR AGREEMENT,Anti-Assignment,"In the event either party (a) becomes adjudicated insolvent, (b) discontinues its business, (c) has voluntary of involuntary bankruptcy proceedings instituted against it, or (d) makes an assignment for the benefit of creditors, the other party shall be entitled to terminate this Agreement effective immediately upon written notice.",332,48,1,0.006024096385542169,0.4418604651162791,1,0,0,0,0,0,0,0,1
LIMEENERGYCO_09_09_1999-EX-10-DISTRIBUTOR AGREEMENT,Price Restrictions,"The Company also reserves the right to increase or decrease the price per unit based on Company wide changes in unit prices to all distributors of the Company, provided however, that any price changes, other than those based on the CPI, shall be uniformly applied to all distributors of the Products and shall reasonably applied to all distributors of the Products and shall reasonably reflect Company's costs of manufacturing the Products and/or market demand for the Products, provided further than any increase in price based upon market demand shall not be so great as to deprive Distributor of its normal and customary profit margin.",638,104,1,0.02037617554858934,0.46511627906976744,0,0,0,0,0,0,0,1,1
LIMEENERGYCO_09_09_1999-EX-10-DISTRIBUTOR AGREEMENT,Price Restrictions,The prices set forth in Section 2.4(a) shall be subject to adjustment annually on the first day of each Product Year beginning in the calendar year 2000 and on the first day of each succeeding Product Year for the remainder of the Term and all renewals of this Agreement in proportion to the increase or decrease in the Consumer Price Index (CPI) as compared to the CPI as it existed on the first day of the Term of this Agreement.,431,80,2,0.04408352668213457,0.4883720930232558,1,1,0,0,0,0,0,0,1
LIMEENERGYCO_09_09_1999-EX-10-DISTRIBUTOR AGREEMENT,Minimum Commitment,"A minimum of a $250,000.00 purchase order must be received by Company by the first of each month for a total (12) month period.",127,24,2,0.015748031496062992,0.5116279069767442,1,0,0,0,0,1,0,0,1
LIMEENERGYCO_09_09_1999-EX-10-DISTRIBUTOR AGREEMENT,Minimum Commitment,Company's representatives will make themselves available three days per month in the first Product Year to consult with and train Distributor.,142,21,1,0.028169014084507043,0.5348837209302325,0,0,0,0,0,0,0,0,0
LIMEENERGYCO_09_09_1999-EX-10-DISTRIBUTOR AGREEMENT,Minimum Commitment,"(A) 375 units in the first Product Year (1999) (B) 750 units in the next succeeding Product Year; (2000) (C) 937 units in the next succeeding Product Year; (2001) (D) 1,171 units in the next succeeding Product Year; (2002) (E) 1,463 units in the next succeeding Product Year; (2003) (F) 1,828 units in the next succeeding Product Year; (2004) (G) 2,285 units in the next succeeding Product Year; (2005) (H) 2,856 unit each in the lat three years of the initial Term of this Agreement and any renewals thereof.",509,89,7,0.047151277013752456,0.5581395348837209,1,0,0,0,0,0,0,0,0
LIMEENERGYCO_09_09_1999-EX-10-DISTRIBUTOR AGREEMENT,Minimum Commitment,"In order to maintain the exclusive rights to sell, lease, distribute and service Products in the Market, the Distributor must use all commercially reasonably efforts to purchase for sale to subdistributors the following minimum quantities of the Products from the Company: On the commencement of the Term Distributor will issue to the Company an irrevocable letter of credit (""LC"") in the amount of Five Hundred Thousand Dollars ($500,000), the form of which is attached hereto as Exhibit A and incorporated herein by reference.",528,83,1,0.03409090909090909,0.5813953488372093,0,1,0,0,0,1,0,0,1
LIMEENERGYCO_09_09_1999-EX-10-DISTRIBUTOR AGREEMENT,Minimum Commitment,"If the Distributor shall fail to purchase the minimum number of units in any year, the Distributor's exclusive rights to sell and distribute the Product in the Market, may at Company's sole option, be reevaluated.",213,35,1,0.028169014084507043,0.6046511627906976,0,0,0,0,1,0,0,0,1
LIMEENERGYCO_09_09_1999-EX-10-DISTRIBUTOR AGREEMENT,License Grant,"Company hereby appoints Distributor as Company's exclusive distributor within the Market and grants to Distributor the exclusive right to sell and distribute Products within the Market, and Distributor hereby accepts such appointment and such grant, in accordance with the terms and conditions of this Agreement.",312,45,1,0.028846153846153848,0.627906976744186,0,0,0,0,0,0,0,0,0
LIMEENERGYCO_09_09_1999-EX-10-DISTRIBUTOR AGREEMENT,License Grant,"The Company hereby grants the Distributor the right to do business and use the name ""Electric City of Illinois"" or a similar variation thereof (collectively the ""Names"") for use under this Agreement.",199,32,1,0.04020100502512563,0.6511627906976745,0,0,0,0,0,0,0,0,0
LIMEENERGYCO_09_09_1999-EX-10-DISTRIBUTOR AGREEMENT,Post-Termination Services,"Upon the expiration or termination of this Agreement, pursuant to Section 4.1 or 4.2 hereof, the Company may, at its option to be exercised within 30 days of the date of the termination of this Agreement, and in its sole discretion, repurchase any Products in the possession of the Distributor at the net invoice price paid by the Distributor to the Company less any applicable special allowances, discounts, shipping or allowances for cooperative advertising.",460,74,3,0.01956521739130435,0.6744186046511628,1,1,0,0,1,0,0,0,0
LIMEENERGYCO_09_09_1999-EX-10-DISTRIBUTOR AGREEMENT,Post-Termination Services,and which the Company has not repurchased.,42,7,1,0.023809523809523808,0.6976744186046512,0,0,0,0,0,0,0,1,0
LIMEENERGYCO_09_09_1999-EX-10-DISTRIBUTOR AGREEMENT,Post-Termination Services,"Following expiration or termination of this Agreement, the Distributor may continue to sell any Products in the Market which are in its inventory",145,23,1,0.034482758620689655,0.7209302325581395,0,0,0,0,1,0,0,0,0
LIMEENERGYCO_09_09_1999-EX-10-DISTRIBUTOR AGREEMENT,Post-Termination Services,"If Company terminates the Agreement without cause and for reasons other than Distributor's failure to meet its minimum expectations; it shall repurchase from Distributor any unopened Product, and shall bear all shipping, handling and related costs notwithstanding any other remedies to which Distributor may be entitled.",320,46,2,0.021875,0.7441860465116279,0,0,0,0,1,0,0,1,1
LIMEENERGYCO_09_09_1999-EX-10-DISTRIBUTOR AGREEMENT,Warranty Duration,"In the event that Company is unable or unwilling to promptly perform any warranty work without reasonable cause and following full and fair opportunity to do so, or in the event of the necessity for emergency repairs of a defective Product for which there is no reasonable possibility of performance by Company, Distributor may perform such warranty work or hire a third party to perform such warranty work and the reasonable cost thereof shall be paid by Company.",464,78,1,0.01293103448275862,0.7674418604651163,0,0,0,0,1,0,0,1,1
LIMEENERGYCO_09_09_1999-EX-10-DISTRIBUTOR AGREEMENT,Warranty Duration,"If, within the twenty-four (24) month warranty period set forth above, Company received from Distributor or any of Distributor's end-user's a notice which may be oral notice confirmed in writing) that any of the Products sold hereunder do not meet the Warranties specified above, Company shall thereupon correct each such defect by providing the necessary repairs, and/or replacement parts, or if necessary, Products.",417,63,1,0.019184652278177457,0.7906976744186046,1,0,0,0,1,0,0,1,1
LIMEENERGYCO_09_09_1999-EX-10-DISTRIBUTOR AGREEMENT,Warranty Duration,The Company reserves the right to reject any Products that are not factory sealed and in new and unused condition.,114,20,1,0.02631578947368421,0.813953488372093,0,0,0,0,0,0,0,1,0
LIMEENERGYCO_09_09_1999-EX-10-DISTRIBUTOR AGREEMENT,Warranty Duration,"In the event of any damages or other defect in a Product which is discovered by Distributor within 365 days of satisfactory installation of a Product at Distributor's or a subdistributor's customer, the Distributor shall promptly report the same to the Company and reasonably demonstrate the defect to the Company.",314,50,1,0.025477707006369428,0.8372093023255814,1,0,0,0,0,0,0,0,1
LIMEENERGYCO_09_09_1999-EX-10-DISTRIBUTOR AGREEMENT,Warranty Duration,"The Company represents that, to the best of its knowledge, Products are in compliance with all laws, and that the Products will not be hazardous or dangerous when used for their intended purpose. Products do not cause harmful emissions or other environmental hazards and Products do not violate or infringe any patents, copyrights, trademarks or other rights of nay third party(ies).",383,61,2,0.015665796344647518,0.8604651162790697,0,0,0,0,0,0,0,1,0
LIMEENERGYCO_09_09_1999-EX-10-DISTRIBUTOR AGREEMENT,Warranty Duration,"Company further warrants that the Products sold hereunder shall be free from defects in design, materials and workmanship for a period of twenty-four (24) months after delivery to Distributor's end-user.",203,30,1,0.014778325123152709,0.8837209302325582,1,0,0,0,0,0,0,0,1
LIMEENERGYCO_09_09_1999-EX-10-DISTRIBUTOR AGREEMENT,Warranty Duration,"The Company shall not have any obligation with respect to Products after 365 days following delivery to Distributor, except as provided herein.",143,22,1,0.027972027972027972,0.9069767441860465,1,0,0,0,0,0,0,1,1
LIMEENERGYCO_09_09_1999-EX-10-DISTRIBUTOR AGREEMENT,Warranty Duration,"If Company does not give Annual Notice pursuant to Section 3.1 hereof, Distributor may, within 90 days of modification, improvement or alteration, return the Products to the Company.",182,28,2,0.04395604395604396,0.9302325581395349,1,1,0,0,1,0,0,1,0
LIMEENERGYCO_09_09_1999-EX-10-DISTRIBUTOR AGREEMENT,Insurance,"Company will carry a reasonable amount of product liability insurance through a reasonably acceptable products liability insurance company and will name the Distributor as an additional insured under that policy. Company will make reasonable efforts to procure a policy, which is non-cancelable, except upon thirty (30) days, advance notice to the Distributor.",360,52,2,0.011111111111111112,0.9534883720930233,1,0,0,0,0,0,0,1,0
LIMEENERGYCO_09_09_1999-EX-10-DISTRIBUTOR AGREEMENT,Covenant Not To Sue,"During the Term of this Agreement and for three years thereafter, the Distributor (on behalf of itself and each of its affiliates) agrees not to commence, or provide any information to or otherwise assist any person or entity in connection with, any suit, action or proceeding contesting the ownership, validity or enforceability of any patent, copyright, trademark, trade name or other propriety right owned by or licensed to the Company, whether currently existing or hereinafter invented, developed or acquired unless required to by court order.",548,85,1,0.009124087591240875,0.9767441860465116,0,0,0,0,0,0,0,1,1
"WHITESMOKE,INC_11_08_2011-EX-10.26-PROMOTION AND DISTRIBUTION AGREEMENT",Document Name,Promotion and Distribution Agreement,36,4,1,0.08333333333333333,0.0,0,0,0,0,0,0,0,0,0
"WHITESMOKE,INC_11_08_2011-EX-10.26-PROMOTION AND DISTRIBUTION AGREEMENT",Expiration Date,"""Term"" means the earlier of: (a) the end of the two year period from the Effective Date to 31 July 2013; or (b) the last day of the calendar month within which the Maximum Distribution Commitment is reached.",207,38,2,0.033816425120772944,0.045454545454545456,1,0,0,0,1,0,0,0,0
"WHITESMOKE,INC_11_08_2011-EX-10.26-PROMOTION AND DISTRIBUTION AGREEMENT",Expiration Date,"This Agreement shall commence on the Effective Date and, unless earlier terminated as set out in this Agreement, shall continue for the Term.",141,23,1,0.0425531914893617,0.09090909090909091,0,0,0,0,0,0,0,1,1
"WHITESMOKE,INC_11_08_2011-EX-10.26-PROMOTION AND DISTRIBUTION AGREEMENT",Governing Law,This Agreement is governed by English law and the parties submit to the exclusive jurisdiction of the English courts in relation to any dispute (contractual or non-contractual) concerning this Agreement save that either party may apply to any court for an injunction or other relief to protect its Intellectual Property Rights.,327,51,1,0.024464831804281346,0.13636363636363635,0,0,0,0,1,0,0,0,0
"WHITESMOKE,INC_11_08_2011-EX-10.26-PROMOTION AND DISTRIBUTION AGREEMENT",Change Of Control,"[ * ] expected to experience, or [ * ] is experiencing, such Change of Control shall notify [ * ] in writing of this before or within [ * ] after the Change of Control.",168,36,1,0.023809523809523808,0.18181818181818182,0,0,0,0,0,0,0,0,1
"WHITESMOKE,INC_11_08_2011-EX-10.26-PROMOTION AND DISTRIBUTION AGREEMENT",Change Of Control,"[ * ] may terminate this Agreement immediately upon written notice if there is a Change of Control of [ * ]. In this Clause the term ""Control"" shall mean the possession by any person(s) directly or indirectly of the power to direct or cause the direction of another person and ""Change of Control"" is to be construed accordingly.",328,59,2,0.024390243902439025,0.22727272727272727,0,1,0,0,1,0,0,0,1
"WHITESMOKE,INC_11_08_2011-EX-10.26-PROMOTION AND DISTRIBUTION AGREEMENT",Change Of Control,"For the avoidance of doubt, if following [ * ] there is a transfer of shareholding or interests in Distributor to any existing or new shareholder(s) which results in any person or persons subsequently gaining Control of Distributor, then Google may exercise its right to terminate in accordance with this clause 5.4.",316,52,2,0.015822784810126583,0.2727272727272727,1,1,0,0,1,0,0,0,0
"WHITESMOKE,INC_11_08_2011-EX-10.26-PROMOTION AND DISTRIBUTION AGREEMENT",Change Of Control,"For the avoidance of doubt, a Change of Control shall be deemed an assignment hereunder unless [ * ] does not exercise its [ * ].",129,26,1,0.023255813953488372,0.3181818181818182,0,0,0,0,0,0,0,1,1
"WHITESMOKE,INC_11_08_2011-EX-10.26-PROMOTION AND DISTRIBUTION AGREEMENT",Anti-Assignment,[ * ] may [ * ]any of its rights or obligations under this Agreement without the prior written consent of [ * ].,112,24,1,0.008928571428571428,0.36363636363636365,0,0,0,0,1,0,0,1,0
"WHITESMOKE,INC_11_08_2011-EX-10.26-PROMOTION AND DISTRIBUTION AGREEMENT",License Grant,"Subject to the terms and conditions of this Agreement, Google grants to Distributor a limited, [ * ] license during the Term to use the Google Trademarks, in accordance with Google's trademark usage guidelines, solely to market and promote the Products consistent with this Agreement, provided that all use of the Google Trademarks shall be subject to Google's prior review and advance written consent.",402,64,1,0.03233830845771144,0.4090909090909091,0,0,0,0,0,0,0,0,1
"WHITESMOKE,INC_11_08_2011-EX-10.26-PROMOTION AND DISTRIBUTION AGREEMENT",License Grant,"Subject to the terms and conditions of this Agreement, Google grants to Distributor a [* ] license during the Term to: (a) bundle the Distribution Products, in machine-readable binary code format only, solely with Distributor App(s); (b) distribute Bundles directly (or indirectly, subject to Clause 2.2 (Third Party Distribution)) to End Users in the Territory; (c) when indicated by the applicable Criteria Checker and requested by the End User in accordance with clause 3.2 (Form of Distribution Offering), install the Chrome Browser or the Google Toolbar (as applicable) on the End User's system using the Google Installers; and (d) reproduce (or have reproduced by Third Party Distributors as defined in Clause 2.2 (Third Party Distribution)), the Distribution Products to the extent necessary to exercise the rights granted in (a), (b) and (c).",850,132,7,0.04823529411764706,0.45454545454545453,1,1,0,0,0,0,0,0,0
"WHITESMOKE,INC_11_08_2011-EX-10.26-PROMOTION AND DISTRIBUTION AGREEMENT",Audit Rights,"During the Term, and for a period of [ * ] thereafter, Google may audit Distributor's relevant records to confirm Distributor's compliance with this Agreement.",159,25,1,0.03773584905660377,0.5,0,0,0,0,1,0,0,0,0
"WHITESMOKE,INC_11_08_2011-EX-10.26-PROMOTION AND DISTRIBUTION AGREEMENT",Uncapped Liability,"Subject to Clauses 9.1 and 9.2, each party's total liability under or in connection with this Agreement (whether in contract, tort or otherwise) arising in any Contract Year is limited to the greater of: (a) [ * ] Euros ([ * ] Euros); and (b) [ * ]% of the total payment due to the Distributor in the relevant Contract Year pursuant to Clause 4 (Payment Terms).",361,67,4,0.036011080332409975,0.5454545454545454,1,1,0,0,0,1,0,0,0
"WHITESMOKE,INC_11_08_2011-EX-10.26-PROMOTION AND DISTRIBUTION AGREEMENT",Uncapped Liability,(c) breach of any implied condition as to title or quiet enjoyment; and (d) misuse of confidential information.,111,18,2,0.0,0.5909090909090909,1,0,0,0,0,0,0,0,0
"WHITESMOKE,INC_11_08_2011-EX-10.26-PROMOTION AND DISTRIBUTION AGREEMENT",Uncapped Liability,"Nothing in this Agreement shall exclude or limit either party's liability for: (a) death or personal injury resulting from the negligence of either party or their servants, agents or employees; (b) fraud or fraudulent misrepresentation;",236,35,2,0.00847457627118644,0.6363636363636364,1,0,0,0,0,0,0,0,1
"WHITESMOKE,INC_11_08_2011-EX-10.26-PROMOTION AND DISTRIBUTION AGREEMENT",Uncapped Liability,"Subject to Clauses 9.1 and 9.2, neither party shall be liable under this Agreement (whether in contract, tort or otherwise) for any: (a) loss of anticipated savings; (b) loss of business opportunity (which for the avoidance of doubt shall not include loss of advertising revenue); (c) loss of or corruption of data; (d) loss or damage resulting from third party claims; or (e) indirect or consequential losses; suffered or incurred by the other party (whether or not such losses were within the contemplation of the parties at the date of this Agreement).",555,92,8,0.007207207207207207,0.6818181818181818,1,0,0,0,0,0,0,1,1
"WHITESMOKE,INC_11_08_2011-EX-10.26-PROMOTION AND DISTRIBUTION AGREEMENT",Uncapped Liability,"Nothing in this Agreement shall exclude or limit either party's liability under Clause 10 (Indemnities), or Distributor's liability under Clause 2 (License Grants and Restrictions), Clause 3.5 (Exclusivity), Clause 3.6 (End User License Agreement) and Clause 3.7 (Accurate Reproduction) or Clause [ * ].",303,44,4,0.066006600660066,0.7272727272727273,1,1,0,0,0,0,0,0,1
"WHITESMOKE,INC_11_08_2011-EX-10.26-PROMOTION AND DISTRIBUTION AGREEMENT",Cap On Liability,"Subject to Clauses 9.1 and 9.2, each party's total liability under or in connection with this Agreement (whether in contract, tort or otherwise) arising in any Contract Year is limited to the greater of: (a) [ * ] Euros ([ * ] Euros); and (b) [ * ]% of the total payment due to the Distributor in the relevant Contract Year pursuant to Clause 4 (Payment Terms).",361,67,4,0.036011080332409975,0.7727272727272727,1,1,0,0,0,1,0,0,0
"WHITESMOKE,INC_11_08_2011-EX-10.26-PROMOTION AND DISTRIBUTION AGREEMENT",Cap On Liability,"Notwithstanding anything to the contrary, in no event shall the [ * ] paid or payable to Distributor by Google pursuant to Clause 4.1 (Payments) exceed the [ * ].",162,30,2,0.030864197530864196,0.8181818181818182,1,1,0,0,0,0,0,1,1
"WHITESMOKE,INC_11_08_2011-EX-10.26-PROMOTION AND DISTRIBUTION AGREEMENT",Cap On Liability,"Subject to Clauses 9.1 and 9.2, neither party shall be liable under this Agreement (whether in contract, tort or otherwise) for any: (a) loss of anticipated savings; (b) loss of business opportunity (which for the avoidance of doubt shall not include loss of advertising revenue); (c) loss of or corruption of data; (d) loss or damage resulting from third party claims; or (e) indirect or consequential losses; suffered or incurred by the other party (whether or not such losses were within the contemplation of the parties at the date of this Agreement).",555,92,8,0.007207207207207207,0.8636363636363636,1,0,0,0,0,0,0,1,1
"WHITESMOKE,INC_11_08_2011-EX-10.26-PROMOTION AND DISTRIBUTION AGREEMENT",Cap On Liability,The foregoing Clauses 10.1 to 10.5 states the parties' entire liability and exclusive remedy with respect to infringement of a third party's Intellectual Property Rights.,170,25,3,0.029411764705882353,0.9090909090909091,1,0,0,0,0,0,0,0,0
"WHITESMOKE,INC_11_08_2011-EX-10.26-PROMOTION AND DISTRIBUTION AGREEMENT",Warranty Duration,Google warrants that the Distribution Products will for a period of [ * ] from the date of their supply to Distributor be free from any defect which has a materially adverse effect on their use or operation.,207,38,1,0.01932367149758454,0.9545454545454546,0,0,0,0,0,0,0,0,0
LohaCompanyltd_20191209_F-1_EX-10.16_11917878_EX-10.16_Supply Agreement,Parties,"The buyer/End-User: Shenzhen LOHAS Supply Chain Management Co., Ltd.",68,9,2,0.20588235294117646,0.0,0,0,0,0,0,0,0,0,0
LohaCompanyltd_20191209_F-1_EX-10.16_11917878_EX-10.16_Supply Agreement,Expiration Date,"The Contract is valid for 5 years, beginning from and ended on .",64,13,1,0.03125,0.2,1,0,0,0,0,0,0,0,0
LohaCompanyltd_20191209_F-1_EX-10.16_11917878_EX-10.16_Supply Agreement,Governing Law,"It will be governed by the law of the People's Republic of China ,otherwise it is governed by United Nations Convention on Contract for the International Sale of Goods.",168,29,1,0.06547619047619048,0.4,0,0,0,0,0,0,0,0,0
LohaCompanyltd_20191209_F-1_EX-10.16_11917878_EX-10.16_Supply Agreement,Warranty Duration,"Within 7 days after the arrival of the goods at destination, should the quality, specification, or quantity be found not in conformity with the stipulations of the Contract except those claims for which the insurance company or the owners of the vessel are liable, the Buyers, on the strength of the Inspection Certificate issued by the China Commodity Inspection Bureau, have the right to claim for replacement with new goods, or for compensation, and all the expenses (such as inspection charges, freight for returning the goods and for sending the replacement, insurance premium, storage and loading and unloading charges etc.) shall be borne by the Sellers.",661,106,2,0.015128593040847202,0.6,1,0,0,0,0,0,0,1,1
LohaCompanyltd_20191209_F-1_EX-10.16_11917878_EX-10.16_Supply Agreement,Insurance,To be covered by the Seller for 110% invoice value against All Risks and War Risk.,82,16,1,0.07317073170731707,0.8,1,0,0,0,0,0,1,0,0
CENTRACKINTERNATIONALINC_10_29_1999-EX-10.3-WEB SITE HOSTING AGREEMENT,Document Name,WEB SITE HOSTING AGREEMENT,26,4,1,0.8846153846153846,0.0,0,0,0,0,0,0,0,0,0
CENTRACKINTERNATIONALINC_10_29_1999-EX-10.3-WEB SITE HOSTING AGREEMENT,Parties,Centrack International,22,2,1,0.09090909090909091,0.07142857142857142,0,0,0,0,0,0,0,0,0
CENTRACKINTERNATIONALINC_10_29_1999-EX-10.3-WEB SITE HOSTING AGREEMENT,Parties,"CENTRACK INTERNATIONAL, INC.",28,3,1,0.8571428571428571,0.14285714285714285,0,0,0,0,0,0,0,0,0
CENTRACKINTERNATIONALINC_10_29_1999-EX-10.3-WEB SITE HOSTING AGREEMENT,Parties,"I-ON INTERACTIVE, INC.",22,3,1,0.7727272727272727,0.21428571428571427,0,0,0,0,0,0,0,0,0
CENTRACKINTERNATIONALINC_10_29_1999-EX-10.3-WEB SITE HOSTING AGREEMENT,Agreement Date,"6th day of April, 1999",22,5,1,0.045454545454545456,0.2857142857142857,1,0,0,0,1,0,0,0,0
CENTRACKINTERNATIONALINC_10_29_1999-EX-10.3-WEB SITE HOSTING AGREEMENT,Effective Date,"The term of this Agreement for the Hosted Site shall commence upon April 1, 1999 and shall continue for a period of six (6) months, unless earlier terminated in accordance with provisions hereof.",195,33,1,0.02564102564102564,0.35714285714285715,1,0,0,0,1,0,0,1,1
CENTRACKINTERNATIONALINC_10_29_1999-EX-10.3-WEB SITE HOSTING AGREEMENT,Expiration Date,"The term of this Agreement for the Hosted Site shall commence upon April 1, 1999 and shall continue for a period of six (6) months, unless earlier terminated in accordance with provisions hereof.",195,33,1,0.02564102564102564,0.42857142857142855,1,0,0,0,1,0,0,1,1
CENTRACKINTERNATIONALINC_10_29_1999-EX-10.3-WEB SITE HOSTING AGREEMENT,Renewal Term,This Agreement shall automatically be renewed for one (1) or more one (1) month periods unless either the Customer or i-on gives notice to the other party of its intention not to renew the,188,34,1,0.015957446808510637,0.5,1,0,0,0,0,0,0,1,1
CENTRACKINTERNATIONALINC_10_29_1999-EX-10.3-WEB SITE HOSTING AGREEMENT,Renewal Term,"Agreement, which notice must be given not less than fifteen (15) days before the end of the respective initial or renewal term.",127,22,1,0.007874015748031496,0.5714285714285714,1,0,0,0,0,0,0,1,1
CENTRACKINTERNATIONALINC_10_29_1999-EX-10.3-WEB SITE HOSTING AGREEMENT,Notice Period To Terminate Renewal,This Agreement shall automatically be renewed for one (1) or more one (1) month periods unless either the Customer or i-on gives notice to the other party of its intention not to renew the,188,34,1,0.015957446808510637,0.6428571428571429,1,0,0,0,0,0,0,1,1
CENTRACKINTERNATIONALINC_10_29_1999-EX-10.3-WEB SITE HOSTING AGREEMENT,Notice Period To Terminate Renewal,"Agreement, which notice must be given not less than fifteen (15) days before the end of the respective initial or renewal term.",127,22,1,0.007874015748031496,0.7142857142857143,1,0,0,0,0,0,0,1,1
CENTRACKINTERNATIONALINC_10_29_1999-EX-10.3-WEB SITE HOSTING AGREEMENT,Governing Law,"This Agreement was entered into in the State of Florida, and its validity, construction, interpretation, and legal effect shall be governed by the laws and judicial decisions of the State of Florida applicable to contracts entered into and performed entirely within the State of Florida.",287,45,1,0.027874564459930314,0.7857142857142857,0,0,0,0,0,0,0,0,1
CENTRACKINTERNATIONALINC_10_29_1999-EX-10.3-WEB SITE HOSTING AGREEMENT,Termination For Convenience,Either party may terminate this Agreement without cause at any time effective upon thirty (30) days' written notice.,116,18,1,0.017241379310344827,0.8571428571428571,1,0,0,0,1,0,0,1,0
CENTRACKINTERNATIONALINC_10_29_1999-EX-10.3-WEB SITE HOSTING AGREEMENT,Cap On Liability,"i-on will not be liable under any circumstances for any lost profits or other consequential damages, even if i-on has been advised as to the possibility of such damages. i-on's liability for damages to the Customer for any cause whatsoever, regardless of the form of action, and whether in contract or in tort, including negligence, shall be limited to one (1) month's fees and the remaining portion of any prepaid fees.",420,71,2,0.002380952380952381,0.9285714285714286,1,0,0,0,0,0,0,1,1
NELNETINC_04_08_2020-EX-1-JOINT FILING AGREEMENT,Document Name,JOINT FILING AGREEMENT,22,3,1,0.9090909090909091,0.0,0,0,0,0,0,0,0,0,0
NELNETINC_04_08_2020-EX-1-JOINT FILING AGREEMENT,Parties,Shelby J. Butterfield,21,3,1,0.14285714285714285,0.5,0,0,0,0,0,0,0,0,0
ADAMSGOLFINC_03_21_2005-EX-10.17-ENDORSEMENT AGREEMENT,Document Name,ENDORSEMENT AGREEMENT,21,2,1,0.9523809523809523,0.0,0,0,0,0,0,0,0,0,0
ADAMSGOLFINC_03_21_2005-EX-10.17-ENDORSEMENT AGREEMENT,Effective Date,The Term of this Agreement shall be for a period of [* ****] years and [*****] months commencing the 1st day of September 2004 and terminating the [*****] day of [*****].,170,31,1,0.023529411764705882,0.05555555555555555,1,0,0,0,1,0,0,0,1
ADAMSGOLFINC_03_21_2005-EX-10.17-ENDORSEMENT AGREEMENT,Expiration Date,The Term of this Agreement shall be for a period of [* ****] years and [*****] months commencing the 1st day of September 2004 and terminating the [*****] day of [*****].,170,31,1,0.023529411764705882,0.1111111111111111,1,0,0,0,1,0,0,0,1
ADAMSGOLFINC_03_21_2005-EX-10.17-ENDORSEMENT AGREEMENT,Governing Law,This Agreement shall be governed and construed according to the laws of the State of Kansas.,92,16,1,0.043478260869565216,0.16666666666666666,0,0,0,0,0,0,0,0,1
ADAMSGOLFINC_03_21_2005-EX-10.17-ENDORSEMENT AGREEMENT,Non-Compete,"When endorsing a non-competitive product, under no circumstances shall CONSULTANT wear, play, use, hold or in any way be associated with an ADAMS GOLF competitor's Product.",172,26,1,0.12209302325581395,0.2222222222222222,0,0,0,0,0,0,0,1,1
ADAMSGOLFINC_03_21_2005-EX-10.17-ENDORSEMENT AGREEMENT,Exclusivity,"During the term of this Agreement, CONSULTANT shall exclusively play/use the MANDATORY PRODUCT.",95,13,1,0.29473684210526313,0.2777777777777778,0,0,0,0,0,0,0,0,1
ADAMSGOLFINC_03_21_2005-EX-10.17-ENDORSEMENT AGREEMENT,Exclusivity,"CONSULTANT hereby gives and grants to ADAMS GOLF the exclusive right and license to use CONSULTANT'S ENDORSEMENT in connection with the manufacture, sale, distribution, advertising and promotion of PRODUCT in the CONTRACT TERRITORY.",232,33,1,0.2801724137931034,0.3333333333333333,0,0,0,0,0,0,0,0,0
ADAMSGOLFINC_03_21_2005-EX-10.17-ENDORSEMENT AGREEMENT,Exclusivity,"During the term of this Agreement, unless otherwise authorized at the sole discretion of ADAMS GOLF in writing, CONSULTANT shall not: A.give the right to use or permit the use of CONSULTANT'S name, facsimile signature, nickname, voice or likeness to any other manufacturer or seller of PRODUCT; B.sponsor or endorse PRODUCT made or sold by any other manufacturer or seller; or C.serve as a CONSULTANT or advisor of any other manufacturer or seller of PRODUCT.",459,75,6,0.1437908496732026,0.3888888888888889,0,0,1,0,0,0,0,1,1
ADAMSGOLFINC_03_21_2005-EX-10.17-ENDORSEMENT AGREEMENT,Competitive Restriction Exception,"Notwithstanding paragraphs 4A, 4B and 4C above, CONSULTANT shall be entitled to endorse and play the [*****].",109,17,1,0.12844036697247707,0.4444444444444444,1,0,0,0,0,0,0,0,1
ADAMSGOLFINC_03_21_2005-EX-10.17-ENDORSEMENT AGREEMENT,Competitive Restriction Exception,"Notwithstanding paragraphs 4A, 4B and 4C above, CONSULTANT shall not be required to wear ADAMS GOLF [*****] in [*****] ads.",123,20,1,0.18699186991869918,0.5,1,0,0,0,0,0,0,1,1
ADAMSGOLFINC_03_21_2005-EX-10.17-ENDORSEMENT AGREEMENT,Competitive Restriction Exception,The parties expressly agree that CONSULTANT may permit [*****] the use of CONSULTANT'S name and/or likeness in [*****] print and/or television advertisement provided that this is executed in a manner consistent with [*****] past [*****] advertising practice using similarly situated professional golfers with competing golf club endorsement agreements that include [*****].,373,51,1,0.058981233243967826,0.5555555555555556,0,0,1,0,1,0,0,0,1
ADAMSGOLFINC_03_21_2005-EX-10.17-ENDORSEMENT AGREEMENT,Competitive Restriction Exception,"(It is expressly understood by the parties that CONSULTANT may play [* ****] clubs in the bag other than ADAMS GOLF clubs including, but not limited to, a putter by a manufacturer other than ADAMS GOLF but may not endorse those clubs and/or putter.)",249,44,1,0.11646586345381527,0.6111111111111112,0,0,0,0,1,0,0,1,0
ADAMSGOLFINC_03_21_2005-EX-10.17-ENDORSEMENT AGREEMENT,Anti-Assignment,"Neither ADAMS GOLF nor CONSULTANT shall have the right to grant sublicenses hereunder or to assign, alienate or otherwise transfer any of its rights or obligations hereunder.",174,27,1,0.11494252873563218,0.6666666666666666,0,0,0,0,0,0,0,0,1
ADAMSGOLFINC_03_21_2005-EX-10.17-ENDORSEMENT AGREEMENT,Minimum Commitment,"In each and every calendar year of this Agreement, CONSULTANT shall achieve a satisfactory record of play in a minimum of [* ****] professional golf association events on the SPGA and/or PGA tour (which shall include both the PGA and SPGA Tour Skins Games).",257,44,1,0.11284046692607004,0.7222222222222222,0,0,0,0,0,0,0,0,1
ADAMSGOLFINC_03_21_2005-EX-10.17-ENDORSEMENT AGREEMENT,Minimum Commitment,"If for any reason, CONSULTANT should achieve a satisfactory record of play in less than [*****] SPGA and/or PGA tour events in a calendar year, he shall repay ADAMS GOLF an amount per event for each event under [*****] achieved in the given calendar year as follows: The agreed upon repayment amount per event per calendar year: 1. Year 1. $[*****] 2. Year 2 $[*****] 3. Year 3 $[*****] 4. Year 4 $[*****] 5. Year 5 $[*****]",424,77,6,0.07783018867924528,0.7777777777777778,1,0,0,0,0,1,0,0,1
ADAMSGOLFINC_03_21_2005-EX-10.17-ENDORSEMENT AGREEMENT,Minimum Commitment,"""MANDATORY PRODUCTS"" shall mean the following ADAMS GOLF PRODUCTS that CONSULTANT must exclusively play/use in all Champions/Senior Professional Golf Association (SPGA) and Professional Golf Association (PGA) events at all times: [***** ] Confidential Material redacted and filed separately with the Commission. 2 1.[*****] 2.Sufficient [*****] to maintain total minimum of [*****] ADAMS GOLF [*****] (includes [*****])[*****] at all times",439,59,3,0.16400911161731208,0.8333333333333334,1,0,0,0,0,0,0,0,1
ADAMSGOLFINC_03_21_2005-EX-10.17-ENDORSEMENT AGREEMENT,Volume Restriction,"During the term of this Agreement, CONSULTANT shall make himself available on not more than [*****] days for television and radio commercials, photo shoots, modeling and promotional appearances compatible with CONSULTANT'S own practice, play and personal time requirements.",273,38,1,0.08424908424908426,0.8888888888888888,0,0,0,0,0,0,0,1,1
ADAMSGOLFINC_03_21_2005-EX-10.17-ENDORSEMENT AGREEMENT,License Grant,"CONSULTANT hereby gives and grants to ADAMS GOLF the exclusive right and license to use CONSULTANT'S ENDORSEMENT in connection with the manufacture, sale, distribution, advertising and promotion of PRODUCT in the CONTRACT TERRITORY.",232,33,1,0.2801724137931034,0.9444444444444444,0,0,0,0,0,0,0,0,0
"KIROMICBIOPHARMA,INC_05_11_2020-EX-10.23-CONSULTING AGREEMENT",Document Name,CONSULTING AGREEMENT,20,2,1,0.95,0.0,0,0,0,0,0,0,0,0,0
"KIROMICBIOPHARMA,INC_05_11_2020-EX-10.23-CONSULTING AGREEMENT",Effective Date,"This letter agreement will be effective as of July 1, 2018.",59,11,1,0.03389830508474576,0.05263157894736842,1,0,0,0,1,0,0,0,0
"KIROMICBIOPHARMA,INC_05_11_2020-EX-10.23-CONSULTING AGREEMENT",Expiration Date,This Agreement will commence on the Effective Date and will continue until termination as provided below.,105,16,1,0.0380952380952381,0.10526315789473684,0,0,0,0,0,0,0,0,0
"KIROMICBIOPHARMA,INC_05_11_2020-EX-10.23-CONSULTING AGREEMENT",Governing Law,"This Agreement shall be governed by the laws of the State of Texas, without reference to its conflicts of law principles.",121,21,1,0.03305785123966942,0.15789473684210525,0,0,0,0,0,0,0,1,1
"KIROMICBIOPHARMA,INC_05_11_2020-EX-10.23-CONSULTING AGREEMENT",Non-Compete,"Without limiting the foregoing, Consultant agrees to use his or her best efforts (A) to segregate Consultant's",110,17,1,0.03636363636363636,0.21052631578947367,1,0,0,0,0,0,0,1,0
"KIROMICBIOPHARMA,INC_05_11_2020-EX-10.23-CONSULTING AGREEMENT",Non-Compete,"Consultant hereby certifies that Consultant has no outstanding agreement or obligation that is in conflict with any of the provisions of this Agreement, or that would preclude Consultant from complying with the provisions hereof, and further certifies that Consultant will not enter into any such conflicting agreement during the term of this Agreement.",353,53,1,0.0169971671388102,0.2631578947368421,0,0,0,0,0,0,0,1,0
"KIROMICBIOPHARMA,INC_05_11_2020-EX-10.23-CONSULTING AGREEMENT",Non-Compete,"Subject to written waivers that may be provided by the Company upon request, which shall not be unreasonably withheld, Consultant agrees that, during the term of this Agreement, Consultant will not directly or indirectly (i) participate in the formation of any business or commercial entity in the Field of Interest or otherwise competitive with the Company.",358,56,1,0.0223463687150838,0.3157894736842105,1,0,0,0,1,0,0,1,1
"KIROMICBIOPHARMA,INC_05_11_2020-EX-10.23-CONSULTING AGREEMENT",Non-Compete,"Services performed under this Agreement from Consultant's work done for any other companies for whom Consultant is providing services so as to minimize any questions of disclosure of, or rights under, any inventions, (B) to notify the Company if at any time the Consultant believes that such questions may result from his or her performance under this Agreement and (C) to assist the Company in fairly resolving any questions in this regard which may arise.",457,75,1,0.02188183807439825,0.3684210526315789,1,0,0,0,1,0,0,0,0
"KIROMICBIOPHARMA,INC_05_11_2020-EX-10.23-CONSULTING AGREEMENT",Termination For Convenience,Either Consultant or Company may terminate this Agreement upon prior written notice thereof to the other party.,111,17,1,0.036036036036036036,0.42105263157894735,0,0,0,0,1,0,0,0,0
"KIROMICBIOPHARMA,INC_05_11_2020-EX-10.23-CONSULTING AGREEMENT",Anti-Assignment,Neither this Agreement nor any right hereunder or interest herein may be assigned or transferred by Consultant without the express written consent of Company.,158,24,1,0.02531645569620253,0.47368421052631576,0,0,0,0,1,0,0,1,0
"KIROMICBIOPHARMA,INC_05_11_2020-EX-10.23-CONSULTING AGREEMENT",Anti-Assignment,Consultant shall not subcontract any portion of Consultant's duties under this Agreement without the prior written consent of Company.,134,19,1,0.029850746268656716,0.5263157894736842,0,0,0,0,0,0,0,1,1
"KIROMICBIOPHARMA,INC_05_11_2020-EX-10.23-CONSULTING AGREEMENT",Volume Restriction,"The Company will compensate Consultant at the rate of $400 per hour (19 hours cap monthly; anything over these hrs must be preapproved by management), payable in accordance with the Company's standard payroll schedule, and subject to withholding as legally required.",266,41,2,0.015037593984962405,0.5789473684210527,0,1,0,0,0,1,0,0,1
"KIROMICBIOPHARMA,INC_05_11_2020-EX-10.23-CONSULTING AGREEMENT",Ip Ownership Assignment,"Consultant hereby irrevocably assigns to Company all right, title and interest in and to any information (including, without limitation, business plans and/or business information), technology, know-how, materials, notes, records, designs, ideas, inventions, improvements, devices, developments, discoveries, compositions, trade secrets, processes, methods and/or techniques, whether or not patentable or copyrightable, that are conceived, reduced to practice or made by Consultant alone or jointly with others in the course of performing the Services or through the use of Confidential Information (collectively, 111nventions"").",629,80,1,0.009538950715421303,0.631578947368421,1,0,0,0,0,0,0,1,0
"KIROMICBIOPHARMA,INC_05_11_2020-EX-10.23-CONSULTING AGREEMENT",Ip Ownership Assignment,to execute and file any such applications and to do all other lawfully permitted acts to further the prosecution and issuance of such intellectual property rights thereon with the same legal force and effect as if executed by Consultant.,237,39,1,0.004219409282700422,0.6842105263157895,0,0,1,0,0,0,0,0,0
"KIROMICBIOPHARMA,INC_05_11_2020-EX-10.23-CONSULTING AGREEMENT",Ip Ownership Assignment,"Consultant agrees to sign, execute and acknowledge or cause to be signed, executed and acknowledged without cost, but at the expense of Company, any and all documents and to perform such acts as my be necessary, useful or convenient for the purposes of perfecting the foregoing assignments and obtaining, enforcing and defending intellectual property rights in any and all countries with respect to Inventions.",410,64,1,0.007317073170731708,0.7368421052631579,0,0,1,0,0,0,0,1,0
"KIROMICBIOPHARMA,INC_05_11_2020-EX-10.23-CONSULTING AGREEMENT",Ip Ownership Assignment,"Consultant agrees that if Company is unable because of Consultant's unavailability, mental or physical incapacity, or for any other reason, to secure Consultant's signature to apply for or to pursue any application or registration for any intellectual property rights covering any Invention, then Consultant hereby irrevocably designates and appoints Company and its duly authorized officers and agents as Consultant's agent and attorney-in-fact, to act for and in Consultant's behalf",484,69,1,0.01859504132231405,0.7894736842105263,0,0,1,0,0,0,0,0,0
"KIROMICBIOPHARMA,INC_05_11_2020-EX-10.23-CONSULTING AGREEMENT",License Grant,"Consultant agrees that if, in the course of performing the Services, Consultant incorporates into any Invention developed hereunder any invention, improvement, development concept, discovery or other proprietary subject matter owned by Consultant or in which Consultant has an interest (""Item""), Consultant will inform Company in writing thereof, and Company is hereby granted and shall have a non-exclusive, royalty-free, perpetual, irrevocable, worldwide license to make, have made, modify, reproduce, display, use and sell such Item as part of or in connection with the exploitation of such Invention.",604,86,1,0.019867549668874173,0.8421052631578947,0,0,0,0,0,0,0,0,1
"KIROMICBIOPHARMA,INC_05_11_2020-EX-10.23-CONSULTING AGREEMENT",Irrevocable Or Perpetual License,"Consultant agrees that if, in the course of performing the Services, Consultant incorporates into any Invention developed hereunder any invention, improvement, development concept, discovery or other proprietary subject matter owned by Consultant or in which Consultant has an interest (""Item""), Consultant will inform Company in writing thereof, and Company is hereby granted and shall have a non-exclusive, royalty-free, perpetual, irrevocable, worldwide license to make, have made, modify, reproduce, display, use and sell such Item as part of or in connection with the exploitation of such Invention.",604,86,1,0.019867549668874173,0.8947368421052632,0,0,0,0,0,0,0,0,1
"KIROMICBIOPHARMA,INC_05_11_2020-EX-10.23-CONSULTING AGREEMENT",Post-Termination Services,"Upon the termination of this Agreement, or upon Company's earlier requests, Consultant will deliver to Company all property relating to, and all tangible embodiments of, Inventions in Consultant's possession or control.",219,31,1,0.0319634703196347,0.9473684210526315,0,0,0,0,0,0,0,0,0
"VEONEER,INC_02_21_2020-EX-10.11-JOINT VENTURE AGREEMENT",Document Name,AMENDMENT AND TERMINATION OF JOINT VENTURE AGREEMENT,52,7,1,0.8846153846153846,0.0,0,0,0,0,0,0,0,0,0
"VEONEER,INC_02_21_2020-EX-10.11-JOINT VENTURE AGREEMENT",Parties,"Nissin Kogyo Co., Ltd.",22,4,2,0.18181818181818182,0.1111111111111111,0,0,0,0,0,0,0,0,0
"VEONEER,INC_02_21_2020-EX-10.11-JOINT VENTURE AGREEMENT",Parties,"""NBZ"" and together with Nissin and Nissin Holding, the ""Nissin Parties""",71,11,1,0.11267605633802817,0.2222222222222222,0,0,0,0,0,0,0,0,0
"VEONEER,INC_02_21_2020-EX-10.11-JOINT VENTURE AGREEMENT",Parties,Nissin Kogyo Holdings,21,3,1,0.14285714285714285,0.3333333333333333,0,0,0,0,0,0,0,0,0
"VEONEER,INC_02_21_2020-EX-10.11-JOINT VENTURE AGREEMENT",Parties,"""Veoneer US"" and together with Veoneer AB, the ""Veoneer Parties""",64,10,1,0.125,0.4444444444444444,0,0,0,0,0,0,0,0,0
"VEONEER,INC_02_21_2020-EX-10.11-JOINT VENTURE AGREEMENT",Parties,"Zhongshan Nissin Industry Co., Ltd.",35,5,2,0.14285714285714285,0.5555555555555556,0,0,0,0,0,0,0,0,0
"VEONEER,INC_02_21_2020-EX-10.11-JOINT VENTURE AGREEMENT",Effective Date,"This Amendment shall only become effective upon the VNBJ Closing with respect to Article 1.1 and the VNBZ Closing with respect to Article 1.2, and shall terminate without any force or effect in the event that the VNBJ SPA and the VNBZ SPA are terminated in accordance with the terms thereof.",291,51,3,0.09621993127147767,0.6666666666666666,1,1,0,0,0,0,0,1,1
"VEONEER,INC_02_21_2020-EX-10.11-JOINT VENTURE AGREEMENT",Expiration Date,"This Amendment shall only become effective upon the VNBJ Closing with respect to Article 1.1 and the VNBZ Closing with respect to Article 1.2, and shall terminate without any force or effect in the event that the VNBJ SPA and the VNBZ SPA are terminated in accordance with the terms thereof.",291,51,3,0.09621993127147767,0.7777777777777778,1,1,0,0,0,0,0,1,1
"VEONEER,INC_02_21_2020-EX-10.11-JOINT VENTURE AGREEMENT",Governing Law,This Amendment shall be governed by and construed in accordance with the laws of Japan.,87,15,1,0.034482758620689655,0.8888888888888888,0,0,0,0,0,0,0,0,1
DovaPharmaceuticalsInc_20181108_10-Q_EX-10.2_11414857_EX-10.2_Promotion Agreement,Document Name,CO-PROMOTION AGREEMENT,22,2,1,0.9090909090909091,0.0,0,0,0,0,0,0,0,0,0
DovaPharmaceuticalsInc_20181108_10-Q_EX-10.2_11414857_EX-10.2_Promotion Agreement,Parties,"Dova Pharmaceuticals, Inc.",26,3,1,0.11538461538461539,0.02127659574468085,0,0,0,0,0,0,0,0,0
DovaPharmaceuticalsInc_20181108_10-Q_EX-10.2_11414857_EX-10.2_Promotion Agreement,Parties,"Dova and Valeant are each referred to individually as a ""Party"" and together as the ""Parties"".",94,16,1,0.0425531914893617,0.0425531914893617,0,0,0,0,0,0,0,0,0
DovaPharmaceuticalsInc_20181108_10-Q_EX-10.2_11414857_EX-10.2_Promotion Agreement,Parties,Valeant Pharmaceuticals North America LLC,41,5,1,0.17073170731707318,0.06382978723404255,0,0,0,0,0,0,0,0,0
DovaPharmaceuticalsInc_20181108_10-Q_EX-10.2_11414857_EX-10.2_Promotion Agreement,Effective Date,"""Effective Date"" shall have the meaning set forth in the preamble to this Agreement.",84,14,1,0.03571428571428571,0.0851063829787234,0,0,0,0,0,0,0,0,1
DovaPharmaceuticalsInc_20181108_10-Q_EX-10.2_11414857_EX-10.2_Promotion Agreement,Expiration Date,"This Agreement shall become effective as of the Effective Date and, unless earlier terminated as provided in this ARTICLE 12, shall extend until the four (4) year anniversary of the Effective Date (the ""Term"").",210,34,1,0.06666666666666667,0.10638297872340426,1,1,0,0,0,0,0,1,1
DovaPharmaceuticalsInc_20181108_10-Q_EX-10.2_11414857_EX-10.2_Promotion Agreement,Governing Law,"This Agreement and any and all matters arising directly or indirectly herefrom shall be governed by and construed and enforced in accordance with the internal laws of the [***] applicable to agreements made and to be performed entirely in such state, including its statutes of limitation but without giving effect to the conflict of law principles thereof.",356,57,1,0.0056179775280898875,0.1276595744680851,0,0,0,0,0,0,0,1,1
DovaPharmaceuticalsInc_20181108_10-Q_EX-10.2_11414857_EX-10.2_Promotion Agreement,Non-Compete,"[***], neither Valeant nor its Affiliates shall, directly or indirectly, [***] in the Territory other than the Product; provided that if the Agreement is terminated by Dova pursuant to [***], then any Tail Period shall be immediately terminated if either Valeant or any of its Affiliates, directly or indirectly, [***] in the Territory other than the Product during such Tail Period.",383,61,2,0.03655352480417755,0.14893617021276595,0,0,0,0,0,0,0,0,1
DovaPharmaceuticalsInc_20181108_10-Q_EX-10.2_11414857_EX-10.2_Promotion Agreement,Exclusivity,"During the Term, subject to the terms and conditions of this Agreement, Dova hereby grants to Valeant the right, on a co-exclusive basis (solely with Dova and its Affiliates), to Detail and promote the Product in the Specialty in the Territory in the Field, and to conduct the Valeant Activities and the activities of the institutional account management team (pursuant to and subject to the terms of Section 4.1.5) for the Product in the Territory in the Field in accordance with the terms and conditions of this Agreement.",524,88,3,0.03625954198473282,0.1702127659574468,1,1,0,0,0,0,0,0,0
DovaPharmaceuticalsInc_20181108_10-Q_EX-10.2_11414857_EX-10.2_Promotion Agreement,Competitive Restriction Exception,"Notwithstanding anything to the contrary, in no event shall the restrictions set forth in this Section 2.3.2 apply to [***].",124,20,3,0.016129032258064516,0.19148936170212766,1,1,0,0,0,0,0,1,1
DovaPharmaceuticalsInc_20181108_10-Q_EX-10.2_11414857_EX-10.2_Promotion Agreement,Competitive Restriction Exception,"Notwithstanding the foregoing, this Section 2.3.1(a) shall not apply to any products marketed, promoted, detailed, offered for sale, or sold by any business (or any portion thereof), other Person, or group of Persons, [***].",224,34,3,0.017857142857142856,0.2127659574468085,1,1,0,0,0,0,0,1,1
DovaPharmaceuticalsInc_20181108_10-Q_EX-10.2_11414857_EX-10.2_Promotion Agreement,No-Solicit Of Employees,"[***], neither Valeant nor Dova (nor any of their respective Affiliates) shall directly or indirectly solicit for hire or employee as an employee, consultant or otherwise any of the other Party's professional personnel who have had direct involvement with the JSC, with the Valeant Activities under this Agreement (which, in the case of Valeant, includes the Field Force Personnel) or with Dova's commercialization activities for the Product, without the other Party's prior written consent.",491,74,1,0.034623217922606926,0.23404255319148937,0,0,0,0,0,0,0,1,1
DovaPharmaceuticalsInc_20181108_10-Q_EX-10.2_11414857_EX-10.2_Promotion Agreement,Termination For Convenience,Either Party shall have the right to terminate this Agreement before the end of the Term for its convenience upon [***] written notice to the other Party (and any such termination shall become effective at the end of such [***]); [***].,236,41,2,0.0211864406779661,0.2553191489361702,0,0,0,0,0,0,0,0,1
DovaPharmaceuticalsInc_20181108_10-Q_EX-10.2_11414857_EX-10.2_Promotion Agreement,Change Of Control,"Notwithstanding the foregoing, (a) either Party may, without the other Party's consent, assign this Agreement and its rights and obligations hereunder in whole or in part to an Affiliate; and (b) Dova may assign this Agreement to a successor in interest in connection with the sale or other transfer of all or substantially all of Dova's assets or rights relating to the Product; provided that such assignee shall remain subject to all of the terms and conditions hereof in all respects and shall assume all obligations of Dova hereunder whether accruing before or after such assignment.",587,96,3,0.017035775127768313,0.2765957446808511,1,0,0,0,1,0,0,1,1
DovaPharmaceuticalsInc_20181108_10-Q_EX-10.2_11414857_EX-10.2_Promotion Agreement,Anti-Assignment,"In the event either Party desires to make such an assignment or other transfer of this Agreement or any rights or obligations hereunder, such Party shall deliver a written notice to the other Party requesting the other Party's written consent in accordance with this Section 13.2, and the other Party shall provide such Party written notice of its determination whether to provide such written consent within [***] following its receipt of such written notice from such Party.",476,77,2,0.02100840336134454,0.2978723404255319,1,1,0,0,0,0,0,0,1
DovaPharmaceuticalsInc_20181108_10-Q_EX-10.2_11414857_EX-10.2_Promotion Agreement,Anti-Assignment,"Except as provided in this Section 13.2, this Agreement may not be assigned or otherwise transferred, nor may any rights or obligations hereunder be assigned or transferred, by either Party, without the written consent of the other Party (such consent not to be unreasonably withheld); provided that a merger, sale of stock or comparable transaction shall not constitute an assignment.",385,60,3,0.012987012987012988,0.3191489361702128,1,1,0,0,1,0,0,1,1
DovaPharmaceuticalsInc_20181108_10-Q_EX-10.2_11414857_EX-10.2_Promotion Agreement,Anti-Assignment,"Except to Affiliates of Valeant, Valeant shall not subcontract the Valeant Activities with any Third Party (including any contract sales force).",144,21,1,0.05555555555555555,0.3404255319148936,0,0,0,0,0,0,0,1,1
DovaPharmaceuticalsInc_20181108_10-Q_EX-10.2_11414857_EX-10.2_Promotion Agreement,Anti-Assignment,Any attempted assignment not in accordance with this Section 13.2 shall be void.,80,13,2,0.025,0.3617021276595745,1,1,0,0,0,0,0,1,1
DovaPharmaceuticalsInc_20181108_10-Q_EX-10.2_11414857_EX-10.2_Promotion Agreement,Revenue/Profit Sharing,"Commencing with the Calendar Quarter commencing on October 1, 2018, as consideration for the Valeant Activities performed by Valeant, Dova shall pay Valeant a promotion fee based on annual Net Sales during the Term, calculated as follows: (a) For any portion of Net Sales up to and equal [***] in a Calendar Year, an amount equal to [***] of such portion of Net Sales; (b) For any portion of Net Sales in excess of [***] and up to and equal [***] in a Calendar Year, an amount equal to [***] of such portion of Net Sales; and (c) For any portion of Net Sales in excess of [***] in a Calendar Year, [***] of such portion of Net Sales.",633,119,3,0.052132701421800945,0.3829787234042553,1,0,0,0,1,0,0,0,1
DovaPharmaceuticalsInc_20181108_10-Q_EX-10.2_11414857_EX-10.2_Promotion Agreement,Revenue/Profit Sharing,"If the aggregate actual number of Details for the Product made by the Sales Representatives for a Calendar Quarter is less than the Quarterly Minimum Details for such Calendar Quarter, then in calculating the promotion fee due under Section 6.1.1, the Applicable Percentage for such Calendar Quarter shall be reduced to a new percentage equal to [***].",352,57,3,0.048295454545454544,0.40425531914893614,1,1,0,0,0,0,0,0,1
DovaPharmaceuticalsInc_20181108_10-Q_EX-10.2_11414857_EX-10.2_Promotion Agreement,Revenue/Profit Sharing,"If the Quarterly Average Sales Force Size is less than [***] Sales Representatives for an applicable Calendar Quarter, then in calculating the promotion fee due under Section 6.1.1, the Applicable Percentage for such Calendar Quarter shall be reduced to a new percentage equal to [***].",286,45,3,0.05244755244755245,0.425531914893617,1,1,0,0,0,0,0,0,1
DovaPharmaceuticalsInc_20181108_10-Q_EX-10.2_11414857_EX-10.2_Promotion Agreement,Minimum Commitment,"If the aggregate actual number of Details for the Product made by the Sales Representatives for a Calendar Quarter is less than the Quarterly Minimum Details for such Calendar Quarter, then in calculating the promotion fee due under Section 6.1.1, the Applicable Percentage for such Calendar Quarter shall be reduced to a new percentage equal to [***].",352,57,3,0.048295454545454544,0.44680851063829785,1,1,0,0,0,0,0,0,1
DovaPharmaceuticalsInc_20181108_10-Q_EX-10.2_11414857_EX-10.2_Promotion Agreement,Minimum Commitment,A Party shall have the right to terminate this Agreement before the end of the Term as follows:,95,18,1,0.042105263157894736,0.46808510638297873,0,0,0,0,0,0,0,0,1
DovaPharmaceuticalsInc_20181108_10-Q_EX-10.2_11414857_EX-10.2_Promotion Agreement,Minimum Commitment,"Without limiting the generality of the foregoing, [***]) and continuing throughout the remainder of the Term, Valeant shall maintain at least one hundred (100) Sales Representatives with responsibility to Detail the Product in the Specialty in the Territory.",258,38,1,0.03488372093023256,0.48936170212765956,1,0,0,0,0,0,0,1,1
DovaPharmaceuticalsInc_20181108_10-Q_EX-10.2_11414857_EX-10.2_Promotion Agreement,Minimum Commitment,"12.2.3 by Dova if the aggregate actual number of Details for the Product made by the Sales Representatives for a Calendar Quarter is less than the Quarterly Minimum Details for [***] consecutive Calendar Quarters, upon [***] written notice to Valeant, such notice to be delivered no less than [***] following the end of the last consecutive Calendar Quarter in which the actual Details are less than the Quarterly Minimum Details;",430,70,3,0.044186046511627906,0.5106382978723404,1,0,0,0,0,0,0,1,0
DovaPharmaceuticalsInc_20181108_10-Q_EX-10.2_11414857_EX-10.2_Promotion Agreement,Minimum Commitment,"If the Quarterly Average Sales Force Size is less than [***] Sales Representatives for an applicable Calendar Quarter, then in calculating the promotion fee due under Section 6.1.1, the Applicable Percentage for such Calendar Quarter shall be reduced to a new percentage equal to [***].",286,45,3,0.05244755244755245,0.5319148936170213,1,1,0,0,0,0,0,0,1
DovaPharmaceuticalsInc_20181108_10-Q_EX-10.2_11414857_EX-10.2_Promotion Agreement,Ip Ownership Assignment,"As between the Parties, Dova shall own all right, title and interest in and to any Product Materials (and all content contained therein) and any Product Labeling (and all content contained therein), including applicable copyrights and trademarks (other than any name, trademark, trade name or logo of Valeant or its Affiliates that may appear on such Product materials or Product Labeling), and to the extent Valeant (or any of its Affiliates) obtains or otherwise has a claim to any of the foregoing, Valeant hereby assigns (and shall cause any applicable Affiliate to assign) all of its right, title and interest in and to such Product Materials (and content) and Product Labeling (and content) (other than any name, trademark, trade name or logo of Valeant or its Affiliates that may appear on such Product materials or Product Labeling) to Dova and Valeant agrees to (and shall cause its applicable Affiliate to) execute all documents and take all actions as are reasonably requested by Dova to vest title to such Product Materials (and content) and Product Labeling (and content) in Dova (or its designated Affiliate).",1123,183,1,0.031166518254674976,0.5531914893617021,0,0,0,0,1,0,0,0,1
DovaPharmaceuticalsInc_20181108_10-Q_EX-10.2_11414857_EX-10.2_Promotion Agreement,Ip Ownership Assignment,"The ownership, and all goodwill from the use, of any Dova Trademarks and Copyrights shall at all times vest in and inure to the benefit of Dova, and Valeant shall assign, and hereby does assign, any rights it may have in the foregoing to Dova.",243,45,1,0.02880658436213992,0.574468085106383,0,0,0,0,1,0,0,0,1
DovaPharmaceuticalsInc_20181108_10-Q_EX-10.2_11414857_EX-10.2_Promotion Agreement,Ip Ownership Assignment,"Valeant agrees to assign, and hereby does assign, to Dova (and shall cause its Affiliates and its and their respective employees and other representatives to assign to Dova) any and all right, title and interest that Valeant (or any such Affiliates, employees or other representatives) may have in or to any Invention.",318,52,1,0.0220125786163522,0.5957446808510638,0,0,0,0,1,0,0,0,1
DovaPharmaceuticalsInc_20181108_10-Q_EX-10.2_11414857_EX-10.2_Promotion Agreement,License Grant,"During the Term, subject to the terms and conditions of this Agreement, Dova hereby grants to Valeant the right, on a co-exclusive basis (solely with Dova and its Affiliates), to Detail and promote the Product in the Specialty in the Territory in the Field, and to conduct the Valeant Activities and the activities of the institutional account management team (pursuant to and subject to the terms of Section 4.1.5) for the Product in the Territory in the Field in accordance with the terms and conditions of this Agreement.",524,88,3,0.03625954198473282,0.6170212765957447,1,1,0,0,0,0,0,0,0
DovaPharmaceuticalsInc_20181108_10-Q_EX-10.2_11414857_EX-10.2_Promotion Agreement,License Grant,Valeant shall have the non-exclusive right to use the Dova Trademarks and Copyrights solely on Product Materials in order to perform the Valeant Activities and solely in accordance with the terms and conditions of this Agreement.,229,36,1,0.039301310043668124,0.6382978723404256,0,0,0,0,0,0,0,0,1
DovaPharmaceuticalsInc_20181108_10-Q_EX-10.2_11414857_EX-10.2_Promotion Agreement,License Grant,"[***], Valeant hereby grants to Dova a fully paid-up, royalty free, non-transferable, non- exclusive license (with a limited right to sub-license to its Affiliates) to any Valeant Property that appears on, embodied on or contained in the Product materials or Product Labeling solely for use in connection with Dova's promotion or other commercialization of the Product in the Territory.",386,59,1,0.02849740932642487,0.6595744680851063,0,0,0,0,0,0,0,0,0
DovaPharmaceuticalsInc_20181108_10-Q_EX-10.2_11414857_EX-10.2_Promotion Agreement,Non-Transferable License,"Except to Affiliates of Valeant, Valeant's rights and obligations under this Section 2.1 are non-transferable, non-assignable, and non-delegable.",145,18,2,0.034482758620689655,0.6808510638297872,1,1,0,0,0,0,0,1,0
DovaPharmaceuticalsInc_20181108_10-Q_EX-10.2_11414857_EX-10.2_Promotion Agreement,Non-Transferable License,"[***], Valeant hereby grants to Dova a fully paid-up, royalty free, non-transferable, non- exclusive license (with a limited right to sub-license to its Affiliates) to any Valeant Property that appears on, embodied on or contained in the Product materials or Product Labeling solely for use in connection with Dova's promotion or other commercialization of the Product in the Territory.",386,59,1,0.02849740932642487,0.7021276595744681,0,0,0,0,0,0,0,0,0
DovaPharmaceuticalsInc_20181108_10-Q_EX-10.2_11414857_EX-10.2_Promotion Agreement,Affiliate License-Licensee,"[***], Valeant hereby grants to Dova a fully paid-up, royalty free, non-transferable, non- exclusive license (with a limited right to sub-license to its Affiliates) to any Valeant Property that appears on, embodied on or contained in the Product materials or Product Labeling solely for use in connection with Dova's promotion or other commercialization of the Product in the Territory.",386,59,1,0.02849740932642487,0.723404255319149,0,0,0,0,0,0,0,0,0
DovaPharmaceuticalsInc_20181108_10-Q_EX-10.2_11414857_EX-10.2_Promotion Agreement,Audit Rights,"Dova shall have the right, at its own expense, during normal business hours and upon reasonable prior notice, through a certified public accounting firm or other auditor selected by Dova and reasonably acceptable to Valeant and upon execution of a confidentiality agreement reasonably satisfactory to Valeant in form and substance, to inspect and audit the applicable records and books maintained by Valeant relating to the Valeant Activities for purposes of verifying Valeant's compliance with the terms of this Agreement, provided that (i) such examination shall not take place more often than once per every twelve (12) months during the Term and once during the one (1) year period following the end of the Term, and (ii) such examination shall not cover a period of time that has previously been audited; provided that Dova shall have the right to conduct additional ""for cause"" audits to the extent necessary to address significant compliance problems relating to Valeant's obligations hereunder or in response to any inquiry, inspection, investigation or other requirements of a Government Authority in the Territory relating to the Valeant Activities.",1159,180,2,0.015530629853321829,0.7446808510638298,1,0,0,0,0,0,0,1,1
DovaPharmaceuticalsInc_20181108_10-Q_EX-10.2_11414857_EX-10.2_Promotion Agreement,Audit Rights,"Valeant shall bear the out-of-pocket costs and expenses incurred by the Parties in connection with any such inspection or audit, unless the audit shows an undisputed under-reporting or underpayment for that audited period in excess of [***] of the amounts properly determined, in which case, Dova shall reimburse Valeant for its audit fees and reasonable out-of-pocket expenses in connection with said audit, which reimbursement shall be due and payable within [***] of receiving appropriate invoices and other support for such audit-related costs.",548,82,1,0.0072992700729927005,0.7659574468085106,0,0,0,0,0,0,0,1,1
DovaPharmaceuticalsInc_20181108_10-Q_EX-10.2_11414857_EX-10.2_Promotion Agreement,Audit Rights,"Valeant shall have the right, at its own expense, during normal business hours and upon reasonable prior notice, through certified public accounting firm or other auditor selected by Valeant and reasonably acceptable to Dova and upon execution of a confidentiality agreement reasonably satisfactory to Dova in form and substance, to inspect and audit the applicable records and books maintained by Dova for purposes of verifying Dova's payment obligations within this Agreement, including the applicable records and books of account maintained by Dova, or any Affiliate, as applicable, with respect to Net Sales in order to confirm the accuracy and completeness of such records and books of account and all payments hereunder; provided, however, that (i) such examination shall not take place more often than once per every twelve (12) months during the Term and once during the one (1) year period following the end of the Term, and (ii) such examination shall not cover a period of time that has previously been audited; provided that Valeant shall have the right to conduct additional ""for cause"" audits to the extent necessary to address significant problems relating to Dova's payment obligations hereunder.",1212,190,3,0.012376237623762377,0.7872340425531915,1,0,0,0,0,0,0,1,1
DovaPharmaceuticalsInc_20181108_10-Q_EX-10.2_11414857_EX-10.2_Promotion Agreement,Audit Rights,"Where necessary, on reasonable request, Dova's audit rights shall include interviewing Sales Representatives and other employees of Valeant.",140,18,1,0.03571428571428571,0.8085106382978723,0,0,0,0,0,0,0,0,1
DovaPharmaceuticalsInc_20181108_10-Q_EX-10.2_11414857_EX-10.2_Promotion Agreement,Audit Rights,"Dova shall bear the out-of-pocket costs and expenses incurred by the Parties in connection with any such inspection or audit, unless the audit shows an undisputed over- payment for that audited period in excess of [***] of the amounts properly determined, in which case, Valeant shall reimburse Dova for its audit fees and reasonable out-of-pocket expenses in connection with said audit, which reimbursement shall be due and payable within [***] of receiving appropriate invoices and other support for such audit-related costs.",527,81,1,0.007590132827324478,0.8297872340425532,0,0,0,0,0,0,0,1,1
DovaPharmaceuticalsInc_20181108_10-Q_EX-10.2_11414857_EX-10.2_Promotion Agreement,Uncapped Liability,"THE FOREGOING SENTENCE SHALL NOT LIMIT (1) THE OBLIGATIONS OF EITHER PARTY TO INDEMNIFY THE OTHER PARTY FROM AND AGAINST THIRD PARTY CLAIMS UNDER SECTION 11.1 OR 11.2, AS APPLICABLE, OR (2) DAMAGES AVAILABLE FOR A PARTY'S BREACH OF THE CONFIDENTIALITY AND NON-USE OBLIGATIONS IN ARTICLE 9.",289,47,3,0.7716262975778547,0.851063829787234,1,1,0,0,0,0,0,1,1
DovaPharmaceuticalsInc_20181108_10-Q_EX-10.2_11414857_EX-10.2_Promotion Agreement,Cap On Liability,"Notwithstanding the above, the sole remedy of Dova for breach of this Section 4.1.2 shall be (i) the adjustment to the promotion fee as set forth in Section 6.1.2 and (ii) the termination right set out in Section 12.2.2.",220,39,7,0.022727272727272728,0.8723404255319149,1,1,0,0,0,0,0,0,1
DovaPharmaceuticalsInc_20181108_10-Q_EX-10.2_11414857_EX-10.2_Promotion Agreement,Cap On Liability,"NOTWITHSTANDING ANY OTHER PROVISION CONTAINED HEREIN (OTHER THAN AS SET FORTH IN THE SECOND SENTENCE OF THIS SECTION 11.4), IN NO EVENT SHALL DOVA (OR ITS AFFILIATES) OR VALEANT (OR ITS AFFILIATES) BE LIABLE TO THE OTHER OR ANY OF THE OTHER PARTY'S AFFILIATES FOR ANY CONSEQUENTIAL, INCIDENTAL, INDIRECT, SPECIAL, PUNITIVE OR EXEMPLARY DAMAGES (INCLUDING LOST PROFITS) SUFFERED OR INCURRED BY SUCH OTHER PARTY OR ITS AFFILIATES THAT ARISE OUT OF OR RELATE TO THIS AGREEMENT OR IN CONNECTION WITH A BREACH OR ALLEGED BREACH OF THIS AGREEMENT, WHETHER IN CONTRACT, TORT, STRICT LIABILITY OR OTHERWISE, AND REGARDLESS OF ANY NOTICE OF THE POSSIBILITY OF SUCH DAMAGES.",664,107,2,0.8057228915662651,0.8936170212765957,1,1,0,0,0,0,0,1,1
DovaPharmaceuticalsInc_20181108_10-Q_EX-10.2_11414857_EX-10.2_Promotion Agreement,Liquidated Damages,"Solely in the event that Dova has terminated this Agreement pursuant to Section 12.3.1 and notwithstanding anything else herein, in consideration of the promotion services performed by Valeant during the Term, with respect to the Tail Period, Dova shall make payments to Valeant in an amount equal to [***] of the amounts that would have been payable by Dova to Valeant with respect to such Tail Period pursuant to Section 6.1 had the Agreement not been so terminated.",468,78,4,0.03418803418803419,0.9148936170212766,1,1,0,0,0,0,0,1,1
DovaPharmaceuticalsInc_20181108_10-Q_EX-10.2_11414857_EX-10.2_Promotion Agreement,Insurance,"Each Party acknowledges and agrees that during the Term, it shall maintain, through purchase or self- insurance, adequate insurance, including products liability coverage and comprehensive general liability insurance, adequate to cover its obligations under this Agreement and which are consistent with normal business practices of prudent companies similarly situated.",369,49,1,0.01084010840108401,0.9361702127659575,0,0,0,0,0,0,0,0,1
DovaPharmaceuticalsInc_20181108_10-Q_EX-10.2_11414857_EX-10.2_Promotion Agreement,Covenant Not To Sue,Valeant shall not at any time during the Term knowingly do or allow to be done any act or thing which will in any way impair or diminish the rights of Dova in or to the Dova Trademarks and Copyrights.,200,40,1,0.03,0.9574468085106383,0,0,0,0,0,0,0,1,1
DovaPharmaceuticalsInc_20181108_10-Q_EX-10.2_11414857_EX-10.2_Promotion Agreement,Covenant Not To Sue,"During the Term, Valeant will not contest the ownership of the Dova Trademarks and Copyrights, their validity, or the validity of any registration therefor.",156,24,1,0.038461538461538464,0.9787234042553191,0,0,0,0,0,0,0,1,0
"PACIRA PHARMACEUTICALS, INC. - A_R STRATEGIC LICENSING, DISTRIBUTION AND MARKETING AGREEMENT",Document Name,"AMENDED AND RESTATED STRATEGIC LICENSING, DISTRIBUTION AND MARKETING AGREEMENT",78,9,1,0.8846153846153846,0.0,0,0,0,0,0,0,0,0,0
"PACIRA PHARMACEUTICALS, INC. - A_R STRATEGIC LICENSING, DISTRIBUTION AND MARKETING AGREEMENT",Parties,"F/K/A SKYEPHARMA, INC.",22,3,1,0.7272727272727273,0.012658227848101266,0,0,0,0,0,0,0,0,0
"PACIRA PHARMACEUTICALS, INC. - A_R STRATEGIC LICENSING, DISTRIBUTION AND MARKETING AGREEMENT",Parties,"PACIRA PHARMACEUTICALS, INC.",28,3,1,0.8571428571428571,0.02531645569620253,0,0,0,0,0,0,0,0,0
"PACIRA PHARMACEUTICALS, INC. - A_R STRATEGIC LICENSING, DISTRIBUTION AND MARKETING AGREEMENT",Parties,"EKR THERAPEUTICS, INC.",22,3,1,0.8181818181818182,0.0379746835443038,0,0,0,0,0,0,0,0,0
"PACIRA PHARMACEUTICALS, INC. - A_R STRATEGIC LICENSING, DISTRIBUTION AND MARKETING AGREEMENT",Expiration Date,"This Agreement shall commence on the Effective Date and, subject to earlier termination in accordance with the provisions of Section 16, shall continue in force for a period being the longer of fifteen (15) years from first Commercial Launch of the Product in the Territory or until the expiration of the last valid claim in the PPI Patents covering the Product in any country of the Territory (the ""Initial Term"").",415,70,1,0.04096385542168675,0.05063291139240506,1,1,0,0,0,0,0,0,1
"PACIRA PHARMACEUTICALS, INC. - A_R STRATEGIC LICENSING, DISTRIBUTION AND MARKETING AGREEMENT",Renewal Term,Thereafter the term of this Agreement shall automatically renew for consecutive periods of two (2) years each.,110,17,1,0.01818181818181818,0.06329113924050633,1,0,0,0,0,0,0,0,1
"PACIRA PHARMACEUTICALS, INC. - A_R STRATEGIC LICENSING, DISTRIBUTION AND MARKETING AGREEMENT",Notice Period To Terminate Renewal,"Notwithstanding the foregoing, this Agreement can be terminated by EKR at the end of the Initial Term by delivery of written notice to PPI at least one hundred eighty (180) days prior to the end of the Initial Term or any renewal term.",235,43,1,0.05106382978723404,0.0759493670886076,1,0,0,0,0,0,0,0,0
"PACIRA PHARMACEUTICALS, INC. - A_R STRATEGIC LICENSING, DISTRIBUTION AND MARKETING AGREEMENT",Governing Law,"This Agreement and the relationship between the Parties shall be governed by, and interpreted in accordance with New York law without regard to provisions related to conflicts of laws, and, except as provided in Section 21.2 above, the Parties agree to submit any dispute to the exclusive jurisdiction of the federal and state courts sitting in New York.",354,58,2,0.025423728813559324,0.08860759493670886,1,1,0,0,0,0,0,1,1
"PACIRA PHARMACEUTICALS, INC. - A_R STRATEGIC LICENSING, DISTRIBUTION AND MARKETING AGREEMENT",Non-Compete,"During the Term, PPI and its Affiliates shall not: (i) file for Marketing Authorization with respect to any Competing Product in any country in the Territory, (ii) manufacture or have manufactured any Competing Product in any country in the Territory, (iii) market or have marketed any Competing Product in any country in the Territory or (iv) license any Third Party to do any of the foregoing.",395,66,1,0.04810126582278481,0.10126582278481013,1,0,0,0,0,0,0,1,1
"PACIRA PHARMACEUTICALS, INC. - A_R STRATEGIC LICENSING, DISTRIBUTION AND MARKETING AGREEMENT",Non-Compete,"EKR shall not, during [**], market, distribute or sell a Competing Product in the Territory unless during such time an A/B rated generic product of the Product(s) is launched in such country of the Territory or in the event this Agreement is terminated or EKR exercises its rights under Section 17.4 hereof.",307,52,2,0.048859934853420196,0.11392405063291139,1,1,0,0,0,0,0,1,1
"PACIRA PHARMACEUTICALS, INC. - A_R STRATEGIC LICENSING, DISTRIBUTION AND MARKETING AGREEMENT",Exclusivity,"Subject to the terms of this Agreement, PPI hereby appoints EKR and EKR agrees to be retained as the exclusive distributor, and Authorized Distributor of Record, of the Products in the Field in the Territory during the Term to market, distribute, warehouse and sell the Products.",279,46,1,0.06810035842293907,0.12658227848101267,0,0,0,0,0,0,0,0,0
"PACIRA PHARMACEUTICALS, INC. - A_R STRATEGIC LICENSING, DISTRIBUTION AND MARKETING AGREEMENT",Exclusivity,PPI hereby grants to EKR a royalty free and exclusive license (with the right to sublicense) to use the Trademarks in the Territory solely in connection with the exercise of the Distribution Rights in the Territory during the Term (and thereafter as set forth in Section 17.4) and EKR shall market and sell the Products under the Trademarks.,341,58,2,0.05278592375366569,0.13924050632911392,1,1,0,0,0,0,0,0,1
"PACIRA PHARMACEUTICALS, INC. - A_R STRATEGIC LICENSING, DISTRIBUTION AND MARKETING AGREEMENT",Exclusivity,"PPI hereby grants EKR the exclusive right and license (with the right to sublicense) to use, market, promote, sell, distribute and warehouse the Products (the ""Distribution Rights"") in the Field in the Territory during the Term, as well as to make or have made the Products anywhere in the world for import or sale in the Field in the Territory in each case, under the PPI IP provided that PPI retains all rights necessary to manufacture and supply the Products to EKR in accordance with this Agreement and the Supply Agreement.",528,91,1,0.056818181818181816,0.1518987341772152,0,0,0,0,0,0,0,0,0
"PACIRA PHARMACEUTICALS, INC. - A_R STRATEGIC LICENSING, DISTRIBUTION AND MARKETING AGREEMENT",Termination For Convenience,"At any time after July 1, 2015, PPI shall have the right, exercisable upon sixty (60) days prior written notice to EKR, to terminate the Lease Term and repurchase the Transferred Equipment from EKR, subject to payment by PPI to EKR within five (5) days of such notice of any principal paid by EKR under the Promissory Note, which if exercised shall result in the termination of the Step-in Right set forth in Section 17.5.",422,75,2,0.06872037914691943,0.16455696202531644,1,1,0,0,1,0,0,0,1
"PACIRA PHARMACEUTICALS, INC. - A_R STRATEGIC LICENSING, DISTRIBUTION AND MARKETING AGREEMENT",Termination For Convenience,"At any time between the Agreement Date and July 1, 2015, EKR shall have the right, exercisable upon sixty (60) days prior written notice to PPI, to terminate the Lease Term and sell the Transferred Equipment back to PPI, subject to payment by PPI to EKR within five (5) days of such notice of $[**] in cash, which if exercised shall result in (i) an offset against the unpaid balance of principal and interest under the Promissory Note pursuant to Section 3.20(f) below; and (ii) the termination of the Step-in Right described in Section 17.5.",543,95,4,0.053406998158379376,0.17721518987341772,1,1,0,0,1,1,0,0,1
"PACIRA PHARMACEUTICALS, INC. - A_R STRATEGIC LICENSING, DISTRIBUTION AND MARKETING AGREEMENT",Termination For Convenience,"EKR may terminate this Agreement for convenience at any time upon [**] ([**]) days prior, written notice to PPI.",112,19,1,0.0625,0.189873417721519,0,0,0,0,1,0,0,0,0
"PACIRA PHARMACEUTICALS, INC. - A_R STRATEGIC LICENSING, DISTRIBUTION AND MARKETING AGREEMENT",Change Of Control,(i) the other Party ceases or threatens to cease to carry on the whole or any material part of its business;,108,21,1,0.009259259259259259,0.20253164556962025,1,0,0,0,0,0,0,0,0
"PACIRA PHARMACEUTICALS, INC. - A_R STRATEGIC LICENSING, DISTRIBUTION AND MARKETING AGREEMENT",Change Of Control,"(iii) upon any Change of Control (as defined in Section 20.4) of PPI, by repayment to EKR in full of the balance of the Advanced Royalty Payment not previously used for offsets, which payment shall be made to EKR by PPI within ten (10) days after the closing date (without any conditions) of any such Change of Control.",319,58,2,0.06269592476489028,0.21518987341772153,1,1,0,0,0,0,0,1,1
"PACIRA PHARMACEUTICALS, INC. - A_R STRATEGIC LICENSING, DISTRIBUTION AND MARKETING AGREEMENT",Change Of Control,"Offsets and/or repayment of the Advanced Royalty Payment shall commence on [**] and shall continue, unless sooner paid, through [**] (the ""Royalty Offset Period"") and such offsets will be taken by EKR (and such repayment will be made by PPI) as follows:",253,42,1,0.05138339920948617,0.22784810126582278,0,0,0,0,0,0,0,1,1
"PACIRA PHARMACEUTICALS, INC. - A_R STRATEGIC LICENSING, DISTRIBUTION AND MARKETING AGREEMENT",Change Of Control,"Should there be a Change of Control of either Party resulting in the control of such Party by a Third Party which markets or sells a Competing Product in any part of the Territory, then the rights under this Agreement may not be assigned without the express consent of the other Party which consent shall not be unreasonably withheld. ""Change of Control"" shall mean (a) the sale, lease, exchange, license or disposition of all or substantially all of the Party's assets in one transaction or series of related transactions or (b) a merger or consolidation with an unaffiliated Third Party as a result of which the holders of the Party's issued and outstanding voting securities immediately before such transaction own or control less than a majority of the voting securities of the continuing or surviving entity immediately after such transaction.",848,140,2,0.02122641509433962,0.24050632911392406,1,0,0,0,1,0,0,1,1
"PACIRA PHARMACEUTICALS, INC. - A_R STRATEGIC LICENSING, DISTRIBUTION AND MARKETING AGREEMENT",Change Of Control,Either Party shall be entitled forthwith to terminate this Agreement by notice to the other if:,95,16,1,0.031578947368421054,0.25316455696202533,0,0,0,0,0,0,0,0,1
"PACIRA PHARMACEUTICALS, INC. - A_R STRATEGIC LICENSING, DISTRIBUTION AND MARKETING AGREEMENT",Anti-Assignment,"Subject to Section 20.2, neither Party shall, nor shall it purport to, assign, license, transfer or change any of its rights or obligations under this Agreement without the prior written consent of the other, such consent not to be unreasonably withheld conditioned or delayed; provided, however, that except as provided in Section 20.4 either Party may assign its rights hereunder to an Affiliate or to any successor by merger, consolidation, sale of stock or other equity interests or the sale of substantially all of the assets of such Party without the consent of the other Party.",584,96,4,0.015410958904109588,0.26582278481012656,1,1,0,0,1,0,0,1,1
"PACIRA PHARMACEUTICALS, INC. - A_R STRATEGIC LICENSING, DISTRIBUTION AND MARKETING AGREEMENT",Anti-Assignment,"Should there be a Change of Control of either Party resulting in the control of such Party by a Third Party which markets or sells a Competing Product in any part of the Territory, then the rights under this Agreement may not be assigned without the express consent of the other Party which consent shall not be unreasonably withheld.",334,59,1,0.03592814371257485,0.27848101265822783,0,0,0,0,1,0,0,1,1
"PACIRA PHARMACEUTICALS, INC. - A_R STRATEGIC LICENSING, DISTRIBUTION AND MARKETING AGREEMENT",Revenue/Profit Sharing,"As further consideration for the license and grant of Distribution Rights and other rights under this Agreement, EKR shall pay to PPI a royalty (""Royalty"") equal to (a) $[**] for each [**] mg Vial of Product sold during the Term and $[**] for each [**] mg Vial of Product sold during the Term (the ""Minimum Royalty"") plus (b) an additional [**]% of any post Effective Date incremental price increase implemented by EKR over the Current Base Price of $[**] for the [**] mg Vial and $[**] for the [**] mg Vial (the ""Additional Royalty""); provided, however, that Additional Royalty shall not be payable to the extent that the sum of (i) the Minimum Royalty and Additional Royalty payable hereunder and (ii) the Supply Price (as defined in the Supply Agreement) shall at any time during the Term exceed [**] percent ([**]%) of the net average selling price of the Product (the ""Royalty Cap""); provided, however, that the Royalty Cap shall be [**] percent ([**]%) of the net average selling price of the Product during certain periods as described in Section 6.3(e) above.",1067,182,4,0.04592314901593252,0.2911392405063291,1,1,0,0,0,1,0,1,1
"PACIRA PHARMACEUTICALS, INC. - A_R STRATEGIC LICENSING, DISTRIBUTION AND MARKETING AGREEMENT",Ip Ownership Assignment,"Upon termination of this Agreement for any reason except by EKR pursuant to Section 16.1(a), EKR shall promptly transfer the Transferred NDA and related regulatory documentation to PPI in accordance with Section 17.1(e).",220,33,3,0.07727272727272727,0.3037974683544304,1,1,0,0,0,0,0,1,1
"PACIRA PHARMACEUTICALS, INC. - A_R STRATEGIC LICENSING, DISTRIBUTION AND MARKETING AGREEMENT",Ip Ownership Assignment,"Upon any termination or expiration of this Agreement, EKR shall promptly transfer the Domain Names back to PPI.",111,18,1,0.09009009009009009,0.31645569620253167,0,0,0,0,0,0,0,0,1
"PACIRA PHARMACEUTICALS, INC. - A_R STRATEGIC LICENSING, DISTRIBUTION AND MARKETING AGREEMENT",Ip Ownership Assignment,(d) EKR shall assign to PPI free of charge any domain name registrations it has registered pursuant to Section 8.5;,115,20,2,0.06086956521739131,0.3291139240506329,1,1,0,0,0,0,0,0,1
"PACIRA PHARMACEUTICALS, INC. - A_R STRATEGIC LICENSING, DISTRIBUTION AND MARKETING AGREEMENT",Ip Ownership Assignment,"On the Effective Date, PPI has transferred the Domain Names to EKR for use in connection with the exercise of the Distribution Rights.",134,23,1,0.09701492537313433,0.34177215189873417,0,0,0,0,0,0,0,0,0
"PACIRA PHARMACEUTICALS, INC. - A_R STRATEGIC LICENSING, DISTRIBUTION AND MARKETING AGREEMENT",Ip Ownership Assignment,"Promptly after the Agreement Date, PPI shall provide EKR with copies of all agreements relating to the Required Studies and shall assign such agreements to EKR if and to the extent (i) such agreements are assignable in accordance with their terms and (ii) requested by EKR.",273,46,1,0.06227106227106227,0.35443037974683544,1,0,0,0,0,0,0,0,1
"PACIRA PHARMACEUTICALS, INC. - A_R STRATEGIC LICENSING, DISTRIBUTION AND MARKETING AGREEMENT",Ip Ownership Assignment,"Effective as of the Agreement Date, PPI hereby sells, transfers, conveys and assigns to EKR all right, title and interest in and to [**] (the ""Transferred NDA"").",161,27,1,0.08074534161490683,0.3670886075949367,0,0,0,0,0,0,0,0,0
"PACIRA PHARMACEUTICALS, INC. - A_R STRATEGIC LICENSING, DISTRIBUTION AND MARKETING AGREEMENT",Ip Ownership Assignment,"Upon termination of this Agreement for any reason except as set forth in Section 17.4 below (and, if applicable, in respect of that country in respect of which termination occurs):",180,30,1,0.016666666666666666,0.379746835443038,1,1,0,0,0,0,0,1,0
"PACIRA PHARMACEUTICALS, INC. - A_R STRATEGIC LICENSING, DISTRIBUTION AND MARKETING AGREEMENT",Joint Ip Ownership,"Joint Improvements shall be owned jointly by the Parties, and PPI's interest therein shall be licensed to EKR hereunder.",120,19,1,0.075,0.3924050632911392,0,0,0,0,0,0,0,0,1
"PACIRA PHARMACEUTICALS, INC. - A_R STRATEGIC LICENSING, DISTRIBUTION AND MARKETING AGREEMENT",License Grant,"PPI hereby grants EKR the exclusive right and license (with the right to sublicense) to use, market, promote, sell, distribute and warehouse the Products (the ""Distribution Rights"") in the Field in the Territory during the Term, as well as to make or have made the Products anywhere in the world for import or sale in the Field in the Territory in each case, under the PPI IP provided that PPI retains all rights necessary to manufacture and supply the Products to EKR in accordance with this Agreement and the Supply Agreement.",528,91,1,0.056818181818181816,0.4050632911392405,0,0,0,0,0,0,0,0,0
"PACIRA PHARMACEUTICALS, INC. - A_R STRATEGIC LICENSING, DISTRIBUTION AND MARKETING AGREEMENT",License Grant,"EKR Improvements shall be owned by EKR and upon termination of this Agreement by PPI pursuant to Section, shall be deemed be licensed to PPI on a worldwide, non-exclusive, irrevocable basis, at a royalty or for such other consideration as may be mutually agreed upon by the parties in writing.",293,50,1,0.051194539249146756,0.4177215189873418,0,1,0,0,1,0,0,0,1
"PACIRA PHARMACEUTICALS, INC. - A_R STRATEGIC LICENSING, DISTRIBUTION AND MARKETING AGREEMENT",License Grant,PPI Improvements shall be owned by PPI and be licensed to EKR hereunder.,72,13,1,0.1388888888888889,0.43037974683544306,0,0,0,0,0,0,0,0,1
"PACIRA PHARMACEUTICALS, INC. - A_R STRATEGIC LICENSING, DISTRIBUTION AND MARKETING AGREEMENT",License Grant,"Joint Improvements shall be owned jointly by the Parties, and PPI's interest therein shall be licensed to EKR hereunder.",120,19,1,0.075,0.4430379746835443,0,0,0,0,0,0,0,0,1
"PACIRA PHARMACEUTICALS, INC. - A_R STRATEGIC LICENSING, DISTRIBUTION AND MARKETING AGREEMENT",License Grant,"The Step-in Right shall include, without limitation, and to the extent allowable under Applicable Law, PPI's grant to EKR of such additional license rights, rights of access, rights of observation and rights of management, direction and control, in each case solely with respect to the manufacture and supply of Product and as reasonably necessary to enable and permit EKR (or EKR's designee) to ensure that the supply of Product shall continue to be available to EKR under this Agreement and the Supply Agreement; provided that EKR in exercising the Step-in Right shall not (i) unreasonably interfere with PPI's other activities at the facilities at which the Product is manufactured, tested, labeled, stored or",712,113,1,0.047752808988764044,0.45569620253164556,1,0,0,0,0,0,0,1,1
"PACIRA PHARMACEUTICALS, INC. - A_R STRATEGIC LICENSING, DISTRIBUTION AND MARKETING AGREEMENT",License Grant,PPI hereby grants to EKR a royalty free and exclusive license (with the right to sublicense) to use the Trademarks in the Territory solely in connection with the exercise of the Distribution Rights in the Territory during the Term (and thereafter as set forth in Section 17.4) and EKR shall market and sell the Products under the Trademarks.,341,58,2,0.05278592375366569,0.46835443037974683,1,1,0,0,0,0,0,0,1
"PACIRA PHARMACEUTICALS, INC. - A_R STRATEGIC LICENSING, DISTRIBUTION AND MARKETING AGREEMENT",License Grant,"Such grant by PPI shall include the right of EKR to market the Product in the Territory during the Term as an EKR product using in addition to the Trademarks, EKR's own trademarks, trade dress, trade names and other proprietary designations in combination with the Trademarks.",276,46,1,0.06521739130434782,0.4810126582278481,0,0,0,0,0,0,0,0,1
"PACIRA PHARMACEUTICALS, INC. - A_R STRATEGIC LICENSING, DISTRIBUTION AND MARKETING AGREEMENT",License Grant,"otherwise handled (""Product Facilities"") or (ii) require PPI to take any action or fail to take any action that does or could reasonably be expected to interfere with PPI's other activities at the Product Facilities.",216,35,1,0.046296296296296294,0.4936708860759494,1,0,0,0,0,0,0,0,0
"PACIRA PHARMACEUTICALS, INC. - A_R STRATEGIC LICENSING, DISTRIBUTION AND MARKETING AGREEMENT",Non-Transferable License,EKR may appoint sub-distributors under this Agreement provided that EKR: (a) informs PPI of the identity of any Third Party sub-distributor (other than Affiliate companies) prior to the execution of any sub-distribution agreement;,230,33,1,0.05652173913043478,0.5063291139240507,1,0,0,0,1,0,0,0,0
"PACIRA PHARMACEUTICALS, INC. - A_R STRATEGIC LICENSING, DISTRIBUTION AND MARKETING AGREEMENT",Non-Transferable License,"(b) obtain a confidential nondisclosure agreement with the prospective Sub-Distributor in a form acceptable to PPI, which acceptance shall not be unreasonably withheld or delayed and containing terms at least as stringent as those terms included in Article 11 of this Agreement; (c) deliver to the prospective Sub-Distributor a redacted copy of this Agreement (""Redacted Agreement"") . Any sub- distribution agreement shall provide that such agreement is subject and subordinate to the rights of PPI under this Agreement; and (d) provides PPI with a copy of written sub-distribution agreement as soon as reasonably practicable after the execution thereof by EKR.",661,100,4,0.03479576399394856,0.5189873417721519,1,1,0,0,0,0,0,1,1
"PACIRA PHARMACEUTICALS, INC. - A_R STRATEGIC LICENSING, DISTRIBUTION AND MARKETING AGREEMENT",Irrevocable Or Perpetual License,"PPI Improvements shall be owned by PPI and be licensed to EKR hereunder. EKR Improvements shall be owned by EKR and upon termination of this Agreement by PPI pursuant to Section, shall be deemed be licensed to PPI on a worldwide, non-exclusive, irrevocable basis, at a royalty or for such other consideration as may be mutually agreed upon by the parties in writing.",366,63,2,0.06830601092896176,0.5316455696202531,0,1,0,0,1,0,0,0,1
"PACIRA PHARMACEUTICALS, INC. - A_R STRATEGIC LICENSING, DISTRIBUTION AND MARKETING AGREEMENT",Post-Termination Services,"In the event EKR exercises the Step-in Right, PPI shall, at EKR's cost and expense, cooperate in the exercise of such rights and EKR shall reimburse PPI for the reasonable costs PPI incurs in assisting EKR in the exercise of such rights within thirty (30) days of EKR's receipt of invoice.",289,51,1,0.09342560553633218,0.5443037974683544,1,0,0,0,0,0,0,0,1
"PACIRA PHARMACEUTICALS, INC. - A_R STRATEGIC LICENSING, DISTRIBUTION AND MARKETING AGREEMENT",Post-Termination Services,"In the event that this Agreement is terminated by PPI in accordance with Section 16.1 or EKR in accordance with Section 16.3(b), EKR and its Affiliates, sub-distributors and sub-licensees shall be entitled to continue to sell",225,36,2,0.06222222222222222,0.5569620253164557,1,1,0,0,0,0,0,0,1
"PACIRA PHARMACEUTICALS, INC. - A_R STRATEGIC LICENSING, DISTRIBUTION AND MARKETING AGREEMENT",Post-Termination Services,"(b) the following provisions of this Agreement shall continue in full force and effect: Article 1 (""Definitions""), Section 3.20(k), Section 3.20(l), Article 9 (""Representations and Warranties""), Article 10 (""Liability, Insurance and Indemnities"") (excluding Section 10.6 (""Insurance"")), Article 11 (""Confidentiality, Press Releases and Publications""), Article 13 (""Infringement of Third Party Rights""), Section 16.4 (""Effect of Termination""), Article 17 (""Consequences of Termination""), Article 18 (""Force Majeure""), Article 19 (""Notices""), Article 20 (""Assignment and Change of Control"") and Article 21 (""General Provisions""); (c) EKR shall return to PPI all PPI IP in its possession; (d) EKR shall assign to PPI free of charge any domain name registrations it has registered pursuant to Section 8.5; and (e) Except in the event of termination of this Agreement by EKR pursuant to Section 16.1(a), EKR shall promptly transfer to PPI or its nominee, each and every Marketing Authorization (to the extent not held by PPI) relating to the Product, together with all communications with the relevant Regulatory Authorities, and all notes and record thereof.",1154,168,10,0.06932409012131716,0.569620253164557,1,1,0,0,0,1,0,1,1
"PACIRA PHARMACEUTICALS, INC. - A_R STRATEGIC LICENSING, DISTRIBUTION AND MARKETING AGREEMENT",Post-Termination Services,"During the Term, in the event EKR has the right to terminate this Agreement under Section 16.1(a) - (i) hereof (the ""Step-in Right Trigger Event""), and EKR does not exercise its right to terminate this Agreement under such Section, EKR shall have the option to exercise step-in rights to manufacture the Product for the remainder of the Term (the ""Step-in Right"") by providing PPI written notice of such election within ninety (90) days after the Step-in Right Trigger Event (or such longer period as mutually agreed by the Parties) (the ""Step-in Right Notice""); provided that in the event such Step-in Right Trigger Event has been cured prior to EKR's exercise of the Step-in Right, the Step-in Right shall terminate with respect to such Step-in Right Trigger Event. The Step-in Right Notice shall specify the date which EKR intends to exercise the rights associated with the Step-in Right.",891,147,4,0.06509539842873176,0.5822784810126582,1,1,0,0,0,0,0,1,1
"PACIRA PHARMACEUTICALS, INC. - A_R STRATEGIC LICENSING, DISTRIBUTION AND MARKETING AGREEMENT",Post-Termination Services,"Where this Agreement has expired or has been terminated for any reason other than by PPI in accordance with Section 16.1 or EKR in accordance with Section 16.3(b), EKR and its Affiliates and sub-distributors and sales agents shall be entitled to continue to sell existing stocks of the Product in the Territory for a period of not longer than 12 months following the date of termination, provided that, EKR continues to make any Royalty payments due to PPI in respect of such sales in accordance with the provisions of this Agreement.",534,91,3,0.0449438202247191,0.5949367088607594,1,1,0,0,0,0,0,1,1
"PACIRA PHARMACEUTICALS, INC. - A_R STRATEGIC LICENSING, DISTRIBUTION AND MARKETING AGREEMENT",Post-Termination Services,"PPI shall provide such advice as necessary for EKR to arrange for an alternative manufacturer and shall provide EKR with access to all relevant PPI Know-How, and any other information necessary for EKR to transfer such manufacturing to an alternate manufacturer.",262,41,1,0.0648854961832061,0.6075949367088608,0,0,0,0,0,0,0,0,1
"PACIRA PHARMACEUTICALS, INC. - A_R STRATEGIC LICENSING, DISTRIBUTION AND MARKETING AGREEMENT",Post-Termination Services,Such insurance shall be with a reputable insurance company and where reasonably possible (taking into account the availability of such insurance) shall be maintained for not less than [**] ([**]) years following the expiry or termination of this Agreement.,256,39,1,0.0078125,0.620253164556962,0,0,0,0,0,0,0,1,1
"PACIRA PHARMACEUTICALS, INC. - A_R STRATEGIC LICENSING, DISTRIBUTION AND MARKETING AGREEMENT",Post-Termination Services,"In addition, PPI shall during the remainder of the Term and for a period of up to [**] ([**]) years thereafter continue to manufacture and supply the Product to EKR at cost without mark-up until such time that EKR can secure an FDA approved manufacturing facility for the Product",279,49,1,0.05734767025089606,0.6329113924050633,0,0,0,0,0,0,0,1,1
"PACIRA PHARMACEUTICALS, INC. - A_R STRATEGIC LICENSING, DISTRIBUTION AND MARKETING AGREEMENT",Post-Termination Services,"Notwithstanding anything contained herein to the contrary, in the event that EKR is entitled to exercise its right to terminate this Agreement pursuant to Section 16.1(a), in addition to the right to terminate as provided therein and any other remedies EKR may have hereunder, PPI shall assist EKR in the transfer of the manufacture of the Products, including the Specifications from PPI to EKR or EKR's designee.",413,67,2,0.06295399515738499,0.6455696202531646,1,1,0,0,1,0,0,0,1
"PACIRA PHARMACEUTICALS, INC. - A_R STRATEGIC LICENSING, DISTRIBUTION AND MARKETING AGREEMENT",Post-Termination Services,"assigned to EKR all of PPI's right, title and interest under that certain Commercial Outsourcing Services Agreement between PPI (f/k/a SkyePharma, Inc.) and Integrated Commercialization Solutions, Inc. (""ICS"") dated April 3, 2007 (the ""ICS Agreement""), and EKR has assumed all obligations and liabilities under the ICS Agreement arising after the Effective Date.",362,52,3,0.10220994475138122,0.6582278481012658,1,0,0,0,1,0,0,0,0
"PACIRA PHARMACEUTICALS, INC. - A_R STRATEGIC LICENSING, DISTRIBUTION AND MARKETING AGREEMENT",Post-Termination Services,"In addition, (i) PPI shall transfer to EKR any Marketing Authorizations held by PPI and (ii) the Trademark license granted under Section 2.3 shall continue in effect following such termination on a perpetual basis and EKR shall be responsible for all costs associated with the maintenance of such Trademark.",307,49,2,0.05863192182410423,0.6708860759493671,1,1,0,0,0,0,0,0,1
"PACIRA PHARMACEUTICALS, INC. - A_R STRATEGIC LICENSING, DISTRIBUTION AND MARKETING AGREEMENT",Post-Termination Services,"The Step-in Right shall include, without limitation, and to the extent allowable under Applicable Law, PPI's grant to EKR of such additional license rights, rights of access, rights of observation and rights of management, direction and control, in each case solely with respect to the manufacture and supply of Product and as reasonably necessary to enable and permit EKR (or EKR's designee) to ensure that the supply of Product shall continue to be available to EKR under this Agreement and the Supply Agreement; provided that EKR in exercising the Step-in Right shall not (i) unreasonably interfere with PPI's other activities at the facilities at which the Product is manufactured, tested, labeled, stored or",712,113,1,0.047752808988764044,0.6835443037974683,1,0,0,0,0,0,0,1,1
"PACIRA PHARMACEUTICALS, INC. - A_R STRATEGIC LICENSING, DISTRIBUTION AND MARKETING AGREEMENT",Post-Termination Services,"In such event, the Royalty payments payable hereunder shall continue to be paid; provided, however, that all costs incurred by EKR in the transfer of manufacturing information from PPI and obtaining FDA approval of the manufacture of the Products by EKR or EKR's designee, and any other amounts due to EKR, shall be deducted from any royalties payable to PPI.",359,60,2,0.06685236768802229,0.6962025316455697,0,0,0,0,0,0,0,0,1
"PACIRA PHARMACEUTICALS, INC. - A_R STRATEGIC LICENSING, DISTRIBUTION AND MARKETING AGREEMENT",Post-Termination Services,"EKR shall maintain and shall procure the maintenance of accurate and up to date records and books of account showing the quantity, description and value of the Products supplied in each country of the Territory during the previous six (6) Calendar Years.",254,42,1,0.027559055118110236,0.7088607594936709,1,0,0,0,0,0,0,0,1
"PACIRA PHARMACEUTICALS, INC. - A_R STRATEGIC LICENSING, DISTRIBUTION AND MARKETING AGREEMENT",Post-Termination Services,"Upon termination of this Agreement for any reason except as set forth in Section 17.4 below (and, if applicable, in respect of that country in respect of which termination occurs):",180,30,1,0.016666666666666666,0.7215189873417721,1,1,0,0,0,0,0,1,0
"PACIRA PHARMACEUTICALS, INC. - A_R STRATEGIC LICENSING, DISTRIBUTION AND MARKETING AGREEMENT",Post-Termination Services,"existing stocks of the Product in the Territory for so long as PPI deems necessary to ensure that sale of the Product is not disrupted provided that EKR and its Affiliates shall cease such sale immediately upon notification from PPI and in any event EKR shall not so sell for a period of longer than three (3) months following the date of termination. Immediately upon notification from PPI, such post termination sales shall cease.",432,74,2,0.046296296296296294,0.7341772151898734,1,0,0,0,0,0,0,1,1
"PACIRA PHARMACEUTICALS, INC. - A_R STRATEGIC LICENSING, DISTRIBUTION AND MARKETING AGREEMENT",Post-Termination Services,"otherwise handled (""Product Facilities"") or (ii) require PPI to take any action or fail to take any action that does or could reasonably be expected to interfere with PPI's other activities at the Product Facilities.",216,35,1,0.046296296296296294,0.7468354430379747,1,0,0,0,0,0,0,0,0
"PACIRA PHARMACEUTICALS, INC. - A_R STRATEGIC LICENSING, DISTRIBUTION AND MARKETING AGREEMENT",Post-Termination Services,"The Parties acknowledge that effective upon the termination or expiration of the Transition Services and Inventory Agreement, PPI has",133,19,1,0.06766917293233082,0.759493670886076,0,0,0,0,0,0,0,0,0
"PACIRA PHARMACEUTICALS, INC. - A_R STRATEGIC LICENSING, DISTRIBUTION AND MARKETING AGREEMENT",Audit Rights,"Upon completion of such inspection, PPI shall not be entitled to inspect nor shall EKR be required to make available the records and books for any Calendar Year for which such inspection was previously undertaken.",213,35,1,0.04225352112676056,0.7721518987341772,0,0,0,0,0,0,0,1,1
"PACIRA PHARMACEUTICALS, INC. - A_R STRATEGIC LICENSING, DISTRIBUTION AND MARKETING AGREEMENT",Audit Rights,and books referred to in Section 7.2.,37,7,2,0.02702702702702703,0.7848101265822784,1,1,0,0,0,0,0,0,0
"PACIRA PHARMACEUTICALS, INC. - A_R STRATEGIC LICENSING, DISTRIBUTION AND MARKETING AGREEMENT",Audit Rights,"EKR shall during business hours, on no less than 14 day's notice from PPI and not more than once in any Calendar Year, make available for inspection the records",160,29,1,0.05,0.7974683544303798,1,0,0,0,0,0,0,1,1
"PACIRA PHARMACEUTICALS, INC. - A_R STRATEGIC LICENSING, DISTRIBUTION AND MARKETING AGREEMENT",Audit Rights,Such inspection shall be undertaken by an independent auditor appointed by PPI and reasonably acceptable to EKR for the purpose of verifying the accuracy of any statement or report given by EKR to PPI and/or the amount of Royalties due.,236,40,1,0.059322033898305086,0.810126582278481,0,0,0,0,0,0,0,0,1
"PACIRA PHARMACEUTICALS, INC. - A_R STRATEGIC LICENSING, DISTRIBUTION AND MARKETING AGREEMENT",Audit Rights,"(b) from time to time consult with PPI's representatives for the purpose of assessing the state of the market in each country of the Territory and permit representatives of PPI, on reasonable prior notice, to inspect any premises or documents used in connection with the marketing, distribution and sale of the Products;",320,52,1,0.025,0.8227848101265823,1,0,0,0,0,0,0,0,0
"PACIRA PHARMACEUTICALS, INC. - A_R STRATEGIC LICENSING, DISTRIBUTION AND MARKETING AGREEMENT",Audit Rights,"In connection with the promotion, marketing and sale of the Product, EKR shall, without limitation:",99,15,1,0.050505050505050504,0.8354430379746836,0,0,0,0,0,0,0,1,1
"PACIRA PHARMACEUTICALS, INC. - A_R STRATEGIC LICENSING, DISTRIBUTION AND MARKETING AGREEMENT",Uncapped Liability,however that such limitation shall not apply to the extent that EKR or any EKR Indemnified Party is required to pay in excess of such amount to a third party in respect of a final judgment or order obtained by the third party or as a result of PPI's breach of Section 7.2.12 of the Supply Agreement.,299,57,3,0.046822742474916385,0.8481012658227848,1,1,0,0,0,0,0,1,1
"PACIRA PHARMACEUTICALS, INC. - A_R STRATEGIC LICENSING, DISTRIBUTION AND MARKETING AGREEMENT",Uncapped Liability,"Any and all liability of PPI to EKR howsoever arising in respect of this Agreement, the Transition Services and Inventory Agreement or the Supply Agreement and their performance, in contract tort or otherwise, shall be limited (except for death or personal injury caused by the negligence of PPI or its employees while acting in the course of their employment) to [**] US Dollars ($[**]); provided",397,65,1,0.05037783375314862,0.8607594936708861,0,0,0,0,0,1,0,1,1
"PACIRA PHARMACEUTICALS, INC. - A_R STRATEGIC LICENSING, DISTRIBUTION AND MARKETING AGREEMENT",Uncapped Liability,"Any and all liability of EKR to PPI howsoever arising in respect of this Agreement, the Transition Services and Inventory Agreement or the Supply Agreement and their performance in contract tort or otherwise shall be limited (except for death or personal injury caused by the negligence of EKR or its employees while acting in the course of their employment, and except in relation to any specified payment, lump sum, milestone or royalty payment unpaid) to [**] US Dollars ($[**]); provided however that such limitation shall not apply to the extent that PPI or any PPI Indemnified Party is required to pay in excess of such amount to a third party in respect of a final judgment or order obtained by the third party.",718,123,2,0.03899721448467967,0.8734177215189873,0,0,0,0,0,1,0,1,1
"PACIRA PHARMACEUTICALS, INC. - A_R STRATEGIC LICENSING, DISTRIBUTION AND MARKETING AGREEMENT",Cap On Liability,however that such limitation shall not apply to the extent that EKR or any EKR Indemnified Party is required to pay in excess of such amount to a third party in respect of a final judgment or order obtained by the third party or as a result of PPI's breach of Section 7.2.12 of the Supply Agreement.,299,57,3,0.046822742474916385,0.8860759493670886,1,1,0,0,0,0,0,1,1
"PACIRA PHARMACEUTICALS, INC. - A_R STRATEGIC LICENSING, DISTRIBUTION AND MARKETING AGREEMENT",Cap On Liability,"Any and all liability of PPI to EKR howsoever arising in respect of this Agreement, the Transition Services and Inventory Agreement or the Supply Agreement and their performance, in contract tort or otherwise, shall be limited (except for death or personal injury caused by the negligence of PPI or its employees while acting in the course of their employment) to [**] US Dollars ($[**]); provided",397,65,1,0.05037783375314862,0.8987341772151899,0,0,0,0,0,1,0,1,1
"PACIRA PHARMACEUTICALS, INC. - A_R STRATEGIC LICENSING, DISTRIBUTION AND MARKETING AGREEMENT",Cap On Liability,"Notwithstanding anything contained in this Agreement or the Transition Services and Inventory Agreement or the Supply Agreement in no circumstance shall either Party be liable to the other in contract, tort (including negligence or breach of statutory duty) or otherwise howsoever, and whatever the cause thereof, for any special, indirect or consequential loss or damage of any nature whatsoever except in the cases of fraud or intentional misconduct or in the case of PPI as a result of PPI's breach of Section 7.2.12 of the Supply Agreement.",544,87,3,0.03308823529411765,0.9113924050632911,1,1,0,0,0,0,0,1,1
"PACIRA PHARMACEUTICALS, INC. - A_R STRATEGIC LICENSING, DISTRIBUTION AND MARKETING AGREEMENT",Cap On Liability,"Any and all liability of EKR to PPI howsoever arising in respect of this Agreement, the Transition Services and Inventory Agreement or the Supply Agreement and their performance in contract tort or otherwise shall be limited (except for death or personal injury caused by the negligence of EKR or its employees while acting in the course of their employment, and except in relation to any specified payment, lump sum, milestone or royalty payment unpaid) to [**] US Dollars ($[**]); provided however that such limitation shall not apply to the extent that PPI or any PPI Indemnified Party is required to pay in excess of such amount to a third party in respect of a final judgment or order obtained by the third party.",718,123,2,0.03899721448467967,0.9240506329113924,0,0,0,0,0,1,0,1,1
"PACIRA PHARMACEUTICALS, INC. - A_R STRATEGIC LICENSING, DISTRIBUTION AND MARKETING AGREEMENT",Insurance,"Each Party shall maintain, at its own cost, comprehensive product liability insurance, general commercial liability insurance and business interruption insurance at a level which is reasonable and customary taking into account the nature of the Product but which shall have combined limits of not less than $[**] per occurrence.",328,49,1,0.009146341463414634,0.9367088607594937,0,0,0,0,0,1,0,1,1
"PACIRA PHARMACEUTICALS, INC. - A_R STRATEGIC LICENSING, DISTRIBUTION AND MARKETING AGREEMENT",Insurance,Such insurance shall be with a reputable insurance company and where reasonably possible (taking into account the availability of such insurance) shall be maintained for not less than [**] ([**]) years following the expiry or termination of this Agreement.,256,39,1,0.0078125,0.9493670886075949,0,0,0,0,0,0,0,1,1
"PACIRA PHARMACEUTICALS, INC. - A_R STRATEGIC LICENSING, DISTRIBUTION AND MARKETING AGREEMENT",Insurance,Each Party will provide to the other Party evidence of its insurance and thirty (30) days prior written notice of any cancellation of its coverage or reduction in coverage from the requirements stated herein.,208,34,1,0.014423076923076924,0.9620253164556962,1,0,0,0,0,0,0,0,0
"PACIRA PHARMACEUTICALS, INC. - A_R STRATEGIC LICENSING, DISTRIBUTION AND MARKETING AGREEMENT",Insurance,"During the Lease Term, PPI shall:",33,6,1,0.18181818181818182,0.9746835443037974,0,0,0,0,0,0,0,0,1
"PACIRA PHARMACEUTICALS, INC. - A_R STRATEGIC LICENSING, DISTRIBUTION AND MARKETING AGREEMENT",Insurance,maintain property damage and liability insurance and insurance against loss or damage to the Transferred Equipment as part of PPI's general liability insurance.,160,23,1,0.03125,0.9873417721518988,0,0,0,0,0,0,0,0,0
"MetLife, Inc. - Remarketing Agreement",Document Name,Remarketing Agreement,21,2,1,0.09523809523809523,0.0,0,0,0,0,0,0,0,0,0
"MetLife, Inc. - Remarketing Agreement",Parties,Deutsche Bank Trust Company America,35,5,1,0.14285714285714285,0.1,0,0,0,0,0,0,0,0,0
"MetLife, Inc. - Remarketing Agreement",Parties,Deutsche Bank Securities Inc.,29,4,1,0.13793103448275862,0.2,0,0,0,0,0,0,0,0,0
"MetLife, Inc. - Remarketing Agreement",Parties,Stock Purchase Contract Agent,29,4,1,0.13793103448275862,0.3,0,0,0,0,0,0,0,0,0
"MetLife, Inc. - Remarketing Agreement",Expiration Date,"obligations of the Remarketing Agents may be terminated by them by notice given to the Company prior to 12:00 noon, New York City time on the Remarketing Settlement Date if, prior to that time, any of the applicable conditions precedent to the obligations of the Remarketing Agents described in Section 5 hereof shall have failed to occur.",339,57,1,0.035398230088495575,0.4,1,1,0,0,1,0,0,0,1
"MetLife, Inc. - Remarketing Agreement",Governing Law,"THIS REMARKETING AGREEMENT AND THE PRICING AGREEMENT SHALL BE GOVERNED BY AND CONSTRUED IN ACCORDANCE WITH THE LAWS OF THE STATE OF NEW YORK, WITHOUT REGARD TO PRINCIPLES OF CONFLICTS OF LAW TO THE EXTENT THAT SUCH PRINCIPLES WOULD REQUIRE OR PERMIT THE APPLICATION OF LAWS OF ANOTHER JURISDICTION.",298,49,1,0.8322147651006712,0.5,0,0,0,0,0,0,0,1,1
"MetLife, Inc. - Remarketing Agreement",Cap On Liability,"Notwithstanding the provisions of this subsection (d), no Remarketing Agent shall be required to contribute any amount in excess of the amount by which the total price at which the applicable Securities remarketed by it and distributed to the public were offered to the public exceeds the amount of any damages which such Remarketing Agent has otherwise been required to pay by reason of such untrue or alleged untrue statement or omission or alleged omission.",460,75,1,0.013043478260869565,0.6,1,0,0,0,0,0,0,1,1
"MetLife, Inc. - Remarketing Agreement",Insurance,"Each Significant Subsidiary that is required to be organized or licensed as an insurance company in its jurisdiction of incorporation (each, an ""Insurance Subsidiary"" and collectively, the ""Insurance Subsidiaries"") is licensed",226,31,1,0.030973451327433628,0.7,0,0,0,0,0,0,0,0,1
"MetLife, Inc. - Remarketing Agreement",Insurance,"as an insurance company in its respective jurisdiction of incorporation and is duly licensed or authorized as an insurer in each other jurisdiction where it is required to be so licensed or authorized to conduct its business, in each case with such exceptions as would not have, individually or in the aggregate, a Material Adverse Effect; except as otherwise described in the Disclosure Package, each Insurance Subsidiary has all other approvals, orders, consents, authorizations, licenses, certificates, permits, registrations and qualifications (collectively, the ""Approvals"") of and from all insurance regulatory authorities to conduct its business, with such exceptions as would not have, individually or in the aggregate, a Material Adverse Effect; there is no pending or, to the knowledge of the Company, threatened action, suit, proceeding or investigation that could reasonably be expected to lead to any revocation, termination or suspension of any such Approval, the revocation, termination or suspension of which would have, individually or in the aggregate, a Material Adverse Effect; and, to the knowledge of the Company, no insurance regulatory agency or body has issued any order or decree impairing, restricting or prohibiting the payment of dividends by any Insurance Subsidiary to its parent which would have, individually or in the aggregate, a Material Adverse Effect.",1389,208,4,0.01583873290136789,0.8,0,0,0,0,0,0,0,1,1
"MetLife, Inc. - Remarketing Agreement",Insurance,"Each Insurance Subsidiary is in compliance with and conducts its businesses in conformity with all applicable insurance laws and regulations of its respective jurisdiction of incorporation and the insurance laws and regulations of other jurisdictions which are applicable to it, in each case with such exceptions as would not have, individually or in the aggregate, a Material Adverse Effect.",392,59,1,0.015306122448979591,0.9,0,0,0,0,0,0,0,1,0
"FTENETWORKS,INC_02_18_2016-EX-99.4-STRATEGIC ALLIANCE AGREEMENT",Document Name,STRATEGIC ALLIANCE AGREEMENT,28,3,1,0.9285714285714286,0.0,0,0,0,0,0,0,0,0,0
"FTENETWORKS,INC_02_18_2016-EX-99.4-STRATEGIC ALLIANCE AGREEMENT",Parties,"EDGE Communications Solutions, LLC",34,4,1,0.2647058823529412,0.03333333333333333,0,0,0,0,0,0,0,0,0
"FTENETWORKS,INC_02_18_2016-EX-99.4-STRATEGIC ALLIANCE AGREEMENT",Parties,"""FTE"" or ""Subcontractor""",24,3,1,0.16666666666666666,0.06666666666666667,0,0,0,0,0,0,0,0,0
"FTENETWORKS,INC_02_18_2016-EX-99.4-STRATEGIC ALLIANCE AGREEMENT",Agreement Date,17t h day of February 2016,26,6,1,0.038461538461538464,0.1,1,0,0,0,1,0,0,0,0
"FTENETWORKS,INC_02_18_2016-EX-99.4-STRATEGIC ALLIANCE AGREEMENT",Effective Date,17t h day of February 2016,26,6,1,0.038461538461538464,0.13333333333333333,1,0,0,0,1,0,0,0,0
"FTENETWORKS,INC_02_18_2016-EX-99.4-STRATEGIC ALLIANCE AGREEMENT",Expiration Date,"THIS STRATEGIC ALLIANCE AGREEMENT (the ""Agreement""), made effective this 17t h day of February 2016, through February 16, 2019 (the ""Initial Term"") i",149,23,1,0.2348993288590604,0.16666666666666666,1,0,0,0,1,0,0,0,0
"FTENETWORKS,INC_02_18_2016-EX-99.4-STRATEGIC ALLIANCE AGREEMENT",Renewal Term,"After the Initial Term, this Agreement shall continue on a month to month basis until terminated by either party upon thirty (30) days prior written notice to the other setting forth the effective date of such termination.",222,37,1,0.018018018018018018,0.2,1,0,0,0,0,0,0,0,1
"FTENETWORKS,INC_02_18_2016-EX-99.4-STRATEGIC ALLIANCE AGREEMENT",Notice Period To Terminate Renewal,"After the Initial Term, this Agreement shall continue on a month to month basis until terminated by either party upon thirty (30) days prior written notice to the other setting forth the effective date of such termination.",222,37,1,0.018018018018018018,0.23333333333333334,1,0,0,0,0,0,0,0,1
"FTENETWORKS,INC_02_18_2016-EX-99.4-STRATEGIC ALLIANCE AGREEMENT",Governing Law,"The construction, interpretation, and performance of this Agreement and all transactions under it shall be governed by the laws of the State of Texas, irrespective of its conflict of law principles.",198,31,1,0.020202020202020204,0.26666666666666666,0,0,0,0,0,0,0,0,1
"FTENETWORKS,INC_02_18_2016-EX-99.4-STRATEGIC ALLIANCE AGREEMENT",No-Solicit Of Employees,"In the event Subcontractor directly employs or contracts with an employee of EDGE without the consent of EDGE, Subcontractor shall pay as liquidated damages two times the then monthly salary of the employee for a three-month period of time.",240,39,1,0.04583333333333333,0.3,0,0,0,0,0,0,0,1,1
"FTENETWORKS,INC_02_18_2016-EX-99.4-STRATEGIC ALLIANCE AGREEMENT",No-Solicit Of Employees,"Subcontractor, during the term of this Agreement and for a period of one year thereafter, shall not, directly or indirectly, for itself or on behalf of or in conjunction with any other person, partnership, corporation, business or organization, solicit, hire, contract with or engage the employment of an employee of EDGE with whom Subcontractor or its personnel have contact as a result of Subcontractor's performance of this Agreement, unless Subcontractor (i) obtains the written consent of EDGE, as applicable, and (ii) pays EDGE as applicable a fee to be mutually agreed upon",580,92,1,0.03103448275862069,0.3333333333333333,1,0,0,0,0,0,0,1,1
"FTENETWORKS,INC_02_18_2016-EX-99.4-STRATEGIC ALLIANCE AGREEMENT",Termination For Convenience,"After the Initial Term, this Agreement shall continue on a month to month basis until terminated by either party upon thirty (30) days prior written notice to the other setting forth the effective date of such termination.",222,37,1,0.018018018018018018,0.36666666666666664,1,0,0,0,0,0,0,0,1
"FTENETWORKS,INC_02_18_2016-EX-99.4-STRATEGIC ALLIANCE AGREEMENT",Anti-Assignment,"Subcontractor shall not assign any right or interest under this Agreement (excepting monies due, or to become due) or delegate or subcontract any Work or other obligation to be performed or owed under this Agreement without prior consent of EDGE.",246,40,1,0.032520325203252036,0.4,0,0,0,0,0,0,0,1,1
"FTENETWORKS,INC_02_18_2016-EX-99.4-STRATEGIC ALLIANCE AGREEMENT",Post-Termination Services,"Should the Agreement expire during the period of performance, all remaining Work of each Purchase Order will be completed under the terms of the Agreement then in effect on the date of award for each respective Purchase Order, unless modified in writing by mutual consent of the parties.",287,48,1,0.027874564459930314,0.43333333333333335,0,0,0,0,0,0,0,1,0
"FTENETWORKS,INC_02_18_2016-EX-99.4-STRATEGIC ALLIANCE AGREEMENT",Audit Rights,"As set forth in the Exhibit, EDGE shall have the opportunity to review and inspect all elements of the Work in a reasonable manner.",131,24,1,0.05343511450381679,0.4666666666666667,0,1,0,0,0,0,0,0,1
"FTENETWORKS,INC_02_18_2016-EX-99.4-STRATEGIC ALLIANCE AGREEMENT",Liquidated Damages,"In the event Subcontractor directly employs or contracts with an employee of EDGE without the consent of EDGE, Subcontractor shall pay as liquidated damages two times the then monthly salary of the employee for a three-month period of time.",240,39,1,0.04583333333333333,0.5,0,0,0,0,0,0,0,1,1
"FTENETWORKS,INC_02_18_2016-EX-99.4-STRATEGIC ALLIANCE AGREEMENT",Warranty Duration,"If within one (1) year from the date of completion of Work acceptance, or within one (1) year from the completion of all other work or services and acceptance by EDGE (or within any longer materials warranty period as set forth above), any defects exists or arise, then in each case upon receipt of notice of such defect, Subcontractor shall (unless EDGE chooses another remedy) promptly cause such defect(s) to be repaired or remedied at Subcontractor's sole cost and expense, including but not limited to the costs of transportation, uncovering, removal, disposal, replacement, correction, installation and covering.",618,97,1,0.019417475728155338,0.5333333333333333,1,0,0,0,0,0,0,1,1
"FTENETWORKS,INC_02_18_2016-EX-99.4-STRATEGIC ALLIANCE AGREEMENT",Warranty Duration,"These warranties extend to the future performance of the materials and shall continue for the longer of (a) the warranty period applicable to EDGE' sales to Customer of the material or of products which incorporate the material, (b) one year after the material is accepted by EDGE or (c) such greater period as may be specified elsewhere in this Agreement. Repaired and replacement material shall be warranted as set forth above in this clause.",444,74,2,0.02702702702702703,0.5666666666666667,1,1,0,0,1,0,0,0,1
"FTENETWORKS,INC_02_18_2016-EX-99.4-STRATEGIC ALLIANCE AGREEMENT",Insurance,"Commercial General Liability Insurance providing the limits of coverage written on an occurrence basis, in no event less than $1,000,000 combined single limit and $2,000,000 in the aggregate for personal and bodily injury and death arising therefrom and Broad Form property damage arising out of any one occurrence in connection with the Work or any part thereof, which insurance shall include coverage with the same minimum limits for contractual liability and completed operations liability.",493,74,1,0.014198782961460446,0.6,0,0,0,0,0,1,0,1,1
"FTENETWORKS,INC_02_18_2016-EX-99.4-STRATEGIC ALLIANCE AGREEMENT",Insurance,"Motor Vehicle Insurance covering bodily injury, death of a person or property damage arising out of the ownership, maintenance or use of any motor vehicles in an amount not less than $1,000,000 combined single limit for personal and bodily injury and death.",257,42,1,0.011673151750972763,0.6333333333333333,0,0,0,0,0,1,0,1,0
"FTENETWORKS,INC_02_18_2016-EX-99.4-STRATEGIC ALLIANCE AGREEMENT",Insurance,"General Liability and Umbrella/Excess Liability policies must have ""per location or per project"" aggregates.",108,14,1,0.046296296296296294,0.6666666666666666,0,0,0,0,0,0,0,0,1
"FTENETWORKS,INC_02_18_2016-EX-99.4-STRATEGIC ALLIANCE AGREEMENT",Insurance,"All insurance must be written on an ""occurrence"" basis.",55,9,1,0.01818181818181818,0.7,0,0,0,0,0,0,0,0,1
"FTENETWORKS,INC_02_18_2016-EX-99.4-STRATEGIC ALLIANCE AGREEMENT",Insurance,"Subcontractor expressly acknowledges while EDGE retains the right to review the insurance provided by Subcontractor and' Lower-tier Subcontractors, EDGE is not obligated to perform such review.",193,26,1,0.06217616580310881,0.7333333333333333,0,0,0,0,0,0,0,1,1
"FTENETWORKS,INC_02_18_2016-EX-99.4-STRATEGIC ALLIANCE AGREEMENT",Insurance,Subcontractor shall obtain at its own cost and expense and maintain the insurance in full force and effect during the term of the Agreement as required herein.,159,27,1,0.012578616352201259,0.7666666666666667,0,0,0,0,0,0,0,0,1
"FTENETWORKS,INC_02_18_2016-EX-99.4-STRATEGIC ALLIANCE AGREEMENT",Insurance,"EDGE and Mediacom, LLC shall be named as an additional insured.",63,11,1,0.12698412698412698,0.8,0,0,0,0,0,0,0,0,1
"FTENETWORKS,INC_02_18_2016-EX-99.4-STRATEGIC ALLIANCE AGREEMENT",Insurance,A copy of the insurance policies shall promptly be made available to EDGE upon EDGE' request.,93,16,1,0.0967741935483871,0.8333333333333334,0,0,0,0,0,0,0,0,1
"FTENETWORKS,INC_02_18_2016-EX-99.4-STRATEGIC ALLIANCE AGREEMENT",Insurance,"Workers' Compensation Insurance as required by state law where the Work is performed. Employer Liability insurance with limits of at least $1,000,000 for each occurrence.",170,25,2,0.03529411764705882,0.8666666666666667,0,0,0,0,0,1,0,0,1
"FTENETWORKS,INC_02_18_2016-EX-99.4-STRATEGIC ALLIANCE AGREEMENT",Insurance,"A copy of the (i) certificate(s) of insurance and (ii) endorsements, acceptable to EDGE, shall be submitted to EDGE prior to commencement of any Work and renewals or replacements of such certificates shall be so delivered at least 30 days prior to the expiration or termination of each such policy.",298,50,1,0.03355704697986577,0.9,1,0,0,0,0,0,0,0,1
"FTENETWORKS,INC_02_18_2016-EX-99.4-STRATEGIC ALLIANCE AGREEMENT",Insurance,EDGE's acceptance of or failure to object to the submitted documents does not constitute approval of coverage that is not in compliance with this Agreement or as acceptance or affirmation of the adequacy or applicability of such insurance.,239,38,1,0.02092050209205021,0.9333333333333333,0,0,0,0,0,0,0,1,0
"FTENETWORKS,INC_02_18_2016-EX-99.4-STRATEGIC ALLIANCE AGREEMENT",Insurance,"Umbrella/Excess Liability with limits of not less than $5,000,000 in excess of all the above-referenced Commercial General Liability, Employer's Liability and Business Auto Liability, except the following Subcontractor classifications will have limits of not less than the following: HVAC $2,000,000, Landscaping and Fencing $1,000,000. Such Umbrella/Excess Liability policies shall follow form to the terms and conditions of the underlying coverages and shall include a drop down feature in the event any underlying limits are exhausted.",538,75,2,0.040892193308550186,0.9666666666666667,0,0,0,0,0,1,0,1,1
DOMINIADVISORTRUST_02_18_2005-EX-99.(H)(2)-SPONSORSHIP AGREEMENT,Document Name,SPONSORSHIP AGREEMENT,21,2,1,0.9523809523809523,0.0,0,0,0,0,0,0,0,0,0
DOMINIADVISORTRUST_02_18_2005-EX-99.(H)(2)-SPONSORSHIP AGREEMENT,Parties,"""Domini"" or the ""Sponsor""",25,4,1,0.08,0.1,0,0,0,0,0,0,0,0,0
DOMINIADVISORTRUST_02_18_2005-EX-99.(H)(2)-SPONSORSHIP AGREEMENT,Parties,Domini Advisor Trust,20,3,1,0.15,0.2,0,0,0,0,0,0,0,0,0
DOMINIADVISORTRUST_02_18_2005-EX-99.(H)(2)-SPONSORSHIP AGREEMENT,Parties,Domini Social Investments LLC,29,4,1,0.20689655172413793,0.3,0,0,0,0,0,0,0,0,0
DOMINIADVISORTRUST_02_18_2005-EX-99.(H)(2)-SPONSORSHIP AGREEMENT,Effective Date,"This Agreement shall become effective as of the day and year first above written and shall govern the relations between the parties hereto thereafter, unless terminated as set forth in this Section 6.",200,33,1,0.015,0.4,1,1,0,0,0,0,0,1,1
DOMINIADVISORTRUST_02_18_2005-EX-99.(H)(2)-SPONSORSHIP AGREEMENT,Expiration Date,"This Agreement shall become effective as of the day and year first above written and shall govern the relations between the parties hereto thereafter, unless terminated as set forth in this Section 6.",200,33,1,0.015,0.5,1,1,0,0,0,0,0,1,1
DOMINIADVISORTRUST_02_18_2005-EX-99.(H)(2)-SPONSORSHIP AGREEMENT,Governing Law,This Agreement shall be construed and enforced and interpreted in accordance with and governed by the laws of the Commonwealth of Massachusetts without reference to principles of conflicts of law.,196,30,1,0.02040816326530612,0.6,0,0,0,0,0,0,0,1,1
DOMINIADVISORTRUST_02_18_2005-EX-99.(H)(2)-SPONSORSHIP AGREEMENT,Termination For Convenience,"This Agreement may be terminated at any time, without the payment of any penalty, with respect to any series or the Trust, by the Board of Trustees of the Trust, or by the Sponsor, in each case on not less than 60 days' written notice to the other party.",254,49,1,0.027559055118110236,0.7,1,0,0,0,1,0,0,1,0
DOMINIADVISORTRUST_02_18_2005-EX-99.(H)(2)-SPONSORSHIP AGREEMENT,Revenue/Profit Sharing,"For the services to be rendered and facilities to be provided by the Sponsor hereunder, the Trust shall pay Domini a fee accrued daily and payable monthly at an annual rate equal to 0.50% of the Trust's average daily net assets for the Trust's then current fiscal year.",269,48,2,0.022304832713754646,0.8,1,0,0,0,0,0,1,0,1
DOMINIADVISORTRUST_02_18_2005-EX-99.(H)(2)-SPONSORSHIP AGREEMENT,Cap On Liability,Limitation of Liability of the Sponsor.,39,6,1,0.07692307692307693,0.9,0,0,0,0,0,0,0,0,0
PfHospitalityGroupInc_20150923_10-12G_EX-10.1_9266710_EX-10.1_Franchise Agreement3,Document Name,SAMPLE OF NON-DISCLOSURE AND NON-COMPETITION AGREEMENT,54,6,1,0.8703703703703703,0.0,0,0,0,0,0,0,0,0,0
PfHospitalityGroupInc_20150923_10-12G_EX-10.1_9266710_EX-10.1_Franchise Agreement3,Parties,___________________________,27,1,1,0.0,0.1,0,0,0,0,0,0,0,0,0
PfHospitalityGroupInc_20150923_10-12G_EX-10.1_9266710_EX-10.1_Franchise Agreement3,Agreement Date,"this _____ day of _________, 20___",34,6,1,0.0,0.2,1,0,0,0,0,0,0,0,0
PfHospitalityGroupInc_20150923_10-12G_EX-10.1_9266710_EX-10.1_Franchise Agreement3,Non-Compete,"Member covenants and agrees that during the Post-Term Period (defined below), except as otherwise approved in writing by Franchisor, Member shall not, either directly or indirectly, own, manage, engage in, be employed by, advise, make loans to, consult for, or have any other interest in any Competitive Business that is, or intends to operate, within a three (3) mile radius of the premises of your Franchised Business or within a three (3) mile radius of any Franchised Business then-operating or under construction to operate under the System.",546,87,1,0.023809523809523808,0.3,1,0,0,0,0,0,0,1,1
PfHospitalityGroupInc_20150923_10-12G_EX-10.1_9266710_EX-10.1_Franchise Agreement3,Non-Compete,"Member covenants and agrees that during the term of the Franchise Agreement, except as otherwise approved in writing by Franchisor, Member shall not, either directly or indirectly, for itself, or through, on behalf of, or in conjunction with any person, persons, partnership, corporation, or entity: (i) Own, manage, engage in, be employed by, advise, make loans to, consult for, rent or lease to, or have any other interest in business that (directly or indirectly) operates, or grants franchises or licenses to operate, a restaurant featuring pizza and related food specialties or that offers products or services substantially similar to those then offered by Pizza Fusions Restaurants (""Competitive Business"");",714,108,1,0.015406162464985995,0.4,1,0,0,0,0,0,0,1,1
PfHospitalityGroupInc_20150923_10-12G_EX-10.1_9266710_EX-10.1_Franchise Agreement3,No-Solicit Of Customers,"Member covenants and agrees that during the term of the Franchise Agreement, except as otherwise approved in writing by Franchisor, Member shall not, either directly or indirectly, for itself, or through, on behalf of, or in conjunction with any person, persons, partnership, corporation, or entity:",299,45,1,0.016722408026755852,0.5,0,0,0,0,0,0,0,1,1
PfHospitalityGroupInc_20150923_10-12G_EX-10.1_9266710_EX-10.1_Franchise Agreement3,No-Solicit Of Customers,"(ii) Divert or attempt to divert any business or customer, or potential business or customer, to any Competitive Business;",122,19,1,0.02459016393442623,0.6,1,0,0,0,0,0,0,0,0
PfHospitalityGroupInc_20150923_10-12G_EX-10.1_9266710_EX-10.1_Franchise Agreement3,No-Solicit Of Employees,"Member covenants and agrees that during the term of the Franchise Agreement, except as otherwise approved in writing by Franchisor, Member shall not, either directly or indirectly, for itself, or through, on behalf of, or in conjunction with any person, persons, partnership, corporation, or entity:",299,45,1,0.016722408026755852,0.7,0,0,0,0,0,0,0,1,1
PfHospitalityGroupInc_20150923_10-12G_EX-10.1_9266710_EX-10.1_Franchise Agreement3,No-Solicit Of Employees,(iii) Induce any person to leave his or her employment with Franchisee or Franchisor.,85,14,1,0.03529411764705882,0.8,1,0,0,0,0,0,0,0,0
PfHospitalityGroupInc_20150923_10-12G_EX-10.1_9266710_EX-10.1_Franchise Agreement3,Third Party Beneficiary,"Member hereby acknowledges and agrees that Franchisor is an intended third-party beneficiary of this Agreement with the right to enforce it, independently or jointly with Franchisee.",182,26,1,0.02197802197802198,0.9,0,0,0,0,0,0,0,0,0
CerenceInc_20191002_8-K_EX-10.4_11827494_EX-10.4_Intellectual Property Agreement,Document Name,"INTELLECTUAL PROPERTY AGREEMENT, d",34,4,1,0.8529411764705882,0.0,0,0,0,0,0,0,0,0,0
CerenceInc_20191002_8-K_EX-10.4_11827494_EX-10.4_Intellectual Property Agreement,Parties,"NUANCE COMMUNICATIONS, INC.",27,3,1,0.8518518518518519,0.027777777777777776,0,0,0,0,0,0,0,0,0
CerenceInc_20191002_8-K_EX-10.4_11827494_EX-10.4_Intellectual Property Agreement,Effective Date,"This Agreement may be executed in one or more counterparts, all of which counterparts shall be considered one and the same agreement, and shall become effective when one or more counterparts have been signed by each Party and delivered to the other Party.",255,43,1,0.01568627450980392,0.05555555555555555,0,0,1,0,1,0,0,0,1
CerenceInc_20191002_8-K_EX-10.4_11827494_EX-10.4_Intellectual Property Agreement,Governing Law,"Any disputes relating to, arising out of or resulting from this Agreement, including to its execution, performance, or enforcement, shall be governed by, and construed in accordance with, the Laws of the State of Delaware, regardless of the Laws that might otherwise govern under applicable principles of conflicts of Laws thereof.",331,51,1,0.021148036253776436,0.08333333333333333,0,0,0,0,0,0,0,0,1
CerenceInc_20191002_8-K_EX-10.4_11827494_EX-10.4_Intellectual Property Agreement,Termination For Convenience,"This Agreement may be terminated by Nuance at any time, in its sole discretion, prior to the Distribution; provided, however, that this Agreement shall automatically terminate upon the termination of the Separation Agreement in accordance with its terms.",254,38,2,0.027559055118110236,0.1111111111111111,0,0,0,0,1,0,0,0,1
CerenceInc_20191002_8-K_EX-10.4_11827494_EX-10.4_Intellectual Property Agreement,Change Of Control,"Notwithstanding the foregoing, if any Party to this Agreement (or any of its successors or permitted assigns) (a) shall enter into a consolidation or merger transaction in which such Party is not the surviving entity and the surviving entity acquires or assumes all or substantially all of such Party's assets, (b) shall transfer all or substantially all of such Party's assets to any Person or (c) shall assign this Agreement to such Party's Affiliates, then, in each such case, the assigning Party (or its successors or permitted assigns, as applicable) shall ensure that the assignee or successor-in-interest expressly assumes in writing all of the obligations of the assigning Party under this Agreement, and the assigning Party shall not be required to seek consent, but shall provide written notice and evidence of such assignment, assumption or succession to the non-assigning Party.",890,140,1,0.016853932584269662,0.1388888888888889,1,0,0,0,0,0,0,1,1
CerenceInc_20191002_8-K_EX-10.4_11827494_EX-10.4_Intellectual Property Agreement,Anti-Assignment,Any purported assignment without such consent shall be void.,60,9,1,0.016666666666666666,0.16666666666666666,0,0,0,0,0,0,0,1,1
CerenceInc_20191002_8-K_EX-10.4_11827494_EX-10.4_Intellectual Property Agreement,Anti-Assignment,"Except as expressly set forth in this Agreement, neither this Agreement nor any of the rights, interests or obligations under this Agreement, including the licenses granted pursuant to this Agreement, shall be assigned, in whole or in part, by operation of Law or otherwise by either Party without the prior written consent of the other Party.",343,56,1,0.023323615160349854,0.19444444444444445,0,0,0,0,0,0,0,1,1
CerenceInc_20191002_8-K_EX-10.4_11827494_EX-10.4_Intellectual Property Agreement,Ip Ownership Assignment,"In order to carry out the intent of the Parties with respect to the recordation of the transfers of any registrations or applications of Nuance IP or SpinCo IP, as applicable, to the extent the ownership thereof has transferred from a member of the Nuance Group to a member of the SpinCo Group, or vice versa, pursuant to the Separation Agreement or any other Ancillary Agreement, the Parties shall execute intellectual property assignments in a form substantially similar to that attached as Exhibit A1 (the ""Patent Assignment Agreement""), Exhibit A2 (the ""Trademark Assignment Agreement""), Exhibit A3 (the ""Domain Name Assignment Agreement"") and Exhibit A4 (the ""Invention Disclosure Assignment Agreement"") as well as such additional case specific assignments as deemed appropriate or necessary under applicable Laws (collectively, the ""Intellectual Property Assignment Agreements"") for recordation with the appropriate Governmental Authority.",945,138,1,0.050793650793650794,0.2222222222222222,0,1,0,0,0,0,0,0,1
CerenceInc_20191002_8-K_EX-10.4_11827494_EX-10.4_Intellectual Property Agreement,License Grant,"shall retain those licenses granted to it under this Agreement, provided that the license shall be limited to the business, products or services (as applicable) of the Divested Entity as of the date of divestment and such natural development thereof within the Nuance Field of Use (where Nuance is the divesting Party) or SpinCo Field of Use (where SpinCo is the divesting party).",380,63,1,0.03684210526315789,0.25,0,0,0,0,0,0,0,0,1
CerenceInc_20191002_8-K_EX-10.4_11827494_EX-10.4_Intellectual Property Agreement,License Grant,"Subject to the terms and conditions of this Agreement, as of the Distribution Date, Nuance hereby grants to SpinCo and the members of the SpinCo Group a worldwide, non-exclusive, fully paid-up, perpetual and irrevocable, transferable (subject to ARTICLE VIII), sublicensable (subject to Section 3.01(g)) license to continue to use any Nuance IP (other than Nuance Patents, Nuance Technology Assets, Nuance Trademarks and Nuance Data), in each case solely as and to the extent that it is used by the SpinCo Group in connection with products and services of the SpinCo Business within the SpinCo Field of Use, together with natural extensions and evolutions thereof.",664,104,2,0.06626506024096386,0.2777777777777778,1,1,0,0,0,0,0,0,0
CerenceInc_20191002_8-K_EX-10.4_11827494_EX-10.4_Intellectual Property Agreement,License Grant,"Subject to the terms and conditions of this Agreement, as of the Distribution Date, Nuance hereby grants to SpinCo and the members of the SpinCo Group a worldwide, non-exclusive, fully paid-up, perpetual and irrevocable, transferable (subject to ARTICLE VIII), sublicensable (subject to Section 3.01(g)) license to install, access, use, reproduce, perform, display, modify (including the right to create improvements and derivative works), further develop, sell, manufacture, distribute and market products and services based on, using or incorporating the Nuance Shared Technology Assets within the SpinCo Field of Use, together with natural extensions and evolutions thereof.",677,95,2,0.04431314623338257,0.3055555555555556,1,1,0,0,0,0,0,0,0
CerenceInc_20191002_8-K_EX-10.4_11827494_EX-10.4_Intellectual Property Agreement,License Grant,"Subject to the terms and conditions of this Agreement, as of the Distribution Date, SpinCo hereby grants to Nuance and the members of the Nuance Group a worldwide, non-exclusive, fully paid-up, perpetual and irrevocable, transferable (subject to ARTICLE VIII), sublicensable (subject to Section 4.01(g)) license under the SpinCo Patents, solely to the extent that claims of the SpinCo Patents cover products or services of the Nuance Business in the Nuance Field of Use, together with natural extensions and evolutions thereof, in each case to make, have made use, sell, offer for sale, import and otherwise exploit such products and services, together with natural extensions and evolutions thereof.",700,107,2,0.045714285714285714,0.3333333333333333,1,1,0,0,0,0,0,0,0
CerenceInc_20191002_8-K_EX-10.4_11827494_EX-10.4_Intellectual Property Agreement,License Grant,"Subject to the terms and conditions of this Agreement, as of the Distribution Date, SpinCo hereby grants to Nuance and the members of the Nuance Group a worldwide, non-exclusive, fully paid-up, perpetual and irrevocable, transferable (subject to ARTICLE VIII), sublicensable (subject to Section 4.01(g)) license to continue to use any SpinCo IP (other than SpinCo Patents, SpinCo Technology Assets, SpinCo Trademarks, SpinCo Domain Names and SpinCo Data), in each case solely as and to the extent that it is used by the Nuance Group in connection with products and services of the Nuance Business within the Nuance Field of Use, together with natural extensions and evolutions thereof.",685,107,2,0.07153284671532846,0.3611111111111111,1,1,0,0,0,0,0,0,0
CerenceInc_20191002_8-K_EX-10.4_11827494_EX-10.4_Intellectual Property Agreement,License Grant,"Subject to the terms and conditions of this Agreement, as of the Distribution Date, SpinCo hereby grants to Nuance and the members of the Nuance Group a worldwide, non-exclusive, fully paid-up, perpetual and irrevocable, transferable (subject to ARTICLE VIII), sublicensable (subject to Section 4.01(g)) license to install, access, use, reproduce, perform, display, modify (including the right to create improvements and derivative works), further develop, sell, manufacture, distribute and market products and services based on, using or incorporating the SpinCo Shared Technology Assets within the Nuance Field of Use, together with natural extensions and evolutions thereof.",677,95,2,0.04283604135893648,0.3888888888888889,1,1,0,0,0,0,0,0,0
CerenceInc_20191002_8-K_EX-10.4_11827494_EX-10.4_Intellectual Property Agreement,License Grant,"Subject to the terms and conditions of this Agreement, as of the Distribution Date, Nuance hereby grants to SpinCo and the members of the SpinCo Group a worldwide, non-exclusive, fully paid-up, perpetual and irrevocable, transferable (subject to ARTICLE VIII), sublicensable (subject to Section 3.01(g)) license under the Nuance Patents, solely to the extent that claims of the Nuance Patents cover products or services of the SpinCo Business in the SpinCo Field of Use, together with natural extensions and evolutions thereof, in each case to make, have made, use, sell, offer for sale, import and otherwise exploit such products and services, together with natural extensions and evolutions thereof.",701,107,2,0.047075606276747506,0.4166666666666667,1,1,0,0,0,0,0,0,0
CerenceInc_20191002_8-K_EX-10.4_11827494_EX-10.4_Intellectual Property Agreement,License Grant,"In the event a Party divests a line of business or line of products or services by (a) spinning off a member of its Group by its sale or other disposition to a Third Party, (b) reducing ownership or control in a member of its Group so that it no longer qualifiers as a member of its Group under this Agreement, (c) selling or otherwise transferring such line of business, products or services to a Third Party or (d) forming a joint venture with a Third Party with respect to such line of business, products or services (each such divested entity or line of business, products or services, a ""Divested Entity""), the Divested Entity",631,114,1,0.025356576862123614,0.4444444444444444,1,0,0,0,0,0,0,1,0
CerenceInc_20191002_8-K_EX-10.4_11827494_EX-10.4_Intellectual Property Agreement,Non-Transferable License,"The licenses granted in Sections 4.01(a), (b) and (c) to the Nuance Group include the right to grant sublicenses within the scope of such licenses only to members of the Nuance Group and, without any further right to sublicense, to their respective (i) contractors, distributors, manufacturers and resellers, in each case solely for the benefit of the Nuance Business and (ii) end users and customers, in each case solely in connection with the use of products and services of the Nuance Business.",497,82,2,0.02012072434607646,0.4722222222222222,1,0,0,0,0,0,0,1,0
CerenceInc_20191002_8-K_EX-10.4_11827494_EX-10.4_Intellectual Property Agreement,Non-Transferable License,"Notwithstanding the forgoing, subject to Section 4.02(b) and ARTICLE VI, members of the Nuance Group may only sublicense the SpinCo Shared Technology Assets pursuant to terms and conditions as protective as those under which it licenses its own Technology of a similar nature and value, and in any event terms and conditions that provide for commercially reasonable protection for the source code, structure and other confidential and proprietary elements of the SpinCo Shared Technology Assets.",495,75,2,0.048484848484848485,0.5,1,1,0,0,1,0,0,0,0
CerenceInc_20191002_8-K_EX-10.4_11827494_EX-10.4_Intellectual Property Agreement,Affiliate License-Licensee,"Subject to the terms and conditions of this Agreement, as of the Distribution Date, Nuance hereby grants to SpinCo and the members of the SpinCo Group a worldwide, non-exclusive, fully paid-up, perpetual and irrevocable, transferable (subject to ARTICLE VIII), sublicensable (subject to Section 3.01(g)) license to continue to use any Nuance IP (other than Nuance Patents, Nuance Technology Assets, Nuance Trademarks and Nuance Data), in each case solely as and to the extent that it is used by the SpinCo Group in connection with products and services of the SpinCo Business within the SpinCo Field of Use, together with natural extensions and evolutions thereof.",664,104,2,0.06626506024096386,0.5277777777777778,1,1,0,0,0,0,0,0,0
CerenceInc_20191002_8-K_EX-10.4_11827494_EX-10.4_Intellectual Property Agreement,Affiliate License-Licensee,"Subject to the terms and conditions of this Agreement, as of the Distribution Date, Nuance hereby grants to SpinCo and the members of the SpinCo Group a worldwide, non-exclusive, fully paid-up, perpetual and irrevocable, transferable (subject to ARTICLE VIII), sublicensable (subject to Section 3.01(g)) license to install, access, use, reproduce, perform, display, modify (including the right to create improvements and derivative works), further develop, sell, manufacture, distribute and market products and services based on, using or incorporating the Nuance Shared Technology Assets within the SpinCo Field of Use, together with natural extensions and evolutions thereof.",677,95,2,0.04431314623338257,0.5555555555555556,1,1,0,0,0,0,0,0,0
CerenceInc_20191002_8-K_EX-10.4_11827494_EX-10.4_Intellectual Property Agreement,Affiliate License-Licensee,"Subject to the terms and conditions of this Agreement, as of the Distribution Date, SpinCo hereby grants to Nuance and the members of the Nuance Group a worldwide, non-exclusive, fully paid-up, perpetual and irrevocable, transferable (subject to ARTICLE VIII), sublicensable (subject to Section 4.01(g)) license under the SpinCo Patents, solely to the extent that claims of the SpinCo Patents cover products or services of the Nuance Business in the Nuance Field of Use, together with natural extensions and evolutions thereof, in each case to make, have made use, sell, offer for sale, import and otherwise exploit such products and services, together with natural extensions and evolutions thereof.",700,107,2,0.045714285714285714,0.5833333333333334,1,1,0,0,0,0,0,0,0
CerenceInc_20191002_8-K_EX-10.4_11827494_EX-10.4_Intellectual Property Agreement,Affiliate License-Licensee,"The licenses granted in Sections 3.01(a), (b) and (c) to the SpinCo Group include the right to grant sublicenses within the scope of such licenses only to members of the SpinCo Group and, without any further right to sublicense, to their respective (i) contractors, distributors, manufacturers and resellers, in each case solely for the benefit of the SpinCo Business, and (ii) end users and customers, in each case solely in connection with the use of products and services of the SpinCo Business.",498,82,2,0.028112449799196786,0.6111111111111112,1,0,0,0,0,0,0,1,0
CerenceInc_20191002_8-K_EX-10.4_11827494_EX-10.4_Intellectual Property Agreement,Affiliate License-Licensee,"Subject to the terms and conditions of this Agreement, as of the Distribution Date, SpinCo hereby grants to Nuance and the members of the Nuance Group a worldwide, non-exclusive, fully paid-up, perpetual and irrevocable, transferable (subject to ARTICLE VIII), sublicensable (subject to Section 4.01(g)) license to continue to use any SpinCo IP (other than SpinCo Patents, SpinCo Technology Assets, SpinCo Trademarks, SpinCo Domain Names and SpinCo Data), in each case solely as and to the extent that it is used by the Nuance Group in connection with products and services of the Nuance Business within the Nuance Field of Use, together with natural extensions and evolutions thereof.",685,107,2,0.07153284671532846,0.6388888888888888,1,1,0,0,0,0,0,0,0
CerenceInc_20191002_8-K_EX-10.4_11827494_EX-10.4_Intellectual Property Agreement,Affiliate License-Licensee,"Subject to the terms and conditions of this Agreement, as of the Distribution Date, SpinCo hereby grants to Nuance and the members of the Nuance Group a worldwide, non-exclusive, fully paid-up, perpetual and irrevocable, transferable (subject to ARTICLE VIII), sublicensable (subject to Section 4.01(g)) license to install, access, use, reproduce, perform, display, modify (including the right to create improvements and derivative works), further develop, sell, manufacture, distribute and market products and services based on, using or incorporating the SpinCo Shared Technology Assets within the Nuance Field of Use, together with natural extensions and evolutions thereof.",677,95,2,0.04283604135893648,0.6666666666666666,1,1,0,0,0,0,0,0,0
CerenceInc_20191002_8-K_EX-10.4_11827494_EX-10.4_Intellectual Property Agreement,Affiliate License-Licensee,"Subject to the terms and conditions of this Agreement, as of the Distribution Date, Nuance hereby grants to SpinCo and the members of the SpinCo Group a worldwide, non-exclusive, fully paid-up, perpetual and irrevocable, transferable (subject to ARTICLE VIII), sublicensable (subject to Section 3.01(g)) license under the Nuance Patents, solely to the extent that claims of the Nuance Patents cover products or services of the SpinCo Business in the SpinCo Field of Use, together with natural extensions and evolutions thereof, in each case to make, have made, use, sell, offer for sale, import and otherwise exploit such products and services, together with natural extensions and evolutions thereof.",701,107,2,0.047075606276747506,0.6944444444444444,1,1,0,0,0,0,0,0,0
CerenceInc_20191002_8-K_EX-10.4_11827494_EX-10.4_Intellectual Property Agreement,Affiliate License-Licensee,"The licenses granted in Sections 4.01(a), (b) and (c) to the Nuance Group include the right to grant sublicenses within the scope of such licenses only to members of the Nuance Group and, without any further right to sublicense, to their respective (i) contractors, distributors, manufacturers and resellers, in each case solely for the benefit of the Nuance Business and (ii) end users and customers, in each case solely in connection with the use of products and services of the Nuance Business.",497,82,2,0.02012072434607646,0.7222222222222222,1,0,0,0,0,0,0,1,0
CerenceInc_20191002_8-K_EX-10.4_11827494_EX-10.4_Intellectual Property Agreement,Irrevocable Or Perpetual License,"Subject to the terms and conditions of this Agreement, as of the Distribution Date, Nuance hereby grants to SpinCo and the members of the SpinCo Group a worldwide, non-exclusive, fully paid-up, perpetual and irrevocable, transferable (subject to ARTICLE VIII), sublicensable (subject to Section 3.01(g)) license to continue to use any Nuance IP (other than Nuance Patents, Nuance Technology Assets, Nuance Trademarks and Nuance Data), in each case solely as and to the extent that it is used by the SpinCo Group in connection with products and services of the SpinCo Business within the SpinCo Field of Use, together with natural extensions and evolutions thereof.",664,104,2,0.06626506024096386,0.75,1,1,0,0,0,0,0,0,0
CerenceInc_20191002_8-K_EX-10.4_11827494_EX-10.4_Intellectual Property Agreement,Irrevocable Or Perpetual License,"Subject to the terms and conditions of this Agreement, as of the Distribution Date, Nuance hereby grants to SpinCo and the members of the SpinCo Group a worldwide, non-exclusive, fully paid-up, perpetual and irrevocable, transferable (subject to ARTICLE VIII), sublicensable (subject to Section 3.01(g)) license to install, access, use, reproduce, perform, display, modify (including the right to create improvements and derivative works), further develop, sell, manufacture, distribute and market products and services based on, using or incorporating the Nuance Shared Technology Assets within the SpinCo Field of Use, together with natural extensions and evolutions thereof.",677,95,2,0.04431314623338257,0.7777777777777778,1,1,0,0,0,0,0,0,0
CerenceInc_20191002_8-K_EX-10.4_11827494_EX-10.4_Intellectual Property Agreement,Irrevocable Or Perpetual License,"Subject to the terms and conditions of this Agreement, as of the Distribution Date, SpinCo hereby grants to Nuance and the members of the Nuance Group a worldwide, non-exclusive, fully paid-up, perpetual and irrevocable, transferable (subject to ARTICLE VIII), sublicensable (subject to Section 4.01(g)) license under the SpinCo Patents, solely to the extent that claims of the SpinCo Patents cover products or services of the Nuance Business in the Nuance Field of Use, together with natural extensions and evolutions thereof, in each case to make, have made use, sell, offer for sale, import and otherwise exploit such products and services, together with natural extensions and evolutions thereof.",700,107,2,0.045714285714285714,0.8055555555555556,1,1,0,0,0,0,0,0,0
CerenceInc_20191002_8-K_EX-10.4_11827494_EX-10.4_Intellectual Property Agreement,Irrevocable Or Perpetual License,"Subject to the terms and conditions of this Agreement, as of the Distribution Date, SpinCo hereby grants to Nuance and the members of the Nuance Group a worldwide, non-exclusive, fully paid-up, perpetual and irrevocable, transferable (subject to ARTICLE VIII), sublicensable (subject to Section 4.01(g)) license to continue to use any SpinCo IP (other than SpinCo Patents, SpinCo Technology Assets, SpinCo Trademarks, SpinCo Domain Names and SpinCo Data), in each case solely as and to the extent that it is used by the Nuance Group in connection with products and services of the Nuance Business within the Nuance Field of Use, together with natural extensions and evolutions thereof.",685,107,2,0.07153284671532846,0.8333333333333334,1,1,0,0,0,0,0,0,0
CerenceInc_20191002_8-K_EX-10.4_11827494_EX-10.4_Intellectual Property Agreement,Irrevocable Or Perpetual License,"Subject to the terms and conditions of this Agreement, as of the Distribution Date, SpinCo hereby grants to Nuance and the members of the Nuance Group a worldwide, non-exclusive, fully paid-up, perpetual and irrevocable, transferable (subject to ARTICLE VIII), sublicensable (subject to Section 4.01(g)) license to install, access, use, reproduce, perform, display, modify (including the right to create improvements and derivative works), further develop, sell, manufacture, distribute and market products and services based on, using or incorporating the SpinCo Shared Technology Assets within the Nuance Field of Use, together with natural extensions and evolutions thereof.",677,95,2,0.04283604135893648,0.8611111111111112,1,1,0,0,0,0,0,0,0
CerenceInc_20191002_8-K_EX-10.4_11827494_EX-10.4_Intellectual Property Agreement,Irrevocable Or Perpetual License,"Subject to the terms and conditions of this Agreement, as of the Distribution Date, Nuance hereby grants to SpinCo and the members of the SpinCo Group a worldwide, non-exclusive, fully paid-up, perpetual and irrevocable, transferable (subject to ARTICLE VIII), sublicensable (subject to Section 3.01(g)) license under the Nuance Patents, solely to the extent that claims of the Nuance Patents cover products or services of the SpinCo Business in the SpinCo Field of Use, together with natural extensions and evolutions thereof, in each case to make, have made, use, sell, offer for sale, import and otherwise exploit such products and services, together with natural extensions and evolutions thereof.",701,107,2,0.047075606276747506,0.8888888888888888,1,1,0,0,0,0,0,0,0
CerenceInc_20191002_8-K_EX-10.4_11827494_EX-10.4_Intellectual Property Agreement,Cap On Liability,"Without limiting the terms set forth in Section 6.09 of the Separation Agreement, none of Nuance, SpinCo or any other member of either Group shall in any event have any Liability to the other or to any other member of the other's Group under this Agreement for any indirect, special, punitive or consequential damages, whether or not caused by or resulting from negligence or breach of obligations hereunder and whether or not informed of the possibility of the existence of such damages.",488,82,2,0.022540983606557378,0.9166666666666666,1,1,0,0,0,0,0,1,1
CerenceInc_20191002_8-K_EX-10.4_11827494_EX-10.4_Intellectual Property Agreement,Covenant Not To Sue,"SpinCo agrees that it will not (i) oppose, challenge, petition to cancel, contest or threaten in any way, or assist another party in opposing, challenging, petitioning to cancel, contesting or threatening in any way, any application or registration by Nuance or its Affiliates or their respective licensees for any Nuance IP, (ii) engage in any act, or purposefully omit to perform any act, that impairs or adversely affects the rights of Nuance or any member of the Nuance Group in and to any Nuance IP or (iii) apply for any registration (including federal, state and national registrations) with respect to the Nuance IP.",624,103,1,0.02564102564102564,0.9444444444444444,1,0,0,0,0,0,0,1,0
CerenceInc_20191002_8-K_EX-10.4_11827494_EX-10.4_Intellectual Property Agreement,Covenant Not To Sue,"Nuance agrees that it will not (i) oppose, challenge, petition to cancel, contest or threaten in any way, or assist another party in opposing, challenging, petitioning to cancel, contesting or threatening in any way, any application or registration by SpinCo or its Affiliates or their respective licensees for any SpinCo IP, (ii) engage in any act, or purposefully omit to perform any act, that impairs or adversely affects the rights of SpinCo or any member of the SpinCo Group in and to any SpinCo IP or (iii) apply for any registration (including federal, state and national registrations) with respect to the SpinCo IP.",624,103,1,0.03365384615384615,0.9722222222222222,1,0,0,0,0,0,0,1,0
ThriventVariableInsuranceAccountB_20190701_N-6_EX-99.D(IV)_11720968_EX-99.D(IV)_Endorsement Agreement,Parties,Thrivent Financial for Lutherans,32,4,1,0.09375,0.0,0,0,0,0,0,0,0,0,0
ThriventVariableInsuranceAccountB_20190701_N-6_EX-99.D(IV)_11720968_EX-99.D(IV)_Endorsement Agreement,Anti-Assignment,Society membership rights and privileges cannot be transferred or assigned.,75,10,1,0.013333333333333334,0.5,0,0,0,0,0,0,0,0,0
ReynoldsConsumerProductsInc_20191115_S-1_EX-10.18_11896469_EX-10.18_Supply Agreement,Document Name,MASTER SUPPLY AGREEMENT,23,3,1,0.9130434782608695,0.0,0,0,0,0,0,0,0,0,0
ReynoldsConsumerProductsInc_20191115_S-1_EX-10.18_11896469_EX-10.18_Supply Agreement,Parties,REYNOLDS CONSUMER PRODUCTS LLC,30,4,1,0.9,0.047619047619047616,0,0,0,0,0,0,0,0,0
ReynoldsConsumerProductsInc_20191115_S-1_EX-10.18_11896469_EX-10.18_Supply Agreement,Parties,"Seller and Buyer are referred to individually at times as a ""Party"" and collectively at times as the ""Parties"".",111,19,1,0.036036036036036036,0.09523809523809523,0,0,0,0,0,0,0,0,0
ReynoldsConsumerProductsInc_20191115_S-1_EX-10.18_11896469_EX-10.18_Supply Agreement,Expiration Date,"The ""Term"" of this Agreement will commence on the Effective Date and will end on the earlier of: (a) the first anniversary of the expiration date of the last Purchase Schedule (as defined in this next Section); (b) a termination date elected by a Party in a written notice delivered to the other Party any time after the expiration of the last Purchase Schedule; or (c) a termination date elected by a Party in a written notice delivered to the other Party as provided in Subsection 11(d) of this Agreement.",507,90,3,0.03155818540433925,0.14285714285714285,1,1,0,0,0,0,0,0,0
ReynoldsConsumerProductsInc_20191115_S-1_EX-10.18_11896469_EX-10.18_Supply Agreement,Governing Law,"This Agreement and all claims or causes of action arising out of or related to this Agreement shall be governed in all respects, including as to validity, interpretation and effect, by the laws of the State of Illinois and the United States of America, without giving effect to its principles or rules of conflict of laws.",322,56,1,0.024844720496894408,0.19047619047619047,0,0,0,0,0,0,0,1,1
ReynoldsConsumerProductsInc_20191115_S-1_EX-10.18_11896469_EX-10.18_Supply Agreement,Change Of Control,"A change of control shall be deemed an assignment requiring consent hereunder provided that any transfer or assignment that results in Seller's and Buyer's current common parent, Reynolds Group Holdings Limited, ceasing to control either party shall not require consent of the other party.",289,44,1,0.02422145328719723,0.23809523809523808,0,0,0,0,0,0,0,1,1
ReynoldsConsumerProductsInc_20191115_S-1_EX-10.18_11896469_EX-10.18_Supply Agreement,Anti-Assignment,"A change of control shall be deemed an assignment requiring consent hereunder provided that any transfer or assignment that results in Seller's and Buyer's current common parent, Reynolds Group Holdings Limited, ceasing to control either party shall not require consent of the other party.",289,44,1,0.02422145328719723,0.2857142857142857,0,0,0,0,0,0,0,1,1
ReynoldsConsumerProductsInc_20191115_S-1_EX-10.18_11896469_EX-10.18_Supply Agreement,Anti-Assignment,"This Agreement, its rights and obligations, is not assignable or transferable by either Party, in whole or in part, except with the prior written consent of the other Party, which consent will not be unreasonably withheld, conditioned or delayed.",246,39,1,0.016260162601626018,0.3333333333333333,0,0,0,0,0,0,0,1,0
ReynoldsConsumerProductsInc_20191115_S-1_EX-10.18_11896469_EX-10.18_Supply Agreement,Uncapped Liability,"Notwithstanding the preceding sentences, this Subsection will not limit the liability of a Party for any amount or type of damages for: (1) the defense and indemnification of an Indemnified Claim on which the Party is the Indemnifying Party; (2) infringement by the Party on the intellectual property of the other Party; (3) the unauthorized disclosure or use by the Party of the Confidential Information of the other Party; (4) payment or reimbursement of any amount expressly required to be paid or reimbursed by the Party under a provision of this Agreement; or (5) the intentional misconduct of the Party in violation of Applicable Laws.",641,105,5,0.029641185647425898,0.38095238095238093,1,0,0,0,0,0,0,1,1
ReynoldsConsumerProductsInc_20191115_S-1_EX-10.18_11896469_EX-10.18_Supply Agreement,Cap On Liability,A Party that breaches this Agreement will only be liable to the other Party for direct damages arising from the breach.,119,21,1,0.03361344537815126,0.42857142857142855,0,0,0,0,0,0,0,0,0
ReynoldsConsumerProductsInc_20191115_S-1_EX-10.18_11896469_EX-10.18_Supply Agreement,Cap On Liability,"Each Party waives any right to recover consequential, incidental, indirect, exemplary, punitive or any other types of indirect damages from the other Party for a breach of this Agreement.",187,29,1,0.0213903743315508,0.47619047619047616,0,0,0,0,0,0,0,0,0
ReynoldsConsumerProductsInc_20191115_S-1_EX-10.18_11896469_EX-10.18_Supply Agreement,Cap On Liability,"If a Buyer receives a product that fails to conform to these representations and warranties, the sole remedies of Buyer for the breach of warranty will be to: (1) reject and return the non-conforming product to Seller for a refund or credit, or a replacement conforming product, in the manner and time period provided in the SOP; (2) obtain reimbursement from Seller for actual, reasonable, substantiated out-of-pocket expenses incurred by Buyer in the recovery, return or disposal of a non-conforming product that is the subject of a mandatory product recall required under Applicable Laws or a voluntary withdrawal declared by Seller or approved by Seller (such approval not to be unreasonably withheld, conditioned or delayed); and (3) obtain indemnification from Seller for any Indemnified Claim arising from or related to the non-conforming product as provided in Section 7.",879,138,3,0.019340159271899887,0.5238095238095238,1,1,0,0,0,0,0,1,1
ReynoldsConsumerProductsInc_20191115_S-1_EX-10.18_11896469_EX-10.18_Supply Agreement,Insurance,"Employers' Liability Insurance. Occurrence based coverage with a limit of at least $10,000,000 per occurrence or any greater limits set by Applicable Law workplace and work related injuries and illnesses to the employees of a Party. Requires waiver of alternate employer endorsement.",283,42,3,0.028268551236749116,0.5714285714285714,0,0,0,0,0,1,0,0,0
ReynoldsConsumerProductsInc_20191115_S-1_EX-10.18_11896469_EX-10.18_Supply Agreement,Insurance,"Property Insurance. Coverage providing ""all risk"" property insurance at the replacement value of the machinery, equipment, fixtures, tools, materials and other property of the Party. ""All risk"" coverage will include, by way of example and not limitation, loss or damage resulting from earthquakes, floods, wind, fire or other natural or weather-related phenomenon. Requires waiver of subrogation endorsement.",408,57,4,0.014705882352941176,0.6190476190476191,0,0,0,0,0,0,0,1,0
ReynoldsConsumerProductsInc_20191115_S-1_EX-10.18_11896469_EX-10.18_Supply Agreement,Insurance,"An insuring Party must deliver the following written evidence of the required insurance coverage to the other Party (Attention: Risk Management), or its designated insurance monitoring service, within ten (10) of written request and at least thirty (30) days in advance of the expiration of a then current policy term (if a declaration or endorsement is not available from an insurer at the time requested or required, an insuring Party will provide them as soon as the declaration or endorsement is available from the insurer): i. Certificate of insurance confirming that the required insurance coverage and minimal limits are met for the extended, renewed or replacement policy term. ii. Declaration pages of insurance policy (or a copy of the binder until the declaration pages are available) confirming that the required insurance coverage and minimal limits are met for the extended, renewed or replacement policy term. iii. Copies of additional insured endorsements required for applicable policies in the name and for the benefit of: ""[NAME OF OTHER PARTY], its parent, subsidiaries and affiliates; any lessors of the foregoing and any mortgagees, deed of trust beneficiaries and secured creditors of such lessors; and any successors and assignees of all of the foregoing."" iv. Copies of alternate employer endorsements and waiver of subrogation endorsements required for applicable policies in the name and for the benefit of: """"[NAME OF OTHER PARTY], its parent, subsidiaries and affiliates; any lessors of the foregoing and any mortgagees, deed of trust beneficiaries and secured creditors of such lessors; and any successors and assignees of all of the foregoing.""",1675,260,12,0.025671641791044777,0.6666666666666666,1,0,0,0,0,0,0,1,1
ReynoldsConsumerProductsInc_20191115_S-1_EX-10.18_11896469_EX-10.18_Supply Agreement,Insurance,"All insurers of a Party on such policies must have at all times an A.M. Best financial rating of at least ""A-Minus VII"".",120,23,3,0.08333333333333333,0.7142857142857143,0,0,0,0,0,0,0,0,1
ReynoldsConsumerProductsInc_20191115_S-1_EX-10.18_11896469_EX-10.18_Supply Agreement,Insurance,"Workers' Compensation Liability Insurance. Occurrence based coverage providing benefits in the minimal amount required by Applicable Law for workplace and work related injuries and illnesses to the employees of a Party, including, without limitation, Workers Compensation Acts of applicable U.S. States, the U.S. Longshoremen's and Harbor Workers Compensation Act and the U.S. Jones Act. Requires alternate employer endorsement and waiver of subrogation endorsement.",466,63,9,0.055793991416309016,0.7619047619047619,0,0,0,0,0,0,0,1,1
ReynoldsConsumerProductsInc_20191115_S-1_EX-10.18_11896469_EX-10.18_Supply Agreement,Insurance,"All insurance of an insuring Party must be ""primary and non-contributory"" with respect to any insurance that the other Party may maintain, but only with respect to the negligence or other legal liability of the insuring Party.",226,37,1,0.017699115044247787,0.8095238095238095,0,0,0,0,1,0,0,0,1
ReynoldsConsumerProductsInc_20191115_S-1_EX-10.18_11896469_EX-10.18_Supply Agreement,Insurance,"During the Term of this Agreement, each Party will maintain the following minimum types and amounts of insurance coverage during the Term of this Agreement:",156,25,1,0.038461538461538464,0.8571428571428571,0,0,0,0,0,0,0,0,0
ReynoldsConsumerProductsInc_20191115_S-1_EX-10.18_11896469_EX-10.18_Supply Agreement,Insurance,"Automobile Liability Insurance. Occurrence based coverage with a combined single limit of at least $10,000,000 per occurrence and in the aggregate for owned, non-owned, and hired automotive equipment of the Party. Requires additional insured endorsement and waiver of subrogation endorsement.",292,40,3,0.02054794520547945,0.9047619047619048,0,0,0,0,0,1,0,0,0
ReynoldsConsumerProductsInc_20191115_S-1_EX-10.18_11896469_EX-10.18_Supply Agreement,Insurance,"Commercial General Liability Insurance. Occurrence based coverage with a combined single limit of at least $10,000,000 per occurrence and in the aggregate for premises and operations; products and completed operations; contractual liability coverage for indemnities of a Party contained within this Agreement; broad form property damage (including completed operations); explosion, collapse and underground hazards; and personal injury. Requires additional insured endorsement and waiver of subrogation endorsement.",515,66,8,0.015533980582524271,0.9523809523809523,0,0,0,0,0,1,0,0,0
IntegrityFunds_20200121_485BPOS_EX-99.E UNDR CONTR_11948727_EX-99.E UNDR CONTR_Service Agreement,Document Name,DISTRIBUTION AND SERVICES AGREEMENT,35,4,1,0.9142857142857143,0.0,0,0,0,0,0,0,0,0,0
IntegrityFunds_20200121_485BPOS_EX-99.E UNDR CONTR_11948727_EX-99.E UNDR CONTR_Service Agreement,Parties,Integrity Short Term Government Fund,36,5,1,0.1388888888888889,0.1111111111111111,0,0,0,0,0,0,0,0,0
IntegrityFunds_20200121_485BPOS_EX-99.E UNDR CONTR_11948727_EX-99.E UNDR CONTR_Service Agreement,Parties,"Integrity Funds Distributor, LLC",32,4,1,0.1875,0.2222222222222222,0,0,0,0,0,0,0,0,0
IntegrityFunds_20200121_485BPOS_EX-99.E UNDR CONTR_11948727_EX-99.E UNDR CONTR_Service Agreement,Expiration Date,"This Agreement shall continue until January 18, 2022, and thereafter shall continue automatically for successive annual periods ending on January 18th of each year, provided such continuance is specifically approved at least annually by (a) the Fund's Board of Trustees and (b) a vote of a majority (as defined in the 1940 Act) of the Fund's Trustees who are not interested persons (as defined in the 1940 Act) of the Fund and who have no direct or indirect financial interest in the operation of the Plan, in this Agreement, or any agreement related to the Plan (the ""Qualified Trustees""), by vote cast in person at a meeting called for the purpose of voting on such approval.",677,116,1,0.025110782865583457,0.3333333333333333,1,0,0,0,1,0,0,1,1
IntegrityFunds_20200121_485BPOS_EX-99.E UNDR CONTR_11948727_EX-99.E UNDR CONTR_Service Agreement,Renewal Term,"This Agreement shall continue until January 18, 2022, and thereafter shall continue automatically for successive annual periods ending on January 18th of each year, provided such continuance is specifically approved at least annually by (a) the Fund's Board of Trustees and (b) a vote of a majority (as defined in the 1940 Act) of the Fund's Trustees who are not interested persons (as defined in the 1940 Act) of the Fund and who have no direct or indirect financial interest in the operation of the Plan, in this Agreement, or any agreement related to the Plan (the ""Qualified Trustees""), by vote cast in person at a meeting called for the purpose of voting on such approval.",677,116,1,0.025110782865583457,0.4444444444444444,1,0,0,0,1,0,0,1,1
IntegrityFunds_20200121_485BPOS_EX-99.E UNDR CONTR_11948727_EX-99.E UNDR CONTR_Service Agreement,Governing Law,This Agreement shall be construed in accordance with the laws of the State of Kansas.,85,15,1,0.047058823529411764,0.5555555555555556,0,0,0,0,0,0,0,0,1
IntegrityFunds_20200121_485BPOS_EX-99.E UNDR CONTR_11948727_EX-99.E UNDR CONTR_Service Agreement,Anti-Assignment,This Agreement will also terminate automatically in the event of its assignment (as defined in the 1940 Act).,109,18,1,0.027522935779816515,0.6666666666666666,1,0,0,0,0,0,0,0,0
IntegrityFunds_20200121_485BPOS_EX-99.E UNDR CONTR_11948727_EX-99.E UNDR CONTR_Service Agreement,Revenue/Profit Sharing,"In consideration of the services rendered pursuant to this Agreement, Integrity shall receive the excess, if any, of the sales price, as set forth in the Fund's Registration Statement, over the net asset value of Shares sold by Integrity, as underwriter.",254,41,1,0.031496062992125984,0.7777777777777778,0,0,0,0,0,0,0,0,1
IntegrityFunds_20200121_485BPOS_EX-99.E UNDR CONTR_11948727_EX-99.E UNDR CONTR_Service Agreement,Audit Rights,"The Fund shall also furnish Integrity upon request with: (a) annual audits of the Fund's books and accounts made by independent public accountants regularly retained by the Fund, (b) semi-annual unaudited financial statements pertaining to the Fund, (c) quarterly earnings statements prepared by the Fund, (d) a monthly itemized list of the securities in the portfolio of the Fund, (e) monthly balance sheets as soon as practicable after the end of each month, and (f) from time to time such additional information regarding the Fund's financial condition as Integrity may reasonably request.",592,92,1,0.016891891891891893,0.8888888888888888,1,0,0,0,1,0,0,0,1
PREMIERBIOMEDICALINC_05_14_2020-EX-10.2-INTELLECTUAL PROPERTY AGREEMENT,Document Name,Intellectual Property Agreement,31,3,1,0.0967741935483871,0.0,0,0,0,0,0,0,0,0,0
PREMIERBIOMEDICALINC_05_14_2020-EX-10.2-INTELLECTUAL PROPERTY AGREEMENT,Parties,"Marv Enterprises, LLC",21,3,1,0.23809523809523808,0.058823529411764705,0,0,0,0,0,0,0,0,0
PREMIERBIOMEDICALINC_05_14_2020-EX-10.2-INTELLECTUAL PROPERTY AGREEMENT,Parties,"Each shall be referred to as a ""Party"" and collectively as the ""Parties.""",73,13,1,0.0410958904109589,0.11764705882352941,0,0,0,0,0,0,0,0,1
PREMIERBIOMEDICALINC_05_14_2020-EX-10.2-INTELLECTUAL PROPERTY AGREEMENT,Parties,"Technology Health, Inc.",23,3,1,0.13043478260869565,0.17647058823529413,0,0,0,0,0,0,0,0,0
PREMIERBIOMEDICALINC_05_14_2020-EX-10.2-INTELLECTUAL PROPERTY AGREEMENT,Parties,"Premier Biomedical, Inc.",24,3,1,0.125,0.23529411764705882,0,0,0,0,0,0,0,0,0
PREMIERBIOMEDICALINC_05_14_2020-EX-10.2-INTELLECTUAL PROPERTY AGREEMENT,Governing Law,"This Agreement and the rights of the Parties hereunder shall be governed by and construed in accordance with the laws of the Commonwealth of Pennsylvania including all matters of construction, validity, performance, and enforcement and without giving effect to the principles of conflict of laws.",296,45,1,0.016891891891891893,0.29411764705882354,0,0,0,0,0,0,0,1,1
PREMIERBIOMEDICALINC_05_14_2020-EX-10.2-INTELLECTUAL PROPERTY AGREEMENT,Exclusivity,"If THI does not make the obligatory payments as stated in 3(a) by the dates stated, the Exclusive License will revert back to Premier, provided, however, that in such event, THI would still be entitled to a proportionate interest in any Covid-19 Licensed Products, such portion being equal to a fraction, the numerator of which shall be the actual amount paid and the denominator of which shall be $2,000,000.",409,69,1,0.03178484107579462,0.35294117647058826,1,0,0,0,0,1,0,1,1
PREMIERBIOMEDICALINC_05_14_2020-EX-10.2-INTELLECTUAL PROPERTY AGREEMENT,Exclusivity,"The licenses granted herein are exclusive worldwide licenses to: 1. make, have made, use, lease, sell and import Licensed Products for the legal purposes of researching, developing, manufacturing, assembling, distributing, and selling the Licensed Products; 2. make, have made, use and import machines, tools, materials and other instrumentalities, insofar as such machines, tools, materials and other instrumentalities are involved in or incidental to the research, development, manufacture, testing or repair of Licensed Products which are or have been made, used, leased, owned, sold or imported by the Licensee; and 3. convey to any customer of the Licensee, with respect to any Licensed Product which is sold or leased to such customer, rights to use and resell such Licensed Product as sold or leased by Licensee (whether or not as part of a larger combination); provided, however, that no rights may be conveyed to customers with respect to any Invention which is directed to (i) a combination of such Licensed Product (as sold or leased) with any other product, (ii) a method or process which is other than the inherent use of such Licensed Product itself (as sold or leased), or (iii) a method or process involving the use of a Licensed Product to manufacture (including associated testing) any other product.",1318,210,7,0.015933232169954476,0.4117647058823529,1,0,0,0,1,0,0,1,0
PREMIERBIOMEDICALINC_05_14_2020-EX-10.2-INTELLECTUAL PROPERTY AGREEMENT,Exclusivity,"If THI does not make the obligatory payments as stated in 2(b) by the dates stated, the Exclusive License will revert back to Premier.",134,24,1,0.05223880597014925,0.47058823529411764,1,0,0,0,0,0,0,1,0
PREMIERBIOMEDICALINC_05_14_2020-EX-10.2-INTELLECTUAL PROPERTY AGREEMENT,Revenue/Profit Sharing,"In addition to the 5% amount calculated pursuant to the preceding paragraph, there shall be an identical 5% amount to be paid from THI, per Premier's consideration, to certain shareholders of Premier, as identified by Premier, as of a record date to be determined in the future, on an annual basis, commencing on the one-year anniversary of this Agreement until a total amount of $40,000,000 has been paid to Premier.",417,70,1,0.02158273381294964,0.5294117647058824,1,0,0,0,0,1,1,0,1
PREMIERBIOMEDICALINC_05_14_2020-EX-10.2-INTELLECTUAL PROPERTY AGREEMENT,Revenue/Profit Sharing,"Royalty payments are payable from THI to Marv Enterprises, LLC and will be in the amount of 5% of the Fair Market Value of: a. Licensed Product that is sold, leased or put into use by the THI or any Related Companies in the preceding calendar quarter; and b. any service performed by THI or any Related Companies that directly or indirectly uses Licensed Product.",363,65,4,0.07162534435261708,0.5882352941176471,1,0,0,0,0,0,1,0,0
PREMIERBIOMEDICALINC_05_14_2020-EX-10.2-INTELLECTUAL PROPERTY AGREEMENT,License Grant,THI is granted the following rights to the Applications in Appendix A and the Licensed Products derived therefrom:,114,18,1,0.07017543859649122,0.6470588235294118,0,1,0,0,0,0,0,0,0
PREMIERBIOMEDICALINC_05_14_2020-EX-10.2-INTELLECTUAL PROPERTY AGREEMENT,License Grant,"The licenses granted herein are exclusive worldwide licenses to: 1. make, have made, use, lease, sell and import Licensed Products for the legal purposes of researching, developing, manufacturing, assembling, distributing, and selling the Licensed Products; 2. make, have made, use and import machines, tools, materials and other instrumentalities, insofar as such machines, tools, materials and other instrumentalities are involved in or incidental to the research, development, manufacture, testing or repair of Licensed Products which are or have been made, used, leased, owned, sold or imported by the Licensee; and 3. convey to any customer of the Licensee, with respect to any Licensed Product which is sold or leased to such customer, rights to use and resell such Licensed Product as sold or leased by Licensee (whether or not as part of a larger combination); provided, however, that no rights may be conveyed to customers with respect to any Invention which is directed to (i) a combination of such Licensed Product (as sold or leased) with any other product, (ii) a method or process which is other than the inherent use of such Licensed Product itself (as sold or leased), or (iii) a method or process involving the use of a Licensed Product to manufacture (including associated testing) any other product.",1318,210,7,0.015933232169954476,0.7058823529411765,1,0,0,0,1,0,0,1,0
PREMIERBIOMEDICALINC_05_14_2020-EX-10.2-INTELLECTUAL PROPERTY AGREEMENT,License Grant,"The grant of each license hereunder includes the right to grant sublicenses to Related Companies for so long as it remains a Related Companies. Any such sublicense may be made effective retroactively, but not prior to the effective date hereof, nor prior to the sublicensee's becoming a Related Company.",303,49,2,0.026402640264026403,0.7647058823529411,0,0,0,0,1,0,0,1,0
PREMIERBIOMEDICALINC_05_14_2020-EX-10.2-INTELLECTUAL PROPERTY AGREEMENT,License Grant,"Licenses granted herein are solely for products in the form sold by the Licensee and are not to be construed either (i) as consent by the Marv to any act which may be performed by the Licensee, except to the extent impacted by a patent licensed herein to the Licensee, or (ii) to include licenses to contributorily infringe or induce infringement under U.S. law or a foreign equivalent thereof.",394,69,3,0.017766497461928935,0.8235294117647058,1,0,0,0,1,0,0,1,0
PREMIERBIOMEDICALINC_05_14_2020-EX-10.2-INTELLECTUAL PROPERTY AGREEMENT,Affiliate License-Licensee,"Any such sublicense may be made effective retroactively, but not prior to the effective date hereof, nor prior to the sublicensee's becoming a Related Company.",159,25,1,0.018867924528301886,0.8823529411764706,0,0,0,0,1,0,0,1,0
PREMIERBIOMEDICALINC_05_14_2020-EX-10.2-INTELLECTUAL PROPERTY AGREEMENT,Affiliate License-Licensee,The grant of each license hereunder includes the right to grant sublicenses to Related Companies for so long as it remains a Related Companies,142,24,1,0.035211267605633804,0.9411764705882353,0,0,0,0,0,0,0,0,0
"SIBANNAC,INC_12_04_2017-EX-2.1-Strategic Alliance Agreement",Document Name,Strategic Alliance Agreement,28,3,1,0.10714285714285714,0.0,0,0,0,0,0,0,0,0,0
"SIBANNAC,INC_12_04_2017-EX-2.1-Strategic Alliance Agreement",Parties,"Bravatek Solutions, Inc.",24,3,1,0.125,0.09090909090909091,0,0,0,0,0,0,0,0,0
"SIBANNAC,INC_12_04_2017-EX-2.1-Strategic Alliance Agreement",Agreement Date,"30th day of November, 2017",26,5,1,0.038461538461538464,0.18181818181818182,1,0,0,0,1,0,0,0,0
"SIBANNAC,INC_12_04_2017-EX-2.1-Strategic Alliance Agreement",Expiration Date,"The term of this Agreement is twelve (12) months from the date hereof, and will be automatically renewed for one (1) additional twelve month period unless either party shall notify the other in writing of its intention not to renew.",232,40,1,0.008620689655172414,0.2727272727272727,1,0,0,0,0,0,0,1,1
"SIBANNAC,INC_12_04_2017-EX-2.1-Strategic Alliance Agreement",Renewal Term,"The term of this Agreement is twelve (12) months from the date hereof, and will be automatically renewed for one (1) additional twelve month period unless either party shall notify the other in writing of its intention not to renew.",232,40,1,0.008620689655172414,0.36363636363636365,1,0,0,0,0,0,0,1,1
"SIBANNAC,INC_12_04_2017-EX-2.1-Strategic Alliance Agreement",Notice Period To Terminate Renewal,"The term of this Agreement is twelve (12) months from the date hereof, and will be automatically renewed for one (1) additional twelve month period unless either party shall notify the other in writing of its intention not to renew. Such notice must be given ninety (90) days prior to expiration of the original term.",317,55,2,0.00946372239747634,0.45454545454545453,1,0,0,0,0,0,0,1,1
"SIBANNAC,INC_12_04_2017-EX-2.1-Strategic Alliance Agreement",Governing Law,This Agreement is entered into in the State of Texas and shall be interpreted according to the laws of the State of Texas.,122,23,1,0.04918032786885246,0.5454545454545454,0,0,0,0,0,0,0,0,1
"SIBANNAC,INC_12_04_2017-EX-2.1-Strategic Alliance Agreement",Termination For Convenience,This Agreement may also be terminated by either party upon ninety (90) days written notice.,91,15,1,0.02197802197802198,0.6363636363636364,1,0,0,0,1,0,0,0,0
"SIBANNAC,INC_12_04_2017-EX-2.1-Strategic Alliance Agreement",Anti-Assignment,This Agreement shall not be assignable by either party without the prior written consent of the other party.,108,18,1,0.018518518518518517,0.7272727272727273,0,0,0,0,0,0,0,1,1
"SIBANNAC,INC_12_04_2017-EX-2.1-Strategic Alliance Agreement",Revenue/Profit Sharing,"For any Product or Solution sold to any perspective clients introduced by Bravatek registered with COMPANY via email to COMPANY's CEO and delivered through Bravatek or a COMPANY-designated distribution affiliate(s) or sales channel(s), Bravatek will receive a lead-finder fee, to be mutually discussed and finally decided by COMPANY at the range of minimum of 10% to maximum of 20% of project revenue, with an exact fee to be depending upon the overall project sales margin and cost of development and delivery of each project, payable NET 30 days after each client payment on delivered products received at COMPANY's bank account.",631,100,1,0.07448494453248812,0.8181818181818182,1,0,0,0,0,0,1,0,0
"SIBANNAC,INC_12_04_2017-EX-2.1-Strategic Alliance Agreement",Minimum Commitment,"For any Product or Solution sold to any perspective clients introduced by Bravatek registered with COMPANY via email to COMPANY's CEO and delivered through Bravatek or a COMPANY-designated distribution affiliate(s) or sales channel(s), Bravatek will receive a lead-finder fee, to be mutually discussed and finally decided by COMPANY at the range of minimum of 10% to maximum of 20% of project revenue, with an exact fee to be depending upon the overall project sales margin and cost of development and delivery of each project, payable NET 30 days after each client payment on delivered products received at COMPANY's bank account.",631,100,1,0.07448494453248812,0.9090909090909091,1,0,0,0,0,0,1,0,0
INTRICONCORP_03_10_2009-EX-10.22-Strategic Alliance Agreement,Document Name,Strategic Alliance Agreement,28,3,1,0.10714285714285714,0.0,0,0,0,0,0,0,0,0,0
INTRICONCORP_03_10_2009-EX-10.22-Strategic Alliance Agreement,Parties,Dynamic Hearing Pty Ltd,23,4,1,0.17391304347826086,0.030303030303030304,0,0,0,0,0,0,0,0,0
INTRICONCORP_03_10_2009-EX-10.22-Strategic Alliance Agreement,Parties,IntriCon Corporation,20,2,1,0.15,0.06060606060606061,0,0,0,0,0,0,0,0,0
INTRICONCORP_03_10_2009-EX-10.22-Strategic Alliance Agreement,Agreement Date,"1st day of October, 2008",24,5,1,0.041666666666666664,0.09090909090909091,1,0,0,0,1,0,0,0,0
INTRICONCORP_03_10_2009-EX-10.22-Strategic Alliance Agreement,Effective Date,"1st day of October, 2008",24,5,1,0.041666666666666664,0.12121212121212122,1,0,0,0,1,0,0,0,0
INTRICONCORP_03_10_2009-EX-10.22-Strategic Alliance Agreement,Expiration Date,"The initial term of this Agreement shall be five (5) years from the date of execution and may be extended subject to satisfactory agreement on ongoing commercial terms, to be agreed two (2) months prior to the expiration of this Agreement.",239,41,1,0.012552301255230125,0.15151515151515152,1,0,0,0,1,0,0,0,1
INTRICONCORP_03_10_2009-EX-10.22-Strategic Alliance Agreement,Governing Law,"This Agreement is governed by the laws of Victoria, Australia and the parties submit to the jurisdiction of the courts of Victoria, Australia",141,23,1,0.0425531914893617,0.18181818181818182,0,0,0,0,0,0,0,0,0
INTRICONCORP_03_10_2009-EX-10.22-Strategic Alliance Agreement,Exclusivity,"Commencing on the Exclusivity Date, and continuing for so long as IntriCon continues to make such payments, the license granted to IntriCon under this Agreement will, subject to the terms and conditions of this Agreement, be exclusive for Hearing Aids.",252,40,1,0.04365079365079365,0.21212121212121213,0,0,0,0,0,0,0,0,0
INTRICONCORP_03_10_2009-EX-10.22-Strategic Alliance Agreement,Exclusivity,"Commencing on October 1, 2008, and continuing for so long as IntriCon continues to make minimum payments as defined in 4.3, Dynamic Hearing agrees that it will not license any Dynamic Hearing Technology for Hearing Aids, subject to Clause 3.5.",243,40,3,0.04938271604938271,0.24242424242424243,1,1,0,0,1,0,0,1,0
INTRICONCORP_03_10_2009-EX-10.22-Strategic Alliance Agreement,Exclusivity,"Exclusivity Date means October 1, 2008, the date Intricon makes its first quarterly payment of the Minimum Payment;",115,18,1,0.05217391304347826,0.2727272727272727,1,0,0,0,1,0,0,0,0
INTRICONCORP_03_10_2009-EX-10.22-Strategic Alliance Agreement,Competitive Restriction Exception,"The rights granted under such agreements shall be included as exceptions to the exclusivity of IntriCon's License Grant, if such agreements are executed by Dynamic Hearing and the third party before January 1, 2009.",215,34,1,0.037209302325581395,0.30303030303030304,1,0,1,0,1,0,0,0,1
INTRICONCORP_03_10_2009-EX-10.22-Strategic Alliance Agreement,Competitive Restriction Exception,To maintain exclusive rights to Dynamic Hearing Technology for Hearing Aids IntriCon will make minimum annual payments to Dynamic Hearing as set out in the Minimum Payment Schedule.,181,28,1,0.0718232044198895,0.3333333333333333,0,1,0,0,0,0,0,0,0
INTRICONCORP_03_10_2009-EX-10.22-Strategic Alliance Agreement,Termination For Convenience,"Subject to the provisions of 11.1, Dynamic Hearing may terminate this Agreement upon three (3) months written notice to IntriCon of such termination.",149,23,2,0.040268456375838924,0.36363636363636365,1,0,0,0,1,0,0,0,0
INTRICONCORP_03_10_2009-EX-10.22-Strategic Alliance Agreement,Anti-Assignment,IntriCon may not assign or transfer any of its rights or obligations under this Agreement without the prior written consent of Dynamic Hearing.,143,23,1,0.03496503496503497,0.3939393939393939,0,0,0,0,1,0,0,1,0
INTRICONCORP_03_10_2009-EX-10.22-Strategic Alliance Agreement,Anti-Assignment,"Likewise, Dynamic Hearing may not assign or transfer any of its rights or obligations under this Agreement without the prior written consent of IntriCon.",153,24,1,0.0392156862745098,0.42424242424242425,0,0,0,0,1,0,0,1,0
INTRICONCORP_03_10_2009-EX-10.22-Strategic Alliance Agreement,Revenue/Profit Sharing,A 2% royalty rate per Base Product Unit shall be added to the initial base rate for each DSP feature/module that is based on Dynamic Hearing Technology and that is added to a Base Product Unit.,193,36,1,0.06735751295336788,0.45454545454545453,1,0,0,0,0,0,1,0,1
INTRICONCORP_03_10_2009-EX-10.22-Strategic Alliance Agreement,Revenue/Profit Sharing,"However, such additional Royalty Payments when added to the initial base rate shall not exceed in total the stated maximum rates specified in the table herein.",159,26,1,0.018867924528301886,0.48484848484848486,0,0,0,0,0,0,0,1,1
INTRICONCORP_03_10_2009-EX-10.22-Strategic Alliance Agreement,Revenue/Profit Sharing,"Cumulative annual HH & ALD Volume that use the Framework Ezairo Maximum Royalty Rate SCHA Maximum Royalty Rate Less Than 20,000 Units 10% 8% 20,000-50,000 units 9% 7% 50,000-100,000 units 8% 6% 100,000-200,000 units 7% 5% 200,000-500,000 units 6% 4% 500,000 to 1,000,000 units 5% 3% Over 1,000,000 5% 1.5%",305,50,1,0.07540983606557378,0.5151515151515151,1,0,0,0,0,0,1,0,0
INTRICONCORP_03_10_2009-EX-10.22-Strategic Alliance Agreement,Revenue/Profit Sharing,The maximum royalty rate identified in the table herein includes an initial base rate of 3% for each Ezairo DSP platform and 1% for each Single Chip Hearing Aid (SCHA) sold,172,31,1,0.0755813953488372,0.5454545454545454,1,0,0,0,0,0,1,0,0
INTRICONCORP_03_10_2009-EX-10.22-Strategic Alliance Agreement,Minimum Commitment,"The Minimum Payment consists of the Access Fee of US$300,000 per annum and the Second Component that increases from year to year.",129,22,1,0.06976744186046512,0.5757575757575758,0,0,0,0,0,1,0,0,0
INTRICONCORP_03_10_2009-EX-10.22-Strategic Alliance Agreement,Minimum Commitment,Minimum Payment Schedule (All amounts are in US Dollars):,57,9,1,0.12280701754385964,0.6060606060606061,0,1,0,0,0,1,0,0,0
INTRICONCORP_03_10_2009-EX-10.22-Strategic Alliance Agreement,Minimum Commitment,"PAYMENT YEAR MINIMUM PAYMENT ACCESS FEE SECOND COMPONENT Year 1 $400,000 $300,000 $100,000 Year 2 $700,000 $300,000 $400,000 Year 3 $1,100,000 $300,000 $800,000 Year 4 $1,600,000 $300,000 $1,300,000 Year 5 $2,100,000 $300,000 $1,800,000",236,33,1,0.2288135593220339,0.6363636363636364,1,0,0,0,0,1,0,0,0
INTRICONCORP_03_10_2009-EX-10.22-Strategic Alliance Agreement,License Grant,"Dynamic Hearing grants to IntriCon in accordance with this Agreement, for the Term, a license, to Use Dynamic Hearing's Technology, Software and Documentation developed as of the Commencement Date to manufacture, import, sell and offer for sale throughout the Territory, Products containing Dynamic Hearing's Technology and Software.",333,47,1,0.06006006006006006,0.6666666666666666,0,0,0,0,0,0,0,0,0
INTRICONCORP_03_10_2009-EX-10.22-Strategic Alliance Agreement,Post-Termination Services,"(a) such inspection, copying or audit must only be made after at least one Business Day's written notice; (b) such audit must not unreasonably interfere with the day to day operations of IntriCon; and (c) such audit must be at Dynamic Hearing's expense unless the auditor finds an underpayment royalty due under this Agreement in excess of 5% in which case IntriCon must reimburse Dynamic Hearing's reasonable cost of such audit; and (d) Audits will be limited to one audit in any calendar year.",495,84,4,0.024242424242424242,0.696969696969697,1,0,0,0,0,0,1,1,1
INTRICONCORP_03_10_2009-EX-10.22-Strategic Alliance Agreement,Post-Termination Services,"Notwithstanding anything herein to the contrary, IntriCon shall have a right after termination to continue selling existing products that include the Dynamic Hearing Technology as long as IntriCon pays the appropriate royalties in accordance with the payment clauses in section 4.9 and, for the avoidance of doubt, such other clauses of this Agreement (including 4.3, 4.10, 5, 6 and 10.1 will continue to apply in respect of such sales.",436,69,5,0.020642201834862386,0.7272727272727273,1,1,0,0,0,0,0,0,1
INTRICONCORP_03_10_2009-EX-10.22-Strategic Alliance Agreement,Post-Termination Services,"IntriCon must make all such records available for inspection, copying and audit by an independent auditor appointed by Dynamic Hearing (and to which IntriCon has no reasonable objection) during ordinary business hours at any time during the Term and for a period of one year following the expiration or earlier termination of this Agreement, provided that:",356,56,1,0.02247191011235955,0.7575757575757576,0,0,0,0,0,0,0,1,1
INTRICONCORP_03_10_2009-EX-10.22-Strategic Alliance Agreement,Audit Rights,such audit must be at Dynamic Hearing's expense unless the auditor finds an underpayment royalty due under this Agreement in excess of 5% in which case IntriCon must reimburse Dynamic Hearing's reasonable cost of such audit;,224,36,1,0.03125,0.7878787878787878,1,0,0,0,0,0,1,1,1
INTRICONCORP_03_10_2009-EX-10.22-Strategic Alliance Agreement,Audit Rights,"IntriCon must make all such records available for inspection, copying and audit by an independent auditor appointed by Dynamic Hearing (and to which IntriCon has no reasonable objection) during ordinary business hours at any time during the Term and for a period of one year following the expiration or earlier termination of this Agreement, provided that:",356,56,1,0.02247191011235955,0.8181818181818182,0,0,0,0,0,0,0,1,1
INTRICONCORP_03_10_2009-EX-10.22-Strategic Alliance Agreement,Cap On Liability,"IntriCon is not liable in any way to Dynamic Hearing for any indirect, consequential, third party, special or incidental harm, liability, expense, cost, loss or damage, loss of profits, loss of data, exemplary damages or any other indirect commercial or economic loss of any kind whatsoever incurred by Dynamic Hearing whether in negligence, tort, equity, contract or otherwise, arising in connection with this Agreement;",421,64,1,0.0166270783847981,0.8484848484848485,0,0,0,0,0,0,0,1,0
INTRICONCORP_03_10_2009-EX-10.22-Strategic Alliance Agreement,Cap On Liability,(i) if the breach relates to goods: (A) the replacement of goods or the supply of equivalent goods; or (B) the repair of such goods; and (ii) if the breach relates to services: the supplying of the services again.,213,39,3,0.009389671361502348,0.8787878787878788,1,0,0,0,0,0,0,0,0
INTRICONCORP_03_10_2009-EX-10.22-Strategic Alliance Agreement,Cap On Liability,"Dynamic Hearing is not liable in any way to IntriCon for any indirect, consequential, third party, special or incidental harm, liability, expense, cost, loss or damage, loss of profits, loss of data, exemplary damages or any other indirect commercial or economic loss of any kind whatsoever incurred by IntriCon whether in negligence, tort, equity, contract or otherwise, arising in connection with this Agreement;",414,63,1,0.016908212560386472,0.9090909090909091,0,0,0,0,0,0,0,1,0
INTRICONCORP_03_10_2009-EX-10.22-Strategic Alliance Agreement,Cap On Liability,"Dynamic Hearing's aggregate liability to IntriCon for direct loss and damages and all other liability not described herein arising in connection with this Agreement whether in negligence, tort, equity, contract or otherwise, is limited to payment of damages recoverable at law or equity up to a maximum of (and, for the sake of clarity must not exceed) $5m;",357,58,1,0.014005602240896359,0.9393939393939394,0,0,0,0,0,1,0,1,1
INTRICONCORP_03_10_2009-EX-10.22-Strategic Alliance Agreement,Cap On Liability,"if any legislation implies in this Agreement any term or warranty which cannot be excluded or modified, the liability of Dynamic Hearing for a breach of any such term or warranty is limited, at the option of Dynamic Hearing, to any one or more of the following:",261,47,1,0.019157088122605363,0.9696969696969697,0,0,0,0,0,0,0,0,0
BONTONSTORESINC_04_20_2018-EX-99.3-AGENCY AGREEMENT,Parties,"Tiger Capital Group, LLC",24,4,1,0.25,0.0,0,0,0,0,0,0,0,0,0
BONTONSTORESINC_04_20_2018-EX-99.3-AGENCY AGREEMENT,Parties,"collectively with Agent, ""Purchaser""",36,4,1,0.05555555555555555,0.02702702702702703,0,0,0,0,0,0,0,0,0
BONTONSTORESINC_04_20_2018-EX-99.3-AGENCY AGREEMENT,Parties,"collectively with GA, the ""Agent""",33,5,1,0.09090909090909091,0.05405405405405406,0,0,0,0,0,0,0,0,0
BONTONSTORESINC_04_20_2018-EX-99.3-AGENCY AGREEMENT,Parties,"Wilmington Savings Fund Society, FSB",36,5,1,0.19444444444444445,0.08108108108108109,0,0,0,0,0,0,0,0,0
BONTONSTORESINC_04_20_2018-EX-99.3-AGENCY AGREEMENT,Parties,its associated chapter 11 debtors in possession,47,7,1,0.0,0.10810810810810811,1,0,0,0,0,0,0,0,0
BONTONSTORESINC_04_20_2018-EX-99.3-AGENCY AGREEMENT,Parties,"Purchaser and Merchant are collectively the ""Parties.""",54,7,1,0.05555555555555555,0.13513513513513514,0,0,0,0,0,0,0,0,0
BONTONSTORESINC_04_20_2018-EX-99.3-AGENCY AGREEMENT,Parties,"collectively, ""Merchant""",24,2,1,0.041666666666666664,0.16216216216216217,0,0,0,0,0,0,0,0,0
BONTONSTORESINC_04_20_2018-EX-99.3-AGENCY AGREEMENT,Parties,"The Bon-Ton Stores, Inc.",24,4,1,0.20833333333333334,0.1891891891891892,0,0,0,0,0,0,0,0,0
BONTONSTORESINC_04_20_2018-EX-99.3-AGENCY AGREEMENT,Governing Law,"This Agreement shall be governed by and interpreted in accordance with the laws of the State of Delaware without reference to any conflict of laws provisions thereof, except where governed by the Bankruptcy Code.",212,34,1,0.02830188679245283,0.21621621621621623,0,0,0,0,0,0,0,1,1
BONTONSTORESINC_04_20_2018-EX-99.3-AGENCY AGREEMENT,Exclusivity,"assignees of (which may in certain circumstances be Purchaser, any of the entities comprising Purchaser, any of their respective affiliates, and/or a new entity created by any of the foregoing), any or all of the Assets free and clear of all liens, claims, and encumbrances thereon, without further order of the Bankruptcy Court (the ""Asset Designation Rights"").",362,57,1,0.022099447513812154,0.24324324324324326,0,0,0,0,1,0,0,1,0
BONTONSTORESINC_04_20_2018-EX-99.3-AGENCY AGREEMENT,Exclusivity,"Agent shall have the exclusive right to use the Stores and all other Assets for the purpose of conducting the GOB Sale, free of any interference from any entity or person, subject to compliance with the Sale Guidelines (as defined below) and Approval Order;",257,44,1,0.042801556420233464,0.2702702702702703,0,0,0,0,0,0,0,0,1
BONTONSTORESINC_04_20_2018-EX-99.3-AGENCY AGREEMENT,Exclusivity,"following the occurrence of the closing under this Agreement, which shall occur no later than April 19, 2018 (the ""Closing""), subject to payment of the Cash Purchase Price (as defined below) and Purchaser's compliance with its other obligations hereunder, Agent shall have the exclusive right to market and sell, and/or otherwise designate the purchasers, licensees, and/or assignees of, any or all of the Assets free and clear of all liens, claims, and encumbrances thereon without further order of the Bankruptcy Court;",521,81,1,0.02111324376199616,0.2972972972972973,1,0,0,0,1,0,0,1,1
BONTONSTORESINC_04_20_2018-EX-99.3-AGENCY AGREEMENT,Exclusivity,"Upon the occurrence of the Closing, Agent shall have the exclusive right to market and sell, and/or otherwise designate the purchasers, licensees, transferees, and/or",166,24,1,0.018072289156626505,0.32432432432432434,0,0,0,0,0,0,0,0,1
BONTONSTORESINC_04_20_2018-EX-99.3-AGENCY AGREEMENT,Exclusivity,"orders of, and applicable restrictions imposed by, governmental authorities (collectively, the ""Applicable General Laws""), other than all applicable laws, rules and regulations in respect of ""going out of business"", ""store closing"" or similar-themed sales and permitting (collectively, the ""Liquidation Sale Laws"")",314,41,1,0.01910828025477707,0.35135135135135137,0,0,0,0,0,0,0,0,0
BONTONSTORESINC_04_20_2018-EX-99.3-AGENCY AGREEMENT,Exclusivity,"Agent, as the exclusive agent for Merchant, is authorized to conduct, advertise, post signs, utilize sign-walkers, and otherwise promote the GOB Sale as a ""going out of business"", ""store closing"", ""sale on everything"", ""everything must go"", or similar themed sale, in accordance with the Sale Guidelines (as the same may be modified and approved by the Bankruptcy Court), subject to compliance with the Sale Guidelines, the Approval Order, and all applicable federal, state, and local laws, regulations and ordinances, including, without limitation, all laws and regulations relating to advertising, privacy, consumer protection, occupational health and safety and the environment, together with all applicable statutes, rules, regulations and",743,107,1,0.018842530282637954,0.3783783783783784,0,0,0,0,1,0,0,1,1
BONTONSTORESINC_04_20_2018-EX-99.3-AGENCY AGREEMENT,Termination For Convenience,"Subject to the Wind-Down Budget and payment of Expenses, Agent shall use the E-Commerce Platform in connection with the GOB Sale to fulfill customer orders made during the GOB Sale Term and otherwise promote the GOB Sale (in Agent's capacity as Agent hereunder), provided that Agent shall have the option, in its sole discretion, to terminate the use of the E-Commerce Platform at any time after four weeks of use.",414,70,1,0.06763285024154589,0.40540540540540543,0,0,0,0,0,0,0,0,1
BONTONSTORESINC_04_20_2018-EX-99.3-AGENCY AGREEMENT,Anti-Assignment,"This Agreement shall inure to the benefit of and be binding upon the Parties and their respective successors and assigns, including, but not limited to, any chapter 11 or chapter 7 trustee; provided, however, that this Agreement may not be assigned by any of the Parties without the prior written consent of the other, provided further that notwithstanding the foregoing, GA and Tiger may each collaterally assign this Agreement and their rights thereunder to their respective lenders.",485,77,2,0.018556701030927835,0.43243243243243246,1,0,0,0,1,0,0,1,1
BONTONSTORESINC_04_20_2018-EX-99.3-AGENCY AGREEMENT,License Grant,Agent is granted a limited license and right to use all Intellectual Property for purposes of conducting the GOB Sale and otherwise marketing any or all of the Assets;,167,29,1,0.04790419161676647,0.4594594594594595,0,0,0,0,0,0,0,0,0
BONTONSTORESINC_04_20_2018-EX-99.3-AGENCY AGREEMENT,Post-Termination Services,"To the extent that there is Merchandise remaining at the Sale Termination Date (the ""Remaining Merchandise""), such Remaining Merchandise shall be deemed automatically transferred to Agent free and clear of all liens, claims, and encumbrances. Agent and its affiliates shall be authorized to sell or otherwise dispose of the Remaining Merchandise with all logos, brand names, and other Intellectual Property intact, and shall be authorized to advertise the sale of the Remaining Merchandise using the Intellectual Property.",522,77,2,0.03639846743295019,0.4864864864864865,0,0,0,0,0,0,0,0,1
BONTONSTORESINC_04_20_2018-EX-99.3-AGENCY AGREEMENT,Audit Rights,Merchant shall make its books and records available to Purchaser at all times,77,13,1,0.025974025974025976,0.5135135135135135,0,0,0,0,0,0,0,0,1
BONTONSTORESINC_04_20_2018-EX-99.3-AGENCY AGREEMENT,Audit Rights,"During the Sale Term, and thereafter until all of Merchant's and Purchaser's and Agent's obligations under this Agreement have been satisfied, Merchant and Purchaser shall have reasonable access to Merchant's and Purchaser's records with respect to the GOB Sale (including, but not limited to Merchandise, GOB Sale Proceeds, and Expenses) to review and audit such records.",372,56,1,0.05913978494623656,0.5405405405405406,0,0,0,0,0,0,0,1,1
BONTONSTORESINC_04_20_2018-EX-99.3-AGENCY AGREEMENT,Liquidated Damages,"In the event the Closing fails to occur, then, only upon entry of a final and non-appealable order of the Bankruptcy Court determining that such failure was the result of Purchaser's sole, material, non-excusable breach of this Agreement, then Merchant shall be entitled to retain the Deposit as liquidated damages as Merchant's sole remedy for such breach.",357,57,1,0.025210084033613446,0.5675675675675675,0,0,0,0,0,0,0,0,1
BONTONSTORESINC_04_20_2018-EX-99.3-AGENCY AGREEMENT,Insurance,"Until the Designation Rights Termination Date or as otherwise directed by Purchaser or set forth in this Agreement, Merchant shall continue to maintain, subject to the Wind-Down Budget and the Wind-Down Cap, in such amounts as it currently has in effect, all of its liability insurance policies, including but not limited to commercial general liability, products liability, comprehensive public liability, auto liability and umbrella liability insurance, covering injuries to persons and property in, or in connection with, the Assets and/or Merchant's operation of its business and the Store and Distribution Centers; and Merchant shall cause Purchaser to be named as an additional named insured (as its interest may appear) with respect to all such policies.",761,115,2,0.02759526938239159,0.5945945945945946,0,0,0,0,1,0,0,1,1
BONTONSTORESINC_04_20_2018-EX-99.3-AGENCY AGREEMENT,Insurance,"Agent shall deliver to Merchant certificates evidencing such insurance policies setting forth the duration thereof and naming Merchant as an additional insured, in form and substance reasonably satisfactory to Merchant.",219,30,1,0.0182648401826484,0.6216216216216216,0,0,0,0,0,0,0,0,1
BONTONSTORESINC_04_20_2018-EX-99.3-AGENCY AGREEMENT,Insurance,"In the event of a claim under any such policies, Agent shall be responsible for the payment of all deductibles, retentions or self-insured amounts thereunder, unless it is determined that liability arose by reason of the willful misconduct or grossly negligent acts or omissions of Merchant or Merchant's employees, independent contractors or agents (other than Agent or Agent's employees, agents or independent contractors).",425,63,1,0.01411764705882353,0.6486486486486487,0,0,0,0,0,0,0,1,1
BONTONSTORESINC_04_20_2018-EX-99.3-AGENCY AGREEMENT,Insurance,Merchant shall not make any change in the amount of any deductibles or self-insurance amounts on or after the date of this Agreement without Purchaser's prior written consent.,175,28,1,0.017142857142857144,0.6756756756756757,0,0,0,0,0,0,0,1,1
BONTONSTORESINC_04_20_2018-EX-99.3-AGENCY AGREEMENT,Insurance,"In the event of a claim under any such policies, Merchant shall be responsible for the payment of all deductibles, retentions or self- insured amounts thereunder (which may be reimbursed as an Expense and/or pursuant to the Wind-Down Payment, subject to the Wind-Down Budget and the Wind-Down Cap), unless it is determined that liability arose by reason of the willful misconduct or grossly negligent acts or omissions of Purchaser, or Purchaser's employees, independent contractors or agents.",493,76,1,0.028397565922920892,0.7027027027027027,0,0,0,0,1,0,0,1,1
BONTONSTORESINC_04_20_2018-EX-99.3-AGENCY AGREEMENT,Insurance,"Merchant shall, at all times while any employees are in its employ, maintain in full force and effect workers' compensation insurance (including employer liability insurance) in compliance with all statutory requirements.",221,31,1,0.004524886877828055,0.7297297297297297,0,0,0,0,0,0,0,0,1
BONTONSTORESINC_04_20_2018-EX-99.3-AGENCY AGREEMENT,Insurance,"All such policies shall require at least thirty (30) days' prior notice to Purchaser of cancellation, non- renewal or material change.",134,21,1,0.014925373134328358,0.7567567567567568,1,0,0,0,0,0,0,0,1
BONTONSTORESINC_04_20_2018-EX-99.3-AGENCY AGREEMENT,Insurance,Agent shall not make any change in the amount of any deductibles or self-insurance amounts prior to the Sale Termination Date without Merchant's prior written consent.,167,26,1,0.029940119760479042,0.7837837837837838,0,0,0,0,0,0,0,1,1
BONTONSTORESINC_04_20_2018-EX-99.3-AGENCY AGREEMENT,Insurance,"Agent shall maintain, at Agent's cost (as an Expense) and in such amounts as Agent currently has in effect, commercial general liability policies covering injuries to persons and property in or in connection with Agent's agency at the Stores and shall cause Merchant to be named as an additional insured with respect to such policies.",334,55,1,0.020958083832335328,0.8108108108108109,0,0,0,0,0,0,0,0,1
BONTONSTORESINC_04_20_2018-EX-99.3-AGENCY AGREEMENT,Insurance,"Merchant shall deliver to Purchaser certificates evidencing such insurance, setting forth the duration thereof and naming Purchaser as an additional insured or loss payee, as applicable, in form and substance reasonably satisfactory to Purchaser.",246,34,1,0.016260162601626018,0.8378378378378378,0,0,0,0,0,0,0,0,1
BONTONSTORESINC_04_20_2018-EX-99.3-AGENCY AGREEMENT,Insurance,"From and after the date of this Agreement, all such policies will also name Purchaser as an additional named insured or loss payee, as applicable (as its interest may appear).",175,30,1,0.017142857142857144,0.8648648648648649,0,0,0,0,1,0,0,0,0
BONTONSTORESINC_04_20_2018-EX-99.3-AGENCY AGREEMENT,Insurance,"Until the Designation Rights Termination Date or as otherwise directed by Purchaser or set forth in this Agreement, Merchant shall continue to maintain, subject to the Wind-Down Budget and the Wind-Down Cap, all of its presently existing property casualty coverage related to the Assets (including but not limited to fire, flood, wind, hail, natural disaster, theft, and extended coverage casualty insurance) until the sale or other disposition of all Assets covered by such policies.",484,74,1,0.03305785123966942,0.8918918918918919,0,0,0,0,0,0,0,1,1
BONTONSTORESINC_04_20_2018-EX-99.3-AGENCY AGREEMENT,Insurance,"All such policies shall require at least thirty (30) days' prior notice to Purchaser of cancellation, non-renewal or material change.",133,20,1,0.015037593984962405,0.918918918918919,1,0,0,0,0,0,0,0,1
BONTONSTORESINC_04_20_2018-EX-99.3-AGENCY AGREEMENT,Insurance,"If requested by Agent, Merchant shall, at Agent's expense, insure the Additional Agent Merchandise and, if required, promptly file any proofs of loss with regard to same with Merchant's insurers.",195,30,1,0.041025641025641026,0.9459459459459459,0,0,0,0,0,0,0,0,1
BONTONSTORESINC_04_20_2018-EX-99.3-AGENCY AGREEMENT,Insurance,"Merchant shall deliver to Purchaser certificates evidencing such insurance setting forth the duration thereof and naming Purchaser as an additional named insured, in form reasonably satisfactory to Purchaser.",208,28,1,0.019230769230769232,0.972972972972973,0,0,0,0,0,0,0,0,1
"ON2TECHNOLOGIES,INC_11_17_2006-EX-10.3-SUPPORT AND MAINTENANCE AGREEMENT",Document Name,SUPPORT AND MAINTENANCE AGREEMENT,33,4,1,0.9090909090909091,0.0,0,0,0,0,0,0,0,0,0
"ON2TECHNOLOGIES,INC_11_17_2006-EX-10.3-SUPPORT AND MAINTENANCE AGREEMENT",Parties,"On2 Technologies, Inc.",22,3,1,0.13636363636363635,0.08333333333333333,0,0,0,0,0,0,0,0,0
"ON2TECHNOLOGIES,INC_11_17_2006-EX-10.3-SUPPORT AND MAINTENANCE AGREEMENT",Expiration Date,"Except as otherwise set forth in Sections 9.2 and 9.3 or Exhibit A hereof, the term of this Agreement shall be eighteen (18) months (""Term"").",141,25,3,0.0425531914893617,0.16666666666666666,1,1,0,0,0,0,0,1,1
"ON2TECHNOLOGIES,INC_11_17_2006-EX-10.3-SUPPORT AND MAINTENANCE AGREEMENT",Governing Law,"This Agreement shall be governed by and construed in accordance with the laws of the State of New York, without giving effect to any choice of law or conflict of law provision or rule whether such provision or rule is that of the State of New York or any other jurisdiction.",274,51,1,0.029197080291970802,0.25,0,0,0,0,0,0,0,1,1
"ON2TECHNOLOGIES,INC_11_17_2006-EX-10.3-SUPPORT AND MAINTENANCE AGREEMENT",Anti-Assignment,"Neither party will have the right to assign, pledge or transfer all or any part of this Agreement without the prior written consent of the other, and any such purported assignment, pledge or transfer by a party without such prior written consent shall be void ab initio; provided, however, that either party may assign all or part of its rights and obligations under this Agreement in connection with a Change of Control (as defined in the Asset Purchase Agreement).",466,79,2,0.017167381974248927,0.3333333333333333,0,0,0,0,1,0,0,1,1
"ON2TECHNOLOGIES,INC_11_17_2006-EX-10.3-SUPPORT AND MAINTENANCE AGREEMENT",Volume Restriction,"The foregoing obligations of Wildform, following the initial 30 day period, shall be limited to a maximum of twenty (20) hours, or up to a maximum of one hundred twenty five (125) emails, whichever accumulates first.",216,36,1,0.009259259259259259,0.4166666666666667,1,0,0,0,0,0,0,0,1
"ON2TECHNOLOGIES,INC_11_17_2006-EX-10.3-SUPPORT AND MAINTENANCE AGREEMENT",Volume Restriction,"The foregoing obligations of Wildform, shall be limited to a maximum of forty (40) hours, or up to a maximum of two hundred twenty (220) emails, whichever accumulates first.",173,29,1,0.011560693641618497,0.5,1,0,0,0,0,0,0,0,1
"ON2TECHNOLOGIES,INC_11_17_2006-EX-10.3-SUPPORT AND MAINTENANCE AGREEMENT",Volume Restriction,"The foregoing obligations of Wildform shall be limited to a maximum of forty five (45) hours, or up to a maximum of three hundred (300) emails, whichever accumulates first.",172,29,1,0.011627906976744186,0.5833333333333334,1,0,0,0,0,0,0,0,1
"ON2TECHNOLOGIES,INC_11_17_2006-EX-10.3-SUPPORT AND MAINTENANCE AGREEMENT",Volume Restriction,"The foregoing obligations of Wildform shall be limited to a maximum of forty (40) hours, or up to a maximum of two hundred twenty (220) emails, whichever accumulates first.",172,29,1,0.011627906976744186,0.6666666666666666,1,0,0,0,0,0,0,0,1
"ON2TECHNOLOGIES,INC_11_17_2006-EX-10.3-SUPPORT AND MAINTENANCE AGREEMENT",Volume Restriction,"The foregoing obligations of Wildform, following the initial thirty (30) day period, shall be limited to a maximum of thirty (30) hours, or up to a maximum of two hundred (200) emails, whichever accumulates first.",213,35,1,0.009389671361502348,0.75,1,0,0,0,0,0,0,0,1
"ON2TECHNOLOGIES,INC_11_17_2006-EX-10.3-SUPPORT AND MAINTENANCE AGREEMENT",Ip Ownership Assignment,"The Incorporated Technology Works shall be the sole property of On2, and all right, title and interest therein shall vest solely in On2 and shall be deemed to be a work made for hire.",183,34,1,0.03278688524590164,0.8333333333333334,0,0,0,0,0,0,0,0,1
"ON2TECHNOLOGIES,INC_11_17_2006-EX-10.3-SUPPORT AND MAINTENANCE AGREEMENT",Ip Ownership Assignment,"To the extent that title to any of the Incorporated Technology Works may not, by operation of law, vest in On2 or such works may not be considered works made for hire, Wildform hereby irrevocably assigns to On2 all rights, title and interest in and to such works",262,48,1,0.026717557251908396,0.9166666666666666,0,0,0,0,1,0,0,1,0
Freecook_20180605_S-1_EX-10.3_11233807_EX-10.3_Hosting Agreement,Document Name,"Website Design, Development and Hosting Agreement",49,6,1,0.10204081632653061,0.0,0,0,0,0,0,0,0,0,0
Freecook_20180605_S-1_EX-10.3_11233807_EX-10.3_Hosting Agreement,Parties,"Mitchell's Web Advance, PLC",27,4,1,0.2222222222222222,0.16666666666666666,0,0,0,0,0,0,0,0,0
Freecook_20180605_S-1_EX-10.3_11233807_EX-10.3_Hosting Agreement,Expiration Date,"Terms of the project: 12 weeks from February 8, 2018 to May 3, 2018",67,14,1,0.04477611940298507,0.3333333333333333,1,0,0,0,1,0,0,0,0
Freecook_20180605_S-1_EX-10.3_11233807_EX-10.3_Hosting Agreement,Termination For Convenience,Company at its sole discretion may at any time alter or cease providing the Customer Service which it has agreed to provide to Client relating to Client Website pursuant to this Agreement without any liability to Company.,221,37,1,0.03619909502262444,0.5,0,0,0,0,1,0,0,1,0
