contract_id,sim_to_Affiliate License-Licensee,sim_to_Affiliate License-Licensor,sim_to_Agreement Date,sim_to_Anti-Assignment,sim_to_Audit Rights,sim_to_Cap On Liability,sim_to_Change Of Control,sim_to_Competitive Restriction Exception,sim_to_Covenant Not To Sue,sim_to_Document Name,sim_to_Effective Date,sim_to_Exclusivity,sim_to_Expiration Date,sim_to_Governing Law,sim_to_Insurance,sim_to_Ip Ownership Assignment,sim_to_Irrevocable Or Perpetual License,sim_to_Joint Ip Ownership,sim_to_License Grant,sim_to_Liquidated Damages,sim_to_Minimum Commitment,sim_to_Most Favored Nation,sim_to_No-Solicit Of Customers,sim_to_No-Solicit Of Employees,sim_to_Non-Compete
2ThemartComInc_19990826_10-12G_EX-10.10_6700288_EX-10.10_Co-Branding Agreement_ Agency Agreement,0.42089996,0.4063474,0.2149843,0.43348116,0.3413603,0.3593015,0.45586276,0.40080124,0.4769845,0.45973527,0.56789035,0.47408414,0.48322052,0.48839825,0.42494962,0.40507028,0.3000316,0.41494447,0.39571184,0.35322595,0.52458775,0.32019657,0.47592092,0.50895107,0.41196358
ABILITYINC_06_15_2020-EX-4.25-SERVICES AGREEMENT,0.40737593,0.42597443,0.2645394,0.45129865,0.40106106,0.42866462,0.49329832,0.51416963,0.40892053,0.43460062,0.6609137,0.46083072,0.52557683,0.55226076,0.4816353,0.4726752,0.3898723,0.6601378,0.48858297,0.4312719,0.3746389,0.39174467,0.52888554,0.56293356,0.42075324
ACCELERATEDTECHNOLOGIESHOLDINGCORP_04_24_2003-EX-10.13-JOINT VENTURE AGREEMENT,0.4345122,0.44006443,0.10777794,0.39043736,0.22745074,0.31983536,0.50079685,0.3923231,0.35739452,0.46274054,0.46742442,0.34389836,0.45977187,0.45530105,0.31000125,0.38909194,0.3508014,0.5888872,0.43384713,0.34120724,0.34433448,0.2985751,0.42694375,0.43220395,0.2890885
ACCURAYINC_09_01_2010-EX-10.31-DISTRIBUTOR AGREEMENT,0.4669558,0.44622907,0.15437406,0.58091605,0.40131107,0.5218098,0.5661866,0.44663948,0.51321894,0.60817516,0.48428178,0.4740206,0.45460698,0.48098004,0.3061301,0.47021857,0.36012596,0.58598346,0.46846652,0.3077228,0.34540617,0.4114927,0.5254798,0.4783235,0.4403948
ADAMSGOLFINC_03_21_2005-EX-10.17-ENDORSEMENT AGREEMENT,0.38574222,0.45181605,0.19023392,0.46656835,0.26342183,0.3709862,0.47363806,0.52745616,0.45937908,0.51893115,0.39762148,0.4378386,0.44169235,0.384785,0.4445731,0.4818014,0.29293257,0.41074753,0.4750663,0.33360595,0.48788995,0.33091855,0.43061572,0.45899796,0.51863664
ADAPTIMMUNETHERAPEUTICSPLC_04_06_2017-EX-10.11-STRATEGIC ALLIANCE AGREEMENT,0.3690377,0.42449504,0.19538458,0.5449252,0.2865338,0.36583015,0.40511477,0.41923475,0.3749106,0.4266684,0.36761725,0.44731364,0.37109685,0.30638587,0.38577932,0.43044227,0.2643266,0.39755285,0.46533185,0.23714867,0.32471132,0.3288819,0.36972404,0.35532102,0.4255066
"ADIANUTRITION,INC_04_01_2005-EX-10.D2-RESELLER AGREEMENT",0.43073237,0.35354787,0.27876246,0.4502061,0.38226557,0.41141894,0.45482096,0.37312794,0.36319616,0.396369,0.5095118,0.5116849,0.48842824,0.40863198,0.40982005,0.37134367,0.40622956,0.47453105,0.41368523,0.37736088,0.3215667,0.3633997,0.4945762,0.39491636,0.2841062
"ADMA BioManufacturing, LLC - Amendment #3 to Manufacturing Agreement",0.23832157,0.35009366,0.06909738,0.45573097,0.3683583,0.5037114,0.36685202,0.328527,0.33067524,0.4000896,0.28130072,0.45478976,0.3395059,0.36732632,0.46238536,0.37969953,0.26137686,0.33481634,0.40263975,0.4985838,0.4509348,0.50795084,0.3825857,0.29273582,0.327133
"ADUROBIOTECH,INC_06_02_2020-EX-10.7-CONSULTING AGREEMENT",0.34860867,0.27473393,0.19449376,0.39769,0.28524458,0.3121888,0.41295394,0.46633866,0.2591216,0.36004555,0.5298661,0.39956525,0.38996992,0.39649034,0.42503732,0.37074357,0.32990518,0.562675,0.4125465,0.37849954,0.29924488,0.22403619,0.44726387,0.5465266,0.36419636
"ADUROBIOTECH,INC_06_02_2020-EX-10.7-CONSULTING AGREEMENT(1)",0.35768008,0.2727369,0.19556783,0.40422487,0.2782054,0.30879366,0.38947392,0.49039572,0.2911235,0.39546221,0.5425316,0.40523446,0.39619172,0.37908387,0.4524588,0.3512277,0.3189327,0.51650727,0.41046453,0.35816073,0.3396128,0.2612968,0.48639876,0.5802828,0.38347363
AFSALABANCORPINC_08_01_1996-EX-1.1-AGENCY AGREEMENT,0.291328,0.23431456,0.19087836,0.40653452,0.20253581,0.3589267,0.41151023,0.39665323,0.3778135,0.29550448,0.4536274,0.3729406,0.4190535,0.4010035,0.34377632,0.3365767,0.20396902,0.47053087,0.3522169,0.34720892,0.36661893,0.27505243,0.4681923,0.38904065,0.32981157
AIRSPANNETWORKSINC_04_11_2000-EX-10.5-Distributor Agreement,0.46049953,0.46696475,0.25284314,0.44283026,0.43177652,0.43029228,0.44536844,0.43213034,0.5372064,0.4803185,0.49249476,0.42548078,0.4972465,0.4558,0.28933865,0.534392,0.36493912,0.47301582,0.4448144,0.298818,0.5188746,0.4253435,0.49546018,0.4403773,0.42520118
AIRTECHINTERNATIONALGROUPINC_05_08_2000-EX-10.4-FRANCHISE AGREEMENT,0.38860613,0.31386214,0.33402324,0.3693374,0.263592,0.36122936,0.40297908,0.30180654,0.33682007,0.42899936,0.57919353,0.31551686,0.54111433,0.4134415,0.33258533,0.31062707,0.29800376,0.43304855,0.3299454,0.37572348,0.39134336,0.24484673,0.41934854,0.37962812,0.3558265
ALAMOGORDOFINANCIALCORP_12_16_1999-EX-1-AGENCY AGREEMENT,0.34837124,0.26975054,0.21807618,0.42571583,0.272207,0.41070244,0.40054166,0.43559957,0.3490419,0.3250419,0.36922592,0.3578961,0.33128887,0.36056542,0.35390332,0.4290843,0.20791903,0.41301343,0.34529266,0.37687165,0.45601946,0.4212404,0.45357794,0.33061576,0.37764233
ALCOSTORESINC_12_14_2005-EX-10.26-AGENCY AGREEMENT,0.5328667,0.5464468,0.086559996,0.50583315,0.37741417,0.38735986,0.52134156,0.47721145,0.37816048,0.52941287,0.42843592,0.45744032,0.41630423,0.39541247,0.3653705,0.52312607,0.42384845,0.54675174,0.47073737,0.3993321,0.3512221,0.46650717,0.47324294,0.44242442,0.3804602
ALLIANCEBANCORPINCOFPENNSYLVANIA_10_18_2006-EX-1.2-AGENCY AGREEMENT,0.36815417,0.30048293,0.097940445,0.34866565,0.18790904,0.28745252,0.3826814,0.42013323,0.3418026,0.33707255,0.3122694,0.34239697,0.27654406,0.355092,0.27728838,0.32310188,0.28938755,0.34500003,0.29219952,0.31284368,0.3524285,0.332865,0.40574038,0.27308816,0.3676691
ALLISONTRANSMISSIONHOLDINGSINC_12_15_2014-EX-99.1-COOPERATION AGREEMENT,0.3186731,0.28817484,0.30907673,0.504175,0.31637508,0.3909679,0.46564975,0.439078,0.40554434,0.5009044,0.5392904,0.42362598,0.49052668,0.36436886,0.42423475,0.4342992,0.324156,0.5375551,0.4353767,0.47619602,0.46017757,0.34123486,0.41728175,0.4116143,0.3819747
AMBASSADOREYEWEARGROUPINC_11_17_1997-EX-10.28-ENDORSEMENT AGREEMENT,0.48345813,0.5199722,0.17159763,0.49448353,0.3286144,0.39751273,0.44833538,0.47724846,0.49690658,0.4387553,0.3805992,0.4994592,0.35860813,0.5097133,0.43315,0.5206957,0.40458345,0.4286031,0.47443485,0.25685376,0.3714499,0.3027127,0.48282105,0.3715819,0.41371152
AMERICANPHYSICIANSCAPITALINC_03_31_2003-EX-10.26-AGENCY AGREEMENT,0.31539178,0.29024917,0.24116738,0.4101395,0.32306287,0.38682595,0.37917066,0.36211437,0.3573417,0.42151496,0.5183637,0.3129554,0.5239376,0.37776607,0.49970204,0.29515004,0.31290925,0.43847397,0.34713864,0.42425066,0.40490252,0.28274637,0.6662708,0.46214774,0.37177402
AMERICASSHOPPINGMALLINC_12_10_1999-EX-10.2-SITE DEVELOPMENT AND HOSTING AGREEMENT,0.27097484,0.33352712,0.38664925,0.4157142,0.32302922,0.38020346,0.44137117,0.42283767,0.39991695,0.48755944,0.6694193,0.35449842,0.5842893,0.5093126,0.35888234,0.4127789,0.31887257,0.5670605,0.3974281,0.4211951,0.41842878,0.28823966,0.47124088,0.516621,0.37069786
ANIXABIOSCIENCESINC_06_09_2020-EX-10.1-COLLABORATION AGREEMENT,0.37217042,0.45337236,0.17478755,0.48600352,0.35621426,0.34368253,0.33160082,0.38107878,0.41583276,0.39819193,0.44187254,0.42183357,0.3746047,0.39830965,0.31218725,0.35103267,0.27950498,0.56658006,0.5530865,0.21900922,0.28908902,0.24887954,0.43301865,0.40206507,0.28176832
"ARMSTRONGFLOORING,INC_01_07_2019-EX-10.2-INTELLECTUAL PROPERTY AGREEMENT",0.4108188,0.42667937,0.12250358,0.44326022,0.19600794,0.3032841,0.37041086,0.37105358,0.43636405,0.44844007,0.36451742,0.3298353,0.38349468,0.44248933,0.30537617,0.43450007,0.40370882,0.45979276,0.5172833,0.26528612,0.32044196,0.23379542,0.37409166,0.28871578,0.33694357
"ASHWORTHINC_01_29_1999-EX-10.(D)-PROMOTION AGREEMENT AND NANTZ COMMUNICATIONS, INC.",0.39218116,0.3480777,0.2165359,0.38362375,0.22802792,0.24306938,0.2932416,0.42698735,0.3935826,0.35969844,0.4181215,0.31279036,0.35967365,0.41293824,0.39812726,0.51961255,0.38952076,0.40754032,0.31919378,0.16247752,0.35828808,0.24927174,0.39770147,0.40112817,0.3986082
ASIANDRAGONGROUPINC_08_11_2005-EX-10.5-Reseller Agreement,0.34129828,0.2656513,0.3674411,0.3682173,0.19951671,0.24951658,0.39286938,0.45087403,0.29803842,0.41310906,0.60734063,0.33888045,0.5498154,0.2599794,0.31198102,0.3149525,0.41909617,0.38776922,0.27213514,0.46259344,0.38526657,0.39825788,0.43914738,0.41386157,0.30916032
ASPIRITYHOLDINGSLLC_05_07_2012-EX-10.6-OUTSOURCING AGREEMENT,0.3195004,0.32158965,0.1818251,0.4043352,0.27119714,0.32117724,0.46050793,0.37181795,0.26428792,0.46029353,0.5500212,0.32950652,0.41376555,0.40334266,0.30348676,0.3576638,0.32502556,0.5158143,0.3675899,0.53524166,0.314699,0.31146044,0.43856078,0.54434085,0.26484978
ATENTOSA_07_06_2020-EX-99.1-JOINT FILING AGREEMENT,0.41161418,0.28627485,0.067402184,0.33739007,0.26331192,0.33112586,0.31593624,0.32905215,0.34290487,0.4313007,0.2702545,0.31664586,0.30708766,0.18153071,0.23005776,0.30054384,0.30188683,0.37437385,0.3034746,0.26720583,0.3057729,0.33164662,0.37818626,0.1960326,0.28069872
"ATHENSBANCSHARESCORP_11_02_2009-EX-1.2-AGENCY AGREEMENT , 2009",0.28342196,0.2840226,0.17746654,0.42460245,0.24574688,0.32150787,0.41795278,0.47617304,0.30682516,0.28454977,0.32786384,0.39824802,0.35823774,0.3190618,0.28175408,0.3277149,0.22727767,0.39557356,0.32461974,0.31603518,0.41349578,0.3926376,0.41465566,0.31319734,0.33200008
ATMOSENERGYCORP_11_22_2002-EX-10.17-TRANSPORTATION SERVICE AGREEMENT,0.25996533,0.22659609,0.2689092,0.2825296,0.26413652,0.2590055,0.35491085,0.38150078,0.22073187,0.3794537,0.49837422,0.24755764,0.4618511,0.3180105,0.29633334,0.25660354,0.19590628,0.32859534,0.36313367,0.42542192,0.30859065,0.26078722,0.36764374,0.4025342,0.23213501
AULAMERICANUNITTRUST_04_24_2020-EX-99.8.77-SERVICING AGREEMENT,0.27656606,0.28111693,0.17525822,0.42094094,0.2337204,0.35136306,0.3083849,0.34556714,0.33477783,0.33914554,0.41119164,0.2858441,0.3985285,0.4202463,0.4545079,0.29919624,0.24497472,0.42242503,0.29740903,0.3925637,0.38237667,0.20517579,0.5217642,0.280491,0.3186953
AURASYSTEMSINC_06_16_2010-EX-10.25-STRATEGIC ALLIANCE AGREEMENT,0.29532278,0.25574958,0.2881946,0.3555509,0.24641341,0.24846213,0.4013734,0.3698957,0.31138828,0.43866557,0.6899247,0.38755113,0.6095877,0.4878111,0.4273898,0.27750695,0.268063,0.4507545,0.3925466,0.3514865,0.36067688,0.25638053,0.3834178,0.5182861,0.33768043
AgapeAtpCorp_20191202_10-KA_EX-10.1_11911128_EX-10.1_Supply Agreement,0.42715743,0.47247976,0.31633794,0.51166004,0.42160594,0.48473132,0.47923937,0.4272287,0.47730914,0.519544,0.56174684,0.47560275,0.647276,0.40107107,0.43051314,0.46139663,0.40586147,0.50729096,0.4825874,0.3595255,0.5085466,0.3941194,0.4597888,0.45420915,0.3810554
AimmuneTherapeuticsInc_20200205_8-K_EX-10.3_11967170_EX-10.3_Development Agreement,0.32798946,0.45483664,0.15104352,0.4539323,0.30688238,0.2992137,0.3461352,0.2845695,0.4911887,0.3787759,0.39688122,0.44566453,0.38048914,0.4179275,0.33371675,0.37569925,0.27257812,0.4714332,0.52997994,0.10082114,0.2771787,0.24732727,0.40732983,0.37261367,0.28334716
AlliedEsportsEntertainmentInc_20190815_8-K_EX-10.19_11788293_EX-10.19_Content License Agreement,0.41725528,0.40532532,0.12874195,0.43077922,0.20934644,0.35271627,0.39334893,0.4234962,0.28932387,0.3601964,0.42042518,0.43113148,0.36555982,0.48138532,0.34573305,0.43855953,0.5202873,0.53661084,0.40855604,0.314385,0.36906195,0.37400365,0.50252503,0.3483826,0.33011582
AlliedEsportsEntertainmentInc_20190815_8-K_EX-10.34_11788308_EX-10.34_Sponsorship Agreement,0.4537406,0.5112558,0.18566799,0.44206607,0.3243578,0.33117613,0.5057275,0.5328562,0.4320975,0.50841665,0.37532997,0.51532316,0.4224216,0.3965223,0.37335485,0.44946045,0.3871711,0.46604675,0.5036001,0.22536495,0.44887424,0.28807703,0.45127892,0.3969459,0.3762246
"Antares Pharma, Inc. - Manufacturing Agreement",0.4259412,0.40629426,0.22231537,0.46701446,0.46916398,0.34892744,0.36902943,0.3715014,0.4337695,0.44409862,0.4334175,0.4491803,0.4233835,0.38394517,0.36850077,0.35441688,0.2830811,0.49232274,0.49508113,0.22527534,0.39031017,0.34724492,0.4085817,0.35578498,0.3387537
Apollo Endosurgery - Manufacturing and Supply Agreement,0.30040962,0.33468223,0.36605066,0.37726772,0.39522207,0.34424365,0.37202424,0.38855338,0.33296517,0.4372964,0.62314403,0.3769427,0.65750295,0.39755905,0.3199967,0.34375095,0.25188142,0.47047114,0.39183035,0.32360363,0.38504696,0.31696922,0.4023643,0.4447301,0.29979908
ArcGroupInc_20171211_8-K_EX-10.1_10976103_EX-10.1_Sponsorship Agreement,0.3440296,0.3068987,0.20018357,0.3788616,0.19507396,0.28087336,0.33554095,0.27388763,0.40709004,0.35844666,0.31018424,0.27676886,0.26751292,0.23429489,0.3677358,0.38636252,0.2663534,0.28283197,0.31881487,0.1967347,0.34756112,0.22145335,0.26282603,0.31848398,0.43286467
ArcaUsTreasuryFund_20200207_N-2_EX-99.K5_11971930_EX-99.K5_Development Agreement,0.18432687,0.24694756,0.28135467,0.25013,0.14305049,0.11735406,0.34806204,0.35237467,0.26129237,0.24171412,0.5136421,0.32066566,0.5002282,0.3556677,0.32753333,0.30852786,0.23779605,0.40874866,0.28972095,0.3295411,0.3666066,0.18111037,0.33275515,0.34861428,0.30074042
ArconicRolledProductsCorp_20191217_10-12B_EX-2.7_11923804_EX-2.7_Trademark License Agreement,0.53117824,0.5912913,0.18750782,0.5901177,0.31625545,0.41555318,0.47457576,0.4574883,0.5244664,0.5427643,0.40202743,0.43688774,0.4514889,0.4977863,0.3802917,0.5253792,0.50666606,0.51237524,0.52734244,0.31805587,0.33488682,0.32583213,0.4703819,0.35008743,0.45108512
ArmstrongFlooringInc_20190107_8-K_EX-10.2_11471795_EX-10.2_Intellectual Property Agreement,0.43570775,0.46297276,0.12228702,0.46944177,0.21166332,0.33268106,0.380202,0.38755,0.48831728,0.46024752,0.3767541,0.367477,0.39997894,0.47885418,0.3142529,0.47092086,0.41978174,0.4730881,0.55463684,0.26480442,0.3419543,0.26536667,0.41501468,0.3050542,0.3604762
"Array BioPharma Inc. - LICENSE, DEVELOPMENT AND COMMERCIALIZATION AGREEMENT",0.3799153,0.43727186,0.16062897,0.52812684,0.34529537,0.41463786,0.29576287,0.3438049,0.5140592,0.42066914,0.41540724,0.53369004,0.45598328,0.43329918,0.36773038,0.46948612,0.28207052,0.44387597,0.4377624,0.24468791,0.4020188,0.4028349,0.46468017,0.37560105,0.33311376
ArtaraTherapeuticsInc_20200110_8-K_EX-10.5_11943350_EX-10.5_License Agreement,0.34069437,0.42358032,0.15301819,0.49237603,0.27957714,0.28415123,0.33870542,0.38586235,0.3008514,0.39772874,0.35359246,0.5320952,0.39638725,0.3677321,0.34496212,0.41365826,0.33341083,0.4373688,0.44328755,0.30022502,0.3767848,0.2860774,0.42473674,0.35211116,0.28903696
AtnInternationalInc_20191108_10-Q_EX-10.1_11878541_EX-10.1_Maintenance Agreement,0.41098997,0.4190296,0.24805197,0.48457238,0.33425587,0.3962144,0.4558447,0.5549915,0.44894633,0.5395181,0.5934915,0.3222708,0.5526332,0.5015954,0.42824644,0.576136,0.3570429,0.60233086,0.43269312,0.41054344,0.4004885,0.36157635,0.4815631,0.49056005,0.37503493
AudibleInc_20001113_10-Q_EX-10.32_2599586_EX-10.32_Co-Branding Agreement_ Marketing Agreement_ Investment Distribution Agreement,0.45309713,0.41634598,0.20061687,0.46785703,0.3408923,0.36377296,0.4741081,0.4209656,0.5026515,0.4443893,0.47036207,0.40805617,0.5239093,0.33545393,0.36777276,0.44047767,0.38025862,0.49033967,0.448857,0.25489646,0.4729308,0.3643772,0.5167289,0.43516698,0.43163806
AzulSa_20170303_F-1A_EX-10.3_9943903_EX-10.3_Maintenance Agreement1,0.25400317,0.27739677,0.34443003,0.40709984,0.30414388,0.37249577,0.43306017,0.32943517,0.30696627,0.45944583,0.68721205,0.31564325,0.5942855,0.43208265,0.4565056,0.29651946,0.2851639,0.5246362,0.3546334,0.4671443,0.32487574,0.2955557,0.4370048,0.48735422,0.2793353
AzulSa_20170303_F-1A_EX-10.3_9943903_EX-10.3_Maintenance Agreement2,0.3569713,0.35189426,0.24735636,0.5028585,0.3368318,0.4584942,0.45824775,0.39583772,0.4431577,0.45473135,0.5247756,0.33832502,0.4122725,0.61944044,0.42716682,0.47277915,0.25035387,0.5428989,0.43145072,0.4299641,0.3382444,0.30163383,0.44050375,0.42444295,0.37224805
"BABCOCK_WILCOXENTERPRISES,INC_08_04_2015-EX-10.17-INTELLECTUAL PROPERTY AGREEMENT between THE BABCOCK _ WILCOX COMPANY and BABCOCK _ WILCOX ENTERPRISES, INC.",0.622621,0.5176264,0.104227915,0.46154702,0.23285379,0.30660072,0.39300266,0.37344977,0.3694739,0.38651836,0.30605316,0.38119853,0.36096054,0.381134,0.3074847,0.49157345,0.39262593,0.51315993,0.44431758,0.21385184,0.2355077,0.39178747,0.32193327,0.28462797,0.42436308
BANGIINC_05_25_2005-EX-10-Premium Managed Hosting Agreement,0.18734686,0.23817839,0.36029106,0.17259279,0.122219525,0.14319232,0.22673117,0.25600764,0.17187877,0.2108571,0.45434594,0.23139018,0.424381,0.082575604,0.24135469,0.2155474,0.3452407,0.21945241,0.114274666,0.31015193,0.3685289,0.21137246,0.32359806,0.30968004,0.17118618
BANUESTRAFINANCIALCORP_09_08_2006-EX-10.16-AGENCY AGREEMENT,0.3299629,0.24789433,0.15252475,0.4181554,0.30487275,0.36435705,0.4810496,0.42777824,0.33131272,0.30490237,0.41561878,0.41689628,0.36321545,0.32563493,0.2873559,0.25384194,0.23588717,0.3760147,0.31597608,0.43004262,0.46175903,0.40679884,0.4213363,0.33902055,0.29207718
"BELLICUMPHARMACEUTICALS,INC_05_07_2019-EX-10.1-Supply Agreement",0.3694616,0.40377456,0.25861925,0.50428104,0.36435956,0.39239252,0.3720882,0.34861642,0.48295796,0.36399993,0.5553925,0.42793143,0.55349135,0.4432134,0.35028195,0.41761726,0.28755987,0.42152405,0.42409545,0.3302346,0.40019137,0.40512538,0.42075294,0.40622172,0.37437478
"BELLRINGBRANDS,INC_02_07_2020-EX-10.18-MASTER SUPPLY AGREEMENT",0.3049931,0.37384483,0.28453475,0.3942679,0.25759393,0.3050205,0.37371743,0.3027177,0.34538752,0.41157258,0.5235557,0.37190264,0.56214637,0.31849137,0.34024855,0.27346098,0.31292942,0.3458865,0.31652445,0.33139175,0.4308582,0.29681534,0.36308807,0.38754418,0.29280713
"BERKELEYLIGHTS,INC_06_26_2020-EX-10.12-COLLABORATION AGREEMENT",0.40787935,0.46682483,0.2381626,0.48752168,0.26563054,0.32064912,0.5097343,0.4273643,0.39423388,0.47945118,0.5448424,0.4456634,0.5608867,0.33328247,0.3776098,0.48379868,0.3504078,0.40445068,0.44931045,0.3941253,0.44728446,0.57495713,0.40458906,0.44919175,0.330454
BEYONDCOMCORP_08_03_2000-EX-10.2-CO-HOSTING AGREEMENT,0.4656496,0.4926051,0.2604004,0.45046365,0.34294924,0.3806616,0.50184953,0.5544848,0.48050004,0.5091432,0.5707886,0.49666727,0.5514699,0.44820535,0.37502998,0.4787078,0.46125448,0.5603004,0.4602791,0.31331247,0.48461327,0.397142,0.57171285,0.47398508,0.39814353
BICYCLETHERAPEUTICSPLC_03_10_2020-EX-10.11-SERVICE AGREEMENT,0.453847,0.35508466,0.24140207,0.44902036,0.37279612,0.3837089,0.42621934,0.55252993,0.39465323,0.31270802,0.44997177,0.35257638,0.46393508,0.38459226,0.36659056,0.43489438,0.32179058,0.5032431,0.44717345,0.224291,0.3416217,0.32960773,0.40685946,0.5281436,0.49276912
BIOAMBERINC_04_10_2013-EX-10.34-DEVELOPMENT AGREEMENT (1),0.28731382,0.3596272,0.11476733,0.43763465,0.26808953,0.23210987,0.25296643,0.21960285,0.33475292,0.33377558,0.30939126,0.31157193,0.2825257,0.24985914,0.25019467,0.28535798,0.17155194,0.33826786,0.45506477,0.1519317,0.22819743,0.23221478,0.26240382,0.25412712,0.15416932
BIOAMBERINC_04_10_2013-EX-10.34-DEVELOPMENT AGREEMENT - First Amendment,0.1680321,0.112522274,0.0530858,0.16415754,0.14607099,0.10546126,0.116881475,0.07380842,0.25741476,0.13659237,0.05838956,0.102285,0.09061416,0.10564559,0.06551824,0.076831,0.09886429,0.14583854,0.20803913,0.009880313,0.086816415,0.06681858,0.1672855,0.0034216014,0.15031032
BIOCEPTINC_08_19_2013-EX-10-COLLABORATION AGREEMENT,0.34326276,0.3584641,0.23974231,0.48505652,0.3988926,0.29773578,0.35119325,0.3573759,0.3511906,0.4288324,0.46095747,0.42751428,0.44878638,0.33792096,0.35936236,0.3755824,0.23859116,0.422822,0.5236527,0.19941552,0.35693192,0.2362865,0.3888945,0.33323675,0.2838136
BIOFRONTERAAG_04_29_2019-EX-4.17-SUPPLY AGREEMENT,0.4222932,0.41830596,0.25794554,0.39183804,0.30865043,0.2949496,0.35421437,0.35206753,0.3817465,0.28433445,0.3458992,0.38643634,0.29110602,0.4030257,0.28063914,0.33939824,0.32827836,0.40588886,0.38127506,0.20110816,0.37279522,0.3646229,0.4194372,0.30267674,0.3548236
BIOPURECORP_06_30_1999-EX-10.13-AGENCY AGREEMENT,0.404648,0.47586825,0.23809464,0.52233386,0.35793686,0.4644477,0.48901245,0.4894748,0.48461318,0.45652482,0.63544,0.4422978,0.5914118,0.5450822,0.41330665,0.4318974,0.29733366,0.47210437,0.44509855,0.4416384,0.46872953,0.38169044,0.51133543,0.54036367,0.49208695
BLACKBOXSTOCKSINC_08_05_2014-EX-10.1-DISTRIBUTOR AGREEMENT,0.46215963,0.42159736,0.15730083,0.58079505,0.37849355,0.4771528,0.46811306,0.3930651,0.54601294,0.41971135,0.38283658,0.4236136,0.46014205,0.33254027,0.29055935,0.4413908,0.23555358,0.38473594,0.4392601,0.32288992,0.46503085,0.37464887,0.47361898,0.3678262,0.4074857
BLACKROCKMUNIHOLDINGSINVESTMENTQUALITYFUND_04_07_2020-EX-99.01-JOINT FILING AGREEMENT,0.31612998,0.22701651,0.21620335,0.3647064,0.18501721,0.18388209,0.29493862,0.4252051,0.29586348,0.38482457,0.43749505,0.41303408,0.37219018,0.2811534,0.2404103,0.26700085,0.21121344,0.40038398,0.34177893,0.26208964,0.34487495,0.24394861,0.3480177,0.333909,0.20737687
BLACKSTONEGSOLONG-SHORTCREDITINCOMEFUND_05_11_2020-EX-99.(K)(1)-SERVICE AGREEMENT,0.29895312,0.27069908,0.31159407,0.3964458,0.22833073,0.24855252,0.45123124,0.42541385,0.31963086,0.41192186,0.64779437,0.36566627,0.55410147,0.32244074,0.35914475,0.34271184,0.25876048,0.4186887,0.32377055,0.39360642,0.3744691,0.3355831,0.44982427,0.49463525,0.35628992
BLUEFLYINC_03_27_2002-EX-10.27-e-business Hosting Agreement,0.3171155,0.3443602,0.3711186,0.34522882,0.30937544,0.24525641,0.44656163,0.4581805,0.34680325,0.4632764,0.7605519,0.3613863,0.609723,0.33423096,0.39470375,0.31739384,0.32524776,0.45345455,0.2867577,0.44117177,0.40561664,0.32086366,0.38489544,0.5364905,0.39203036
"BLUEHILLSBANCORP,INC_05_20_2014-EX-1.1-AGENCY AGREEMENT",0.25849196,0.24222845,0.12201773,0.35113093,0.18204124,0.20793861,0.3137999,0.3349287,0.2676891,0.24883899,0.22221614,0.32489675,0.30230436,0.18777564,0.16291903,0.30683154,0.24050891,0.25521773,0.23491094,0.2983305,0.3580137,0.37655693,0.34704363,0.19537237,0.23730275
"BLUEROCKRESIDENTIALGROWTHREIT,INC_06_01_2016-EX-1.1-AGENCY AGREEMENT",0.33644968,0.29966468,0.17111877,0.4689358,0.28471643,0.3608902,0.37926957,0.44633794,0.4159662,0.3512195,0.36843503,0.3363884,0.3706207,0.374215,0.2091288,0.4579398,0.25532514,0.498713,0.36837006,0.29191476,0.34909156,0.4244939,0.41462445,0.29386124,0.44769484
BNCMORTGAGEINC_05_17_1999-EX-10.4-LICENSING AND WEB SITE HOSTING AGREEMENT,0.38938403,0.32103318,0.26139617,0.40104836,0.23442763,0.35809755,0.4079029,0.38011026,0.40453207,0.39937496,0.5592407,0.33993262,0.5115565,0.3369127,0.3189115,0.35640144,0.32702252,0.47835425,0.29147497,0.39917892,0.37406194,0.2713982,0.5267054,0.43474168,0.3067974
BNLFINANCIALCORP_03_30_2007-EX-10.8-OUTSOURCING AGREEMENT,0.30971527,0.35537827,0.3757442,0.40953004,0.37239522,0.37667584,0.4364643,0.41208214,0.32152987,0.50819886,0.7622398,0.39504236,0.613326,0.39678568,0.41728792,0.37920445,0.3538657,0.5014912,0.38102254,0.46841463,0.45552427,0.30849802,0.48688865,0.57431537,0.3519262
BOLIVARMININGCORP_05_23_2003-EX-2.1-VISP WEB SITE BUILDING AND HOSTING AGREEMENT,0.38426155,0.40801978,0.2655062,0.4444804,0.2947445,0.37784457,0.47262102,0.49554318,0.42096132,0.42727986,0.5735273,0.4125618,0.5320773,0.49584532,0.37338036,0.47132418,0.38813114,0.50103486,0.341671,0.3818371,0.44628525,0.33962408,0.52020496,0.45586425,0.33186817
BONTONSTORESINC_04_20_2018-EX-99.3-AGENCY AGREEMENT,0.44802946,0.3613001,0.1605077,0.48219383,0.24847937,0.4399153,0.48222995,0.44767344,0.4328375,0.37649244,0.3944885,0.3707416,0.3439972,0.47576904,0.3449356,0.46395066,0.32407576,0.4190461,0.40432918,0.28624225,0.37914455,0.3015588,0.4741742,0.26928437,0.4459473
"BORROWMONEYCOM,INC_06_11_2020-EX-10.1-JOINT VENTURE AGREEMENT",0.3675409,0.36035275,0.2566545,0.39760298,0.28934857,0.3161338,0.47324955,0.37793005,0.3496809,0.396172,0.5316211,0.33725,0.49185807,0.33598322,0.472083,0.3962016,0.30720168,0.55327964,0.384093,0.38365412,0.48008966,0.36587012,0.4537823,0.4231282,0.39066625
BUFFALOWILDWINGSINC_06_05_1998-EX-10.3-FRANCHISE AGREEMENT,0.33531564,0.2514297,0.22820151,0.36999178,0.22620961,0.34026778,0.35513797,0.34855503,0.2866691,0.36052644,0.42392737,0.25451723,0.43002072,0.38956708,0.35426334,0.392619,0.28087366,0.32938674,0.24038386,0.32081294,0.33503467,0.3251568,0.35521132,0.3555997,0.46087635
BellringBrandsInc_20190920_S-1_EX-10.12_11817081_EX-10.12_Manufacturing Agreement1,0.37411088,0.401487,0.29616633,0.48619354,0.31908065,0.38882232,0.41683182,0.41593137,0.4363432,0.42508447,0.51668084,0.4742142,0.47451758,0.5208406,0.481208,0.37846738,0.32419676,0.38988936,0.4523338,0.33053923,0.46259123,0.30063966,0.45124918,0.39350456,0.38613674
BellringBrandsInc_20190920_S-1_EX-10.12_11817081_EX-10.12_Manufacturing Agreement2,0.22841056,0.254843,0.25880906,0.30086148,0.1739189,0.2714389,0.2659831,0.23904085,0.23953417,0.3113041,0.2676263,0.35876584,0.36887187,0.25824288,0.21793127,0.26451403,0.34577107,0.23858425,0.22159731,0.21049851,0.3508983,0.29371762,0.30438426,0.12725776,0.22646251
BellringBrandsInc_20190920_S-1_EX-10.12_11817081_EX-10.12_Manufacturing Agreement3,0.23549376,0.28760427,0.1914252,0.26636392,0.11466517,0.24288474,0.25664198,0.24995622,0.3219087,0.2491236,0.255943,0.34461835,0.2825041,0.27904055,0.2276887,0.23976687,0.19841139,0.21928081,0.29515988,0.14580905,0.27860948,0.13636906,0.2521852,0.21748677,0.24630642
BellringBrandsInc_20190920_S-1_EX-10.12_11817081_EX-10.12_Manufacturing Agreement4,0.27639583,0.3198027,0.10455321,0.3716062,0.22577745,0.31173623,0.31290758,0.26936406,0.4131736,0.36449343,0.18364966,0.35163254,0.28007546,0.26457,0.20462656,0.28389168,0.1841386,0.2572682,0.34514636,0.15324268,0.32297468,0.2211816,0.2925604,0.102250144,0.28828233
BerkshireHillsBancorpInc_20120809_10-Q_EX-10.16_7708169_EX-10.16_Endorsement Agreement,0.43574095,0.47933424,0.19002712,0.48712832,0.23680276,0.3197263,0.44245487,0.48555303,0.5196463,0.4800663,0.49580675,0.3925677,0.4843539,0.47594577,0.4283526,0.44544262,0.34736753,0.47736302,0.45515743,0.3643804,0.44783223,0.29266,0.52682734,0.43943655,0.49395394
BizzingoInc_20120322_8-K_EX-10.17_7504499_EX-10.17_Endorsement Agreement,0.42507353,0.4551841,0.19068938,0.45239818,0.21129584,0.31989446,0.4168601,0.40424937,0.44200948,0.40094966,0.46630406,0.4293903,0.45404583,0.40056023,0.3871033,0.5703842,0.41665554,0.39749098,0.4239449,0.2640323,0.43663567,0.2735668,0.40835607,0.41939905,0.47418708
BloomEnergyCorp_20180321_DRSA (on S-1)_EX-10_11240356_EX-10_Maintenance Agreement,0.33782452,0.33390647,0.32833618,0.4362455,0.32596523,0.37883908,0.38823086,0.41266975,0.3402123,0.48577392,0.59155697,0.37877107,0.7536165,0.46001917,0.43602598,0.42541534,0.32077718,0.52969456,0.3792184,0.45672864,0.4015289,0.41527697,0.42232406,0.45540646,0.38926685
BravatekSolutionsInc_20170418_8-K_EX-10.1_10205739_EX-10.1_Reseller Agreement,0.515076,0.56942546,0.1880732,0.52109444,0.382513,0.47333908,0.5386832,0.49985546,0.5146,0.48602322,0.46511778,0.49697018,0.46595478,0.44821656,0.43157905,0.47585964,0.37500775,0.5465603,0.4627417,0.4221336,0.47250092,0.44208187,0.6380651,0.50999945,0.46237296
"CANOPETROLEUM,INC_12_13_2007-EX-10.1-Sponsorship Agreement",0.2782066,0.331514,0.20236045,0.4070441,0.1912388,0.3430883,0.31346327,0.35904157,0.36085582,0.37538242,0.28529337,0.3269366,0.31905073,0.2313611,0.2858525,0.3337568,0.24888448,0.30009586,0.3865315,0.27330253,0.3769585,0.22146174,0.3275752,0.29411,0.25232738
"CARDAX,INC_08_19_2014-EX-10.1-COLLABORATION AGREEMENT",0.4680305,0.6351559,0.21092567,0.5887879,0.23573145,0.42384136,0.5428344,0.47636554,0.46912658,0.56834114,0.46150237,0.47122002,0.43259868,0.47921836,0.35252792,0.5718072,0.50636,0.6135606,0.59935164,0.3843667,0.3691535,0.45059463,0.4409447,0.38863462,0.39224297
CCAINDUSTRIESINC_04_14_2014-EX-10.1-OUTSOURCING AGREEMENT,0.36276805,0.34189838,0.2901372,0.44837838,0.28706092,0.28179654,0.3682045,0.39979208,0.3211545,0.48931384,0.6120013,0.35050726,0.5618374,0.4097334,0.43616772,0.3187288,0.3124423,0.4320854,0.36384398,0.40634793,0.40180385,0.314174,0.47458875,0.47035623,0.36004764
CENTRACKINTERNATIONALINC_10_29_1999-EX-10.3-WEB SITE HOSTING AGREEMENT,0.2949251,0.29007825,0.35050112,0.3314794,0.2696496,0.24441697,0.35900432,0.36688507,0.3294639,0.39040685,0.58521616,0.33591586,0.51007545,0.36450493,0.28804398,0.28700775,0.29832256,0.46494293,0.32602793,0.38676363,0.37898648,0.25144777,0.48362675,0.43063465,0.27711958
"CERES,INC_01_25_2012-EX-10.20-Collaboration Agreement",0.37875634,0.4434307,0.18799202,0.45789987,0.24713556,0.38046563,0.3810634,0.35680452,0.3919801,0.46279636,0.32136673,0.438361,0.376512,0.37613666,0.25471678,0.40739423,0.32925522,0.47440755,0.5221616,0.161234,0.2879323,0.23494825,0.3980698,0.2915834,0.29622298
CHANGEPOINTCORP_03_08_2000-EX-10.6-LICENSE AND HOSTING AGREEMENT,0.34519833,0.32033506,0.3194204,0.39139724,0.28820533,0.29689133,0.36456704,0.37533206,0.31532156,0.4129296,0.6629796,0.3598133,0.5814174,0.58235514,0.37815887,0.3846627,0.3473553,0.48753336,0.3358161,0.43258852,0.37068075,0.30043036,0.44971406,0.5067542,0.29806614
CHAPARRALRESOURCESINC_03_30_2000-EX-10.66-TRANSPORTATION CONTRACT,0.17349017,0.2163656,0.42360395,0.29871297,0.18101029,0.33186623,0.37634248,0.31689134,0.29229516,0.35771155,0.65432024,0.32287514,0.5800128,0.35343292,0.30255264,0.2711767,0.23227501,0.37920457,0.3406533,0.38220072,0.3789123,0.25748503,0.32798395,0.40797454,0.32230318
CHEETAHMOBILEINC_04_22_2014-EX-10.43-Cooperation Agreement,0.344156,0.3223074,0.31310645,0.320815,0.32267737,0.28883183,0.43119776,0.4309137,0.34972024,0.3835167,0.6135653,0.3229124,0.5268852,0.32333702,0.29383883,0.39209354,0.40773097,0.47108984,0.39856532,0.3252369,0.31539434,0.35944894,0.41213202,0.47321427,0.35166985
CHERRYHILLMORTGAGEINVESTMENTCORP_09_26_2013-EX-10.1-Strategic Alliance Agreement,0.3918455,0.3486607,0.16331026,0.46568197,0.14213412,0.3105011,0.49126023,0.48570734,0.39352742,0.42867038,0.48924607,0.35107577,0.42376792,0.46150333,0.282225,0.37381285,0.29110068,0.4971155,0.40708542,0.31997406,0.3565614,0.3013546,0.4488826,0.42313796,0.38377
CHINARECYCLINGENERGYCORP_11_14_2013-EX-10.6-Cooperation Agreement,0.13417205,0.12442279,0.089341566,0.17014405,0.21125141,0.12351968,0.3107718,0.17280953,0.020511553,0.2165202,0.22720471,0.16101852,0.28422716,0.094736785,0.256805,0.12822118,0.2570003,0.2393978,0.30689245,0.33301055,0.18520483,0.29333645,0.24435408,0.23734307,0.15174583
CHIPMOSTECHNOLOGIESBERMUDALTD_04_18_2016-EX-4.72-Strategic Alliance Agreement,0.3085746,0.27757287,0.2815734,0.3693171,0.24732624,0.20444532,0.36546713,0.34290648,0.34587947,0.35074097,0.49520665,0.28352374,0.41861153,0.28345582,0.2119287,0.33089113,0.3209424,0.39494666,0.3347552,0.18713824,0.24871105,0.24547945,0.3098039,0.3490141,0.2931723
"COOLTECHNOLOGIES,INC_10_25_2017-EX-10.71-Strategic Alliance Agreement",0.34537268,0.31798816,0.34494042,0.39848042,0.33666414,0.32494944,0.4029382,0.37892133,0.36749965,0.51392937,0.57152677,0.34217027,0.5254056,0.31054574,0.38139158,0.36527425,0.27188724,0.44572031,0.46837276,0.30359042,0.32916582,0.25843367,0.40312403,0.4753466,0.3326987
"CORALGOLDRESOURCES,LTD_05_28_2020-EX-4.1-CONSULTING AGREEMENT",0.35729593,0.33970958,0.3025274,0.4123775,0.30252823,0.3327645,0.41835332,0.47797996,0.40345672,0.37257552,0.61261225,0.3701522,0.53073144,0.39289933,0.3620792,0.31505996,0.2794286,0.5398965,0.45512646,0.37753105,0.40194517,0.2710305,0.5655539,0.5149784,0.43339288
CORIOINC_07_20_2000-EX-10.5-LICENSE AND HOSTING AGREEMENT,0.43347093,0.41741163,0.28603625,0.4798558,0.34096518,0.39358371,0.4977125,0.43059343,0.3846894,0.47200286,0.6721881,0.477359,0.58566016,0.63676715,0.46087116,0.45565087,0.42515764,0.5503403,0.47094205,0.44157505,0.39816806,0.3359753,0.529572,0.5182749,0.365866
"CURAEGISTECHNOLOGIES,INC_05_26_2010-EX-1-CORPORATE SPONSORSHIP AGREEMENT",0.49328917,0.5681211,0.20728934,0.552652,0.27920705,0.34596908,0.48867548,0.50303715,0.5373064,0.5487987,0.45755076,0.43149632,0.4356684,0.4649642,0.44340774,0.535553,0.40778416,0.4574407,0.5516452,0.31636786,0.43873864,0.30701974,0.450556,0.43290895,0.43841302
CUROGROUPHOLDINGSCORP_05_04_2020-EX-10.3-SERVICING AGREEMENT,0.39273736,0.30116165,0.18963188,0.47866824,0.32763693,0.37688273,0.4483197,0.37904274,0.36183733,0.3243474,0.50026673,0.37253338,0.3828588,0.42721784,0.38196623,0.4099736,0.25785828,0.50977373,0.32320243,0.4355299,0.25013256,0.33259368,0.4446586,0.49053472,0.41244864
CYBERIANOUTPOSTINC_07_09_1998-EX-10.13-PROMOTION AGREEMENT,0.25082484,0.26435757,0.37580258,0.33721933,0.3164975,0.31211653,0.3413763,0.32832167,0.3274751,0.3210771,0.77551806,0.3059754,0.50406927,0.30183107,0.26424617,0.34612018,0.21455538,0.4629442,0.31528756,0.39463624,0.356255,0.21688867,0.4470071,0.56440645,0.25089535
CardlyticsInc_20180112_S-1_EX-10.16_11002987_EX-10.16_Maintenance Agreement1,0.40246162,0.38639492,0.16595227,0.44462633,0.36268595,0.32197523,0.3857673,0.43428123,0.36814952,0.47468808,0.46109387,0.35552543,0.46124452,0.40406296,0.4355074,0.36532062,0.2995194,0.4463418,0.36246163,0.41033465,0.361215,0.34620088,0.4954994,0.3901197,0.3582339
CardlyticsInc_20180112_S-1_EX-10.16_11002987_EX-10.16_Maintenance Agreement2,0.29833072,0.3937221,0.22718678,0.3916131,0.26218462,0.1786056,0.33388546,0.36129594,0.30070627,0.57414556,0.276679,0.3313607,0.38364434,0.22779566,0.36161923,0.32071412,0.35355785,0.3935919,0.37810552,0.23745465,0.32921076,0.25063762,0.35430396,0.2099165,0.3102821
CardlyticsInc_20180112_S-1_EX-10.16_11002987_EX-10.16_Maintenance Agreement3,0.2956383,0.3517898,0.293146,0.3899263,0.2797149,0.16310112,0.32009882,0.38792408,0.28276527,0.56513846,0.36958325,0.33484638,0.42129672,0.28312948,0.3824864,0.30605906,0.3579517,0.39671928,0.3719213,0.2792928,0.38292003,0.26440638,0.3777186,0.23651698,0.28844136
CardlyticsInc_20180112_S-1_EX-10.16_11002987_EX-10.16_Maintenance Agreement4,0.26833117,0.266347,0.21286666,0.33940464,0.30249685,0.22270364,0.32322878,0.32314062,0.2796632,0.46164274,0.46135843,0.2551893,0.5547612,0.25370795,0.4206755,0.22999993,0.28117087,0.35402438,0.2691781,0.3494232,0.32849887,0.27286136,0.39840588,0.34472275,0.29677492
CcRealEstateIncomeFundadv_20181205_POS 8C_EX-99.(H)(3)_11447739_EX-99.(H)(3)_Marketing Agreement,0.4276876,0.43889168,0.26480958,0.5555786,0.36994725,0.54538804,0.56236625,0.45735633,0.52338463,0.5093962,0.5615221,0.4473828,0.52736664,0.461543,0.39348257,0.4953049,0.337613,0.5195383,0.45434123,0.54292226,0.5149944,0.43344277,0.5777099,0.5561464,0.43679696
CerenceInc_20191002_8-K_EX-10.4_11827494_EX-10.4_Intellectual Property Agreement,0.41991195,0.4791634,0.121837154,0.46708897,0.27333975,0.45416173,0.48257726,0.42850357,0.4478724,0.43745792,0.52121127,0.342629,0.42403406,0.6049664,0.32550347,0.5531212,0.3726308,0.65024006,0.4742294,0.3734768,0.28145486,0.2892193,0.460247,0.43255943,0.33865774
Cerus Corporation - FIRST AMEND TO SUPPLY AND MANUFACTURING AGREEMENT,0.37235022,0.4306724,0.044572476,0.42761713,0.3264207,0.33524743,0.29319385,0.40902388,0.3946435,0.4257493,0.22647311,0.32478222,0.25294706,0.45788947,0.2787736,0.40355396,0.27691072,0.4372114,0.50593925,0.18632603,0.32544723,0.30437177,0.31431645,0.26539794,0.36161608
ChinaRealEstateInformationCorp_20090929_F-1_EX-10.32_4771615_EX-10.32_Content License Agreement,0.40036187,0.3911664,0.30819604,0.39074618,0.3636442,0.27882597,0.43894356,0.3819084,0.31871974,0.3743198,0.52517956,0.39536634,0.5252282,0.36866486,0.3428324,0.41828105,0.5980803,0.5458422,0.3637246,0.35572213,0.33451262,0.27397662,0.44921398,0.3630131,0.3093201
ClickstreamCorp_20200330_1-A_EX1A-6 MAT CTRCT_12089935_EX1A-6 MAT CTRCT_Development Agreement,0.5231664,0.5160463,0.1733187,0.5364554,0.3276627,0.47150183,0.49471152,0.4724719,0.4485613,0.50727606,0.53630316,0.45871598,0.54992217,0.39319354,0.41061813,0.47057623,0.41166687,0.56971115,0.5217426,0.40089953,0.40025073,0.3343054,0.55610514,0.5031787,0.3747754
CnsPharmaceuticalsInc_20200326_8-K_EX-10.1_12079626_EX-10.1_Development Agreement,0.34658676,0.42808777,0.2154153,0.4112299,0.3218279,0.37997872,0.41551548,0.37413335,0.30643576,0.47263503,0.43828255,0.38726395,0.44303593,0.36555493,0.33364007,0.4003979,0.30407143,0.46033967,0.4168681,0.44223773,0.3716612,0.3785343,0.40013778,0.33822024,0.26561382
CoherusBiosciencesInc_20200227_10-K_EX-10.29_12021376_EX-10.29_Development Agreement,0.4198511,0.44568953,0.26635456,0.553309,0.3804017,0.43208164,0.4412853,0.35663933,0.43926445,0.488563,0.51929903,0.4772208,0.58737946,0.36028346,0.3722911,0.44784135,0.35199347,0.44274074,0.48722318,0.31983772,0.38232446,0.34816462,0.48905554,0.35421732,0.3306176
"Columbia Laboratories, (Bermuda) Ltd. - AMEND NO. 2 TO MANUFACTURING AND SUPPLY AGREEMENT",0.41166186,0.4022399,0.17525423,0.50686216,0.28793764,0.40211487,0.40249968,0.39858976,0.4359088,0.3958241,0.42126083,0.35163802,0.39494485,0.46990815,0.311989,0.39191017,0.2782954,0.48372155,0.44513464,0.40563422,0.3309683,0.31898624,0.49836457,0.3994703,0.36884266
ConformisInc_20191101_10-Q_EX-10.6_11861402_EX-10.6_Development Agreement,0.32259995,0.35194364,0.17925376,0.55331814,0.30884534,0.31578505,0.34697732,0.32036957,0.3458671,0.48542282,0.36951846,0.39822352,0.31900525,0.35823154,0.35937697,0.39624986,0.24497268,0.47251403,0.3746122,0.21806177,0.27161062,0.20670643,0.34325606,0.36239243,0.3045475
CreditcardscomInc_20070810_S-1_EX-10.33_362297_EX-10.33_Affiliate Agreement,0.47920507,0.4070776,0.07930961,0.40535083,0.2766011,0.26299062,0.41457063,0.48560268,0.47339755,0.41670805,0.35971412,0.36686665,0.50013995,0.38828227,0.30349565,0.3911595,0.31110507,0.4103161,0.42233256,0.23639405,0.3110965,0.21017677,0.40689528,0.3956406,0.29526722
CybergyHoldingsInc_20140520_10-Q_EX-10.27_8605784_EX-10.27_Affiliate Agreement,0.40140152,0.42007953,0.24708901,0.4642119,0.3539787,0.37106058,0.53362525,0.5380364,0.47340137,0.5268737,0.60352397,0.42489004,0.65094066,0.46128488,0.42358184,0.47996548,0.3772843,0.5870736,0.44411933,0.39317617,0.4771213,0.37241247,0.58343947,0.5536029,0.46014255
CytodynInc_20200109_10-Q_EX-10.5_11941634_EX-10.5_License Agreement,0.4594759,0.5579626,0.15663774,0.5446065,0.35677633,0.4953249,0.5246239,0.4936628,0.56593776,0.47933292,0.4495975,0.5324033,0.49274784,0.4825284,0.37736556,0.4728727,0.40743718,0.55188274,0.5596521,0.31560332,0.46078032,0.46489045,0.5610302,0.457384,0.3792121
DIVERSINETCORP_03_01_2012-EX-4-RESELLER AGREEMENT,0.37372673,0.30661362,0.27017787,0.38402644,0.20348059,0.37023252,0.4454894,0.32677484,0.31131124,0.3896348,0.5779636,0.3650374,0.5704667,0.39926955,0.38526487,0.32283616,0.3279791,0.39322922,0.32327527,0.39465356,0.4093848,0.28141224,0.43288943,0.4252935,0.34000546
DOMINIADVISORTRUST_02_18_2005-EX-99.(H)(2)-SPONSORSHIP AGREEMENT,0.33726102,0.39668334,0.21757168,0.46499115,0.25285986,0.4120222,0.4614844,0.39701098,0.39782804,0.3958826,0.46641284,0.37181488,0.4673289,0.4316796,0.4525501,0.36623392,0.3338796,0.43641835,0.37112516,0.49964398,0.4392676,0.2733174,0.4875869,0.38844788,0.34772253
DRAGONSYSTEMSINC_01_08_1999-EX-10.17-OUTSOURCING AGREEMENT,0.29245603,0.36497706,0.117722765,0.39493376,0.35462648,0.47323728,0.41265297,0.35099262,0.3382429,0.39211744,0.41042238,0.35418168,0.35616794,0.27849394,0.34172606,0.39023358,0.38342923,0.39505994,0.25139683,0.4166811,0.32689825,0.34389722,0.4996482,0.35984278,0.30900437
"DRIVENDELIVERIES,INC_05_22_2020-EX-10.4-CONSULTING AGREEMENT",0.39912525,0.40171194,0.13951701,0.38304448,0.3383202,0.2951433,0.41252762,0.4866135,0.35980695,0.47551835,0.49065065,0.38153693,0.42647702,0.39794242,0.43940336,0.3734153,0.29449224,0.5166278,0.43285707,0.3441049,0.3745469,0.2703755,0.4773985,0.5195855,0.44030797
DRKOOPCOMINC_04_21_1999-EX-10.28-SPONSORSHIP AGREEMENT,0.40389228,0.44065273,0.28663954,0.45340258,0.33100682,0.40473044,0.4157015,0.39383,0.50857127,0.41413027,0.44007328,0.51454544,0.500075,0.32206342,0.41056213,0.4090848,0.30650502,0.3588713,0.3702758,0.29028898,0.54936403,0.3688322,0.4783056,0.3864544,0.3968368
"DUOSTECHNOLOGIESGROUP,INC_04_21_2009-EX-10.1-STRATEGIC ALLIANCE AGREEMENT",0.32588422,0.3070914,0.29427236,0.38633627,0.27560896,0.2767604,0.45855623,0.3500202,0.359603,0.54437387,0.6673763,0.3532599,0.63947797,0.2996336,0.39506936,0.31274742,0.3113578,0.47230783,0.36961228,0.35572994,0.36349744,0.33738136,0.3860289,0.52585256,0.4018908
DYNAMEXINC_06_06_1996-EX-10.4-TRANSPORTATION SERVICES AGREEMENT,0.4275275,0.39826006,0.25043857,0.492525,0.2982539,0.4669844,0.48779225,0.4610274,0.41401154,0.45093554,0.54967475,0.3468893,0.5658097,0.43074948,0.38687366,0.4158433,0.3249727,0.48535025,0.4031667,0.38646328,0.39136225,0.28001544,0.48869833,0.48839226,0.39727563
DYNTEKINC_07_30_1999-EX-10-ONLINE HOSTING AGREEMENT,0.2886905,0.33041596,0.33962956,0.45446068,0.31720668,0.40322718,0.48191944,0.4337716,0.3538072,0.34182253,0.62365484,0.40619144,0.5422684,0.48121822,0.30575305,0.39777595,0.3071427,0.55538243,0.37700686,0.45900258,0.39763227,0.30265513,0.46892938,0.49791986,0.32878125
DataCallTechnologies_20060918_SB-2A_EX-10.9_944510_EX-10.9_Content License Agreement,0.41463897,0.47928578,0.2769695,0.509518,0.27083483,0.34277946,0.5056465,0.42901376,0.36429852,0.5073487,0.6492326,0.41693664,0.61138093,0.43826666,0.46431857,0.51698357,0.5323971,0.5631194,0.44912016,0.44456786,0.40350384,0.33108082,0.48543686,0.5002922,0.3512247
DeltathreeInc_19991102_S-1A_EX-10.19_6227850_EX-10.19_Co-Branding Agreement_ Service Agreement,0.39578795,0.344407,0.20928341,0.4101088,0.25983965,0.30591148,0.43637168,0.38436347,0.45308203,0.38252607,0.5534327,0.31940004,0.518705,0.4267509,0.3108884,0.40678596,0.34492797,0.46309626,0.34110916,0.38912672,0.37462896,0.3511062,0.44427982,0.4250989,0.37240857
DigitalCinemaDestinationsCorp_20111220_S-1_EX-10.10_7346719_EX-10.10_Affiliate Agreement,0.41246,0.401222,0.32177955,0.36821526,0.2635274,0.34799334,0.4736527,0.5667734,0.4019869,0.4474578,0.6017022,0.35121632,0.55973214,0.5129518,0.39404756,0.43409002,0.40076217,0.5580992,0.43558323,0.3381389,0.41559872,0.2912566,0.46842867,0.51615757,0.39086482
DovaPharmaceuticalsInc_20181108_10-Q_EX-10.2_11414857_EX-10.2_Promotion Agreement,0.40922248,0.4006812,0.26119965,0.49324656,0.35565138,0.44113195,0.423456,0.46442503,0.49801227,0.43804848,0.53883475,0.50876117,0.54860103,0.4838062,0.37369627,0.40814212,0.3411324,0.50111073,0.5323863,0.36237025,0.45717177,0.40243894,0.55180985,0.50649726,0.3354599
ELANDIAINTERNATIONALINC_04_25_2007-EX-10.21-Outsourcing Agreement,0.31244108,0.21944954,0.28717345,0.35976574,0.296081,0.24624032,0.4066381,0.37812582,0.32789594,0.3082658,0.59172887,0.36122084,0.47722548,0.30800515,0.24866532,0.29967844,0.28888753,0.40615922,0.30617177,0.4258786,0.33453315,0.30446044,0.41895616,0.47685468,0.30443132
ELECTRAMECCANICA VEHICLES CORP. - Manufacturing Agreement,0.4227683,0.48192275,0.16771504,0.40164462,0.5008511,0.38909966,0.43801466,0.3327914,0.37438887,0.48605084,0.38180062,0.41339403,0.44535124,0.37015066,0.4114278,0.4172567,0.45601168,0.4390643,0.44291663,0.31725,0.365707,0.3120916,0.40303522,0.31373036,0.33418757
"ELFBEAUTY,INC_07_02_2020-EX-10.1-COOPERATION AGREEMENT",0.4593961,0.39488554,0.18858959,0.5020725,0.30477166,0.41092843,0.48347235,0.5120593,0.39154172,0.46792665,0.52814573,0.4203326,0.49533302,0.49647534,0.44598538,0.42577922,0.34560433,0.59617627,0.47416973,0.39945215,0.4068925,0.3669761,0.4631573,0.52818877,0.4217875
EMERALDHEALTHTHERAPEUTICSINC_06_10_2020-EX-4.5-CONSULTING AGREEMENT - DR. GAETANO MORELLO N.D. INC.,0.3065176,0.33008394,0.30205637,0.4203586,0.33929077,0.34977376,0.3528871,0.42713794,0.3607403,0.35157776,0.6062711,0.35795584,0.49747306,0.40083626,0.36569637,0.29400313,0.22270654,0.4811349,0.41006157,0.36024803,0.33344936,0.25209928,0.5579815,0.5463197,0.30947208
ENERGOUSCORP_03_16_2017-EX-10.24-STRATEGIC ALLIANCE AGREEMENT,0.31955373,0.36663747,0.33961922,0.3376298,0.30278164,0.2653005,0.41847312,0.3696556,0.31922328,0.4936889,0.6212163,0.39284468,0.636694,0.27329654,0.3534667,0.33864254,0.32581556,0.42105597,0.3376631,0.34838426,0.40879437,0.33543777,0.3693627,0.45521963,0.30334598
ENERGYXXILTD_05_08_2015-EX-10.13-Transportation AGREEMENT,0.2626208,0.2945592,0.25376797,0.39446735,0.28043407,0.3608113,0.4691724,0.40099525,0.31201994,0.4177522,0.51996076,0.32334095,0.5224644,0.42012966,0.35641816,0.32445922,0.2170837,0.428129,0.4364147,0.48276117,0.3441637,0.21485062,0.33728406,0.40907332,0.3071888
ENTERPRISEPRODUCTSPARTNERSLP_07_08_1998-EX-10.3-TRANSPORTATION CONTRACT,0.26634115,0.3024584,0.29351884,0.37287,0.33297518,0.36333784,0.46020406,0.4193533,0.32823783,0.41814286,0.58787215,0.31325856,0.5633484,0.40665776,0.43637127,0.37041378,0.26943126,0.47038323,0.39220548,0.43657368,0.3797515,0.25838685,0.36337972,0.53350586,0.3790864
ENTERTAINMENTGAMINGASIAINC_02_15_2005-EX-10.5-DISTRIBUTOR AGREEMENT,0.38223243,0.37675393,0.26666865,0.4629397,0.33728504,0.4353758,0.43825328,0.39822906,0.40577012,0.45931035,0.552951,0.397085,0.56391,0.4089978,0.41607344,0.3792384,0.3789547,0.41646135,0.37702993,0.42793083,0.50965786,0.38432556,0.47859377,0.4224589,0.37355977
ENTRUSTINC_07_24_1998-EX-10.5-STRATEGIC ALLIANCE AGREEMENT,0.47358724,0.5062007,0.1562222,0.4839151,0.35806346,0.49271953,0.5659585,0.506101,0.51830316,0.5228729,0.44374046,0.4706865,0.4752745,0.3921787,0.3211763,0.48403168,0.45520133,0.5300071,0.4915117,0.2802307,0.36805958,0.39479673,0.51984364,0.3965776,0.39133817
"ETELOS,INC_03_09_2004-EX-10.8-DISTRIBUTOR AGREEMENT",0.40750587,0.4303908,0.3631247,0.46276033,0.36930797,0.39285624,0.45236826,0.39197347,0.4450334,0.5309801,0.61012924,0.46092463,0.6958239,0.37845922,0.40336597,0.38908494,0.37359843,0.45537633,0.4339365,0.34785095,0.43490022,0.30912143,0.50034124,0.4666956,0.33943027
EUROPEANMICROHOLDINGSINC_03_06_1998-EX-10.6-DISTRIBUTOR AGREEMENT,0.41554052,0.43866208,0.31560686,0.44732863,0.4404146,0.4317065,0.46070632,0.42191452,0.4320786,0.4605954,0.5297501,0.4511559,0.6029016,0.32411236,0.4728553,0.445193,0.33470196,0.38147184,0.42408884,0.37222534,0.5430007,0.3950706,0.42879862,0.47950467,0.42858484
EbixInc_20010515_10-Q_EX-10.3_4049767_EX-10.3_Co-Branding Agreement,0.3297626,0.3184383,0.30609536,0.43171734,0.27948183,0.37832248,0.3837765,0.43035167,0.36844456,0.4199599,0.57216513,0.40789795,0.5432638,0.38141757,0.53121424,0.36389324,0.31187606,0.45341742,0.34850723,0.34832156,0.51065785,0.36363342,0.5440327,0.38535684,0.37889284
EcoScienceSolutionsInc_20171117_8-K_EX-10.1_10956472_EX-10.1_Endorsement Agreement,0.3308571,0.37798953,0.34136236,0.42966026,0.394906,0.35139155,0.37425554,0.4138798,0.44111675,0.48008817,0.59821296,0.43250844,0.54512,0.47146824,0.4526155,0.43540144,0.24145316,0.4250311,0.4655866,0.34790418,0.46434337,0.22703496,0.46291226,0.49188936,0.33082342
EcoScienceSolutionsInc_20180406_8-K_EX-10.1_11135398_EX-10.1_Sponsorship Agreement,0.31165937,0.39336288,0.26153433,0.38715103,0.2544853,0.27891713,0.3277894,0.33371615,0.3434655,0.36581963,0.32460147,0.38988513,0.4120855,0.22517434,0.4499138,0.32753104,0.2657137,0.2813482,0.43213683,0.2414875,0.48494858,0.20801423,0.38349733,0.24460533,0.31090403
EdietsComInc_20001030_10QSB_EX-10.4_2606646_EX-10.4_Co-Branding Agreement,0.3816598,0.29600507,0.26013157,0.38554114,0.27149945,0.26752263,0.35202006,0.3364485,0.43534863,0.38796693,0.59895635,0.3335085,0.52553546,0.49765646,0.44120523,0.3696003,0.31039795,0.4155668,0.3316547,0.31165713,0.497226,0.20485052,0.48200738,0.44789797,0.2990988
EhaveInc_20190515_20-F_EX-4.44_11678816_EX-4.44_License Agreement_ Reseller Agreement,0.5254144,0.53084946,0.22100058,0.56519,0.34510702,0.48963344,0.5340867,0.54216594,0.40431902,0.52686465,0.44460982,0.5538545,0.46117502,0.43331856,0.4698568,0.5021155,0.45248365,0.5581354,0.52480644,0.35863397,0.3871895,0.39973724,0.546178,0.45482984,0.41898274
ElPolloLocoHoldingsInc_20200306_10-K_EX-10.16_12041700_EX-10.16_Development Agreement,0.44308275,0.35764205,0.18016055,0.45777583,0.37095195,0.352324,0.45466828,0.4164456,0.37667733,0.34104383,0.46354467,0.43062788,0.41721258,0.4807229,0.3723847,0.3582114,0.40566295,0.4309763,0.42583048,0.3497225,0.37998208,0.31018502,0.3685439,0.43406647,0.40025318
EmbarkComInc_19991008_S-1A_EX-10.10_6487661_EX-10.10_Co-Branding Agreement,0.45964092,0.4058485,0.24316731,0.41432393,0.30694586,0.28567025,0.4319505,0.43054107,0.48971832,0.3961007,0.4481569,0.4162764,0.465711,0.33745202,0.42198122,0.39586413,0.34305936,0.3292718,0.39164004,0.26137114,0.53693247,0.24859679,0.5219494,0.40078905,0.42146578
EmeraldHealthBioceuticalsInc_20200218_1-A_EX1A-6 MAT CTRCT_11987205_EX1A-6 MAT CTRCT_Development Agreement,0.35393322,0.38714063,0.31103235,0.45506686,0.3416993,0.34587336,0.36278552,0.42597473,0.37054747,0.48417908,0.60892993,0.4329128,0.5906556,0.3280549,0.4394346,0.35706022,0.23276316,0.42538428,0.38525903,0.28330797,0.38353598,0.31998867,0.47363317,0.48610726,0.38297647
EmmisCommunicationsCorp_20191125_8-K_EX-10.6_11906433_EX-10.6_Marketing Agreement,0.40500727,0.41522354,0.29540306,0.46751112,0.32145458,0.34197372,0.43335667,0.48421448,0.34516263,0.49805385,0.58346844,0.46212113,0.55152303,0.46552306,0.40438682,0.50491464,0.44058096,0.54552543,0.4512173,0.3977572,0.39011708,0.34293008,0.45746768,0.54241085,0.33645862
EtonPharmaceuticalsInc_20191114_10-Q_EX-10.1_11893941_EX-10.1_Development Agreement,0.36418664,0.4267929,0.28011546,0.53156763,0.42487937,0.42689064,0.40407026,0.4110798,0.4909329,0.41942686,0.5556787,0.45311576,0.54269195,0.31394923,0.34101278,0.418566,0.3063553,0.4563036,0.47249162,0.33222204,0.5113965,0.3449913,0.4075443,0.43071288,0.39287114
EuromediaHoldingsCorp_20070215_10SB12G_EX-10.B(01)_525118_EX-10.B(01)_Content License Agreement,0.48612103,0.42824247,0.21913487,0.39181113,0.2502108,0.37354696,0.4606456,0.41795036,0.3628243,0.44794315,0.50687635,0.40230113,0.54567945,0.29919183,0.34286845,0.45846853,0.56458324,0.42864907,0.39195183,0.36338288,0.37951267,0.2967854,0.43612522,0.4022029,0.29524243
ExactSciencesCorp_20180822_8-K_EX-10.1_11331629_EX-10.1_Promotion Agreement,0.4350475,0.5045914,0.19802734,0.5344943,0.29652798,0.38428658,0.42260855,0.42978388,0.47119159,0.45598197,0.39652428,0.50617886,0.5193463,0.315026,0.36880028,0.4737545,0.2909745,0.47013268,0.4731366,0.29764664,0.4680779,0.3661648,0.45793,0.42231226,0.3460908
FEDERATEDGOVERNMENTINCOMESECURITIESINC_04_28_2020-EX-99.SERV AGREE-SERVICES AGREEMENT,0.35900047,0.3252165,0.23875883,0.38662323,0.22091287,0.23203391,0.4092123,0.47212645,0.330602,0.301928,0.4810633,0.33726025,0.46192637,0.33546066,0.3878039,0.3305111,0.25125578,0.48197228,0.35741574,0.35035163,0.39214534,0.22733821,0.42051414,0.43136105,0.4247812
FEDERATEDGOVERNMENTINCOMESECURITIESINC_04_28_2020-EX-99.SERV AGREE-SERVICES AGREEMENT_AMENDMENT,0.32200027,0.339022,0.10317381,0.34286618,0.1199765,0.25650227,0.35529006,0.35993892,0.30108684,0.35468972,0.2672425,0.2410241,0.3074856,0.38356996,0.22322139,0.27150565,0.28981686,0.40232003,0.31958252,0.24422058,0.2425357,0.10403969,0.30705678,0.2848256,0.22298832
FEDERATEDGOVERNMENTINCOMESECURITIESINC_04_28_2020-EX-99.SERV AGREE-SERVICES AGREEMENT_POWEROF,0.36587164,0.2853323,0.04103143,0.3369817,0.13968495,0.27281606,0.36630654,0.37043417,0.29568908,0.220831,0.31156012,0.31302324,0.29320547,0.3135253,0.2609746,0.27845633,0.26656964,0.40931585,0.3122896,0.2912268,0.27684996,0.1516249,0.3456638,0.353397,0.312224
FEDERATEDGOVERNMENTINCOMESECURITIESINC_04_28_2020-EX-99.SERV AGREE-SERVICES AGREEMENT_SECONDAMENDMENT,0.32406592,0.32078093,0.09084597,0.29843143,0.13970938,0.20532647,0.31099373,0.35322535,0.27968252,0.28562605,0.2339733,0.24297522,0.2436861,0.37889996,0.21285248,0.26571235,0.27675664,0.3832756,0.34411764,0.18265605,0.22947681,0.114969686,0.2906977,0.32294524,0.2533872
FIBROGENINC_10_01_2014-EX-10.11-COLLABORATION AGREEMENT,0.53032315,0.57658386,0.15968136,0.5539373,0.37906545,0.44709718,0.46490505,0.43807244,0.5503799,0.51406735,0.3779964,0.58860993,0.48026803,0.3811721,0.37849754,0.46752822,0.4021785,0.55461764,0.6364217,0.23900346,0.3904364,0.37244368,0.44904852,0.37558532,0.39822298
"FIDELITYNATIONALINFORMATIONSERVICES,INC_08_05_2009-EX-10.3-INTELLECTUAL PROPERTY AGREEMENT",0.630853,0.4345461,0.16312501,0.5389691,0.32922876,0.36617202,0.50550824,0.43788785,0.42710608,0.42129934,0.38902676,0.390405,0.3269313,0.38482106,0.2666747,0.47294134,0.3453989,0.4776379,0.48341775,0.22670147,0.26974452,0.2671219,0.39155206,0.37239707,0.3384704
FLOTEKINDUSTRIESINCCN_05_09_2019-EX-10.1-SUPPLY AGREEMENT,0.3290586,0.29716966,0.2494686,0.32028887,0.2645925,0.36886966,0.2839711,0.30087554,0.31051064,0.306951,0.35535422,0.29665542,0.36531997,0.31856674,0.31202173,0.29701293,0.2406506,0.3121047,0.44030115,0.3507413,0.38662717,0.35165587,0.3312424,0.34063232,0.30555534
"FOUNDATIONMEDICINE,INC_02_02_2015-EX-10.2-Collaboration Agreement",0.2514124,0.21773666,0.38112885,0.42885178,0.26556015,0.27236107,0.34095326,0.29812205,0.3608514,0.35167813,0.5689291,0.4092858,0.4949631,0.29618263,0.2384536,0.3046645,0.17599136,0.36922532,0.36772048,0.20241962,0.32897353,0.21327683,0.41325027,0.3370278,0.27403706
"FTENETWORKS,INC_02_18_2016-EX-99.4-STRATEGIC ALLIANCE AGREEMENT",0.3210472,0.2878709,0.18879719,0.38503617,0.26188067,0.38377285,0.4787914,0.50999755,0.27760595,0.47402883,0.57226723,0.308848,0.45836353,0.33775634,0.36415288,0.33213335,0.26514363,0.4611297,0.4110394,0.48446295,0.4052946,0.3306131,0.435273,0.5551399,0.34012368
FUSIONPHARMACEUTICALSINC_06_05_2020-EX-10.17-Supply Agreement - FUSION,0.35247403,0.40848187,0.30647624,0.42799443,0.39822742,0.3897767,0.42240196,0.33868554,0.37370914,0.52380335,0.5644156,0.44948065,0.6061623,0.28553647,0.3935451,0.33714402,0.28416008,0.45808786,0.41120046,0.35155642,0.36777648,0.37032753,0.4283769,0.48966402,0.30242383
FerroglobePlc_20150624_F-4A_EX-10.20_9154746_EX-10.20_Outsourcing Agreement,0.33404356,0.35209298,0.30348384,0.44060498,0.43413267,0.45174682,0.39654875,0.40018424,0.39470145,0.43134165,0.56087714,0.4575928,0.4946671,0.3670941,0.396303,0.3660932,0.30370173,0.4492482,0.45560706,0.41828477,0.42177045,0.33909965,0.44191533,0.4067158,0.3620152
Freecook_20180605_S-1_EX-10.3_11233807_EX-10.3_Hosting Agreement,0.30175632,0.38320732,0.17281096,0.35248774,0.24976099,0.2645313,0.4005466,0.37284082,0.37513688,0.44569796,0.39959753,0.34274095,0.35586715,0.1780087,0.26056322,0.41120481,0.34186783,0.43435723,0.29735076,0.26724988,0.40066212,0.275673,0.39368945,0.31032175,0.43223
FreezeTagInc_20180411_8-K_EX-10.1_11139603_EX-10.1_Sponsorship Agreement,0.3496489,0.33219308,0.29703063,0.48053896,0.3353747,0.3568957,0.3532437,0.40444437,0.39689314,0.35015723,0.53622174,0.37434697,0.44919175,0.3762442,0.4886288,0.30025145,0.22060654,0.3780117,0.3623839,0.32915938,0.45328486,0.29833356,0.5055127,0.49978307,0.32074818
FuelcellEnergyInc_20191106_8-K_EX-10.1_11868007_EX-10.1_Development Agreement,0.29864982,0.30023322,0.2689703,0.35111764,0.36283505,0.29617673,0.37033278,0.3932822,0.3171569,0.36768448,0.46400407,0.31200606,0.45262992,0.34887585,0.27563313,0.32245803,0.24914554,0.44211346,0.66521645,0.29733407,0.31915498,0.23993483,0.31734273,0.4246032,0.28976113
FulucaiProductionsLtd_20131223_10-Q_EX-10.9_8368347_EX-10.9_Content License Agreement,0.48089522,0.5142993,0.15183544,0.47712833,0.26944527,0.39397073,0.42899108,0.40390566,0.35437596,0.475762,0.39545333,0.49852705,0.4291441,0.39265352,0.39273477,0.50147504,0.5668429,0.47607887,0.56560385,0.31902224,0.42911878,0.36425743,0.41115057,0.35581234,0.3298459
FuseMedicalInc_20190321_10-K_EX-10.43_11575454_EX-10.43_Distributor Agreement,0.31837904,0.36581516,0.34621233,0.5213007,0.377622,0.42954978,0.4247772,0.40955767,0.44913083,0.4811688,0.64973193,0.43884647,0.6479931,0.37315196,0.44706702,0.40916127,0.2823317,0.5210234,0.37147117,0.4668324,0.4458329,0.28124782,0.53018236,0.5194777,0.3396945
GAINSCOINC_01_21_2010-EX-10.41-SPONSORSHIP AGREEMENT,0.29307508,0.38307074,0.11979675,0.40130746,0.2383107,0.33835214,0.37378585,0.3587166,0.40546322,0.39454362,0.21007231,0.41485763,0.30361128,0.23952672,0.38377863,0.33985794,0.23122805,0.30920988,0.39967197,0.28717053,0.39357397,0.26483124,0.30511338,0.2736714,0.28111562
GALACTICOMMTECHNOLOGIESINC_11_07_1997-EX-10.46-WEB HOSTING AGREEMENT,0.37636107,0.45187247,0.09526979,0.42719096,0.18853751,0.3213836,0.3785922,0.34862083,0.35685945,0.4272655,0.3440153,0.41710433,0.29034048,0.19393536,0.19221288,0.4328116,0.43329114,0.38625312,0.28745368,0.36868978,0.377698,0.3570364,0.41413963,0.278762,0.22563839
"GALERATHERAPEUTICS,INC_02_14_2020-EX-99.A-JOINT FILING AGREEMENT",0.31298363,0.18212679,0.17056972,0.3461454,0.22158165,0.22209677,0.29030615,0.23632991,0.36771286,0.33317173,0.2603908,0.2761043,0.28322566,0.1828508,0.25115934,0.29450667,0.2188427,0.32267085,0.3156203,0.17351016,0.2684378,0.27432713,0.27177554,0.10709486,0.24798831
"GIGGLESN_HUGS,INC_06_23_2016-EX-10.2-STRATEGIC ALLIANCE AGREEMENT",0.43460816,0.3897673,0.20660447,0.44080508,0.31575882,0.29509962,0.4572695,0.49150035,0.40895313,0.46021873,0.5569612,0.44182366,0.4866928,0.3769034,0.40883267,0.35941136,0.27035752,0.5063896,0.460086,0.31505743,0.42127508,0.30789468,0.5036063,0.60507125,0.46543244
GLOBALTECHNOLOGIESLTD_06_08_2020-EX-10.16-CONSULTING AGREEMENT,0.41151708,0.4120543,0.17489368,0.42925763,0.23986669,0.30922323,0.43506116,0.48051807,0.34196132,0.5102786,0.4517517,0.34515104,0.41425145,0.34808218,0.37278098,0.40504175,0.306028,0.57711047,0.48079136,0.303989,0.31924522,0.31048983,0.44156477,0.45310542,0.42955798
GOCALLINC_03_30_2000-EX-10.7-Promotion Agreement,0.3421566,0.27734858,0.21219692,0.29997233,0.17123201,0.3145311,0.33545482,0.3272623,0.26993743,0.30262303,0.39997017,0.35549736,0.43708432,0.27001503,0.3588864,0.26387066,0.33918354,0.22416559,0.2002992,0.4442655,0.43902013,0.29237804,0.39405465,0.29107705,0.21819454
GOLDRESOURCECORP_12_11_2008-EX-10.1-STRATEGIC ALLIANCE AGREEMENT,0.41721636,0.32524872,0.19977552,0.45110008,0.2739671,0.34966153,0.46418172,0.47867733,0.38371575,0.43697876,0.4134512,0.42979568,0.43624085,0.42973596,0.27894026,0.39942825,0.26375297,0.504017,0.49106348,0.2437355,0.3634431,0.3266971,0.4124394,0.39343518,0.38143492
"GOOSEHEADINSURANCE,INC_04_02_2018-EX-10.6-Franchise Agreement",0.3156793,0.28432757,0.25639957,0.39688993,0.22739373,0.35487866,0.4404931,0.3068614,0.32796296,0.43248695,0.54147947,0.22537285,0.56082106,0.3029129,0.41736433,0.2860123,0.28704503,0.37685245,0.25963634,0.3680788,0.39368922,0.24598514,0.46065238,0.41614825,0.3700989
GRANTIERRAENERGYINC_05_07_2012-EX-10.6-TRANSPORTATION CONTRACT,0.25790626,0.3539604,0.16200472,0.4364437,0.27916238,0.4242171,0.44274753,0.3676684,0.29339004,0.31274205,0.33448666,0.35491768,0.31515014,0.3688169,0.3414688,0.35180342,0.32780868,0.5025666,0.49787694,0.46636775,0.342982,0.38793057,0.3910591,0.3751427,0.33473834
"GRIDIRONBIONUTRIENTS,INC_02_05_2020-EX-10.3-SUPPLY AGREEMENT",0.32886124,0.34728444,0.094756916,0.40119705,0.19853416,0.32198226,0.26024395,0.33616066,0.35978752,0.32530174,0.24349877,0.29899287,0.2752694,0.28622806,0.23734273,0.3309753,0.2052528,0.3696683,0.3942402,0.17319527,0.25664473,0.26357633,0.38746423,0.30433017,0.25280863
"GSITECHNOLOGYINC_11_16_2009-EX-10.2-INTELLECTUAL PROPERTY AGREEMENT between SONY ELECTRONICS INC. and GSI TECHNOLOGY, INC.",0.43527657,0.48365575,0.20420367,0.5456284,0.30383593,0.4103908,0.6204196,0.4402845,0.46898168,0.4217066,0.4886838,0.484986,0.4989874,0.4777561,0.3796499,0.58367395,0.45490852,0.6200099,0.5213956,0.35056818,0.34425068,0.3684793,0.45109817,0.4295826,0.37890536
GSVINC_05_15_1998-EX-10-SPONSORSHIP AGREEMENT,0.38253978,0.4413653,0.32721287,0.3971277,0.33422798,0.34131098,0.4382089,0.5025669,0.40978906,0.4637822,0.60071886,0.5317207,0.57167614,0.37703848,0.41646078,0.4073483,0.32530773,0.42529142,0.4413886,0.3969272,0.60315895,0.34921426,0.44550872,0.54934305,0.36391008
GULFSOUTHMEDICALSUPPLYINC_12_24_1997-EX-4-AFFILIATE AGREEMENT,0.3356306,0.29064023,0.287351,0.3926862,0.25428364,0.2721338,0.30998373,0.34243718,0.29643387,0.37766582,0.35034344,0.34889865,0.31575945,0.2817917,0.2614686,0.21018992,0.22427401,0.32631403,0.3044324,0.20962682,0.30011928,0.1851396,0.3550753,0.22905451,0.20932436
"GWG HOLDINGS, INC. - ORDERLY MARKETING AGREEMENT",0.35242993,0.32373476,0.25794417,0.47858506,0.40477067,0.5299743,0.47605735,0.4650867,0.49917966,0.376775,0.5594403,0.43618813,0.5182305,0.5668577,0.41370672,0.45862907,0.2258811,0.5381757,0.41721582,0.414377,0.46687925,0.39958858,0.55137867,0.5072114,0.52673376
GarrettMotionInc_20181001_8-K_EX-2.4_11364532_EX-2.4_Intellectual Property Agreement,0.4269458,0.43911067,0.117264174,0.5399418,0.3014555,0.39176396,0.48290098,0.39011836,0.44779044,0.3937381,0.4906575,0.38162908,0.41405478,0.5042939,0.3187373,0.526227,0.30744103,0.5730891,0.48710424,0.32846582,0.2929926,0.34281218,0.4382606,0.46466836,0.35383263
GentechHoldingsInc_20190808_1-A_EX1A-6 MAT CTRCT_11776814_EX1A-6 MAT CTRCT_Distributor Agreement,0.3926105,0.39115632,0.24930345,0.5220995,0.3154295,0.44152647,0.48432028,0.40067267,0.455343,0.4930938,0.4549725,0.41754156,0.52822816,0.44040984,0.4152377,0.40728143,0.30962852,0.41786903,0.43121094,0.47627676,0.5200193,0.47157553,0.4458775,0.366642,0.4368819
GlobalTechnologiesGroupInc_20050928_10KSB_EX-10.9_4148808_EX-10.9_Content License Agreement,0.3979813,0.498643,0.17205605,0.46852148,0.22103547,0.31117052,0.51241255,0.4309854,0.37194878,0.4974079,0.42821229,0.46509042,0.4668579,0.39013696,0.35765818,0.500834,0.5646917,0.5052289,0.46278164,0.36676022,0.42881614,0.38813007,0.43340158,0.33626932,0.28250498
GluMobileInc_20070319_S-1A_EX-10.09_436630_EX-10.09_Content License Agreement1,0.5900923,0.58337975,0.16809255,0.5026479,0.24842352,0.3989707,0.4103427,0.51979893,0.4204122,0.50427175,0.4121405,0.45582867,0.42264807,0.48237598,0.3892137,0.71214855,0.5558757,0.4764799,0.51714516,0.20589647,0.38827997,0.38050136,0.46929184,0.41145703,0.364928
GluMobileInc_20070319_S-1A_EX-10.09_436630_EX-10.09_Content License Agreement2,0.4728449,0.47258654,0.18083574,0.45129067,0.14684126,0.34937137,0.4116893,0.42383003,0.32915673,0.42683378,0.31331334,0.36337632,0.37408912,0.34310946,0.26886338,0.64593256,0.5765066,0.40218794,0.46129566,0.15312189,0.29508603,0.3389508,0.37048006,0.273173,0.2854637
GluMobileInc_20070319_S-1A_EX-10.09_436630_EX-10.09_Content License Agreement3,0.5245549,0.45233065,0.10062299,0.4123691,0.17254287,0.32833427,0.35600418,0.42263097,0.3618608,0.43993598,0.2810934,0.4003145,0.3294924,0.27981585,0.2478862,0.6124867,0.54345036,0.3670863,0.4373131,0.14727855,0.30274788,0.34883726,0.34370136,0.27344382,0.23280287
GluMobileInc_20070319_S-1A_EX-10.09_436630_EX-10.09_Content License Agreement4,0.41364253,0.39650163,0.19549349,0.40261304,0.09369786,0.22385484,0.31144783,0.33498022,0.3037887,0.37342992,0.3418858,0.3028328,0.35259762,0.29246312,0.21412311,0.58458644,0.46360394,0.3712119,0.32807824,0.127433,0.21650481,0.20433423,0.31742442,0.22978151,0.27166158
GopageCorp_20140221_10-K_EX-10.1_8432966_EX-10.1_Content License Agreement,0.3897113,0.41229466,0.30364633,0.39506245,0.30649975,0.32473677,0.39554736,0.38143075,0.3480686,0.5018531,0.6001019,0.38914937,0.60806155,0.40423366,0.40325624,0.4218784,0.46595058,0.45443746,0.41948873,0.35682583,0.42891648,0.24530427,0.480357,0.4427908,0.29110587
GpaqAcquisitionHoldingsInc_20200123_S-4A_EX-10.6_11951677_EX-10.6_License Agreement,0.32913393,0.30919582,0.26984733,0.37866068,0.20789304,0.25461578,0.34492213,0.31207305,0.28542334,0.40991628,0.5626131,0.26782918,0.48612064,0.4086331,0.33100057,0.448188,0.38440275,0.3539208,0.28419507,0.3380075,0.32685435,0.23023173,0.36466566,0.44648162,0.3033896
GpaqAcquisitionHoldingsInc_20200123_S-4A_EX-10.8_11951679_EX-10.8_Service Agreement,0.2985351,0.3554057,0.25926888,0.36859152,0.17592368,0.28175044,0.29935464,0.29723597,0.36247003,0.36791193,0.36909336,0.31304878,0.3606453,0.37440985,0.32396996,0.4449548,0.28773683,0.3244887,0.3057785,0.21685085,0.359581,0.28931308,0.3582993,0.32812077,0.39011085
GridironBionutrientsInc_20171206_8-K_EX-10.1_10972555_EX-10.1_Endorsement Agreement,0.3434993,0.36725736,0.12239976,0.44342196,0.13852003,0.20912498,0.346983,0.27032328,0.33327565,0.3631702,0.2456569,0.31260484,0.24408196,0.3196923,0.36517674,0.3770245,0.27432597,0.23848319,0.40123302,0.14874637,0.3520652,0.1755319,0.2978257,0.27512634,0.29227102
GridironBionutrientsInc_20171206_8-K_EX-10.2_10972556_EX-10.2_Endorsement Agreement,0.16074955,0.24940304,0.015037603,0.2885425,-0.0017658495,0.12526442,0.21078071,0.09528736,0.1944345,0.24763706,0.014402149,0.19264677,0.054082133,0.13722649,0.24177396,0.2447902,0.12936023,0.08054176,0.24066177,0.06472928,0.22105922,0.1060895,0.101391025,0.08129531,0.13194278
"HALITRON,INC_03_01_2005-EX-10.15-SPONSORSHIP AND DEVELOPMENT AGREEMENT",0.34238696,0.42775902,0.2139555,0.47163174,0.27565408,0.3184331,0.39239073,0.40712136,0.39296407,0.4165997,0.37229002,0.42617154,0.37655786,0.43109834,0.4463905,0.4634251,0.39308417,0.40560704,0.54819643,0.25322905,0.37321213,0.29420698,0.42773995,0.3929464,0.4430108
"HC2HOLDINGS,INC_05_14_2020-EX-10.1-COOPERATION AGREEMENT",0.3689277,0.40113822,0.23528922,0.48884875,0.296272,0.39077094,0.47268295,0.40833616,0.45902163,0.3859239,0.52489156,0.35356092,0.4242314,0.44317237,0.33851188,0.43644643,0.30358437,0.5299119,0.441123,0.4280039,0.36091182,0.26838854,0.38407794,0.4491237,0.421031
HEALTHGATEDATACORP_11_24_1999-EX-10.1-HOSTING AND MANAGEMENT AGREEMENT (1),0.36095053,0.44097304,0.31957883,0.539662,0.35177508,0.41807926,0.39135253,0.39066452,0.38002712,0.41492325,0.5424254,0.47273743,0.5386189,0.31010133,0.38790205,0.46220452,0.3703575,0.42642844,0.38919702,0.30162102,0.386863,0.3093602,0.40593052,0.37512186,0.34665406
HEALTHGATEDATACORP_11_24_1999-EX-10.1-HOSTING AND MANAGEMENT AGREEMENT - Escrow Agreement,0.36971867,0.40952644,0.16715965,0.3816914,0.3170709,0.32685134,0.35040754,0.2788318,0.2928679,0.46371967,0.3853482,0.31394657,0.300996,0.31352776,0.3317212,0.36619687,0.28761092,0.44351757,0.33081543,0.4376221,0.35017908,0.26116413,0.4008647,0.25281772,0.26565337
"HEMISPHERX - Sales, Marketing, Distribution, and Supply Agreement",0.33712167,0.34829414,0.32631946,0.48678425,0.37800646,0.39510182,0.32719254,0.32520777,0.41887257,0.46136105,0.58354497,0.4667799,0.59877247,0.34350473,0.2884215,0.4168828,0.26433086,0.4869259,0.4071456,0.27510047,0.37729585,0.34461525,0.4414376,0.41238934,0.23059687
"HERTZGLOBALHOLDINGS,INC_07_07_2016-EX-10.4-INTELLECTUAL PROPERTY AGREEMENT",0.51808476,0.45299888,0.07177852,0.5191276,0.28262055,0.43876913,0.41895986,0.41221917,0.46802005,0.41945434,0.3103344,0.34869516,0.3032662,0.51985514,0.30051693,0.5571611,0.32860538,0.5085774,0.5493846,0.22914335,0.29266843,0.29966754,0.43207604,0.31706163,0.40312207
HOLIDAYRVSUPERSTORESINC_04_15_2002-EX-10.13-ENDORSEMENT AGREEMENT,0.40179968,0.271849,0.33419484,0.3992101,0.3248783,0.32023898,0.484896,0.43127027,0.43283957,0.38906908,0.6428716,0.4555855,0.6144122,0.4185583,0.4502639,0.33463717,0.26867917,0.45953745,0.39342555,0.41001838,0.5113226,0.23911525,0.51914287,0.5799527,0.40956318
"HOSPITALITYINVESTORSTRUST,INC_04_07_2014-EX-10.26-FRANCHISE AGREEMENT",0.3928991,0.3597957,0.20650192,0.41683653,0.23867506,0.32593864,0.4205755,0.46759307,0.4987914,0.3839515,0.48179904,0.3446675,0.48591557,0.42768222,0.32885912,0.4028231,0.29074213,0.4039966,0.3245141,0.34705362,0.47247678,0.33847877,0.46131757,0.43798482,0.4933524
HPILHOLDING_01_07_2015-EX-99.1-COOPERATION AGREEMENT,0.40057346,0.39095107,0.24908185,0.5237425,0.39352012,0.63285595,0.50066465,0.44364855,0.41893962,0.4843343,0.59891963,0.43027467,0.5539842,0.43715838,0.42501277,0.46565437,0.31660336,0.5610324,0.49114814,0.5035301,0.3899992,0.34668845,0.5684502,0.5213561,0.30251563
HUBEIMINKANGPHARMACEUTICALLTD_09_19_2006-EX-10.1-OUTSOURCING AGREEMENT,0.36613443,0.37021613,0.22539657,0.4174655,0.3885133,0.6430416,0.38647044,0.39021754,0.3950009,0.38362318,0.37693572,0.38655445,0.37723702,0.37409946,0.3836088,0.47806323,0.37290788,0.4101799,0.44162166,0.41069436,0.421727,0.33899406,0.5404342,0.34878045,0.28610533
HYDRONTECHNOLOGIESINC_03_31_1997-EX-10.47-SPONSORSHIP AGREEMENT,0.38274923,0.35276428,0.19745427,0.43574324,0.18399048,0.42719153,0.4144571,0.34298798,0.36286405,0.36683315,0.37834182,0.3250609,0.34581712,0.38136697,0.3284328,0.44262284,0.3086542,0.40396625,0.42727545,0.30344975,0.3524753,0.23271574,0.3894527,0.30285752,0.23536034
HYPERIONSOFTWARECORP_09_28_1994-EX-10.47-EXCLUSIVE DISTRIBUTOR AGREEMENT,0.40834504,0.40370086,0.33280343,0.4651148,0.31387827,0.3577771,0.4835718,0.38100624,0.43332303,0.4863881,0.63540393,0.4318232,0.6688781,0.36410052,0.32589912,0.3775835,0.36892024,0.47323963,0.370973,0.4185198,0.41571653,0.2931196,0.4592995,0.49312538,0.32391053
HarpoonTherapeuticsInc_20200312_10-K_EX-10.18_12051356_EX-10.18_Development Agreement,0.39332813,0.5343945,0.14385627,0.52729297,0.3523283,0.4033686,0.42869845,0.3950873,0.48434973,0.43942973,0.43398994,0.47439823,0.4780336,0.403623,0.3496709,0.45262104,0.33389467,0.5164907,0.5425029,0.25261545,0.3476594,0.3971794,0.40555415,0.4040587,0.37767196
HealthcareIntegratedTechnologiesInc_20190812_8-K_EX-10.1_11776966_EX-10.1_Reseller Agreement,0.44853085,0.36203462,0.22147758,0.4884199,0.26488534,0.48651457,0.48514876,0.40991586,0.43090934,0.37661695,0.5396515,0.43363532,0.49484003,0.55347115,0.32212067,0.4626109,0.31304508,0.4976536,0.3650267,0.4264359,0.3783055,0.40461916,0.5527509,0.45803356,0.3640065
HealthcentralCom_19991108_S-1A_EX-10.27_6623292_EX-10.27_Co-Branding Agreement,0.37391996,0.41545,0.25975555,0.5276622,0.2825752,0.35512537,0.3682683,0.36209476,0.45395136,0.3969705,0.454786,0.38040915,0.44441122,0.32829058,0.3101382,0.4704448,0.42197347,0.38885617,0.3793102,0.20000595,0.47789705,0.27824968,0.4833277,0.36187208,0.36187226
HerImports_20161018_8-KA_EX-10.14_9765707_EX-10.14_Maintenance Agreement,0.22123155,0.23373638,0.2023705,0.3187136,0.34820396,0.29543358,0.37217513,0.28602052,0.22922409,0.4964087,0.51502836,0.26884255,0.4677341,0.37206393,0.45456573,0.30374277,0.32887548,0.43121886,0.3137262,0.35008538,0.29963148,0.2170901,0.44916254,0.33957025,0.21884196
HertzGroupRealtyTrustInc_20190920_S-11A_EX-10.8_11816941_EX-10.8_Trademark License Agreement,0.5366259,0.5131835,0.14732471,0.4968981,0.2516566,0.3428784,0.41848928,0.38287818,0.46361476,0.46091223,0.41720372,0.43410963,0.43297577,0.43898258,0.40447053,0.44414085,0.48906338,0.48631942,0.49348325,0.32255077,0.33104098,0.28800237,0.49519557,0.3765877,0.37097684
HfEnterprisesInc_20191223_S-1_EX-10.22_11931299_EX-10.22_Development Agreement,0.30034053,0.32321233,0.3580824,0.4096032,0.3558687,0.36731803,0.413253,0.3922086,0.39362717,0.46049392,0.73206115,0.35826576,0.6174519,0.46243876,0.37338158,0.4282063,0.304304,0.5093172,0.40524578,0.4177348,0.39375752,0.28934175,0.45753586,0.5485685,0.31477785
ICORECONNECTINC_10_13_2010-EX-7.1-Strategic Alliance Agreement,0.35144287,0.31475604,0.33815914,0.44847065,0.28381807,0.29208523,0.41227466,0.3711751,0.383844,0.4441443,0.638765,0.35887182,0.5683254,0.43558645,0.35426414,0.30241776,0.23912342,0.41709524,0.3822309,0.39681897,0.37259156,0.27743912,0.43163908,0.48598927,0.3781613
IDREAMSKYTECHNOLOGYLTD_07_03_2014-EX-10.39-Cooperation Agreement on Mobile Game Business,0.40289587,0.3514648,0.25904512,0.4130954,0.32809943,0.33213508,0.50773793,0.46410164,0.36474273,0.46511686,0.59724927,0.38789284,0.5467279,0.3704908,0.3746667,0.47862482,0.3996427,0.6011247,0.38986838,0.30686074,0.33791253,0.37314892,0.43822938,0.48910338,0.3818492
IGENEBIOTECHNOLOGYINC_05_13_2003-EX-1-JOINT VENTURE AGREEMENT,0.48235825,0.5257743,0.2584864,0.6033348,0.3853917,0.45303816,0.50691676,0.523073,0.51241016,0.47881985,0.45716697,0.488718,0.47030425,0.47833928,0.39115626,0.4877476,0.34762964,0.6266074,0.57278866,0.31572616,0.3738799,0.38474256,0.45141226,0.47903377,0.43035662
IMAGEWARESYSTEMSINC_12_20_1999-EX-10.22-MAINTENANCE AGREEMENT,0.29900533,0.32558823,0.26324263,0.40099913,0.34237558,0.3755297,0.4454158,0.29363018,0.27395582,0.41872406,0.578159,0.44537312,0.5482745,0.35111058,0.42987812,0.368173,0.36634007,0.46084586,0.28972292,0.45221528,0.389246,0.3390945,0.47861052,0.4430564,0.23608908
IMMUNOMEDICSINC_08_07_2019-EX-10.1-PROMOTION AGREEMENT,0.3688767,0.4071204,0.2158687,0.4941742,0.35936892,0.32044834,0.35913497,0.47054678,0.5049001,0.3208332,0.42696816,0.42427903,0.39167917,0.34854436,0.34184372,0.39312872,0.1628236,0.4364675,0.45181322,0.18784097,0.4099592,0.33347344,0.4282243,0.5479883,0.43409666
IMPCOTECHNOLOGIESINC_04_15_2003-EX-10.65-JOINT VENTURE AGREEMENT,0.39091253,0.38634604,0.22002453,0.43838298,0.3848864,0.38758576,0.4928869,0.42294213,0.3992725,0.41169882,0.5421188,0.37224698,0.49351585,0.39516157,0.3045843,0.45382452,0.33879828,0.5810202,0.4487815,0.39703113,0.36528027,0.3867576,0.41439113,0.44441587,0.43589354
INGEVITYCORP_05_16_2016-EX-10.5-INTELLECTUAL PROPERTY AGREEMENT,0.62851906,0.57186985,0.107905224,0.57546437,0.3351702,0.4134493,0.55877477,0.49036583,0.46165365,0.43647835,0.37429446,0.47355425,0.4247804,0.39518526,0.31636804,0.5240618,0.42642272,0.5854497,0.48033515,0.3203708,0.33073917,0.34588847,0.42061368,0.4216804,0.3810119
INKTOMICORP_06_08_1998-EX-10.14-SOFTWARE HOSTING AGREEMENT,0.47454363,0.46692026,0.28555697,0.58530134,0.32804948,0.38249528,0.505246,0.53105885,0.43818787,0.5098817,0.62844384,0.46701604,0.5028873,0.5137191,0.44874817,0.49346876,0.42205572,0.5508155,0.4802192,0.4633599,0.37309092,0.36290592,0.55963993,0.53072745,0.33428127
"INNOVIVA,INC_08_07_2014-EX-10.1-COLLABORATION AGREEMENT",0.4389007,0.52537644,0.22952628,0.48771954,0.37326932,0.46142778,0.6327865,0.46783984,0.4569584,0.4841009,0.60774684,0.47805288,0.58505464,0.5373691,0.43306562,0.52797246,0.37069046,0.5968016,0.6580239,0.36064932,0.39359874,0.4219696,0.42465973,0.52158666,0.45680887
"INTELLIGENTHIGHWAYSOLUTIONS,INC_01_18_2018-EX-10.1-Strategic Alliance Agreement",0.34006897,0.37609407,0.3292517,0.46860224,0.29095048,0.3776831,0.47370052,0.3861339,0.42543322,0.50709,0.6009493,0.42220125,0.5749098,0.35245028,0.36572987,0.34902012,0.23229763,0.45229405,0.4200237,0.38168478,0.39188135,0.36700594,0.4443187,0.4903165,0.35210687
INTERNATIONALFASTFOODCORP_04_04_1997-EX-99-FRANCHISE AGREEMENT,0.31050158,0.2767353,0.09931081,0.33974874,0.18534003,0.25862482,0.43363488,0.37086362,0.36498708,0.26700506,0.2480309,0.2610651,0.2746985,0.37289596,0.24549988,0.2624324,0.26676953,0.34065986,0.2806213,0.23183304,0.25087893,0.25891006,0.33125356,0.2861288,0.41715539
"INTERSECTENT,INC_05_11_2020-EX-10.1-SUPPLY AGREEMENT",0.43014383,0.36756822,0.28979367,0.48567048,0.2845717,0.39258268,0.494305,0.6038312,0.43981802,0.45438015,0.5884869,0.43139505,0.4790849,0.5061774,0.3410819,0.44378632,0.31289756,0.61455154,0.46183857,0.35476384,0.41252673,0.38511664,0.4985115,0.5526228,0.3814359
INTRICONCORP_03_10_2009-EX-10.22-Strategic Alliance Agreement,0.33397195,0.37449026,0.2640182,0.41098237,0.24932118,0.33757165,0.3775847,0.44069558,0.31242913,0.47617716,0.50052345,0.48362708,0.5098837,0.3174805,0.35092965,0.29664803,0.39002427,0.41985676,0.39184007,0.32174528,0.3467916,0.3181938,0.41089237,0.30821788,0.27301565
"IOVANCEBIOTHERAPEUTICS,INC_08_03_2017-EX-10.1-STRATEGIC ALLIANCE AGREEMENT",0.37301782,0.41519502,0.16634703,0.6717156,0.2566592,0.3593743,0.35455972,0.4293009,0.4139116,0.45834097,0.36422068,0.40488684,0.3829444,0.3863788,0.35366368,0.50875485,0.17718554,0.38771683,0.4551453,0.26396975,0.33102465,0.29378963,0.35600358,0.3433178,0.38878602
"IPAYMENT,INC_05_14_2007-EX-10.1-SPONSORSHIP AGREEMENT",0.31612882,0.28160393,0.27461922,0.41934216,0.38624054,0.29061416,0.43638074,0.4482552,0.36830544,0.39558092,0.60593355,0.3501998,0.52013916,0.42918757,0.40049994,0.32944152,0.22997989,0.44817537,0.3468896,0.46454388,0.42184722,0.24511957,0.46896237,0.55657244,0.29833734
IVILLAGEINC_03_17_1999-EX-10.16-SPONSORSHIP AGREEMENT,0.32060814,0.43365192,0.35478017,0.4671396,0.35604227,0.33407003,0.42474717,0.39116973,0.41849,0.47030452,0.6134673,0.43442416,0.54832387,0.3498274,0.3562609,0.41714382,0.31744212,0.47421017,0.4172942,0.4143092,0.47457162,0.32298034,0.3914619,0.5182656,0.3181485
IbioInc_20200313_8-K_EX-10.1_12052678_EX-10.1_Development Agreement,0.3317845,0.42059058,0.30067718,0.50611573,0.27982068,0.3386644,0.47255635,0.44310674,0.40212566,0.4738153,0.6799396,0.42174846,0.59407485,0.4860556,0.3946134,0.44892794,0.41288137,0.55471325,0.4867868,0.43857366,0.39870518,0.30603772,0.40070516,0.51262563,0.35392034
IdeanomicsInc_20151124_8-K_EX-10.2_9354744_EX-10.2_Content License Agreement,0.47211796,0.5356109,0.20894697,0.48306063,0.27288303,0.33769792,0.49655408,0.37395543,0.46018204,0.518993,0.39427838,0.40500116,0.4358725,0.43287417,0.3426292,0.5244434,0.67546225,0.49093965,0.47679955,0.35249922,0.3698989,0.37532878,0.38983867,0.29392904,0.38082594
IdeanomicsInc_20160330_10-K_EX-10.26_9512211_EX-10.26_Content License Agreement,0.50805277,0.5395235,0.20137161,0.5030564,0.26240602,0.33098313,0.5160164,0.39468175,0.4464891,0.5476916,0.40462503,0.403108,0.44283688,0.43435854,0.35028952,0.52844477,0.69968903,0.5202048,0.47783306,0.36590213,0.3527029,0.35473388,0.38864458,0.32031074,0.36780456
ImineCorp_20180725_S-1_EX-10.5_11275970_EX-10.5_Distributor Agreement,0.41106743,0.46284655,0.31389105,0.56239974,0.3974914,0.4736633,0.46756637,0.46776748,0.55238706,0.44581568,0.52703786,0.5217412,0.52521944,0.53335273,0.2921649,0.4619062,0.3318572,0.5131259,0.50717247,0.27545443,0.50665104,0.38481173,0.5571201,0.4530371,0.43750846
ImperialGardenResortInc_20161028_DRS (on F-1)_EX-10.13_9963189_EX-10.13_Outsourcing Agreement,0.23669565,0.23667116,0.12038355,0.32773247,0.25416967,0.2372054,0.29470792,0.28350887,0.19739683,0.24523145,0.24986586,0.21815899,0.18967032,0.2002776,0.20436582,0.25477472,0.31542572,0.35098037,0.27659178,0.39428824,0.21184567,0.2063884,0.31178552,0.28222272,0.31585878
ImpresseCorp_20000322_S-1A_EX-10.11_5199234_EX-10.11_Co-Branding Agreement,0.5053485,0.5308589,0.105439976,0.48426023,0.29808426,0.480538,0.53893834,0.49374765,0.52312016,0.47456467,0.41437268,0.42304692,0.4624104,0.43429893,0.37586513,0.52259684,0.42538756,0.5600013,0.463435,0.35473976,0.4999416,0.41044495,0.49515402,0.4384365,0.42427334
InmodeLtd_20190729_F-1A_EX-10.9_11743243_EX-10.9_Manufacturing Agreement,0.28524154,0.32308233,0.26559082,0.35655898,0.40503472,0.30541697,0.43582094,0.36899698,0.31471008,0.4070856,0.5683057,0.4315185,0.50946164,0.4212774,0.41856346,0.30216157,0.26172292,0.5279647,0.4343819,0.40829808,0.37163544,0.3049934,0.36165214,0.45748922,0.40912965
InnerscopeHearingTechnologiesInc_20181109_8-K_EX-10.6_11419704_EX-10.6_Distributor Agreement,0.5536781,0.5806963,0.17852718,0.5973629,0.3869139,0.56242293,0.5163162,0.50934225,0.5188487,0.47818178,0.44893464,0.5691827,0.5583668,0.44997537,0.35452843,0.5682863,0.3995701,0.50574434,0.51508456,0.32269394,0.46581605,0.44258988,0.4766075,0.44234145,0.4904963
IntegrityFunds_20200121_485BPOS_EX-99.E UNDR CONTR_11948727_EX-99.E UNDR CONTR_Service Agreement,0.35104135,0.31840593,0.32515,0.37860388,0.24085242,0.23040378,0.37993878,0.42162085,0.36727077,0.33507195,0.5636006,0.37488818,0.5433421,0.38223964,0.4106682,0.39453748,0.27203485,0.4268629,0.3170193,0.38855284,0.45965007,0.23476881,0.45072603,0.43646097,0.37385267
IntegrityMediaInc_20010329_10-K405_EX-10.17_2373875_EX-10.17_Co-Branding Agreement,0.44202626,0.5095069,0.13929622,0.48764023,0.32920372,0.39789802,0.42390627,0.4249183,0.5905316,0.41601855,0.37903702,0.5005804,0.42730287,0.37392822,0.28857273,0.5375765,0.4068612,0.37920532,0.44974095,0.25167516,0.47976476,0.3528716,0.4628321,0.30243397,0.38776553
InvendaCorp_20000828_S-1A_EX-10.2_2588206_EX-10.2_Co-Branding Agreement,0.43690264,0.38692433,0.24976774,0.30525845,0.32799822,0.2365142,0.39578894,0.4073484,0.4423847,0.38163412,0.47243336,0.5164425,0.50497955,0.26964322,0.35862708,0.27418035,0.3197459,0.3173786,0.4046876,0.22313704,0.51985836,0.26183861,0.46183014,0.41581863,0.34703428
IpassInc_20181203_8-K_EX-99.1_11445874_EX-99.1_Reseller Agreement,0.468718,0.40484422,0.31282705,0.44712242,0.30867684,0.3843837,0.49771816,0.45628017,0.42422247,0.47741002,0.65824795,0.4880641,0.6583393,0.42595506,0.42618734,0.42709363,0.44250154,0.483338,0.37210318,0.41362354,0.4322303,0.34828997,0.5449478,0.5217609,0.31453
JINGWEIINTERNATIONALLTD_10_04_2007-EX-10.7-INTELLECTUAL PROPERTY AGREEMENT,0.42518902,0.46665472,0.17441517,0.407041,0.34609377,0.32041556,0.4649948,0.34728587,0.37122095,0.39248192,0.4641588,0.349814,0.45506436,0.3512336,0.2706144,0.49534935,0.54786503,0.5673409,0.42188334,0.3001716,0.25463206,0.31159434,0.32584226,0.3865974,0.35446525
JOINTCORP_09_19_2014-EX-10.15-FRANCHISE AGREEMENT,0.25269854,0.28817737,0.3177321,0.3874001,0.2600904,0.30811423,0.4312228,0.34615374,0.28190172,0.3960305,0.4669958,0.24579999,0.42313275,0.39892483,0.34304482,0.28920168,0.33855388,0.49791262,0.35789168,0.38718975,0.31404847,0.3249358,0.3188138,0.38608798,0.41375118
KALLOINC_11_03_2011-EX-10.1-STRATEGIC ALLIANCE AGREEMENT,0.42213804,0.4755962,0.17201762,0.5756844,0.32764006,0.39837512,0.57383347,0.53084993,0.45168638,0.50903225,0.47077054,0.45994884,0.45994866,0.38807493,0.33720523,0.46351612,0.32158005,0.54643047,0.5361645,0.30672485,0.36799645,0.36587852,0.49515742,0.47675782,0.4614684
KENTUCKYUTILITIESCO_03_25_2003-EX-10.65-TRANSPORTATION AGREEMENT,0.23016873,0.2711811,0.20041955,0.36126906,0.24657686,0.3430148,0.3368209,0.4202918,0.25040922,0.30970564,0.26857263,0.27636173,0.29075164,0.31533515,0.29201114,0.28238237,0.1894077,0.3198818,0.40117523,0.359355,0.2993189,0.3250541,0.28640416,0.27501753,0.27538234
KINGPHARMACEUTICALSINC_08_09_2006-EX-10.1-PROMOTION AGREEMENT,0.2801288,0.3594613,0.13337845,0.46096867,0.196434,0.34894758,0.32521003,0.29159486,0.4401072,0.28833157,0.33363312,0.40813804,0.33773187,0.35968357,0.29111087,0.34597647,0.18626031,0.3387638,0.3653553,0.28573483,0.3528319,0.3648374,0.3649901,0.3578648,0.26316458
"KIROMICBIOPHARMA,INC_04_08_2020-EX-10.28-JOINT VENTURE AGREEMENT",0.30604458,0.37812227,0.2957669,0.48325026,0.3656202,0.3729959,0.47022903,0.38953185,0.3778864,0.4661274,0.641476,0.44467664,0.57089704,0.47774005,0.37131548,0.38861108,0.25819048,0.5240158,0.42460167,0.38938034,0.3961634,0.33180746,0.44893217,0.49945346,0.32339567
"KIROMICBIOPHARMA,INC_05_11_2020-EX-10.23-CONSULTING AGREEMENT",0.3933142,0.34509718,0.15423165,0.40717086,0.30970517,0.32565463,0.4453282,0.50098425,0.37060624,0.4662094,0.45394033,0.38092846,0.39918995,0.29919723,0.35616773,0.36237633,0.22477695,0.49509257,0.43384147,0.31589705,0.3098822,0.2693594,0.3677685,0.5104264,0.45421544
"KNOWLABS,INC_08_15_2005-EX-10-INTELLECTUAL PROPERTY AGREEMENT",0.42708093,0.49198133,0.13773228,0.4999524,0.39043435,0.42379636,0.44248492,0.39116958,0.49974853,0.39261734,0.4145366,0.42382157,0.43301788,0.4853019,0.3396959,0.55575466,0.39442813,0.5620683,0.4654049,0.3008369,0.32503515,0.30240285,0.44991675,0.38952595,0.37448418
"KUBIENT,INC_07_02_2020-EX-10.14-MASTER SERVICES AGREEMENT_Part1",0.39248714,0.3913788,0.3097293,0.43410963,0.27118653,0.37932462,0.4447273,0.4581229,0.36535716,0.41864905,0.6649993,0.34189683,0.5074667,0.48551428,0.41644633,0.4229622,0.32067662,0.5008708,0.32542187,0.44236016,0.3457263,0.26804543,0.464149,0.5399177,0.3781256
"KUBIENT,INC_07_02_2020-EX-10.14-MASTER SERVICES AGREEMENT_Part2",0.3903162,0.3339079,0.23894158,0.42296103,0.39097738,0.46463317,0.47144914,0.44918305,0.32130545,0.35628623,0.55685973,0.41224268,0.41999227,0.36278254,0.42892373,0.4215476,0.22535476,0.42308646,0.36050692,0.44027933,0.36021087,0.37700033,0.4874695,0.60483766,0.34712934
KitovPharmaLtd_20190326_20-F_EX-4.15_11584449_EX-4.15_Manufacturing Agreement,0.3213308,0.40540338,0.32058704,0.5098363,0.35667038,0.32914314,0.43590748,0.33096737,0.3775257,0.5308338,0.60462666,0.40018627,0.54140925,0.45447046,0.42319793,0.4008958,0.3292849,0.53666526,0.4642735,0.34479177,0.35036534,0.38965085,0.32544863,0.49691355,0.3974246
LECLANCHÉ S.A. - JOINT DEVELOPMENT AND MARKETING AGREEMENT,0.36593357,0.35849285,0.16529061,0.46540248,0.2630834,0.35810873,0.4406101,0.5026283,0.35241997,0.48135257,0.54525805,0.38285977,0.48686612,0.3967156,0.34612024,0.4522408,0.25147504,0.61199665,0.43410793,0.3164807,0.34662634,0.33382013,0.51040125,0.6274053,0.35319015
"LEGACYTECHNOLOGYHOLDINGS,INC_12_09_2005-EX-10.2-DISTRIBUTOR AGREEMENT",0.36127326,0.3740118,0.25288936,0.4264505,0.3164413,0.32637978,0.38958687,0.34942806,0.44450957,0.4521895,0.5313543,0.4282121,0.53579336,0.41829157,0.34425086,0.38906074,0.2577646,0.36912018,0.4115926,0.36827144,0.4272399,0.2929969,0.5021275,0.45520395,0.29081416
LEJUHOLDINGSLTD_03_12_2014-EX-10.34-INTERNET CHANNEL COOPERATION AGREEMENT,0.35230514,0.3113219,0.27901638,0.28178716,0.23358215,0.1788721,0.39879718,0.3394655,0.2513272,0.35229534,0.48650587,0.28151911,0.43804932,0.23822764,0.23113099,0.4004333,0.52583015,0.45086148,0.2650596,0.27448168,0.31167984,0.31789297,0.3506957,0.31327152,0.25421548
LIGHTBRIDGECORP_11_23_2015-EX-10.26-STRATEGIC ALLIANCE AGREEMENT,0.33400586,0.2769396,0.3925017,0.43303385,0.25045422,0.35916585,0.48067194,0.43945765,0.38053107,0.42714947,0.72179973,0.35971254,0.5856492,0.37998915,0.32596883,0.3533073,0.29083306,0.53609115,0.4198749,0.42264557,0.3568744,0.29978994,0.39761418,0.54626995,0.40695435
LIMEENERGYCO_09_09_1999-EX-10-DISTRIBUTOR AGREEMENT,0.39707,0.38005865,0.23507798,0.44972324,0.31090704,0.37439734,0.4712144,0.4124623,0.36358988,0.44378623,0.5000701,0.43542284,0.5323657,0.48592466,0.33191943,0.41739365,0.38988587,0.54616,0.44873708,0.33510163,0.43067968,0.33443204,0.43641382,0.42518455,0.36137572
LOGANSROADHOUSEINC_03_27_1998-EX-10.17-SPONSORSHIP AGREEMENT,0.3335271,0.30292842,0.11715392,0.36644286,0.2743917,0.2677459,0.30446187,0.3477269,0.4036475,0.36806777,0.20241117,0.3756479,0.2657941,0.26774827,0.31436586,0.34238923,0.27233672,0.27876526,0.37057808,0.17243086,0.35986573,0.23695613,0.3774347,0.23008566,0.25997418
LOOKSMARTLTD_07_20_2012-EX-99.(D)(I)-SPONSORSHIP AGREEMENT,0.35724443,0.37140977,0.32847935,0.4495144,0.29541844,0.36400473,0.46926376,0.46723735,0.43012697,0.419822,0.54833496,0.48114356,0.5331733,0.4208495,0.4549815,0.4127956,0.3037603,0.46821174,0.4179886,0.40924817,0.5378221,0.33709252,0.44742256,0.51176155,0.39411312
LOYALTYPOINTINC_11_16_2004-EX-10.2-RESELLER AGREEMENT,0.44070154,0.4364849,0.2893438,0.4524743,0.26407394,0.38355482,0.41013882,0.45291886,0.39926445,0.33739942,0.4898756,0.41873395,0.49587232,0.40827885,0.38196212,0.43953514,0.33407775,0.39971238,0.3873926,0.38964126,0.46739656,0.3257845,0.49837595,0.47102565,0.3540908
LUCIDINC_04_15_2011-EX-10.9-DISTRIBUTOR AGREEMENT,0.5010383,0.5420853,0.1971441,0.55943656,0.37114936,0.45932254,0.54303,0.43993002,0.54317874,0.5221002,0.4635129,0.49633658,0.57002926,0.4379902,0.33322918,0.5143486,0.41590947,0.49461257,0.4428253,0.4045856,0.50028753,0.41929963,0.5201843,0.44069943,0.41018057
LeadersonlineInc_20000427_S-1A_EX-10.8_4991089_EX-10.8_Co-Branding Agreement,0.4933031,0.50086784,0.15670604,0.46933126,0.20055342,0.40808213,0.44809398,0.4953919,0.48811015,0.4828679,0.5278268,0.3756169,0.468941,0.46798497,0.31883126,0.4922982,0.43408576,0.51881087,0.4302693,0.3306795,0.43459284,0.3421821,0.5104772,0.45077464,0.36818737
LegacyEducationAllianceInc_20141110_8-K_EX-10.9_8828866_EX-10.9_Endorsement Agreement,0.46700078,0.5114701,0.26482928,0.56099963,0.3359506,0.480366,0.48921812,0.4794264,0.49551988,0.5099687,0.4657262,0.45230353,0.47386032,0.40498787,0.4212151,0.5600833,0.42494607,0.49902558,0.49985945,0.3648914,0.44682768,0.32174927,0.46989483,0.49479553,0.46405536
LegacyEducationAllianceInc_20200330_10-K_EX-10.18_12090678_EX-10.18_Development Agreement,0.30480412,0.3280566,0.29302907,0.36510712,0.20973077,0.26912403,0.3356166,0.25985828,0.3095001,0.47445777,0.5860393,0.28526446,0.50164574,0.3880164,0.36475328,0.38089767,0.3665982,0.4194398,0.3421889,0.4048962,0.34184003,0.25387746,0.38503903,0.4078426,0.35182625
LejuHoldingsLtd_20140121_DRS (on F-1)_EX-10.26_8473102_EX-10.26_Content License Agreement1,0.42619604,0.42786467,0.3039964,0.40333128,0.35547954,0.29879707,0.4510828,0.38365996,0.33113897,0.40631843,0.5106518,0.41679686,0.52917945,0.38126636,0.34850967,0.43513674,0.61247563,0.55804765,0.38750964,0.36376715,0.34638482,0.2880844,0.44937748,0.333367,0.3142159
LejuHoldingsLtd_20140121_DRS (on F-1)_EX-10.26_8473102_EX-10.26_Content License Agreement2,0.3692956,0.24079648,0.14908276,0.38037804,0.26458055,0.25149256,0.4166358,0.3424351,0.32421106,0.33862424,0.48454,0.25855172,0.38774854,0.35037783,0.24660802,0.3057851,0.38468412,0.5229181,0.29172283,0.32242447,0.21584702,0.17669995,0.43225166,0.43571335,0.304649
LifewayFoodsInc_20160316_10-K_EX-10.24_9489766_EX-10.24_Endorsement Agreement,0.4062469,0.47023544,0.1580865,0.49580562,0.24455425,0.35990494,0.44740245,0.43377385,0.5176869,0.39512575,0.37923145,0.4152689,0.33319515,0.43930733,0.3862585,0.47504255,0.29199404,0.4009179,0.42500257,0.27776673,0.49004626,0.28743768,0.45189676,0.34207243,0.44786242
LinkPlusCorp_20050802_8-K_EX-10_3240252_EX-10_Affiliate Agreement,0.41986895,0.44854748,0.13231216,0.4639544,0.28799385,0.38379866,0.46836823,0.41535795,0.44002092,0.48684326,0.39986303,0.3943322,0.4205191,0.32424164,0.30898836,0.4894032,0.39600122,0.4919234,0.4430984,0.34037092,0.35447723,0.39093292,0.4084092,0.3354481,0.3585518
LiquidmetalTechnologiesInc_20200205_8-K_EX-10.1_11968198_EX-10.1_Development Agreement,0.26595965,0.35328043,0.2918382,0.3726998,0.35948595,0.34804973,0.45509222,0.3458755,0.37741962,0.46096516,0.71566355,0.3403654,0.6057361,0.35854065,0.3854251,0.3774442,0.3121931,0.50619555,0.38540345,0.4757236,0.39570537,0.30711812,0.39692175,0.5606901,0.34820205
LohaCompanyltd_20191209_F-1_EX-10.16_11917878_EX-10.16_Supply Agreement,0.2710955,0.24488905,0.13703372,0.2754448,0.43675643,0.32842767,0.32770428,0.24917266,0.23023838,0.26553184,0.3089128,0.23113479,0.35306907,0.3550463,0.3437255,0.2986806,0.35661954,0.3501144,0.22934198,0.31567737,0.30608448,0.29377502,0.38624364,0.18717447,0.30657452
"Loop Industries, Inc. - Marketing Agreement",0.3721153,0.45274004,0.1615451,0.43141896,0.40966162,0.38436514,0.49197567,0.44018263,0.38604182,0.51942194,0.40557998,0.45086193,0.49835426,0.3918148,0.3698169,0.43698466,0.3665709,0.47601482,0.43746352,0.32675004,0.453646,0.4387076,0.40827698,0.42225456,0.39631617
MACROGENICSINC_08_02_2013-EX-10-COLLABORATION AGREEMENT,0.41865116,0.5566333,0.171498,0.48480105,0.31686074,0.44200248,0.49698937,0.45375937,0.44807476,0.4643256,0.4395745,0.41674334,0.46191102,0.42587945,0.4335396,0.45065928,0.3382769,0.44906765,0.5390191,0.2957137,0.3689556,0.39471656,0.4933619,0.39597803,0.35444903
"MACY_S,INC_05_11_2020-EX-99.4-JOINT FILING AGREEMENT",0.28876257,0.24668711,0.18377668,0.34750977,0.21304442,0.31387103,0.417539,0.28665534,0.28459325,0.4452773,0.37495315,0.36977217,0.40782094,0.27617338,0.33318114,0.31890434,0.2834622,0.46726444,0.36366886,0.26253378,0.35376802,0.23533998,0.3368559,0.20902595,0.24866378
MANAKOASERVICESCORP_11_21_2007-EX-7.5-STRATEGIC ALLIANCE AGREEMENT,0.30068615,0.39798075,0.24244271,0.45655733,0.31740203,0.35170156,0.51564246,0.42164192,0.4194405,0.438061,0.5686033,0.40866792,0.49766958,0.30433804,0.30047548,0.4098832,0.25080907,0.47711465,0.4146359,0.4205593,0.34172934,0.37062824,0.4104349,0.5389514,0.4090885
MANUFACTURERSSERVICESLTD_06_05_2000-EX-10.14-OUTSOURCING AGREEMENT,0.3844003,0.3913628,0.34349453,0.41192132,0.3650075,0.33299518,0.45428297,0.4206528,0.3782023,0.49991834,0.7161218,0.35383886,0.602785,0.38618225,0.3676648,0.39013577,0.35366327,0.4935526,0.38785326,0.46685728,0.40081513,0.34153742,0.4344121,0.55309427,0.36265475
"MARSHALLHOLDINGSINTERNATIONAL,INC_04_14_2004-EX-10.15-ENDORSEMENT AGREEMENT",0.4345325,0.41029966,0.16276108,0.4547579,0.19734895,0.30231988,0.49112678,0.49585396,0.41348952,0.49471524,0.46190578,0.40872264,0.42889193,0.38944045,0.43512723,0.43731737,0.38519207,0.4353116,0.42434743,0.36425868,0.48503953,0.28179753,0.4998264,0.45449448,0.37893748
MARTINMIDSTREAMPARTNERSLP_01_23_2004-EX-10.3-TRANSPORTATION SERVICES AGREEMENT,0.29670608,0.28426886,0.3342243,0.34331894,0.25497288,0.30544034,0.37450722,0.32597435,0.30978137,0.44874257,0.5819782,0.2821859,0.5397997,0.30086175,0.34716615,0.2706427,0.23352282,0.34573168,0.34919387,0.43519455,0.33018976,0.22180447,0.3080938,0.40944123,0.2924738
"MEDALISTDIVERSIFIEDREIT,INC_05_18_2020-EX-10.1-CONSULTING AGREEMENT",0.3395758,0.3511501,0.2583555,0.31861717,0.27744538,0.2810608,0.36171454,0.400299,0.3815225,0.43996316,0.45827556,0.35054925,0.4220968,0.33596095,0.37951797,0.29244542,0.28012627,0.38189417,0.37036923,0.3292795,0.42769495,0.2974018,0.42571878,0.38617784,0.5136282
MEDIWOUNDLTD_01_15_2014-EX-10.6-SUPPLY AGREEMENT,0.3399139,0.39000994,0.15706512,0.5069796,0.3699717,0.40518537,0.26196852,0.30536598,0.45398676,0.3212793,0.2749913,0.43431497,0.34790078,0.2980919,0.29347485,0.39493096,0.22706991,0.33343744,0.41639587,0.19858433,0.36451447,0.35239062,0.36785,0.29209253,0.3288778
"MEETGROUP,INC_06_29_2017-EX-10.1-COOPERATION AGREEMENT",0.43162686,0.38190594,0.12378205,0.39435723,0.3340129,0.35846105,0.45195612,0.41905415,0.42992216,0.38341367,0.44964677,0.371292,0.42561448,0.479952,0.34614325,0.36804736,0.2669313,0.5174988,0.47579217,0.2734177,0.395893,0.27489102,0.41739488,0.42655754,0.4149784
MERCATAINC_03_09_2000-EX-10.21-SPONSORSHIP AGREEMENT,0.39106652,0.3548894,0.23349929,0.55380803,0.20524377,0.33238077,0.4161935,0.40110272,0.39307588,0.41309592,0.37928936,0.36171037,0.339657,0.37815207,0.40019265,0.4765647,0.31661832,0.39915484,0.40791363,0.29494944,0.36118725,0.28550288,0.44888377,0.37751424,0.38248354
MERITLIFEINSURANCECO_06_19_2020-EX-10.(XIV)-MASTER SERVICES AGREEMENT,0.318524,0.27722514,0.20068617,0.42448276,0.24824004,0.27945206,0.37947506,0.4417468,0.25669563,0.3620886,0.5485029,0.30050194,0.37960073,0.3964016,0.40215296,0.3212568,0.2338871,0.50079244,0.4250083,0.42565644,0.23851079,0.25216857,0.45393765,0.6049442,0.33801788
"MFAFINANCIAL,INC_07_06_2020-EX-99.D-JOINT FILING AGREEMENT",0.22547176,0.20020546,0.08516056,0.3149042,0.12627037,0.2654244,0.3306871,0.24256395,0.2759153,0.39945826,0.25087067,0.25805396,0.30913562,0.17810678,0.26137865,0.24388391,0.21425478,0.36119458,0.3115704,0.20364262,0.2486561,0.23706752,0.30650333,0.13683644,0.23313698
"MIDDLEBROOKPHARMACEUTICALS,INC_03_18_2010-EX-10.1-PROMOTION AGREEMENT",0.3452105,0.409655,0.2383652,0.48391995,0.2582669,0.37011147,0.3922506,0.42586362,0.40170598,0.39935225,0.51362073,0.45786726,0.4726839,0.38203555,0.4279026,0.426951,0.23718232,0.46671003,0.35307485,0.47295505,0.4198519,0.36694992,0.54028857,0.4568271,0.33816314
"MJBIOTECH,INC_12_06_2018-EX-99.01-JOINT VENTURE AGREEMENT",0.3255395,0.31360587,0.2938854,0.39532596,0.27427217,0.30818594,0.4868223,0.36734045,0.32149833,0.40490898,0.59113014,0.36974102,0.47674108,0.4063583,0.3731429,0.3601209,0.26908112,0.55095375,0.39048776,0.4256388,0.38909563,0.28280744,0.4140894,0.5099392,0.35721046
MOELIS_CO_03_24_2014-EX-10.19-STRATEGIC ALLIANCE AGREEMENT,0.2907771,0.28377813,0.27712637,0.43734163,0.26784688,0.28773534,0.42927542,0.36220604,0.4018899,0.47386456,0.5694864,0.37672216,0.59243,0.28899667,0.3140037,0.30064857,0.28589624,0.45392907,0.28291363,0.34391797,0.36805713,0.36040697,0.3213169,0.39630497,0.40625042
MOSSIMOINC_04_14_2000-EX-10.14-ENDORSEMENT AGREEMENT,0.4617681,0.38723558,0.197275,0.5279182,0.2944749,0.34844857,0.49620003,0.4788586,0.47887996,0.4303062,0.54374516,0.35202965,0.5271946,0.45253015,0.3548967,0.42937508,0.36182046,0.50122523,0.41491175,0.39825127,0.4211059,0.27841783,0.5039948,0.56085527,0.4393112
MOVADOGROUPINC_04_30_2003-EX-10.28-ENDORSEMENT AGREEMENT,0.3549049,0.22915593,0.18755722,0.41960293,0.23790857,0.34544477,0.41751218,0.41697755,0.3281224,0.24659875,0.40263373,0.373133,0.38785332,0.47333524,0.43838036,0.39688024,0.14615837,0.38646948,0.33613738,0.31553838,0.35362446,0.25916398,0.41425526,0.40337753,0.32610363
MPLXLP_06_17_2015-EX-10.1-TRANSPORTATION SERVICES AGREEMENT,0.26670477,0.2824678,0.22221106,0.34891528,0.2343044,0.31230563,0.3814178,0.34066448,0.28166857,0.44399953,0.5088037,0.29150844,0.5512547,0.33309287,0.38771212,0.27738535,0.27644262,0.3623578,0.35906398,0.39171606,0.31888768,0.24420953,0.35191545,0.43618706,0.26714298
MRSFIELDSORIGINALCOOKIESINC_01_29_1998-EX-10-FRANCHISE AGREEMENT,0.3662476,0.33965158,0.24978963,0.3629399,0.26388356,0.32907653,0.4237976,0.3670242,0.41125944,0.3291669,0.5315982,0.2972033,0.45131344,0.48174545,0.24943382,0.36413974,0.37244564,0.38534594,0.3082361,0.29115236,0.38472536,0.3267516,0.33110207,0.36883277,0.54339457
MSCIINC_02_28_2008-EX-10.10-,0.4789346,0.62653995,0.05937966,0.4692448,0.23400086,0.28771856,0.36734185,0.41812617,0.37590292,0.51005715,0.25798094,0.40384042,0.29299408,0.33723694,0.34466618,0.43792984,0.41980827,0.43341172,0.4733625,0.27407357,0.31373984,0.31976333,0.33440655,0.23111281,0.43726027
MTITECHNOLOGYCORP_11_16_2004-EX-10.102-Reseller Agreement Premier Addendum,0.48421386,0.50348103,0.19953334,0.5517688,0.2970483,0.38401073,0.48184487,0.40269992,0.55312705,0.4878407,0.45684075,0.43393278,0.45951536,0.39912271,0.30275673,0.51638746,0.38771337,0.44532627,0.4146152,0.39276809,0.39471614,0.26633996,0.5033033,0.36773294,0.3875344
"Magenta Therapeutics, Inc. - Master Development and Manufacturing Agreement",0.2564855,0.3701172,0.31378692,0.4591587,0.27677763,0.3560719,0.32534224,0.3742546,0.3503662,0.4568322,0.57396555,0.34599388,0.48106724,0.45210594,0.36815727,0.37443632,0.25669134,0.4617583,0.41562995,0.40563387,0.3622164,0.31689024,0.41291282,0.46892977,0.38219166
"MetLife, Inc. - Remarketing Agreement",0.29105312,0.3271261,0.14355643,0.43724084,0.32145238,0.41855177,0.4203574,0.44783014,0.4007374,0.34460348,0.39236826,0.34699094,0.34737983,0.5196989,0.3869536,0.41927284,0.19259739,0.5330454,0.38021463,0.38561273,0.43974054,0.41604543,0.48909307,0.38067085,0.39631486
Microgenics Corporation - Collaborative Development and Commercialization Agreement,0.3804283,0.49163923,0.13211483,0.45772177,0.3191753,0.300244,0.3899387,0.35687155,0.38830352,0.38510042,0.4144959,0.40099275,0.44333175,0.38416997,0.3672741,0.34628123,0.26051486,0.4504276,0.5240118,0.24216346,0.3401064,0.25929296,0.42981735,0.40419132,0.26435667
MidwestEnergyEmissionsCorp_20080604_8-K_EX-10.2_3093976_EX-10.2_Content License Agreement,0.3931199,0.41399673,0.38556027,0.41320312,0.29297787,0.28715748,0.4529052,0.4056564,0.34383217,0.4898408,0.6308501,0.4062069,0.5807488,0.41150308,0.413876,0.44673425,0.5677371,0.46662742,0.41345307,0.38772655,0.39689523,0.27216586,0.44831508,0.4605353,0.28570068
Monsanto Company - SECOND A_R EXCLUSIVE AGENCY AND MARKETING AGREEMENT,0.48563302,0.50239885,0.14742541,0.5356631,0.26110253,0.37956148,0.47448486,0.46298167,0.57324743,0.4802221,0.39364523,0.44738996,0.4991626,0.39523613,0.3446285,0.47539192,0.2916936,0.43968177,0.550935,0.25032982,0.41337878,0.347274,0.46080366,0.41159987,0.37609172
MorganStanleyDirectLendingFund_20191119_10-12GA_EX-10.5_11898508_EX-10.5_Trademark License Agreement,0.52584314,0.51922125,0.15606071,0.61029917,0.25436267,0.39570016,0.5013087,0.41044205,0.6017399,0.525566,0.41314548,0.39735162,0.4336337,0.40379548,0.34391683,0.50537145,0.45753282,0.509476,0.44549277,0.35768354,0.38440588,0.34414533,0.46178272,0.2983071,0.46937472
MphaseTechnologiesInc_20030911_10-K_EX-10.15_1560667_EX-10.15_Co-Branding Agreement,0.38541758,0.36444134,0.25282967,0.46606922,0.40447885,0.4710039,0.41588286,0.37885725,0.5230068,0.5079136,0.55406713,0.42756006,0.5524015,0.4532326,0.37547487,0.4446478,0.30726773,0.5217499,0.40633446,0.38157538,0.42494905,0.2983718,0.5232364,0.39845565,0.32512853
MusclepharmCorp_20170208_10-KA_EX-10.38_9893581_EX-10.38_Co-Branding Agreement,0.34204304,0.3469928,0.28831685,0.4685833,0.22700602,0.29492635,0.3825512,0.29730925,0.4307634,0.47458887,0.5570581,0.45542932,0.5191546,0.31174713,0.40251783,0.34946525,0.26930442,0.3758539,0.3283666,0.34783846,0.49530208,0.29196584,0.40599108,0.39148718,0.36361796
N2KINC_10_16_1997-EX-10.16-SPONSORSHIP AGREEMENT,0.34482533,0.41020572,0.294559,0.29274076,0.29349154,0.26305658,0.3547654,0.42613748,0.3167203,0.3604406,0.40440202,0.58986986,0.41375867,0.33212173,0.2923814,0.35704786,0.26828825,0.29861653,0.37937206,0.23316395,0.4673047,0.28062677,0.30673864,0.36949766,0.24094434
NANOPHASETECHNOLOGIESCORP_11_01_2005-EX-99.1-DISTRIBUTOR AGREEMENT,0.39566705,0.3997003,0.35404932,0.46436876,0.31699502,0.3608287,0.36846697,0.36420676,0.43454018,0.45440394,0.59695554,0.40445822,0.6157824,0.40583837,0.3790291,0.4692167,0.2891851,0.44447008,0.4054249,0.3126406,0.44546136,0.30594122,0.44108835,0.45420396,0.3122169
NATIONALPROCESSINGINC_07_18_1996-EX-10.4-SPONSORSHIP AGREEMENT,0.31760734,0.3461026,0.2553285,0.3538518,0.2966711,0.22412741,0.4231472,0.49329364,0.2873007,0.40076035,0.439233,0.3019467,0.44820762,0.34574035,0.3496427,0.2989452,0.2739882,0.35266283,0.305296,0.3335497,0.3452996,0.26634276,0.42466733,0.3920393,0.30641547
NELNETINC_04_08_2020-EX-1-JOINT FILING AGREEMENT,0.18965754,0.059888646,0.21457346,0.36841714,0.11137529,0.24785057,0.20940682,0.24750283,0.21270603,0.29508132,0.36620012,0.16541672,0.26403826,0.2865522,0.24338856,0.24804948,0.067558765,0.38469124,0.24118963,0.22554922,0.20980361,0.108632,0.27018878,0.23871465,0.16553232
NEOMEDIATECHNOLOGIESINC_12_15_2005-EX-16.1-DISTRIBUTOR AGREEMENT,0.3821988,0.40018392,0.14619862,0.41875064,0.3487832,0.47789696,0.5001396,0.37624252,0.4642185,0.37607557,0.42648724,0.40608686,0.51834786,0.34130085,0.3022581,0.3742581,0.4030721,0.46408552,0.44116008,0.31722844,0.38075733,0.30026293,0.46911258,0.3944372,0.3347252
NEONSYSTEMSINC_03_01_1999-EX-10.5-DISTRIBUTOR AGREEMENT_Amendment,0.4816417,0.5116589,0.32635847,0.56012714,0.28703672,0.44780087,0.56723136,0.39708167,0.4673301,0.5674497,0.5975163,0.42762646,0.6258615,0.4275936,0.36085704,0.45700055,0.45356715,0.5146359,0.44487798,0.46753138,0.36920747,0.3250342,0.46185863,0.47381288,0.33770746
NEONSYSTEMSINC_03_01_1999-EX-10.5-DISTRIBUTOR AGREEMENT_New,0.35357356,0.33322144,0.3782935,0.5005251,0.27908486,0.44358394,0.5255055,0.3778954,0.4202474,0.48837304,0.63916254,0.39423373,0.6329529,0.3543601,0.3479268,0.42026284,0.33582374,0.48759168,0.387861,0.53288925,0.4012143,0.33572787,0.4532758,0.51464,0.30243903
"NETGEAR,INC_04_21_2003-EX-10.16- AMENDMENT #2 TO THE DISTRIBUTION AGREEMENT",0.23721461,0.23771572,0.53553486,0.3407489,0.1483393,0.29248673,0.26405424,0.2861733,0.24109903,0.33727926,0.53240687,0.32847893,0.35088146,0.37009278,0.22850132,0.27499616,0.27191004,0.3522211,0.31730893,0.2867266,0.3020822,0.18343839,0.29953587,0.3474468,0.16307454
"NETGEAR,INC_04_21_2003-EX-10.16-AMENDMENT TO THE DISTRIBUTOR AGREEMENT BETWEEN INGRAM MICRO AND NETGEAR",0.38760066,0.49799567,0.18093821,0.5339156,0.21042559,0.4167138,0.49532992,0.4781801,0.45803332,0.5889474,0.3649041,0.36620834,0.39063463,0.2943516,0.24454953,0.53409225,0.3649878,0.46094358,0.36168444,0.33364734,0.43516642,0.40983343,0.40377522,0.3755292,0.35559356
"NETGEAR,INC_04_21_2003-EX-10.16-DISTRIBUTOR AGREEMENT",0.47093612,0.5525888,0.22282985,0.54223347,0.3387226,0.49451688,0.5480897,0.52556074,0.5051898,0.58394235,0.49188787,0.44917935,0.5295307,0.49839303,0.40547258,0.5309911,0.40995657,0.5588188,0.51019317,0.37216336,0.4775465,0.4461269,0.5776579,0.48462567,0.4123028
NETGROCERINC_07_31_1998-EX-10.15-SPONSORSHIP AGREEMENT,0.46114588,0.5055753,0.31245163,0.42268026,0.36276543,0.3529755,0.44854003,0.55366206,0.47855178,0.47901234,0.4519777,0.53257143,0.42875016,0.37963495,0.37149367,0.4146506,0.3862601,0.39778936,0.4732505,0.230832,0.5624896,0.36082184,0.48281962,0.45020875,0.41179606
NETZEEINC_11_14_2002-EX-10.3-MAINTENANCE AGREEMENT,0.1931715,0.18589598,0.33490464,0.29348058,0.27985895,0.23246306,0.3277857,0.32474852,0.20711528,0.4243543,0.51995647,0.23381281,0.49763995,0.19080412,0.36533695,0.19831508,0.21266085,0.35950643,0.20020254,0.357041,0.3276496,0.25611833,0.27457762,0.32437968,0.31099635
NEXSTARFINANCEHOLDINGSINC_03_27_2002-EX-10.26-OUTSOURCING AGREEMENT,0.36183795,0.41437197,0.15281397,0.41687432,0.28383806,0.39628848,0.3416651,0.486076,0.35618258,0.43902415,0.4310481,0.4223531,0.36394095,0.3521945,0.30297378,0.46445936,0.4334718,0.50818914,0.3674752,0.289727,0.34666756,0.6009817,0.41043687,0.44947138,0.3529142
NICELTD_06_26_2003-EX-4.5-OUTSOURCING AGREEMENT,0.38283676,0.37612376,0.26132995,0.41902998,0.40492064,0.3716725,0.47112533,0.4301538,0.32350275,0.47967088,0.67430305,0.3974285,0.5534896,0.4532901,0.45765394,0.39758426,0.33975017,0.5830276,0.47598428,0.49338794,0.42374182,0.36240482,0.42608094,0.59101117,0.38334268
"NOVOINTEGRATEDSCIENCES,INC_12_23_2019-EX-10.1-JOINT VENTURE AGREEMENT",0.3357366,0.42395574,0.23971878,0.50016797,0.2883436,0.32246327,0.4467851,0.3135876,0.40865806,0.47278947,0.5090297,0.48204267,0.55529994,0.32664266,0.31353614,0.38197267,0.25243536,0.48140076,0.43043828,0.24229969,0.3886218,0.35769483,0.3586451,0.34243006,0.24167317
NUVEEN - REMARKETING AGREEMENT,0.30860788,0.3341573,0.31325522,0.40684804,0.2154547,0.3035971,0.3994976,0.44449443,0.3605645,0.40695304,0.47203326,0.36161476,0.43457353,0.4000363,0.35922945,0.35705185,0.2929498,0.51200736,0.3432963,0.4211773,0.41924477,0.33266103,0.43467027,0.38884985,0.3980051
NYLIACVARIABLEANNUITYSEPARATEACCOUNTIII_04_10_2020-EX-99.8.KK-SERVICE AGREEMENT,0.34918547,0.2605328,0.19127342,0.47326612,0.23784356,0.25030184,0.37008154,0.35836703,0.39454716,0.33427134,0.46060228,0.31633684,0.42620313,0.36300063,0.35016742,0.29228383,0.13575569,0.38903248,0.31522346,0.38743538,0.37417012,0.22862537,0.39375967,0.38520038,0.3867929
NakedBrandGroupInc_20150731_POS AM (on S-1)_EX-10.75_9196027_EX-10.75_Endorsement Agreement,0.33015022,0.34692803,0.3277227,0.46760312,0.23175475,0.30965137,0.3991974,0.4348636,0.40868753,0.47060448,0.61139756,0.37879232,0.53241944,0.39750007,0.45120102,0.3932321,0.3131941,0.44645876,0.43022513,0.30885908,0.46632782,0.25991404,0.4420126,0.46718404,0.3960588
NeoformaInc_19991202_S-1A_EX-10.26_5224521_EX-10.26_Co-Branding Agreement,0.411019,0.40708968,0.23076215,0.45651364,0.28989792,0.34706402,0.3622355,0.3884803,0.4754632,0.49535203,0.61569434,0.37392008,0.54484165,0.43573743,0.36794132,0.39587528,0.3414706,0.45634758,0.3724259,0.31361765,0.41276592,0.2913249,0.5074265,0.49196404,0.30866832
NeuroboPharmaceuticalsInc_20190903_S-4_EX-10.36_11802165_EX-10.36_Manufacturing Agreement_ Supply Agreement,0.36720514,0.42382038,0.2077656,0.4929094,0.4419443,0.44534,0.3779925,0.36085966,0.41987747,0.42286238,0.4148563,0.41813332,0.35913137,0.4322927,0.35442403,0.5422833,0.3628938,0.4518051,0.40490863,0.30025846,0.4004228,0.42218935,0.4460836,0.36209685,0.37405956
NlsPharmaceuticsLtd_20200228_F-1_EX-10.14_12029046_EX-10.14_Development Agreement,0.39140272,0.5929831,0.22487639,0.44433296,0.31092155,0.49115768,0.47415063,0.38228774,0.42547938,0.43690097,0.51604795,0.44824767,0.50510985,0.5321548,0.26671517,0.4908051,0.4345603,0.5446278,0.51424533,0.33038676,0.35104424,0.31253624,0.46674365,0.3363546,0.3615126
NmfSlfIInc_20200115_10-12GA_EX-10.5_11946987_EX-10.5_Trademark License Agreement,0.52168834,0.5372264,0.15577611,0.5799061,0.21899328,0.3804146,0.50817627,0.47361797,0.49906367,0.51864904,0.47865492,0.43678895,0.44592246,0.5187645,0.40662998,0.5401411,0.4473101,0.56576645,0.5159682,0.42986882,0.39043438,0.31782112,0.46674317,0.4160365,0.44691283
"OAKTREECAPITALGROUP,LLC_03_02_2020-EX-10.8-Services Agreement",0.3357568,0.31139407,0.15833445,0.42292222,0.12465076,0.29079115,0.3662312,0.41751543,0.2830056,0.32600832,0.4558457,0.2755096,0.39893812,0.35145354,0.25526908,0.38836312,0.20299037,0.4552655,0.28706777,0.33108684,0.3521609,0.231267,0.38687813,0.3927332,0.3372268
"OASYSMOBILE,INC_07_05_2001-EX-10.17-OUTSOURCING AGREEMENT",0.40935767,0.4125997,0.22559594,0.43872827,0.2990157,0.38950837,0.5004596,0.4893325,0.3781929,0.4032911,0.47155684,0.442447,0.45821616,0.39895183,0.3563715,0.41128546,0.3899213,0.43828422,0.38636377,0.41328156,0.42219865,0.329372,0.5100732,0.41626257,0.3110942
OFGBANCORP_03_28_2007-EX-10.23-OUTSOURCING AGREEMENT,0.38740462,0.34761304,0.32785678,0.4293244,0.347867,0.38407746,0.4197666,0.39869255,0.3861243,0.46545607,0.55495316,0.41230613,0.5744003,0.39371264,0.4098059,0.36619955,0.32649964,0.45378888,0.39403024,0.40003377,0.4211036,0.35101715,0.4677835,0.43765557,0.42806774
OLDAPIWIND-DOWNLTD_01_08_2016-EX-1.3-AGENCY AGREEMENT1,0.28844315,0.38545874,0.16914862,0.50590885,0.16783473,0.47244054,0.46348232,0.35117546,0.43618017,0.36438948,0.33563074,0.43195784,0.39061153,0.30468732,0.2913462,0.3957712,0.251685,0.36854285,0.3621538,0.35666153,0.40889013,0.3707751,0.43226892,0.29766443,0.40359402
OLDAPIWIND-DOWNLTD_01_08_2016-EX-1.3-AGENCY AGREEMENT2,0.1816951,0.2513051,0.1268985,0.3061657,0.09077554,0.14872852,0.23377326,0.13026348,0.4232194,0.20712152,0.116605744,0.31755126,0.24019,0.07092946,0.043574303,0.21615925,0.13706131,0.2014735,0.20829156,0.07842795,0.24370183,0.1104125,0.2205001,0.06174095,0.16495879
"OMINTO,INC_03_29_2004-EX-10-RESELLER AGREEMENT",0.40935463,0.35041904,0.25246733,0.4144875,0.3095502,0.37262407,0.44250596,0.31120855,0.43608862,0.41710463,0.56210256,0.29374835,0.5102597,0.35824373,0.32671824,0.3875467,0.31280953,0.46986282,0.39446312,0.39022833,0.384736,0.27287456,0.51909363,0.4144442,0.2960974
"ON2TECHNOLOGIES,INC_11_17_2006-EX-10.3-SUPPORT AND MAINTENANCE AGREEMENT",0.4173551,0.41146606,0.24149954,0.58321905,0.29329467,0.40443912,0.4870631,0.48613745,0.43315098,0.5299273,0.54175997,0.4668509,0.51782197,0.52760977,0.4625889,0.5642048,0.36943376,0.56655455,0.50907457,0.38475326,0.46761814,0.38765168,0.49650407,0.41074124,0.42348957
ON4COMMUNICATIONSINC_07_02_2009-EX-10.1-PROMOTION AGREEMENT,0.35845882,0.3891102,0.11181468,0.3109521,0.19892693,0.313234,0.30880633,0.30842,0.31872493,0.3602755,0.19615781,0.32007983,0.22524482,0.26898247,0.3702861,0.29980946,0.26306036,0.25514877,0.36508742,0.15328568,0.41234654,0.300962,0.32644218,0.2599511,0.34610295
"ONEMAINHOLDINGS,INC_02_20_2020-EX-99.D-JOINT FILING AGREEMENT",0.30841202,0.28030193,0.16035847,0.3083896,0.18749855,0.3212216,0.36173046,0.2792092,0.29085886,0.412848,0.3129257,0.27656716,0.34844255,0.20568687,0.25213492,0.30101085,0.28068116,0.40665996,0.31395993,0.29624772,0.30991375,0.22732826,0.33777454,0.17601177,0.22159865
OPERALTD_04_30_2020-EX-4.14-SERVICE AGREEMENT,0.37107927,0.35627133,0.28274542,0.41691947,0.3275001,0.29715678,0.36918873,0.47597322,0.26970315,0.33091757,0.48378557,0.33609086,0.4428914,0.28841555,0.39884418,0.4304945,0.38688043,0.4141547,0.31630796,0.26424208,0.35143432,0.29704568,0.46955562,0.40519452,0.3590008
"OPTIMIZEDTRANSPORTATIONMANAGEMENT,INC_07_26_2000-EX-6.6-DISTRIBUTOR AGREEMENT",0.34895158,0.4289373,0.24163163,0.36984068,0.35044682,0.43021846,0.3791518,0.35575885,0.4253197,0.43821663,0.4199795,0.4414034,0.5258694,0.33170363,0.2907492,0.37574917,0.29545534,0.33570394,0.38661188,0.30672783,0.5025728,0.37771308,0.4016494,0.27327526,0.35371387
ORBSATCORP_08_17_2007-EX-7.3-STRATEGIC ALLIANCE AGREEMENT,0.34678954,0.33562574,0.22963941,0.40872777,0.38042334,0.34715334,0.51900285,0.41876757,0.37033868,0.46962363,0.57776713,0.40436822,0.5000799,0.2928118,0.30458516,0.39684224,0.2734354,0.51761764,0.43601072,0.39859742,0.3487845,0.38204807,0.41810453,0.5624113,0.31648612
"OTISWORLDWIDECORP_04_03_2020-EX-10.4-INTELLECTUAL PROPERTY AGREEMENT by and among UNITED TECHNOLOGIES CORPORATION, OTIS WORLDWIDE CORPORATION and CARRIER ~1",0.50329447,0.5633309,0.07071555,0.50541544,0.23781945,0.39595127,0.46844444,0.449911,0.49549258,0.4300208,0.33431023,0.367291,0.35763103,0.5416712,0.26551604,0.60497206,0.43690357,0.6301782,0.5401527,0.24435025,0.24151872,0.27213,0.38810945,0.3127584,0.38538876
PACIFICSYSTEMSCONTROLTECHNOLOGYINC_08_24_2000-EX-10.53-SPONSORSHIP AGREEMENT,0.35985577,0.39045647,0.19391195,0.4576767,0.2301709,0.28572375,0.4198321,0.4057157,0.33389795,0.39957517,0.27445337,0.40760636,0.31766444,0.37983266,0.34975666,0.44529825,0.42580003,0.33459935,0.36849147,0.24503122,0.35899132,0.24374923,0.35212147,0.27231085,0.33395723
"PACIRA PHARMACEUTICALS, INC. - A_R STRATEGIC LICENSING, DISTRIBUTION AND MARKETING AGREEMENT",0.3290184,0.38949805,0.24724647,0.51572686,0.3463416,0.3789096,0.48281053,0.32609904,0.42908788,0.4071995,0.5222895,0.526741,0.6582219,0.36419013,0.33339357,0.36447015,0.3050583,0.4352932,0.4416626,0.3526767,0.41086882,0.2901199,0.46093166,0.40894783,0.29690313
PANDIONTHERAPEUTICSHOLDCOLLC_05_22_2020-EX-10.17-CONSULTING AGREEMENT,0.2939724,0.2870606,0.405775,0.4149688,0.36650306,0.27638572,0.3868484,0.37435552,0.33281124,0.45553726,0.68786716,0.37881127,0.5815252,0.33371246,0.38252544,0.29716742,0.23477896,0.505815,0.3695324,0.35009694,0.37066427,0.22009061,0.43116915,0.5411433,0.36043942
"PAXMEDICA,INC_07_02_2020-EX-10.12-Master Service Agreement",0.37167355,0.36054364,0.23312017,0.525831,0.3466131,0.40702015,0.4051222,0.42881763,0.4303898,0.41607463,0.54675865,0.4080872,0.5060364,0.36861634,0.36803934,0.3277006,0.272447,0.4956382,0.42187494,0.42125517,0.36942393,0.30223668,0.51625174,0.5005286,0.37044555
PFSFUNDS_06_26_2020-EX-99.H OTH MAT CONT-SERVICES AGREEMENT,0.2789907,0.24005008,0.18314148,0.4077129,0.22098097,0.30119136,0.35695413,0.38324282,0.3459429,0.2735266,0.40762284,0.20597616,0.36159748,0.3280155,0.27039343,0.2902903,0.19843854,0.3984737,0.24569899,0.38043165,0.35587358,0.21209651,0.3892213,0.3862906,0.41067386
PHLVARIABLEINSURANCECOCT_08_17_2009-EX-10.1-STRATEGIC ALLIANCE AGREEMENT,0.3901233,0.36952266,0.17722797,0.49003613,0.34444898,0.43468723,0.52609926,0.48829985,0.38301158,0.44605237,0.43254885,0.40355623,0.51039225,0.36313993,0.43956387,0.36809364,0.37652206,0.49269107,0.47921363,0.37665856,0.38420394,0.29319453,0.55690444,0.40700158,0.4747544
"PHREESIA,INC_05_28_2019-EX-10.18-STRATEGIC ALLIANCE AGREEMENT",0.32327878,0.32847357,0.2919588,0.45633733,0.2509958,0.33126634,0.41329867,0.39697266,0.33723855,0.53646874,0.64678013,0.41632208,0.59644854,0.40737244,0.46734965,0.3242017,0.29355788,0.4991814,0.38017312,0.36505526,0.3636217,0.31978378,0.4258812,0.4935214,0.3516344
PLAYAHOTELS_RESORTSNV_03_14_2017-EX-10.22-STRATEGIC ALLIANCE AGREEMENT (Hyatt Ziva Cancun),0.38118994,0.33333045,0.178395,0.3989526,0.27269566,0.33159006,0.47890103,0.52486944,0.32967585,0.38291916,0.43232727,0.3659561,0.3904856,0.469045,0.35197222,0.33209968,0.3818483,0.4833295,0.42147747,0.33790505,0.39613092,0.39628714,0.41191155,0.46118438,0.48416686
"PRECIGEN,INC_01_22_2020-EX-99.1-JOINT FILING AGREEMENT",0.35139692,0.2793166,0.20760572,0.35716003,0.23473358,0.32263148,0.39034152,0.32663834,0.35148668,0.39835596,0.38920936,0.42012012,0.37086785,0.2946598,0.26272696,0.28652754,0.2256945,0.44890165,0.30460557,0.22800435,0.29641998,0.23469916,0.37343156,0.2338859,0.2338341
PREMIERBIOMEDICALINC_05_14_2020-EX-10.2-INTELLECTUAL PROPERTY AGREEMENT,0.48690993,0.559768,0.19423561,0.5413034,0.30068195,0.41998214,0.38437706,0.40704823,0.4170969,0.47680953,0.34621733,0.47575516,0.3900612,0.38014752,0.42123875,0.45164946,0.5349605,0.45840693,0.49786264,0.24615137,0.3546354,0.28872898,0.49398303,0.26714152,0.27391878
PRIMEENERGYRESOURCESCORP_04_02_2007-EX-10.28-COMPLETION AND LIQUIDITY MAINTENANCE AGREEMENT,0.3443002,0.31647035,0.15402217,0.39161482,0.24202207,0.41756177,0.39124686,0.38311374,0.34595773,0.3988943,0.37404734,0.3322156,0.3958183,0.36752135,0.2671579,0.38287467,0.29803288,0.49002293,0.41324866,0.38218012,0.22535226,0.26404303,0.4001674,0.3104884,0.29517454
PROFOUNDMEDICALCORP_08_29_2019-EX-4.5-SUPPLY AGREEMENT,0.37216848,0.41715115,0.16309518,0.47511426,0.31912324,0.46231705,0.3240968,0.42605525,0.34464893,0.35014558,0.5134449,0.43041998,0.399832,0.45165008,0.35922915,0.40705466,0.29644227,0.5611696,0.3371667,0.40892082,0.30850378,0.3265518,0.54706264,0.45519686,0.25274843
PROLONGINTERNATIONALCORP_03_23_1998-EX-10.16-SPONSORSHIP AGREEMENT,0.35588667,0.4113099,0.17197698,0.4409715,0.30130935,0.40299746,0.32497203,0.33519822,0.38475084,0.41867733,0.32960522,0.41051918,0.32793006,0.23519653,0.4923502,0.31107354,0.2817052,0.34101093,0.38599607,0.33629546,0.45678008,0.39360124,0.4445752,0.3016544,0.393273
PacificapEntertainmentHoldingsInc_20051115_8-KA_EX-1.01_4300894_EX-1.01_Content License Agreement,0.41387063,0.42651683,0.20297351,0.36035135,0.19742201,0.25599542,0.39006546,0.28422734,0.30396593,0.365503,0.45896414,0.38508242,0.46245492,0.3378753,0.33505738,0.42343968,0.5413523,0.3348372,0.39900416,0.35147837,0.34831074,0.23239067,0.38742864,0.34144643,0.29868674
PalmerSquareCapitalBdcInc_20200116_10-12GA_EX-10.6_11949289_EX-10.6_Trademark License Agreement,0.5201887,0.51393175,0.1690563,0.5609386,0.19129607,0.35665825,0.4818815,0.47458434,0.542395,0.509691,0.4346643,0.4042398,0.44701338,0.4303075,0.34905976,0.49184906,0.43324354,0.46268338,0.5520736,0.350859,0.38319403,0.3155583,0.4592204,0.3754071,0.43812925
PapaJohnsInternationalInc_20190617_8-K_EX-10.1_11707365_EX-10.1_Endorsement Agreement,0.38903332,0.3758735,0.1745873,0.38350004,0.28175545,0.33151743,0.4474064,0.40126526,0.4704731,0.34397435,0.3815595,0.38814184,0.4503951,0.33303624,0.34197068,0.3807329,0.2884763,0.33981112,0.37589645,0.30324355,0.4096601,0.28545848,0.32971764,0.35063687,0.3853721
PaperexchangeComInc_20000322_S-1A_EX-10.4_5202103_EX-10.4_Co-Branding Agreement,0.40535676,0.4158687,0.24865487,0.38848913,0.2595591,0.3338433,0.43065634,0.40205368,0.39969122,0.5049825,0.60780203,0.35058048,0.55771065,0.44837436,0.36024088,0.39634392,0.37362176,0.44676244,0.3832056,0.36180452,0.39962387,0.2857124,0.4424119,0.47671622,0.32361498
ParatekPharmaceuticalsInc_20170505_10-KA_EX-10.29_10323872_EX-10.29_Outsourcing Agreement,0.37655818,0.42758164,0.3096098,0.53009915,0.38019034,0.46780294,0.48824075,0.46350878,0.4371476,0.52140945,0.6742336,0.47047395,0.6291845,0.39449644,0.41946366,0.43805763,0.29970515,0.5481042,0.44435585,0.45956874,0.4368961,0.43816334,0.48880935,0.6141528,0.3373378
PareteumCorp_20081001_8-K_EX-99.1_2654808_EX-99.1_Hosting Agreement,0.32266742,0.3874672,0.25392276,0.39434963,0.2624867,0.3951852,0.47993702,0.5033331,0.3383214,0.43101704,0.61173266,0.41088092,0.5314499,0.3956784,0.32401642,0.4100618,0.40508446,0.5538904,0.4305598,0.38381773,0.37710413,0.29053974,0.46235442,0.5710474,0.2761749
PcquoteComInc_19990721_S-1A_EX-10.11_6377149_EX-10.11_Co-Branding Agreement1,0.46192557,0.40685672,0.1310854,0.5098856,0.40522376,0.51146156,0.42972973,0.4849515,0.4467345,0.49816602,0.43677652,0.41865033,0.38260108,0.4288306,0.46612808,0.5226513,0.39593548,0.47159868,0.44601548,0.38577202,0.45830858,0.47965932,0.61423707,0.3953147,0.40899995
PcquoteComInc_19990721_S-1A_EX-10.11_6377149_EX-10.11_Co-Branding Agreement2,0.39667195,0.3956983,0.12823279,0.46159697,0.17291605,0.3334356,0.3768401,0.34583992,0.53489125,0.47591513,0.36909086,0.40434378,0.34195343,0.3792265,0.26274103,0.48833328,0.3179737,0.4237636,0.38028958,0.25956404,0.4396681,0.24487826,0.38882715,0.32836092,0.36016685
PcquoteComInc_19990721_S-1A_EX-10.11_6377149_EX-10.11_Co-Branding Agreement3,0.25401288,0.25623307,0.4832778,0.31020275,0.11775173,0.21058765,0.23090422,0.24032992,0.4087907,0.29170474,0.459041,0.31171948,0.2531798,0.3358478,0.16897702,0.31053618,0.26642746,0.3199944,0.31573948,0.11570017,0.31269914,0.13849548,0.28064293,0.3037061,0.30986014
PelicanDeliversInc_20200211_S-1_EX-10.3_11975895_EX-10.3_Development Agreement1,0.19820698,0.29254633,0.17289278,0.31313443,0.2657516,0.26187867,0.36181206,0.35770804,0.28231317,0.47273356,0.35909033,0.33140486,0.3682937,0.1993392,0.3027441,0.31358832,0.20427784,0.39708576,0.38193867,0.22961584,0.25548598,0.17792138,0.3077,0.27077246,0.16485919
PelicanDeliversInc_20200211_S-1_EX-10.3_11975895_EX-10.3_Development Agreement2,0.35029736,0.3837176,0.18260498,0.41344982,0.366224,0.377101,0.39781493,0.48288873,0.447541,0.43947387,0.53265566,0.37760797,0.4070707,0.40089348,0.36154014,0.41890252,0.28568655,0.502544,0.48934704,0.3653358,0.3589579,0.25527436,0.5359452,0.56253946,0.34352893
PenntexMidstreamPartnersLp_20150416_S-1A_EX-10.4_9042833_EX-10.4_Transportation Agreement,0.30992752,0.2962612,0.3373175,0.41623652,0.20607406,0.38357258,0.46188766,0.39913917,0.32365352,0.46243468,0.6300657,0.33027884,0.5346354,0.41897595,0.3486883,0.34868023,0.265981,0.52152276,0.4251327,0.46265233,0.36123145,0.28714406,0.44263822,0.49132678,0.28225762
PerformanceSportsBrandsInc_20110909_S-1_EX-10.10_7220214_EX-10.10_Endorsement Agreement,0.3908671,0.49807566,0.15163383,0.4455701,0.19525437,0.34630215,0.426515,0.45273587,0.48140028,0.49054968,0.37380534,0.33812934,0.38398403,0.43364218,0.3910046,0.45095065,0.26542798,0.4089683,0.44568688,0.29622725,0.4362619,0.29425567,0.4314137,0.38047436,0.45361853
PfHospitalityGroupInc_20150923_10-12G_EX-10.1_9266710_EX-10.1_Franchise Agreement1,0.4459493,0.3421473,0.17672248,0.40934372,0.2467179,0.27081951,0.46183893,0.38385707,0.36617362,0.34892684,0.4544208,0.3052656,0.42810315,0.4425479,0.37443632,0.32237232,0.3261037,0.44784963,0.3851109,0.32652205,0.34786046,0.2439504,0.3875613,0.4188438,0.42773443
PfHospitalityGroupInc_20150923_10-12G_EX-10.1_9266710_EX-10.1_Franchise Agreement3,0.43668973,0.406671,0.23919109,0.4520623,0.2995267,0.28547686,0.4884459,0.49402723,0.37407988,0.40754294,0.46843788,0.31294742,0.40813363,0.4032314,0.34805954,0.41406852,0.36941293,0.53138095,0.4326499,0.32729948,0.4169985,0.3503514,0.36387873,0.48183417,0.45975995
PharmagenInc_20120803_8-KA_EX-10.1_7693204_EX-10.1_Endorsement Agreement,0.41094935,0.421113,0.18672518,0.5768436,0.25116777,0.38314992,0.47787562,0.42160028,0.43252084,0.4498501,0.37539047,0.40964842,0.4249554,0.3106858,0.46751356,0.5124457,0.40839946,0.40952295,0.42452675,0.34155458,0.45635155,0.3506394,0.48494974,0.36767995,0.38780445
PhasebioPharmaceuticalsInc_20200330_10-K_EX-10.21_12086810_EX-10.21_Development Agreement,0.41022936,0.50989157,0.23657955,0.5677543,0.360439,0.40487933,0.39476436,0.371629,0.53756726,0.43719456,0.4825347,0.5412125,0.4977852,0.45664132,0.43074173,0.47988337,0.26297835,0.5164077,0.54813147,0.2674398,0.41689378,0.35796908,0.4330406,0.40920597,0.35991073
PhoenixNewMediaLtd_20110421_F-1_EX-10.17_6958322_EX-10.17_Content License Agreement,0.4283099,0.42565125,0.23704205,0.42051464,0.34829956,0.30269313,0.50226235,0.47641703,0.30773106,0.41276723,0.49810424,0.39009476,0.49396226,0.34504235,0.35747325,0.45434076,0.60212004,0.45422333,0.43425268,0.3325839,0.36967957,0.3821203,0.43287516,0.42870942,0.38732052
PhotronicsInc_20171219_10-QA_EX-10.28_10982650_EX-10.28_Outsourcing Agreement,0.40500575,0.42921287,0.24506938,0.42009553,0.37051973,0.38998687,0.3998589,0.3884257,0.3912208,0.3891155,0.39433873,0.36857682,0.4197536,0.3574765,0.315333,0.49480188,0.45001417,0.5219029,0.4013034,0.32075632,0.35681385,0.37961453,0.46663123,0.32852805,0.35502207
PlayboyEnterprisesInc_20090220_10-QA_EX-10.2_4091580_EX-10.2_Content License Agreement_ Marketing Agreement_ Sales-Purchase Agreement1,0.43834156,0.40361327,0.24005994,0.38955772,0.28993648,0.34638888,0.42759046,0.46100906,0.39050347,0.40912116,0.5345148,0.45962012,0.52321625,0.37085426,0.39800793,0.4397499,0.3873218,0.44220692,0.3557861,0.36661893,0.49831066,0.30815414,0.50126344,0.42569625,0.4664111
PlayboyEnterprisesInc_20090220_10-QA_EX-10.2_4091580_EX-10.2_Content License Agreement_ Marketing Agreement_ Sales-Purchase Agreement2,0.37376097,0.467583,0.024776805,0.39196026,0.27657664,0.3357678,0.35817313,0.33766264,0.40899628,0.42884332,0.2168124,0.33240038,0.2066453,0.24193537,0.27444613,0.43137795,0.3501246,0.41542503,0.38903755,0.24816161,0.39532736,0.38064185,0.40825292,0.30988717,0.39777035
PrecheckHealthServicesInc_20200320_8-K_EX-99.2_12070169_EX-99.2_Distributor Agreement,0.43689173,0.38803452,0.26082024,0.56535757,0.41531187,0.4925317,0.4745522,0.42361146,0.5351827,0.44697812,0.5100816,0.4511592,0.52349615,0.41129035,0.35422096,0.40739948,0.24321225,0.43116295,0.4128165,0.33302948,0.43303204,0.29604587,0.51748455,0.47727296,0.41005433
Principal Life Insurance Company - Broker Dealer Marketing and Servicing Agreement,0.35310054,0.388201,0.14776687,0.5053557,0.29239935,0.45549053,0.4643073,0.45941305,0.42828608,0.46019977,0.36872113,0.40760756,0.4161533,0.37833136,0.4959286,0.36833653,0.32341078,0.4812992,0.44954783,0.35271454,0.40468222,0.35690707,0.5641891,0.3790986,0.44112316
PrudentialBancorpInc_20170606_8-K_EX-10.4_10474434_EX-10.4_Endorsement Agreement,0.2618236,0.21669039,0.18431056,0.30355382,0.1304457,0.3112432,0.34923494,0.35181046,0.24803388,0.25766617,0.50913143,0.28515205,0.36891216,0.39678943,0.38165724,0.2696527,0.19244464,0.39257443,0.3002699,0.4195146,0.32043308,0.18615355,0.4021152,0.49146023,0.1688559
QBIOMEDINC_04_08_2020-EX-99.1-JOINT FILING AGREEMENT,0.27873576,0.17916642,0.12860256,0.29155308,0.122534394,0.20134906,0.29792583,0.3358332,0.265632,0.35406822,0.26098692,0.30006778,0.29446793,0.2300182,0.20757481,0.2862085,0.2642185,0.37598416,0.2670145,0.18360445,0.23973152,0.21803734,0.29639515,0.18920875,0.2654147
QIWI_06_16_2017-EX-99.(D)(2)-COOPERATION AGREEMENT,0.3430556,0.29111078,0.27084553,0.37848574,0.35844564,0.3708856,0.45283276,0.45507354,0.3685876,0.36057872,0.497813,0.3524896,0.45658043,0.37835383,0.30165198,0.39326328,0.3434773,0.5533898,0.41061684,0.37978223,0.39583868,0.41578978,0.405531,0.38130498,0.3978958
Quaker Chemical Corporation - NON COMPETITION AND NON SOLICITATION AGREEMENT,0.40965462,0.4189887,0.1525132,0.3919375,0.2863423,0.39649713,0.43305433,0.4248203,0.41183752,0.3520919,0.35027325,0.34810585,0.40304247,0.3785957,0.27060482,0.28914827,0.33512887,0.42526454,0.47899383,0.26748246,0.36436927,0.31415182,0.36768407,0.33589917,0.41268855
QuantumGroupIncFl_20090120_8-K_EX-99.2_3672910_EX-99.2_Hosting Agreement,0.43397093,0.37221467,0.26402324,0.44149578,0.38761684,0.2839428,0.47163522,0.54470086,0.38730854,0.3912496,0.6425664,0.37878856,0.5313433,0.39877254,0.34039295,0.40902376,0.34477627,0.5055142,0.32509184,0.42549866,0.41288644,0.38221392,0.48484877,0.5024121,0.390867
REGANHOLDINGCORP_03_31_2008-EX-10-LICENSE AND HOSTING AGREEMENT,0.5000551,0.57641006,0.16747764,0.6438546,0.2813861,0.40779585,0.52514267,0.45508736,0.4915502,0.50145465,0.4593209,0.46986726,0.43743968,0.37396866,0.3124599,0.5535562,0.49189278,0.5307698,0.52289885,0.3836663,0.37139696,0.42811385,0.4289958,0.40889257,0.41311985
REWALKROBOTICSLTD_07_10_2014-EX-10.2-STRATEGIC ALLIANCE AGREEMENT,0.34360436,0.37667072,0.24030103,0.42423755,0.41715467,0.34212172,0.4747126,0.40969002,0.35006556,0.49218655,0.5840372,0.43889326,0.5287575,0.37902474,0.3959393,0.38021094,0.26850805,0.5149313,0.4555132,0.3324774,0.37260067,0.39128715,0.4440337,0.5213327,0.34147826
RISEEDUCATIONCAYMANLTD_04_17_2020-EX-4.23-SERVICE AGREEMENT,0.32259548,0.33695412,0.21039958,0.34961838,0.19743429,0.27139208,0.43918023,0.30422282,0.24696536,0.34752834,0.376295,0.31862432,0.41804782,0.19003096,0.29150927,0.27926195,0.40752363,0.3879531,0.23324463,0.4224496,0.33444595,0.34326607,0.33158404,0.31485885,0.33248848
RMRGROUPINC_01_22_2020-EX-99.1-JOINT FILING AGREEMENT,0.28472954,0.21293265,0.20115067,0.3800444,0.18754989,0.2912703,0.36153883,0.35757935,0.21300027,0.5251243,0.49547064,0.30386296,0.38075334,0.41146302,0.31307167,0.32033837,0.1970776,0.57052714,0.38123786,0.28308398,0.24424839,0.24723186,0.31909043,0.35220665,0.18832515
"ROCKYMOUNTAINCHOCOLATEFACTORY,INC_12_23_2019-EX-10.2-STRATEGIC ALLIANCE AGREEMENT",0.41206515,0.4367705,0.17322412,0.529354,0.29417604,0.43174472,0.46190712,0.4601044,0.5023774,0.43143868,0.40115255,0.42375243,0.41530538,0.521328,0.32506877,0.4490686,0.31075308,0.48412603,0.54099345,0.28416297,0.44114232,0.3880292,0.48635966,0.42169815,0.48126477
RUBIOSRESTAURANTSINC_03_31_2008-EX-10.75-SPONSORSHIP AGREEMENT,0.30581522,0.35335815,0.23157185,0.42354187,0.2368668,0.229467,0.29559237,0.36153764,0.3735488,0.2830063,0.32762608,0.37979257,0.3826458,0.36526886,0.4102681,0.3771742,0.34347856,0.267812,0.43731982,0.23961255,0.42696005,0.26230386,0.34218657,0.36362326,0.37873185
RaeSystemsInc_20001114_10-Q_EX-10.57_2631790_EX-10.57_Co-Branding Agreement,0.5713954,0.45773932,0.21512845,0.4771227,0.31257117,0.35325718,0.3719399,0.4201615,0.53179926,0.46065587,0.52034086,0.4668131,0.5366845,0.45453468,0.36220032,0.49637613,0.44519407,0.50844157,0.3956575,0.24349466,0.43278754,0.3363821,0.5672382,0.3843365,0.40806392
RandWorldwideInc_20010402_8-KA_EX-10.2_2102464_EX-10.2_Co-Branding Agreement,0.366075,0.4048324,0.26114142,0.41431174,0.26363552,0.33750957,0.3752128,0.35283604,0.41696614,0.47658074,0.6151433,0.39633834,0.5353781,0.47520587,0.42661756,0.43407857,0.33021322,0.47219372,0.40266788,0.30189848,0.3916093,0.3361401,0.6577863,0.45995104,0.3314846
RangeResourcesLouisianaInc_20150417_8-K_EX-10.5_9045501_EX-10.5_Transportation Agreement,0.3187432,0.31859148,0.34417406,0.4142096,0.22188194,0.39852095,0.47842634,0.424277,0.35248372,0.4572205,0.65962315,0.33803296,0.57818574,0.42814457,0.38866034,0.36759084,0.3036701,0.5173492,0.380696,0.51363933,0.3868106,0.27974707,0.4637761,0.5279572,0.28951043
RareElementResourcesLtd_20171019_SC 13D_EX-99.4_10897534_EX-99.4_Intellectual Property Agreement,0.43480366,0.5090986,0.218851,0.42149505,0.26703766,0.40188992,0.45059407,0.4089321,0.40948355,0.40488598,0.49444,0.42341328,0.50530094,0.5166018,0.3452558,0.49897245,0.44640926,0.5466474,0.5141716,0.3135991,0.3847444,0.31606764,0.3802604,0.36424977,0.37487546
ReedsInc_20191113_10-Q_EX-10.4_11888303_EX-10.4_Development Agreement,0.3815376,0.47656322,0.18398266,0.6085093,0.4181254,0.4683907,0.48325434,0.41716745,0.45745942,0.5064539,0.39648384,0.42127013,0.4479253,0.47949746,0.39462867,0.5305284,0.28472984,0.53960323,0.5363804,0.379483,0.4401512,0.43527156,0.43768328,0.40714467,0.4469216
"Reinsurance Group of America, Incorporated - A_R REMARKETING AGREEMENT",0.3607621,0.27359414,0.2665103,0.45879087,0.31464222,0.35545862,0.4021563,0.41727045,0.37928748,0.34324515,0.50619394,0.30375504,0.43474185,0.41004333,0.4098848,0.33748555,0.20680147,0.46136516,0.3282534,0.4077316,0.40000018,0.27752328,0.47104836,0.44846144,0.4031353
RemarkHoldingsInc_20081114_10-Q_EX-10.24_2895649_EX-10.24_Content License Agreement,0.5215075,0.46069092,0.16973698,0.5397301,0.2852188,0.40644437,0.42703906,0.4691496,0.46952802,0.42027125,0.4058511,0.43981695,0.41606182,0.56073666,0.28082097,0.60551894,0.438381,0.46903425,0.43063945,0.26021102,0.36771184,0.35632765,0.45374262,0.35373884,0.39845204
RevolutionMedicinesInc_20200117_S-1_EX-10.1_11948417_EX-10.1_Development Agreement,0.38785195,0.44304788,0.18592486,0.54706657,0.37637806,0.4260617,0.41108847,0.40512753,0.49971917,0.42981437,0.5037655,0.6757617,0.5056674,0.5124221,0.43588096,0.42350924,0.26298606,0.5106131,0.46203244,0.3584416,0.4179632,0.38383818,0.5109703,0.43367383,0.36567545
ReynoldsConsumerProductsInc_20191115_S-1_EX-10.18_11896469_EX-10.18_Supply Agreement,0.48716295,0.45980388,0.23823689,0.5209006,0.38635403,0.48097092,0.49284685,0.49853075,0.46249866,0.43768746,0.5398613,0.447745,0.5034845,0.56385946,0.43021592,0.50126344,0.34269875,0.5425737,0.45574293,0.43322548,0.44255483,0.35977334,0.54300094,0.49599987,0.45033056
ReynoldsConsumerProductsInc_20200121_S-1A_EX-10.22_11948918_EX-10.22_Service Agreement,0.41604164,0.3487809,0.31424695,0.4018677,0.30477497,0.30270606,0.41463205,0.49859405,0.36846554,0.35167086,0.5964602,0.3877875,0.50504166,0.49284708,0.43142802,0.39352787,0.3686408,0.5210488,0.38102913,0.36428213,0.37780446,0.2630182,0.4630651,0.57963383,0.46690756
RgcResourcesInc_20151216_8-K_EX-10.3_9372751_EX-10.3_Franchise Agreement,0.21481368,0.20467833,0.21410802,0.2691386,0.10913624,0.2955054,0.2696125,0.2563583,0.22916943,0.3107162,0.2621684,0.22633332,0.28570506,0.29813206,0.18231583,0.15862224,0.2316505,0.25267604,0.25675386,0.26935062,0.35912058,0.33177167,0.33845913,0.18004927,0.23319224
RitterPharmaceuticalsInc_20200313_S-4A_EX-10.54_12055220_EX-10.54_Development Agreement,0.41250807,0.34712863,0.29848456,0.36910492,0.521093,0.37621915,0.41733113,0.3881628,0.3679446,0.4241773,0.6219114,0.37988463,0.59259665,0.501081,0.4331629,0.36294037,0.34201232,0.5179922,0.40365884,0.377074,0.37053433,0.3468475,0.43238443,0.49796468,0.34760326
SANDRIDGEENERGYINC_08_06_2009-EX-10.6-OPERATIONS AND MAINTENANCE AGREEMENT,0.41483957,0.27637142,0.19427064,0.38924518,0.37570465,0.36166427,0.4288393,0.4587906,0.35689843,0.4111293,0.4920743,0.25918433,0.4434924,0.35618877,0.36444098,0.3471252,0.26646802,0.4555384,0.34312552,0.43871945,0.35728678,0.31650704,0.3878523,0.44581074,0.46613067
SCOUTCAMINC_05_12_2020-EX-10.22-SERVICES AGREEMENT,0.3466851,0.34139338,0.2958584,0.40950218,0.38085422,0.36570475,0.39305604,0.42997906,0.36147466,0.40491277,0.6726961,0.35640478,0.56053966,0.5111281,0.41634798,0.4148213,0.26895034,0.5655331,0.37849963,0.45470738,0.36106113,0.31215286,0.47283286,0.5905418,0.43193287
SEASPINEHOLDINGSCORP_10_10_2018-EX-10.1-SUPPLY AGREEMENT,0.35274512,0.45369244,0.2122408,0.46968406,0.32356626,0.4192708,0.43003884,0.4351629,0.3975492,0.4299811,0.4080256,0.48893446,0.40069827,0.3932304,0.3523373,0.4045512,0.24238342,0.5017895,0.45796797,0.32868242,0.36905852,0.31794626,0.55708504,0.37631947,0.27824196
SECURIANFUNDSTRUST_05_01_2012-EX-99.28.H.9-NET INVESTMENT INCOME MAINTENANCE AGREEMENT,0.28558558,0.25889087,0.24227995,0.33245736,0.20859729,0.32678318,0.39772972,0.3982048,0.31181747,0.26740468,0.432204,0.39490193,0.45475006,0.32467708,0.37393034,0.31052184,0.20067662,0.41722167,0.29301512,0.31933254,0.37102538,0.25443977,0.4455143,0.34080684,0.3691425
SENMIAOTECHNOLOGYLTD_02_19_2019-EX-10.5-Collaboration Agreement,0.35912567,0.32521668,0.28956702,0.3989862,0.36045915,0.30240488,0.47757596,0.4410672,0.29255804,0.44329587,0.5879367,0.39431524,0.55198854,0.4011562,0.33939764,0.43719,0.47497582,0.55370784,0.39908865,0.41393602,0.3877074,0.35489216,0.43849486,0.40455818,0.37451816
SEPARATEACCOUNTIIOFAGL_05_02_2011-EX-99.(J)(4)-UNCONDITIONAL CAPITAL MAINTENANCE AGREEMENT,0.34564668,0.32282358,0.21054736,0.48209584,0.3048031,0.3835014,0.4498284,0.3419091,0.41047198,0.4026509,0.5044972,0.32333684,0.43121895,0.35827678,0.42588907,0.3321882,0.29070374,0.46481508,0.3567088,0.41893733,0.37296697,0.2724097,0.4737537,0.41909462,0.36373484
SFGFINANCIALCORP_05_12_2009-EX-10.1-SOFTWARE LICENSE AND MAINTENANCE AGREEMENT,0.43801674,0.4232365,0.22053005,0.49091887,0.37878352,0.35767674,0.48613906,0.506991,0.37492964,0.51472604,0.5496639,0.3680566,0.5306853,0.5356537,0.47359097,0.4661134,0.43972316,0.54624075,0.47711146,0.4164079,0.36964515,0.32758135,0.49813807,0.5057414,0.4428423
"SIBANNAC,INC_12_04_2017-EX-2.1-Strategic Alliance Agreement",0.32407653,0.3621465,0.35704386,0.43902853,0.28324836,0.3547474,0.4685284,0.3977692,0.39991993,0.5069606,0.65826523,0.41226172,0.5938858,0.3790169,0.39311463,0.3619766,0.23855224,0.44666243,0.4170032,0.41097277,0.4032295,0.36560288,0.42044514,0.53704643,0.37144566
SLINGERBAGINC_05_27_2020-EX-10.7-CONSULTING AGREEMENT,0.3548233,0.24553344,0.17928347,0.3826667,0.25952777,0.310557,0.4354471,0.37863344,0.37389383,0.40923446,0.5695406,0.32824445,0.48120895,0.41774052,0.33102763,0.32258892,0.21861121,0.52209795,0.32298088,0.4307428,0.36889705,0.2636459,0.45304975,0.53222907,0.425454
SLOVAKWIRELESSFINANCECOBV_03_28_2001-EX-4.(B)(II).3-Maintenance and support contract for SICAP(R) modules,0.29505935,0.26796407,0.29668862,0.35345995,0.33902624,0.42857587,0.39534616,0.23287484,0.29996043,0.43661377,0.5390804,0.3000335,0.5292956,0.273516,0.5199954,0.34698594,0.31998438,0.3977518,0.30937535,0.4448303,0.36290473,0.28293586,0.42606276,0.4319833,0.36521116
SMITHELECTRICVEHICLESCORP_04_04_2012-EX-10.26-FLEET MAINTENANCE AGREEMENT,0.34370244,0.2905548,0.28241545,0.377737,0.37186003,0.39524814,0.35361248,0.27368692,0.29576164,0.46582693,0.44289106,0.32587618,0.4275452,0.3522435,0.39913842,0.31076837,0.31957722,0.44548476,0.3796345,0.4086942,0.37746096,0.28286368,0.4093659,0.3232769,0.31501153
"SOLUTIONSVENDINGINTERNATIONAL,INC_03_31_2020-EX1A-1 UNDR AGMT-SERVICES AGREEMENT",0.33674926,0.393566,0.23708515,0.3307311,0.25160125,0.25724465,0.40021023,0.37264252,0.3571366,0.35985592,0.5832306,0.36155015,0.5157846,0.2630387,0.32175165,0.26533246,0.30417567,0.40571976,0.34001657,0.38807285,0.4410379,0.2603177,0.3986071,0.46818542,0.25434726
SONUSCORP_03_12_1997-EX-10.11-SPONSORSHIP AGREEMENT,0.3808871,0.38896465,0.21430358,0.602533,0.25948918,0.36188588,0.42798996,0.44255692,0.3999082,0.40698764,0.45636076,0.43354923,0.37690896,0.4163088,0.5075063,0.39565158,0.31649452,0.4595599,0.4082437,0.38207138,0.36820924,0.2920195,0.5459231,0.49214607,0.4098121
SPARKLINGSPRINGWATERHOLDINGSLTD_07_03_2002-EX-10.13-SOFTWARE LICENSE AND MAINTENANCE AGREEMENT,0.36922026,0.29776156,0.13523686,0.41073164,0.30995134,0.35662052,0.44799545,0.3710639,0.31291562,0.43100995,0.4689347,0.34858233,0.4715615,0.30778205,0.42393884,0.29166394,0.29768896,0.44563538,0.42428982,0.40040395,0.33868486,0.38555124,0.49515152,0.4384721,0.36684716
SPHERE3DCORP_06_24_2020-EX-10.12-CONSULTING AGREEMENT,0.3083482,0.30915463,0.26176512,0.34708437,0.232482,0.324373,0.4220118,0.35855478,0.30579373,0.41854948,0.5727544,0.29767847,0.50117856,0.278095,0.32574016,0.2797765,0.22827472,0.42551142,0.3124637,0.39763173,0.33826977,0.31680906,0.4141364,0.51415086,0.35816675
"SPIENERGYCO,LTD_03_09_2011-EX-99.5-OPERATIONS AND MAINTENANCE AGREEMENT",0.40264535,0.3527284,0.28281233,0.40489018,0.31419748,0.32372344,0.46021396,0.4328094,0.30391353,0.47993508,0.6225827,0.39085084,0.5669927,0.46845812,0.5715348,0.35712695,0.38678622,0.52019596,0.4505425,0.46064347,0.35414505,0.32421443,0.50608253,0.5250122,0.29771936
"SPIENERGYCO,LTD_07_10_2014-EX-10-Cooperation Agreement of 50MWp Photovoltaic Grid-connected Power Generation Project in Yangqiao of~1",0.23699664,0.16277298,0.08072443,0.27125567,0.2007722,0.20783085,0.32331038,0.19340694,0.20840521,0.2321716,0.2406772,0.22104636,0.25833648,0.22452673,0.14905135,0.22768109,0.26176155,0.34957284,0.32853717,0.089899495,0.13984531,0.22103174,0.26068538,0.20724727,0.21422134
"SPOKHOLDINGS,INC_06_19_2020-EX-10.1-COOPERATION AGREEMENT",0.415685,0.38724816,0.120733686,0.4722196,0.21989068,0.39763725,0.4821641,0.49058038,0.41666353,0.522015,0.51196355,0.38652888,0.4725403,0.45826632,0.39725256,0.41646197,0.30104816,0.5483278,0.43299684,0.3839358,0.3761697,0.32982492,0.4494124,0.47953534,0.38292116
SPORTHALEYINC_09_29_1997-EX-10.2-10-ENDORSEMENT AGREEMENT,0.3974092,0.44234392,0.21106951,0.45023108,0.26098353,0.28059638,0.35881227,0.43647465,0.50906736,0.43337697,0.40284407,0.37411714,0.34135044,0.42285222,0.39909914,0.54079986,0.33490363,0.4256663,0.45926046,0.27064276,0.3989064,0.20804702,0.4110415,0.40821797,0.41749975
"SPRINGBANKPHARMACEUTICALS,INC_04_08_2020-EX-99.A-JOINT FILING AGREEMENT",0.14267401,0.24871327,0.29646006,0.32178766,0.07857805,0.18153301,0.24313504,0.22441842,0.21884781,0.36775017,0.3321821,0.28670973,0.3402253,0.13413535,0.24648218,0.20311245,0.21202445,0.24270907,0.2539994,0.29627258,0.27241707,0.15562943,0.28862232,0.12500937,0.1300478
STAMPSCOMINC_06_24_1999-EX-10.18-SPONSORSHIP AGREEMENT,0.34001106,0.4052207,0.31180507,0.35068494,0.3652984,0.33117026,0.42874426,0.46539068,0.46099025,0.391487,0.52560735,0.47160435,0.5193089,0.35296947,0.45819286,0.3658801,0.30477935,0.41586223,0.37884414,0.33807206,0.639139,0.2839358,0.50564784,0.48406237,0.37005737
STARTECGLOBALCOMMUNICATIONSCORP_11_16_1998-EX-10.30-CONSTRUCTION AND MAINTENANCE AGREEMENT,0.34439263,0.31346804,0.20809478,0.24178943,0.2624393,0.23929584,0.3561778,0.31712672,0.30761668,0.28244174,0.3272981,0.31173605,0.35160974,0.10682084,0.17163572,0.23335005,0.35336077,0.341835,0.27435082,0.16799736,0.20777139,0.24701071,0.39438653,0.22008723,0.22858945
STWRESOURCESHOLDINGCORP_08_06_2014-EX-10.1-COOPERATION AGREEMENT,0.2963466,0.20585832,0.29723358,0.337516,0.25522143,0.28550223,0.3845682,0.36583018,0.27758852,0.39964634,0.5774673,0.32259044,0.51566094,0.38870582,0.38135046,0.32797593,0.13127288,0.36072356,0.36785394,0.34284058,0.31620392,0.19866997,0.28083563,0.45882648,0.30034062
"SUCAMPOPHARMACEUTICALS,INC_11_04_2015-EX-10.2-STRATEGIC ALLIANCE AGREEMENT",0.43769258,0.39770886,0.15382533,0.56892526,0.33150446,0.3322196,0.49571484,0.40751427,0.41062415,0.40078565,0.38314283,0.46630386,0.39391094,0.3235058,0.3009966,0.3991959,0.2699365,0.5163645,0.43992049,0.30921084,0.33820057,0.3515063,0.3765417,0.37886372,0.41886503
SUMMAFOURINC_06_19_1998-EX-10.3-SOFTWARE LICENSE AND MAINTENANCE AGREEMENT,0.4180352,0.49021748,0.14531031,0.47508287,0.31433424,0.40887326,0.4549939,0.42875135,0.3538013,0.55107164,0.42849854,0.41228285,0.42566174,0.46854377,0.42665356,0.4852589,0.45233667,0.49741265,0.45426738,0.47729146,0.33099586,0.38946894,0.4637689,0.38027042,0.30495712
SUNTRONCORP_05_17_2006-EX-10.22-MAINTENANCE AGREEMENT,0.35539845,0.31337234,0.2927975,0.4386443,0.3484941,0.39839238,0.53782314,0.42259142,0.36892098,0.48238814,0.55809283,0.41505623,0.46951383,0.33639857,0.4075598,0.4314569,0.2874486,0.5098135,0.422059,0.4410475,0.45725733,0.36087066,0.39366648,0.4135395,0.34357256
SYKESHEALTHPLANSERVICESINC_04_24_1998-EX-10.14-OUTSOURCING AGREEMENT,0.32650924,0.34071708,0.3728859,0.4444276,0.269025,0.37578276,0.32000497,0.3685999,0.2655137,0.46287167,0.6246679,0.39372373,0.5245517,0.334046,0.47521126,0.31841284,0.31663108,0.42981827,0.33132,0.3201056,0.3453862,0.24320665,0.4657475,0.48854378,0.30079022
SalesforcecomInc_20171122_10-Q_EX-10.1_10961535_EX-10.1_Reseller Agreement,0.3239833,0.3002536,0.31855717,0.2771929,0.2136434,0.21573511,0.34284514,0.28672433,0.36048317,0.3389501,0.48245043,0.36867636,0.41448194,0.32968712,0.2330229,0.32358634,0.2355386,0.34057736,0.2564807,0.19699645,0.38228366,0.20369789,0.4000663,0.29951552,0.23069173
ScansourceInc_20190509_10-Q_EX-10.2_11661422_EX-10.2_Distributor Agreement,0.29207945,0.3408947,0.15859473,0.3389272,0.29106566,0.3680582,0.22100882,0.25847527,0.37514392,0.38425067,0.25022924,0.31963927,0.32996815,0.24796751,0.20986131,0.33756942,0.35458845,0.38283324,0.37789607,0.135316,0.276847,0.19801101,0.38991678,0.23113792,0.16507156
ScansourceInc_20190822_10-K_EX-10.38_11793958_EX-10.38_Distributor Agreement1,0.46266684,0.40039855,0.2972897,0.51402307,0.43662748,0.48543188,0.47275692,0.5074457,0.5255795,0.44102105,0.61836356,0.49549294,0.6076127,0.6097063,0.38927478,0.52268434,0.35167032,0.52242017,0.4644246,0.38344702,0.5311917,0.40224952,0.5640861,0.4957795,0.42573267
ScansourceInc_20190822_10-K_EX-10.38_11793958_EX-10.38_Distributor Agreement2,0.55539244,0.5614667,0.060983088,0.52705145,0.34767422,0.36692873,0.46274468,0.45928445,0.40285674,0.52385724,0.35536927,0.44061476,0.3776558,0.4077931,0.42377198,0.4861115,0.48854598,0.5291022,0.5329385,0.30214632,0.25873727,0.33350295,0.4762584,0.376926,0.301248
ScansourceInc_20190822_10-K_EX-10.39_11793959_EX-10.39_Distributor Agreement,0.35600013,0.38307375,0.278084,0.48405087,0.21745004,0.43141434,0.4389937,0.37692228,0.47654915,0.45921656,0.5093535,0.3962665,0.49978733,0.37199137,0.21276847,0.42967594,0.33766544,0.43783763,0.37909532,0.31766295,0.39288837,0.28729576,0.42287675,0.40976906,0.29539394
SigaTechnologiesInc_20190603_8-K_EX-10.1_11695818_EX-10.1_Promotion Agreement,0.25573865,0.3070457,0.37547135,0.4145965,0.3924573,0.3482908,0.37147117,0.32884294,0.35293433,0.49158376,0.6100148,0.42297107,0.5611382,0.3135869,0.41188318,0.324027,0.3145449,0.42711657,0.30949324,0.36252007,0.34674478,0.28611988,0.43733418,0.45871985,0.2852105
"SightLife Surgical, Inc. - STRATEGIC SALES _ MARKETING AGREEMENT",0.31347156,0.33960626,0.28306535,0.46962497,0.32778075,0.40947506,0.40760174,0.3800071,0.41327685,0.43201903,0.5574449,0.47784993,0.63548315,0.3820712,0.422678,0.36598292,0.25194138,0.47630894,0.37265474,0.370744,0.46675804,0.36101657,0.4995633,0.44203442,0.37764215
SimplicityEsportsGamingCompany_20181130_8-K_EX-10.1_11444071_EX-10.1_Franchise Agreement,0.50705093,0.4995021,0.24433011,0.52688545,0.31774956,0.40719926,0.5158297,0.52101564,0.533284,0.49027693,0.5315424,0.45733455,0.44388294,0.55119634,0.31173006,0.48863268,0.46096694,0.54287827,0.50040305,0.30602962,0.40078178,0.36586395,0.44689327,0.41055104,0.51912445
SmartRxSystemsInc_20180914_1-A_EX1A-6 MAT CTRCT_11351705_EX1A-6 MAT CTRCT_Distributor Agreement,0.35935554,0.38282055,0.31687886,0.48671585,0.27903712,0.3613838,0.4522912,0.3836615,0.410895,0.51142204,0.6266464,0.41536012,0.63570035,0.32743686,0.37159437,0.391967,0.37777942,0.48963618,0.39119488,0.37462795,0.42227724,0.33093297,0.44500467,0.45113558,0.27982455
"Sonos, Inc. - Manufacturing Agreement",0.4219403,0.36624414,0.20612666,0.39697996,0.48927802,0.3559174,0.4592627,0.4048071,0.39322144,0.44415075,0.5424089,0.4077888,0.512265,0.46946982,0.42891568,0.35739034,0.3102647,0.48056042,0.45631793,0.35089916,0.42829326,0.29076424,0.4951256,0.4892022,0.40778935
SoupmanInc_20150814_8-K_EX-10.1_9230148_EX-10.1_Franchise Agreement1,0.34572357,0.32141006,0.34011745,0.47293097,0.33787858,0.43141997,0.46140575,0.40953702,0.42769152,0.45560208,0.60706055,0.36543816,0.48938635,0.4487393,0.41490632,0.409109,0.2875871,0.43926293,0.37417406,0.403641,0.4687838,0.31578863,0.45422676,0.46946836,0.43538368
SoupmanInc_20150814_8-K_EX-10.1_9230148_EX-10.1_Franchise Agreement2,0.31373158,0.3730439,0.24443907,0.44786268,0.25190818,0.42409527,0.54485786,0.39065686,0.38708425,0.45691073,0.4078696,0.38195938,0.3880689,0.32776326,0.30887815,0.40777308,0.35472146,0.47627163,0.35730118,0.3707906,0.4067273,0.3629439,0.38534477,0.28152248,0.3569579
SoupmanInc_20150814_8-K_EX-10.1_9230148_EX-10.1_Franchise Agreement3,0.34233296,0.32875606,0.1524913,0.3895566,0.15708232,0.22417657,0.38341814,0.34073222,0.2832328,0.42009783,0.31249794,0.28952417,0.28947347,0.5069614,0.36340058,0.35409176,0.30300617,0.4007932,0.33727133,0.23190059,0.24411342,0.14234878,0.32861567,0.24122682,0.29438078
SoupmanInc_20150814_8-K_EX-10.1_9230148_EX-10.1_Franchise Agreement4,0.19098687,0.2153508,0.21476316,0.23956028,0.22658657,0.2265748,0.19384173,0.22045004,0.266396,0.20554829,0.14817667,0.16900212,0.0795077,0.33270738,0.28402025,0.35122895,0.13382706,0.1815223,0.23355743,0.15856439,0.28931618,0.1972944,0.2336552,0.19121628,0.33096963
SouthernStarEnergyInc_20051202_SB-2A_EX-9_801890_EX-9_Affiliate Agreement,0.45619875,0.5295266,0.10639275,0.48018837,0.32222039,0.48749056,0.5291356,0.5124276,0.45015398,0.4966576,0.433698,0.50419456,0.48541075,0.33025596,0.35703042,0.46706605,0.36907625,0.5582329,0.4598291,0.32830554,0.42870483,0.3882385,0.4967663,0.5119705,0.3829494
StaarSurgicalCompany_20180801_10-Q_EX-10.37_11289449_EX-10.37_Distributor Agreement,0.4115493,0.3571869,0.31014323,0.52989936,0.34749046,0.52179825,0.50304466,0.4546034,0.41882288,0.50028217,0.63250935,0.4794855,0.6247142,0.53325844,0.44163197,0.4627635,0.3759422,0.56657565,0.4301724,0.46255064,0.4259344,0.3391537,0.52319163,0.57574177,0.363283
StampscomInc_20001114_10-Q_EX-10.47_2631630_EX-10.47_Co-Branding Agreement,0.37968865,0.44306505,0.32765827,0.43701613,0.338062,0.3440373,0.4442391,0.3473902,0.44695634,0.4588005,0.58971167,0.3885405,0.56531185,0.31248724,0.4054653,0.35840285,0.33678675,0.38471374,0.32986516,0.44039232,0.4366386,0.33449465,0.40709883,0.44115722,0.43577135
SteelVaultCorp_20081224_10-K_EX-10.16_3074935_EX-10.16_Affiliate Agreement,0.49527824,0.4208213,0.20763956,0.45449004,0.39931577,0.3830899,0.5021161,0.5229472,0.50052166,0.51354766,0.47220188,0.4304042,0.4852767,0.39670902,0.33898067,0.40048957,0.34854865,0.49820286,0.43651313,0.25001785,0.45118073,0.3291641,0.55338144,0.4792359,0.40057653
TALCOTTRESOLUTIONLIFEINSURANCECO-SEPARATEACCOUNTTWELVE_04_30_2020-EX-99.8(L)-SERVICE AGREEMENT,0.2915783,0.28772888,0.15060705,0.4378574,0.22231439,0.3361209,0.3760991,0.3595872,0.290406,0.3194933,0.42180973,0.30565837,0.4114407,0.44938904,0.4220857,0.334887,0.2096166,0.45671782,0.32302305,0.36160746,0.37476945,0.20450133,0.49611807,0.36898446,0.40570956
"TALLGRASSENERGY,LP_02_20_2020-EX-99.26-JOINT FILING AGREEMENT",0.3511303,0.23302707,0.053295583,0.34347734,0.1700426,0.26531988,0.38764346,0.32674843,0.34839928,0.43635595,0.21727535,0.33615512,0.30881986,0.1808705,0.2620449,0.32410997,0.29117694,0.39283282,0.32514572,0.1714889,0.2644779,0.2521235,0.34714842,0.19193181,0.2379587
TEARDROPGOLFCO_10_23_1996-EX-10.12-ENDORSEMENT AGREEMENT,0.50463426,0.47639108,0.17457566,0.54042554,0.28983462,0.46297073,0.5189094,0.46695375,0.55682075,0.49817222,0.42652512,0.4972962,0.42042753,0.40473738,0.3699274,0.49759305,0.4087138,0.50484884,0.52678853,0.3230059,0.44659632,0.27226847,0.5210242,0.386274,0.3725441
TELEGLOBEINTERNATIONALHOLDINGSLTD_03_29_2004-EX-10.10-CONSTRUCTION AND MAINTENANCE AGREEMENT,0.24424988,0.2556364,0.2508253,0.20937645,0.21259351,0.20843703,0.3670966,0.27635285,0.23965836,0.21476543,0.29992235,0.22480258,0.36846876,0.0738619,0.15506575,0.23755199,0.4063344,0.2748214,0.1916312,0.23065013,0.14372444,0.21956274,0.25057608,0.17356285,0.2187365
TELKOMSALTD_01_30_2003-EX-10-LICENCE AND MAINTENANCE AGREEMENT,0.368322,0.45856518,0.21171962,0.47816703,0.33675644,0.39327636,0.44845164,0.34870702,0.38950917,0.42191553,0.45923868,0.39501083,0.47556984,0.20258626,0.29540828,0.40690255,0.37723047,0.4453824,0.40019357,0.3299579,0.2815342,0.3486785,0.4677263,0.38274682,0.2781006
"THERAVANCEBIOPHARMA,INC_05_08_2020-EX-10.2-SERVICE AGREEMENT",0.3237955,0.22735646,0.22927825,0.38720912,0.32922798,0.34436375,0.31564468,0.37773925,0.3536756,0.22482695,0.5202551,0.3308164,0.46253425,0.25971496,0.2679819,0.2981429,0.15840189,0.39383012,0.38702884,0.28294542,0.30682293,0.20561215,0.376096,0.561268,0.29588056
TICKETSCOMINC_06_22_1999-EX-10.22-SPONSORSHIP AGREEMENT,0.31314427,0.27393967,0.29080486,0.40373173,0.2439565,0.2799257,0.40076795,0.38909745,0.31141657,0.36774653,0.5171557,0.49200284,0.5053751,0.40307266,0.45383412,0.3716459,0.3343159,0.3514834,0.33601415,0.42840177,0.48050213,0.24098966,0.44968587,0.41492325,0.24403709
TRANSMONTAIGNEPARTNERSLLC_03_13_2020-EX-10.9-SERVICES AGREEMENT,0.36909583,0.38259393,0.17069864,0.52372473,0.27458403,0.39347526,0.46059966,0.4703651,0.46995032,0.46763337,0.525455,0.3385663,0.40781373,0.418738,0.34594595,0.41697285,0.3114051,0.53754675,0.43195346,0.4206265,0.33214837,0.3372176,0.48109776,0.5261644,0.37366652
"TRANSPHORM,INC_02_14_2020-EX-10.12(1)-JOINT VENTURE AGREEMENT",0.27416062,0.28568077,0.37106538,0.41943243,0.35777605,0.29897788,0.3968111,0.3259002,0.3500038,0.3549763,0.49069136,0.4072653,0.4547079,0.29609337,0.3389575,0.4356299,0.3040792,0.5245797,0.36474913,0.32431403,0.38232923,0.3194984,0.34620583,0.3713345,0.32794404
TRICITYBANKSHARESCORP_05_15_1998-EX-10-OUTSOURCING AGREEMENT,0.34862646,0.28928494,0.3191596,0.41732717,0.29694223,0.3333618,0.41393608,0.45720413,0.33381766,0.4498739,0.6247971,0.35591924,0.46956867,0.4377319,0.34832805,0.35297716,0.2628088,0.4666034,0.33482307,0.45880687,0.37464207,0.33726048,0.49355227,0.5197842,0.37788874
TRIZETTOGROUPINC_08_18_1999-EX-10.17-TECHNICAL INFRASTRUCTURE MAINTENANCE AGREEMENT,0.25761682,0.2528636,0.24951002,0.47093898,0.41256875,0.4554069,0.36614347,0.37098947,0.32499993,0.47098142,0.5003665,0.35512954,0.4905377,0.37558907,0.46002346,0.3930151,0.25762922,0.447822,0.3031898,0.41895717,0.40328255,0.32857096,0.469668,0.36072257,0.32914782
TRUENORTHENERGYCORP_02_08_2007-EX-10.1-DEVELOPMENT AGREEMENT,0.3466519,0.3542096,0.18135282,0.51551116,0.38678294,0.41699663,0.42361495,0.4031951,0.3664445,0.42934448,0.4485099,0.36512047,0.42856097,0.42369992,0.34206173,0.42237192,0.26887804,0.51228714,0.46612382,0.47317082,0.38012463,0.39370865,0.41250247,0.4113719,0.3319535
TUNIUCORP_03_06_2014-EX-10-COOPERATION AGREEMENT,0.36951205,0.41315776,0.20370634,0.3670506,0.27116877,0.27457306,0.48018226,0.5067768,0.31716916,0.42204624,0.5465765,0.35812402,0.4469372,0.43140665,0.32591057,0.40899527,0.40602297,0.56259763,0.4230045,0.30757973,0.29975235,0.3789862,0.39149368,0.50287807,0.38525033
"TURNKEYCAPITAL,INC_07_20_2017-EX-1.1-Strategic Alliance Agreement",0.28575525,0.3281461,0.24911697,0.41846067,0.27516636,0.30919722,0.49246034,0.3990162,0.47703037,0.45613822,0.43202704,0.38511685,0.4436165,0.35982978,0.26283306,0.3634246,0.25848907,0.4706167,0.46710083,0.26560155,0.37434304,0.388406,0.3775869,0.3408544,0.4558887
TcPipelinesLp_20160226_10-K_EX-99.12_9454048_EX-99.12_Transportation Agreement,0.16497819,0.225589,0.33427203,0.2935506,0.19178721,0.2991787,0.241305,0.28720564,0.2094902,0.37952614,0.38491768,0.20914382,0.31243777,0.30399525,0.29840356,0.29916182,0.25042844,0.30402827,0.2899769,0.3256281,0.28713816,0.26274878,0.32098192,0.2667107,0.24934664
TheglobeComInc_19990503_S-1A_EX-10.20_5416126_EX-10.20_Co-Branding Agreement,0.47051346,0.42761874,0.18465437,0.49491453,0.29442364,0.35984236,0.5035974,0.37634134,0.5225822,0.41532665,0.49086955,0.38442692,0.4279213,0.43595144,0.28742105,0.5090008,0.3689397,0.47641832,0.41058236,0.2833634,0.44722995,0.37266815,0.49773297,0.39442164,0.41701955
ThriventVariableInsuranceAccountB_20190701_N-6_EX-99.D(IV)_11720968_EX-99.D(IV)_Endorsement Agreement,0.30896148,0.24450485,-0.0027459804,0.3777274,0.007274471,0.24295193,0.31433398,0.28747424,0.21260099,0.15101847,0.097960725,0.2811334,0.07126729,0.13781595,0.13579011,0.25402588,0.1585328,0.1549256,0.21419907,0.16072948,0.16866513,0.18251988,0.23305596,0.13566893,0.18455386
TodosMedicalLtd_20190328_20-F_EX-4.10_11587157_EX-4.10_Marketing Agreement_ Reseller Agreement,0.37217408,0.36111087,0.37537068,0.460039,0.32789078,0.40376472,0.44608527,0.33264673,0.3845396,0.4728794,0.60067743,0.43743062,0.6513827,0.346556,0.39485425,0.36689216,0.33324254,0.37032723,0.30395368,0.41207147,0.4731235,0.36525345,0.47839895,0.41903567,0.33727294
TomOnlineInc_20060501_20-F_EX-4.46_749700_EX-4.46_Co-Branding Agreement,0.48272425,0.33028847,0.25921753,0.38670748,0.28710908,0.27849647,0.38902223,0.4034081,0.38266584,0.48471737,0.6315993,0.33980623,0.5438473,0.30256054,0.35495973,0.39554965,0.38899747,0.44746035,0.34665608,0.36487484,0.42939386,0.31920955,0.44976884,0.4823212,0.27918303
TubeMediaCorp_20060310_8-K_EX-10.1_513921_EX-10.1_Affiliate Agreement,0.3793115,0.30514207,0.26136476,0.34645066,0.20221964,0.28247118,0.47823298,0.4505729,0.38459694,0.4429704,0.5929391,0.36846757,0.60439986,0.29132116,0.3196413,0.368982,0.37889516,0.4154582,0.31087548,0.27985984,0.407458,0.29878336,0.39444172,0.5000996,0.25686163
UAGHINC_04_14_2004-EX-10.18-MAINTENANCE AGREEMENT,0.35539678,0.3109448,0.26358634,0.40497428,0.32567048,0.39345714,0.4441991,0.4575527,0.37112492,0.41163468,0.6186833,0.33443487,0.5542107,0.5160055,0.4401296,0.3998888,0.32708585,0.51762354,0.36433086,0.44214815,0.37074137,0.28286952,0.45918232,0.45803565,0.3509853
ULTRAGENYXPHARMACEUTICALINC_12_23_2013-EX-10.9-SUPPLY AGREEMENT,0.28343987,0.37408343,0.24662085,0.43103436,0.30978817,0.37302437,0.3464316,0.2710632,0.39572453,0.37108764,0.5245332,0.4949603,0.53067,0.34495062,0.29013124,0.28543812,0.27231807,0.36418736,0.36965168,0.33757374,0.40282992,0.38015014,0.32527572,0.3608916,0.28815055
"UNITEDNATIONALBANCORP_03_03_1999-EX-99-Outsourcing Agreement with the BISYS Group, Inc.",0.29366928,0.27331597,0.14064083,0.30247384,0.16593772,0.16277543,0.29071555,0.32141182,0.3023333,0.25649387,0.2519465,0.32769194,0.25670788,0.17963949,0.15329479,0.22368643,0.19159842,0.30995512,0.32755616,0.14910041,0.19291401,0.22109482,0.35100758,0.18313274,0.22409499
URSCORPNEW_03_17_2014-EX-99-COOPERATION AGREEMENT,0.3694176,0.2753093,0.31570363,0.42182976,0.40251106,0.39971545,0.47655755,0.4126191,0.445783,0.33834758,0.54738843,0.33049515,0.41510463,0.42689413,0.29360864,0.36921763,0.23474807,0.53572416,0.42828953,0.34335786,0.3762114,0.30992228,0.39257288,0.45598805,0.42154133
USASYNTHETICFUELCORP_10_21_2010-EX-10.10-STRATEGIC ALLIANCE AGREEMENT,0.3218763,0.35859072,0.1800441,0.3553936,0.17414898,0.27046934,0.37009192,0.3462929,0.31377515,0.4461193,0.4650517,0.30558705,0.49644423,0.40221408,0.24123296,0.32551593,0.2941925,0.48188448,0.4539205,0.25060803,0.34903145,0.38238418,0.3541616,0.31248015,0.34434918
UnionDentalHoldingsInc_20050204_8-KA_EX-10_3345577_EX-10_Affiliate Agreement,0.38853252,0.39965832,0.25147337,0.43540746,0.36268026,0.3212455,0.55384743,0.5469561,0.41187054,0.5204997,0.6442573,0.3962521,0.5830647,0.35172233,0.39651906,0.4152435,0.3177479,0.5692311,0.41960633,0.36369777,0.44534528,0.3096276,0.44689,0.6042454,0.38535535
UpjohnInc_20200121_10-12G_EX-2.6_11948692_EX-2.6_Manufacturing Agreement_ Supply Agreement,0.38739297,0.41058022,0.3016644,0.42366368,0.48732263,0.39011353,0.42852688,0.42562377,0.37081635,0.5201143,0.6033041,0.3908484,0.60847825,0.41025013,0.5112908,0.3932572,0.31112292,0.49987233,0.39812642,0.42156327,0.4995662,0.34297252,0.43904608,0.53395015,0.3494329
UsioInc_20040428_SB-2_EX-10.11_1723988_EX-10.11_Affiliate Agreement 2,0.3926166,0.37228882,0.30457127,0.41092688,0.3215627,0.31468573,0.52932596,0.57238716,0.38535336,0.514857,0.66727483,0.44563782,0.6516489,0.36400408,0.37961918,0.36387068,0.35066986,0.4970745,0.4056242,0.4190666,0.43897423,0.31920114,0.47479498,0.5587586,0.31256312
VALENCETECHNOLOGYINC_02_14_2003-EX-10-JOINT VENTURE CONTRACT,0.36082086,0.4161526,0.27380675,0.43356526,0.35171002,0.29916942,0.4333876,0.37187386,0.3723117,0.42001837,0.48615396,0.3808601,0.5190317,0.37756875,0.3313594,0.45506957,0.42932454,0.55649495,0.4590356,0.35151386,0.4211771,0.44945416,0.39379472,0.42526284,0.45603275
"VAPOTHERM, INC. - Manufacturing and Supply Agreement",0.3060523,0.36786225,0.37896752,0.3556695,0.32594818,0.30118746,0.3562802,0.33695185,0.28433102,0.50955534,0.6967891,0.38029757,0.6374495,0.4195059,0.41277963,0.356501,0.33244878,0.4729407,0.40664202,0.39294085,0.4070886,0.34066796,0.36685508,0.48922783,0.2913245
VARIABLESEPARATEACCOUNT_04_30_2014-EX-13.C-UNCONDITIONAL CAPITAL MAINTENANCE AGREEMENT,0.3355716,0.31230158,0.18965583,0.46484855,0.28322703,0.3704195,0.4308288,0.3085875,0.40343183,0.41044363,0.42690057,0.30410022,0.36981267,0.31060982,0.38632977,0.33627152,0.31130016,0.43205956,0.3468876,0.3833698,0.36060613,0.26284873,0.43264163,0.34434527,0.3428226
"VAXCYTE,INC_05_22_2020-EX-10.19-SUPPLY AGREEMENT",0.4848839,0.43960878,0.15961361,0.50791764,0.36041754,0.3862112,0.3343184,0.32300553,0.44347924,0.39271778,0.34378082,0.5556215,0.37885058,0.39885607,0.37671918,0.37663645,0.27963197,0.42073947,0.43801197,0.16838382,0.38559937,0.37457412,0.40678313,0.2666613,0.24698283
"VEONEER,INC_02_21_2020-EX-10.11-JOINT VENTURE AGREEMENT",0.3599383,0.35409933,0.22122902,0.4420529,0.3127519,0.43441972,0.44141823,0.41437826,0.45135298,0.3694157,0.46839827,0.40976092,0.40763113,0.4167124,0.26474243,0.44733635,0.3320768,0.60388356,0.3449576,0.3697138,0.32523918,0.41277975,0.44281012,0.4892347,0.3927119
VERICELCORP_08_06_2019-EX-10.10-SUPPLY AGREEMENT,0.22602838,0.23223577,0.34826356,0.34065914,0.27368954,0.32823384,0.26767325,0.25782132,0.25772613,0.28399265,0.5952591,0.37621537,0.55468494,0.30654225,0.37788105,0.223571,0.21226281,0.3626809,0.26036534,0.37118745,0.35390368,0.28368187,0.3573143,0.4187693,0.24383622
VERSOTECHNOLOGIESINC_12_28_2007-EX-99.3-INTELLECTUAL PROPERTY AGREEMENT,0.36971688,0.45414478,0.1336237,0.49005535,0.28953695,0.44433463,0.46253866,0.38568813,0.4462493,0.44212145,0.33928943,0.4165402,0.3599463,0.39044356,0.23502775,0.52703,0.36312217,0.5422317,0.45818996,0.29866722,0.3334757,0.34416986,0.3657237,0.27618253,0.3217156
VERTEXENERGYINC_08_14_2014-EX-10.24-OPERATION AND MAINTENANCE AGREEMENT,0.38918072,0.30975306,0.22548148,0.47049984,0.4201949,0.46974093,0.39932257,0.4170736,0.36434633,0.34948617,0.42420506,0.27346808,0.40540713,0.4427058,0.39460525,0.4025057,0.30235302,0.51554376,0.39280635,0.38699055,0.26016986,0.3256554,0.43695456,0.3804052,0.40865517
VERTICALNETINC_04_01_2002-EX-10.19-MAINTENANCE AND SUPPORT AGREEMENT,0.41277575,0.40227598,0.21066809,0.38562757,0.33458352,0.43653962,0.4238683,0.49183327,0.37755686,0.52499044,0.5487675,0.33360866,0.5017048,0.4678448,0.39704695,0.40311253,0.4007734,0.55411255,0.39578688,0.35422337,0.38842,0.34052324,0.47811157,0.4959401,0.3104242
VIOLINMEMORYINC_12_12_2012-EX-10.14-SPONSORSHIP AGREEMENT,0.41970217,0.40615743,0.2565467,0.44688374,0.29744983,0.33896047,0.38380325,0.4205443,0.38791078,0.45503062,0.40644717,0.4287668,0.4194649,0.40787217,0.51571107,0.41925395,0.3845682,0.37707436,0.35987705,0.35126203,0.4548672,0.24909215,0.4542836,0.3781771,0.3196194
"VIRGINGALACTICHOLDINGS,INC_04_08_2020-EX-99.1-JOINT FILING STATEMENT",0.12278046,0.14372186,0.13828693,0.21045256,0.116854556,0.110501036,0.22175652,0.13423532,0.2876832,0.23392907,0.13136488,0.24303153,0.1905236,0.1306296,0.17808582,0.21879429,0.13704365,0.3106772,0.17911267,0.14578381,0.2682988,0.089040115,0.14267687,0.07428029,0.251653
"VIRTUALSCOPICS,INC_11_12_2010-EX-10.1-STRATEGIC ALLIANCE AGREEMENT",0.33603263,0.32560384,0.30599988,0.37415853,0.3131492,0.32753804,0.41264993,0.41840094,0.33572942,0.49435446,0.67731464,0.3876176,0.58654886,0.5279779,0.39307657,0.33150142,0.3150927,0.51197684,0.43875152,0.36482543,0.40075833,0.31309873,0.38731945,0.5093706,0.35594514
"VISIUMTECHNOLOGIES,INC_10_20_2004-EX-10.20-DISTRIBUTOR AGREEMENT",0.33569247,0.24526985,0.3536495,0.41388988,0.2801544,0.3636546,0.44654,0.27438763,0.38068968,0.43382496,0.5842432,0.36007357,0.5657538,0.36617646,0.33577985,0.36234543,0.25314322,0.42152938,0.3510743,0.302904,0.42145827,0.2768767,0.385994,0.45562422,0.357123
VITAMINSHOPPECOMINC_09_13_1999-EX-10.26-SPONSORSHIP AGREEMENT,0.54050666,0.51957405,0.25511494,0.5599584,0.40604728,0.41814733,0.54711056,0.5684281,0.5256962,0.52986777,0.48319978,0.60738397,0.51622844,0.39633638,0.4890198,0.46950918,0.38061666,0.5170069,0.54088676,0.31313118,0.55901307,0.37962508,0.5213977,0.50102824,0.46560067
"VIVINT SOLAR, INC. - NON-COMPETITION AGREEMENT",0.31346485,0.38693056,0.1994155,0.32837301,0.25323534,0.34387535,0.31148982,0.3732773,0.36846286,0.41998827,0.42282116,0.4072131,0.34942392,0.2797976,0.2786119,0.29888874,0.33268744,0.39418238,0.3671649,0.2619056,0.32299232,0.37122965,0.36899757,0.3367331,0.23543617
"VNUE,INC_07_10_2015-EX-10.1-SPONSORSHIP AGREEMENT",0.29416484,0.4059541,0.23176378,0.4241613,0.31048986,0.2682438,0.39722162,0.33384976,0.40094572,0.41423696,0.4386924,0.44623515,0.3788362,0.3594885,0.45701236,0.35437828,0.34506863,0.33767062,0.42460045,0.36626342,0.42476737,0.19844264,0.4551253,0.40431345,0.26129693
VerizonAbsLlc_20200123_8-K_EX-10.4_11952335_EX-10.4_Service Agreement,0.43454528,0.23241737,0.27044863,0.48550838,0.32226813,0.3676967,0.49302375,0.46282685,0.38999474,0.38124233,0.52098894,0.29058912,0.4306387,0.4469828,0.32523158,0.44960144,0.28456652,0.49395156,0.34970155,0.41077095,0.31395668,0.34974873,0.42355716,0.47442338,0.33667547
VertexEnergyInc_20200113_8-K_EX-10.1_11943624_EX-10.1_Marketing Agreement,0.30956262,0.27692518,0.38157976,0.40077746,0.33158565,0.29972455,0.3873952,0.3671141,0.32067263,0.4668483,0.58606243,0.3491764,0.6051789,0.37767735,0.3949598,0.32007653,0.2273914,0.43196982,0.39064193,0.3638374,0.43281102,0.36984134,0.37654543,0.46809584,0.4121424
VgrabCommunicationsInc_20200129_10-K_EX-10.33_11958828_EX-10.33_Development Agreement,0.32989645,0.3478824,0.27567437,0.46063256,0.37349528,0.3839281,0.48840684,0.32581973,0.36664978,0.39359716,0.4691137,0.37372303,0.48867965,0.3168776,0.24212544,0.4283408,0.435592,0.44035515,0.42393398,0.34762448,0.31560063,0.3064822,0.35994875,0.33515325,0.33183464
VirtuosoSurgicalInc_20191227_1-A_EX1A-6 MAT CTRCT_11933379_EX1A-6 MAT CTRCT_License Agreement,0.44228643,0.5271345,0.1956079,0.5682924,0.25214437,0.3656237,0.46571067,0.3835516,0.43286043,0.4679094,0.42603517,0.4588114,0.40073588,0.4162466,0.36843103,0.46002042,0.3988568,0.5139488,0.43661523,0.30465436,0.40182385,0.3483857,0.45228553,0.34188348,0.47625303
VitalibisInc_20180316_8-K_EX-10.2_11100168_EX-10.2_Hosting Agreement,0.31618094,0.2561355,0.32637453,0.32236826,0.2928638,0.23687315,0.3232882,0.34352392,0.25374353,0.3690406,0.69551516,0.36345756,0.57290334,0.46595708,0.4942441,0.29136097,0.31465572,0.3894128,0.28273693,0.40861225,0.36579305,0.24964112,0.4334553,0.54519445,0.27295837
VnueInc_20150914_8-K_EX-10.1_9259571_EX-10.1_Promotion Agreement,0.26561564,0.28603685,0.21222857,0.30997574,0.17694092,0.31141463,0.3958245,0.3694569,0.3477912,0.40992972,0.38959777,0.46477783,0.41589913,0.32645965,0.31950718,0.2578153,0.39240974,0.37084162,0.32029003,0.36463028,0.5386329,0.28563866,0.40168536,0.28060287,0.22950381
WARNERCHILCOTTPLC_12_31_2003-EX-4.36-DEVELOPMENT AGREEMENT,0.3531956,0.48187768,0.15723196,0.57251024,0.29622716,0.47706106,0.4129138,0.38548464,0.45631903,0.44090396,0.3672663,0.44325066,0.3578828,0.4472774,0.31473207,0.51536083,0.27313346,0.5616045,0.5340604,0.23213066,0.28421748,0.40839046,0.40135947,0.32112977,0.31708074
WARNINGMANAGEMENTSERVICESINC_12_10_1999-EX-10-ENDORSEMENT AGREEMENT,0.2950836,0.31532693,0.19448042,0.393421,0.23618239,0.25383955,0.38054943,0.36762634,0.3828299,0.36292526,0.41193202,0.29453722,0.4023432,0.34412652,0.34420824,0.42666364,0.2493098,0.33007872,0.39564583,0.23575525,0.36356342,0.23457608,0.3327908,0.37888306,0.32534248
"WASTE2ENERGYHOLDINGS,INC_06_03_2010-EX-10.2-STRATEGIC ALLIANCE AGREEMENT",0.37056655,0.40276858,0.32548594,0.45406368,0.28520465,0.34754372,0.4444111,0.4715774,0.3657806,0.50159186,0.5717416,0.4678797,0.5283109,0.3567356,0.35744348,0.43378887,0.37395006,0.515357,0.42519954,0.41067046,0.3949501,0.40825242,0.43556044,0.5374944,0.4595788
WEBHELPCOMINC_03_22_2000-EX-10.8-HOSTING AGREEMENT,0.39267343,0.29778534,0.34272054,0.4250138,0.33243835,0.36339536,0.4741898,0.4588883,0.3712914,0.4591679,0.68738514,0.44131187,0.6279533,0.48340988,0.41430163,0.39410058,0.34483165,0.5183411,0.39030856,0.41638398,0.37193692,0.25555843,0.46978426,0.54799783,0.29741126
WELLSFARGOMORTGAGEBACKEDSECURITIES2006-6TRUST_05_11_2006-EX-10.3-Yield Maintenance Agreement,0.38997757,0.3250348,0.12836415,0.45035392,0.27651793,0.36737812,0.41019413,0.3783607,0.39163584,0.37253952,0.33387738,0.30214545,0.2879384,0.42604762,0.2968391,0.3838508,0.21962777,0.39620525,0.31663167,0.37298575,0.32108986,0.30996585,0.4341913,0.3164358,0.3183577
WESTERN COPPER - NON-COMPETITION AGREEMENT,0.33888966,0.3385978,0.24407005,0.3359555,0.27262622,0.29972953,0.41067213,0.4901613,0.35345334,0.35542378,0.49570507,0.32030916,0.43595195,0.43578905,0.25885698,0.35709608,0.31095064,0.46030632,0.4077757,0.28165275,0.32556075,0.35421568,0.43580568,0.36931884,0.3934773
"WHITESMOKE,INC_11_08_2011-EX-10.26-PROMOTION AND DISTRIBUTION AGREEMENT",0.36671734,0.37824923,0.29585758,0.48729253,0.27491498,0.42895323,0.5011126,0.41963828,0.40574253,0.40242052,0.60217786,0.43960485,0.57684493,0.46347457,0.3482342,0.4956567,0.38330358,0.49503586,0.41967404,0.42236215,0.40881035,0.36329907,0.44449583,0.47922015,0.34229362
WOMENSGOLFUNLIMITEDINC_03_29_2000-EX-10.13-ENDORSEMENT AGREEMENT,0.3073339,0.31113222,0.2722378,0.3722185,0.28453153,0.28467828,0.32629988,0.37062567,0.40067625,0.4547826,0.48762718,0.3437365,0.514114,0.38196027,0.4268103,0.3261978,0.21975191,0.35462138,0.39883167,0.32038966,0.45359263,0.21153799,0.35825032,0.4041234,0.45032057
WOMENSGOLFUNLIMITEDINC_03_29_2000-EX-10.13-ENDORSEMENT AGREEMENT - Intellectual Property Rights Confidentiality and Non-Use Obligations Agreement,0.38112324,0.52027714,0.077690154,0.43844962,0.2326133,0.35047302,0.37768522,0.3930797,0.41868132,0.411139,0.22846475,0.38133687,0.27979416,0.3311404,0.28846928,0.47404602,0.34654343,0.46713513,0.5330502,0.22278339,0.30806637,0.2376186,0.34044987,0.3359926,0.42505485
WORLDWIDESTRATEGIESINC_11_02_2005-EX-10-RESELLER AGREEMENT,0.4273988,0.41967034,0.25284767,0.42685091,0.34954545,0.41310793,0.4420665,0.41093087,0.42803973,0.4165932,0.49964547,0.45103484,0.48426875,0.36267453,0.32422602,0.42690927,0.38318843,0.4417838,0.37825978,0.33770567,0.42569464,0.35453564,0.5191699,0.44365105,0.34711823
WPPPLC_04_30_2020-EX-4.28-SERVICE AGREEMENT,0.47469175,0.45458108,0.1690389,0.48332882,0.38354644,0.39368877,0.471501,0.6577796,0.4281037,0.32972944,0.46266592,0.45512003,0.4054041,0.4321118,0.38682187,0.44734803,0.37528104,0.51616377,0.4999941,0.35864663,0.40727586,0.40272027,0.4966307,0.6810881,0.55481285
WatchitMediaInc_20061201_8-K_EX-10.1_4148672_EX-10.1_Content License Agreement,0.30306023,0.2412667,0.1086644,0.27149194,0.09537865,0.19400263,0.2666506,0.26762256,0.21496937,0.26521242,0.2744393,0.25013915,0.2641756,0.15973231,0.17885968,0.29902208,0.42110962,0.21147959,0.17673567,0.27700195,0.26057252,0.23517853,0.3406843,0.20851651,0.105572894
WaterNowInc_20191120_10-Q_EX-10.12_11900227_EX-10.12_Distributor Agreement,0.41578007,0.3733073,0.36937803,0.5200285,0.35113442,0.44015604,0.46388787,0.38440293,0.4731303,0.4797066,0.63751173,0.46247008,0.6245868,0.36109525,0.35749233,0.39941877,0.37136674,0.514586,0.40641427,0.4058726,0.45613992,0.34126872,0.49219477,0.4955271,0.3069809
WebmdHealthCorp_20050908_S-1A_EX-10.7_1027007_EX-10.7_Content License Agreement,0.4619805,0.5047996,0.21377794,0.45301825,0.36918426,0.4137198,0.38203278,0.44356266,0.48537913,0.35758096,0.5094962,0.44234392,0.3960079,0.5180311,0.32670936,0.52752113,0.36068448,0.48159707,0.51570255,0.27513853,0.3641575,0.31233388,0.43870682,0.3967759,0.3675605
WestPharmaceuticalServicesInc_20200116_8-K_EX-10.1_11947529_EX-10.1_Supply Agreement,0.4520753,0.5050093,0.18651804,0.482504,0.37335753,0.47176224,0.5258297,0.50822693,0.5152021,0.4157982,0.44282442,0.48712754,0.43698722,0.4914937,0.3706017,0.4047085,0.30639994,0.51080185,0.57566965,0.33938462,0.40174997,0.36684433,0.4363829,0.41188222,0.4027002
"XACCT Technologies, Inc.SUPPORT AND MAINTENANCE AGREEMENT",0.38554052,0.33731157,0.35374677,0.43927336,0.401129,0.38648736,0.39194903,0.36826453,0.34147534,0.5179741,0.5737626,0.44275314,0.5188778,0.45600307,0.5118874,0.3786496,0.3934362,0.44558063,0.41107675,0.43949002,0.39014295,0.28381467,0.51922715,0.42665106,0.33642024
XENCORINC_10_25_2013-EX-10.24-COLLABORATION AGREEMENT (3),0.4250854,0.49414238,0.13393392,0.4561085,0.39592928,0.3629699,0.44216692,0.48496303,0.359512,0.4854334,0.42419645,0.4738611,0.45049563,0.48343667,0.31818128,0.5068236,0.38844556,0.6148644,0.5496625,0.30641183,0.32552665,0.39554098,0.44541088,0.37883562,0.35188758
"XLITECHNOLOGIES,INC_12_02_2015-EX-10.02-STRATEGIC ALLIANCE AGREEMENT",0.3907113,0.51441765,0.06447413,0.48405468,0.22263224,0.35025257,0.45494485,0.40452117,0.374294,0.6179143,0.30887997,0.41646683,0.37756696,0.3526702,0.28456515,0.45744002,0.35472926,0.5065631,0.53307974,0.18029873,0.3116004,0.29953718,0.39194816,0.27782762,0.3515966
"XLITECHNOLOGIES,INC_12_11_2015-EX-10.1-Sponsorship Agreement",0.39763916,0.43016323,0.11139315,0.4686367,0.2512982,0.29293567,0.35010844,0.3289883,0.4256873,0.49164373,0.35056442,0.34521824,0.35244182,0.3663195,0.3159208,0.41253155,0.39275438,0.34555662,0.435858,0.22033994,0.33045322,0.26757595,0.40521395,0.29962623,0.36275107
XYBERNAUTCORP_07_12_2002-EX-4-SPONSORSHIP AGREEMENT,0.43652958,0.45388204,0.18491048,0.546763,0.35753393,0.43395948,0.5017557,0.4606998,0.44848505,0.47974828,0.37582025,0.4706676,0.36401495,0.38752788,0.46759182,0.49849147,0.35038513,0.47299376,0.5004429,0.32980418,0.45742583,0.2947885,0.48795277,0.44556215,0.40754128
XinhuaSportsEntertainmentLtd_20070221_F-1_EX-99.4_645553_EX-99.4_Content License Agreement,0.40927675,0.4338361,0.22429329,0.42601943,0.24813995,0.2890505,0.41271496,0.3565619,0.31833962,0.34777746,0.42432088,0.35630745,0.3987037,0.424729,0.28924125,0.5073202,0.6250918,0.4716677,0.38031638,0.24964929,0.3245462,0.2618556,0.4562317,0.29940885,0.35671657
XpresspaGroupInc_20190401_10-K_EX-10.28_11599457_EX-10.28_Marketing Agreement,0.36559778,0.3683499,0.3697651,0.43023813,0.41710645,0.41173995,0.43746823,0.37807238,0.39559478,0.48731107,0.63839734,0.45522594,0.6612977,0.3872798,0.38693702,0.3878417,0.35291883,0.46191144,0.39023894,0.36072636,0.4749862,0.352512,0.4825153,0.48284215,0.30788833
ZEBRATECHNOLOGIESCORP_04_16_2014-EX-10.1-INTELLECTUAL PROPERTY AGREEMENT,0.46427378,0.5140729,0.14841442,0.50416565,0.31061214,0.4700617,0.45332858,0.46085995,0.47259548,0.4426232,0.3917117,0.38179356,0.4502557,0.4967956,0.28866392,0.6047145,0.46442854,0.66782105,0.49651378,0.28472027,0.32454708,0.3071776,0.4404589,0.35963577,0.34728438
ZONDWINDSYSTEMPARTNERSLTDSERIES85-B_04_03_2006-EX-10-MANAGEMENT AND MAINTENANCE AGREEMENT,0.31029102,0.37339646,0.12096296,0.34497035,0.21326919,0.2839278,0.28231663,0.30084985,0.37058645,0.38059157,0.27766103,0.2907195,0.32254946,0.3031569,0.23132864,0.34923178,0.22352096,0.42300272,0.42714608,0.18265265,0.30256644,0.25249863,0.37031883,0.2177148,0.347624
ZogenixInc_20190509_10-Q_EX-10.2_11663313_EX-10.2_Distributor Agreement,0.36774004,0.37874067,0.16374114,0.49322724,0.31045574,0.4296759,0.4081747,0.3493185,0.45732144,0.31351635,0.38764745,0.464871,0.4295153,0.52150667,0.2661702,0.45800143,0.3244163,0.62019753,0.38285694,0.24650405,0.33444434,0.44103235,0.4995227,0.37744048,0.3480447
"Zounds Hearing, Inc. - MANUFACTURING DESIGN MARKETING AGREEMENT",0.3738578,0.329785,0.2609046,0.42541003,0.41451144,0.3415193,0.4077468,0.4161647,0.34863257,0.46105847,0.62329596,0.40570235,0.5840235,0.422545,0.40474835,0.3730018,0.29457986,0.49155927,0.46954426,0.39735425,0.36950874,0.2671572,0.47474328,0.5345252,0.3039904
ZtoExpressCaymanInc_20160930_F-1_EX-10.10_9752871_EX-10.10_Transportation Agreement,0.18666682,0.2491515,0.1352555,0.3420523,0.2238779,0.44437253,0.35520723,0.26431867,0.2023108,0.31119335,0.32750517,0.2656162,0.2928909,0.22972149,0.4789066,0.30033863,0.25922403,0.3941326,0.30193564,0.53612506,0.33002594,0.3911193,0.41522914,0.26170504,0.24976116
