split_seed,contract_id,model,k,precision_at_k,recall_at_k,n_missing_eligible_categories
42,VirtuosoSurgicalInc_20191227_1-A_EX1A-6 MAT CTRCT_11933379_EX1A-6 MAT CTRCT_License Agreement,TextOnly,3,1.0,0.13043478260869565,23
42,VirtuosoSurgicalInc_20191227_1-A_EX1A-6 MAT CTRCT_11933379_EX1A-6 MAT CTRCT_License Agreement,TextOnly,5,0.8,0.17391304347826086,23
42,VirtuosoSurgicalInc_20191227_1-A_EX1A-6 MAT CTRCT_11933379_EX1A-6 MAT CTRCT_License Agreement,TextOnly,10,0.9,0.391304347826087,23
42,ThriventVariableInsuranceAccountB_20190701_N-6_EX-99.D(IV)_11720968_EX-99.D(IV)_Endorsement Agreement,TextOnly,3,1.0,0.07894736842105263,38
42,ThriventVariableInsuranceAccountB_20190701_N-6_EX-99.D(IV)_11720968_EX-99.D(IV)_Endorsement Agreement,TextOnly,5,1.0,0.13157894736842105,38
42,ThriventVariableInsuranceAccountB_20190701_N-6_EX-99.D(IV)_11720968_EX-99.D(IV)_Endorsement Agreement,TextOnly,10,1.0,0.2631578947368421,38
42,"VIVINT SOLAR, INC. - NON-COMPETITION AGREEMENT",TextOnly,3,1.0,0.08108108108108109,37
42,"VIVINT SOLAR, INC. - NON-COMPETITION AGREEMENT",TextOnly,5,1.0,0.13513513513513514,37
42,"VIVINT SOLAR, INC. - NON-COMPETITION AGREEMENT",TextOnly,10,1.0,0.2702702702702703,37
42,"TALLGRASSENERGY,LP_02_20_2020-EX-99.26-JOINT FILING AGREEMENT",TextOnly,3,1.0,0.07894736842105263,38
42,"TALLGRASSENERGY,LP_02_20_2020-EX-99.26-JOINT FILING AGREEMENT",TextOnly,5,1.0,0.13157894736842105,38
42,"TALLGRASSENERGY,LP_02_20_2020-EX-99.26-JOINT FILING AGREEMENT",TextOnly,10,1.0,0.2631578947368421,38
42,Quaker Chemical Corporation - NON COMPETITION AND NON SOLICITATION AGREEMENT,TextOnly,3,1.0,0.09375,32
42,Quaker Chemical Corporation - NON COMPETITION AND NON SOLICITATION AGREEMENT,TextOnly,5,1.0,0.15625,32
42,Quaker Chemical Corporation - NON COMPETITION AND NON SOLICITATION AGREEMENT,TextOnly,10,1.0,0.3125,32
42,BIOAMBERINC_04_10_2013-EX-10.34-DEVELOPMENT AGREEMENT - First Amendment,TextOnly,3,1.0,0.07692307692307693,39
42,BIOAMBERINC_04_10_2013-EX-10.34-DEVELOPMENT AGREEMENT - First Amendment,TextOnly,5,1.0,0.1282051282051282,39
42,BIOAMBERINC_04_10_2013-EX-10.34-DEVELOPMENT AGREEMENT - First Amendment,TextOnly,10,1.0,0.2564102564102564,39
42,"ON2TECHNOLOGIES,INC_11_17_2006-EX-10.3-SUPPORT AND MAINTENANCE AGREEMENT",TextOnly,3,1.0,0.09090909090909091,33
42,"ON2TECHNOLOGIES,INC_11_17_2006-EX-10.3-SUPPORT AND MAINTENANCE AGREEMENT",TextOnly,5,1.0,0.15151515151515152,33
42,"ON2TECHNOLOGIES,INC_11_17_2006-EX-10.3-SUPPORT AND MAINTENANCE AGREEMENT",TextOnly,10,0.9,0.2727272727272727,33
42,BizzingoInc_20120322_8-K_EX-10.17_7504499_EX-10.17_Endorsement Agreement,TextOnly,3,1.0,0.1111111111111111,27
42,BizzingoInc_20120322_8-K_EX-10.17_7504499_EX-10.17_Endorsement Agreement,TextOnly,5,0.8,0.14814814814814814,27
42,BizzingoInc_20120322_8-K_EX-10.17_7504499_EX-10.17_Endorsement Agreement,TextOnly,10,0.8,0.2962962962962963,27
42,XpresspaGroupInc_20190401_10-K_EX-10.28_11599457_EX-10.28_Marketing Agreement,TextOnly,3,1.0,0.17647058823529413,17
42,XpresspaGroupInc_20190401_10-K_EX-10.28_11599457_EX-10.28_Marketing Agreement,TextOnly,5,1.0,0.29411764705882354,17
42,XpresspaGroupInc_20190401_10-K_EX-10.28_11599457_EX-10.28_Marketing Agreement,TextOnly,10,1.0,0.5882352941176471,17
42,PareteumCorp_20081001_8-K_EX-99.1_2654808_EX-99.1_Hosting Agreement,TextOnly,3,1.0,0.1111111111111111,27
42,PareteumCorp_20081001_8-K_EX-99.1_2654808_EX-99.1_Hosting Agreement,TextOnly,5,1.0,0.18518518518518517,27
42,PareteumCorp_20081001_8-K_EX-99.1_2654808_EX-99.1_Hosting Agreement,TextOnly,10,0.9,0.3333333333333333,27
42,SalesforcecomInc_20171122_10-Q_EX-10.1_10961535_EX-10.1_Reseller Agreement,TextOnly,3,1.0,0.08108108108108109,37
42,SalesforcecomInc_20171122_10-Q_EX-10.1_10961535_EX-10.1_Reseller Agreement,TextOnly,5,1.0,0.13513513513513514,37
42,SalesforcecomInc_20171122_10-Q_EX-10.1_10961535_EX-10.1_Reseller Agreement,TextOnly,10,1.0,0.2702702702702703,37
42,"IOVANCEBIOTHERAPEUTICS,INC_08_03_2017-EX-10.1-STRATEGIC ALLIANCE AGREEMENT",TextOnly,3,1.0,0.1111111111111111,27
42,"IOVANCEBIOTHERAPEUTICS,INC_08_03_2017-EX-10.1-STRATEGIC ALLIANCE AGREEMENT",TextOnly,5,1.0,0.18518518518518517,27
42,"IOVANCEBIOTHERAPEUTICS,INC_08_03_2017-EX-10.1-STRATEGIC ALLIANCE AGREEMENT",TextOnly,10,1.0,0.37037037037037035,27
42,"DUOSTECHNOLOGIESGROUP,INC_04_21_2009-EX-10.1-STRATEGIC ALLIANCE AGREEMENT",TextOnly,3,0.6666666666666666,0.1,20
42,"DUOSTECHNOLOGIESGROUP,INC_04_21_2009-EX-10.1-STRATEGIC ALLIANCE AGREEMENT",TextOnly,5,0.8,0.2,20
42,"DUOSTECHNOLOGIESGROUP,INC_04_21_2009-EX-10.1-STRATEGIC ALLIANCE AGREEMENT",TextOnly,10,0.8,0.4,20
42,LIGHTBRIDGECORP_11_23_2015-EX-10.26-STRATEGIC ALLIANCE AGREEMENT,TextOnly,3,1.0,0.09375,32
42,LIGHTBRIDGECORP_11_23_2015-EX-10.26-STRATEGIC ALLIANCE AGREEMENT,TextOnly,5,1.0,0.15625,32
42,LIGHTBRIDGECORP_11_23_2015-EX-10.26-STRATEGIC ALLIANCE AGREEMENT,TextOnly,10,1.0,0.3125,32
42,"GSITECHNOLOGYINC_11_16_2009-EX-10.2-INTELLECTUAL PROPERTY AGREEMENT between SONY ELECTRONICS INC. and GSI TECHNOLOGY, INC.",TextOnly,3,1.0,0.1111111111111111,27
42,"GSITECHNOLOGYINC_11_16_2009-EX-10.2-INTELLECTUAL PROPERTY AGREEMENT between SONY ELECTRONICS INC. and GSI TECHNOLOGY, INC.",TextOnly,5,1.0,0.18518518518518517,27
42,"GSITECHNOLOGYINC_11_16_2009-EX-10.2-INTELLECTUAL PROPERTY AGREEMENT between SONY ELECTRONICS INC. and GSI TECHNOLOGY, INC.",TextOnly,10,0.9,0.3333333333333333,27
42,"CURAEGISTECHNOLOGIES,INC_05_26_2010-EX-1-CORPORATE SPONSORSHIP AGREEMENT",TextOnly,3,1.0,0.0967741935483871,31
42,"CURAEGISTECHNOLOGIES,INC_05_26_2010-EX-1-CORPORATE SPONSORSHIP AGREEMENT",TextOnly,5,1.0,0.16129032258064516,31
42,"CURAEGISTECHNOLOGIES,INC_05_26_2010-EX-1-CORPORATE SPONSORSHIP AGREEMENT",TextOnly,10,1.0,0.3225806451612903,31
42,OPERALTD_04_30_2020-EX-4.14-SERVICE AGREEMENT,TextOnly,3,1.0,0.09375,32
42,OPERALTD_04_30_2020-EX-4.14-SERVICE AGREEMENT,TextOnly,5,1.0,0.15625,32
42,OPERALTD_04_30_2020-EX-4.14-SERVICE AGREEMENT,TextOnly,10,1.0,0.3125,32
42,MERITLIFEINSURANCECO_06_19_2020-EX-10.(XIV)-MASTER SERVICES AGREEMENT,TextOnly,3,1.0,0.10714285714285714,28
42,MERITLIFEINSURANCECO_06_19_2020-EX-10.(XIV)-MASTER SERVICES AGREEMENT,TextOnly,5,1.0,0.17857142857142858,28
42,MERITLIFEINSURANCECO_06_19_2020-EX-10.(XIV)-MASTER SERVICES AGREEMENT,TextOnly,10,0.8,0.2857142857142857,28
42,PacificapEntertainmentHoldingsInc_20051115_8-KA_EX-1.01_4300894_EX-1.01_Content License Agreement,TextOnly,3,1.0,0.10714285714285714,28
42,PacificapEntertainmentHoldingsInc_20051115_8-KA_EX-1.01_4300894_EX-1.01_Content License Agreement,TextOnly,5,1.0,0.17857142857142858,28
42,PacificapEntertainmentHoldingsInc_20051115_8-KA_EX-1.01_4300894_EX-1.01_Content License Agreement,TextOnly,10,1.0,0.35714285714285715,28
42,BUFFALOWILDWINGSINC_06_05_1998-EX-10.3-FRANCHISE AGREEMENT,TextOnly,3,1.0,0.2,15
42,BUFFALOWILDWINGSINC_06_05_1998-EX-10.3-FRANCHISE AGREEMENT,TextOnly,5,1.0,0.3333333333333333,15
42,BUFFALOWILDWINGSINC_06_05_1998-EX-10.3-FRANCHISE AGREEMENT,TextOnly,10,1.0,0.6666666666666666,15
42,ZEBRATECHNOLOGIESCORP_04_16_2014-EX-10.1-INTELLECTUAL PROPERTY AGREEMENT,TextOnly,3,1.0,0.1111111111111111,27
42,ZEBRATECHNOLOGIESCORP_04_16_2014-EX-10.1-INTELLECTUAL PROPERTY AGREEMENT,TextOnly,5,1.0,0.18518518518518517,27
42,ZEBRATECHNOLOGIESCORP_04_16_2014-EX-10.1-INTELLECTUAL PROPERTY AGREEMENT,TextOnly,10,1.0,0.37037037037037035,27
42,"ADUROBIOTECH,INC_06_02_2020-EX-10.7-CONSULTING AGREEMENT(1)",TextOnly,3,1.0,0.09375,32
42,"ADUROBIOTECH,INC_06_02_2020-EX-10.7-CONSULTING AGREEMENT(1)",TextOnly,5,1.0,0.15625,32
42,"ADUROBIOTECH,INC_06_02_2020-EX-10.7-CONSULTING AGREEMENT(1)",TextOnly,10,1.0,0.3125,32
42,LIMEENERGYCO_09_09_1999-EX-10-DISTRIBUTOR AGREEMENT,TextOnly,3,1.0,0.14285714285714285,21
42,LIMEENERGYCO_09_09_1999-EX-10-DISTRIBUTOR AGREEMENT,TextOnly,5,1.0,0.23809523809523808,21
42,LIMEENERGYCO_09_09_1999-EX-10-DISTRIBUTOR AGREEMENT,TextOnly,10,0.7,0.3333333333333333,21
42,STAMPSCOMINC_06_24_1999-EX-10.18-SPONSORSHIP AGREEMENT,TextOnly,3,1.0,0.125,24
42,STAMPSCOMINC_06_24_1999-EX-10.18-SPONSORSHIP AGREEMENT,TextOnly,5,1.0,0.20833333333333334,24
42,STAMPSCOMINC_06_24_1999-EX-10.18-SPONSORSHIP AGREEMENT,TextOnly,10,1.0,0.4166666666666667,24
42,SmartRxSystemsInc_20180914_1-A_EX1A-6 MAT CTRCT_11351705_EX1A-6 MAT CTRCT_Distributor Agreement,TextOnly,3,1.0,0.125,24
42,SmartRxSystemsInc_20180914_1-A_EX1A-6 MAT CTRCT_11351705_EX1A-6 MAT CTRCT_Distributor Agreement,TextOnly,5,1.0,0.20833333333333334,24
42,SmartRxSystemsInc_20180914_1-A_EX1A-6 MAT CTRCT_11351705_EX1A-6 MAT CTRCT_Distributor Agreement,TextOnly,10,0.9,0.375,24
42,TomOnlineInc_20060501_20-F_EX-4.46_749700_EX-4.46_Co-Branding Agreement,TextOnly,3,1.0,0.1875,16
42,TomOnlineInc_20060501_20-F_EX-4.46_749700_EX-4.46_Co-Branding Agreement,TextOnly,5,0.8,0.25,16
42,TomOnlineInc_20060501_20-F_EX-4.46_749700_EX-4.46_Co-Branding Agreement,TextOnly,10,0.7,0.4375,16
42,"GRIDIRONBIONUTRIENTS,INC_02_05_2020-EX-10.3-SUPPLY AGREEMENT",TextOnly,3,1.0,0.08333333333333333,36
42,"GRIDIRONBIONUTRIENTS,INC_02_05_2020-EX-10.3-SUPPLY AGREEMENT",TextOnly,5,1.0,0.1388888888888889,36
42,"GRIDIRONBIONUTRIENTS,INC_02_05_2020-EX-10.3-SUPPLY AGREEMENT",TextOnly,10,1.0,0.2777777777777778,36
42,AgapeAtpCorp_20191202_10-KA_EX-10.1_11911128_EX-10.1_Supply Agreement,TextOnly,3,1.0,0.14285714285714285,21
42,AgapeAtpCorp_20191202_10-KA_EX-10.1_11911128_EX-10.1_Supply Agreement,TextOnly,5,1.0,0.23809523809523808,21
42,AgapeAtpCorp_20191202_10-KA_EX-10.1_11911128_EX-10.1_Supply Agreement,TextOnly,10,0.8,0.38095238095238093,21
42,TheglobeComInc_19990503_S-1A_EX-10.20_5416126_EX-10.20_Co-Branding Agreement,TextOnly,3,0.6666666666666666,0.08,25
42,TheglobeComInc_19990503_S-1A_EX-10.20_5416126_EX-10.20_Co-Branding Agreement,TextOnly,5,0.6,0.12,25
42,TheglobeComInc_19990503_S-1A_EX-10.20_5416126_EX-10.20_Co-Branding Agreement,TextOnly,10,0.8,0.32,25
42,"COOLTECHNOLOGIES,INC_10_25_2017-EX-10.71-Strategic Alliance Agreement",TextOnly,3,1.0,0.10344827586206896,29
42,"COOLTECHNOLOGIES,INC_10_25_2017-EX-10.71-Strategic Alliance Agreement",TextOnly,5,1.0,0.1724137931034483,29
42,"COOLTECHNOLOGIES,INC_10_25_2017-EX-10.71-Strategic Alliance Agreement",TextOnly,10,1.0,0.3448275862068966,29
42,"Reinsurance Group of America, Incorporated - A_R REMARKETING AGREEMENT",TextOnly,3,1.0,0.1,30
42,"Reinsurance Group of America, Incorporated - A_R REMARKETING AGREEMENT",TextOnly,5,1.0,0.16666666666666666,30
42,"Reinsurance Group of America, Incorporated - A_R REMARKETING AGREEMENT",TextOnly,10,1.0,0.3333333333333333,30
42,ENTERTAINMENTGAMINGASIAINC_02_15_2005-EX-10.5-DISTRIBUTOR AGREEMENT,TextOnly,3,0.6666666666666666,0.09523809523809523,21
42,ENTERTAINMENTGAMINGASIAINC_02_15_2005-EX-10.5-DISTRIBUTOR AGREEMENT,TextOnly,5,0.8,0.19047619047619047,21
42,ENTERTAINMENTGAMINGASIAINC_02_15_2005-EX-10.5-DISTRIBUTOR AGREEMENT,TextOnly,10,0.8,0.38095238095238093,21
42,Principal Life Insurance Company - Broker Dealer Marketing and Servicing Agreement,TextOnly,3,1.0,0.09375,32
42,Principal Life Insurance Company - Broker Dealer Marketing and Servicing Agreement,TextOnly,5,1.0,0.15625,32
42,Principal Life Insurance Company - Broker Dealer Marketing and Servicing Agreement,TextOnly,10,1.0,0.3125,32
42,BellringBrandsInc_20190920_S-1_EX-10.12_11817081_EX-10.12_Manufacturing Agreement3,TextOnly,3,1.0,0.08108108108108109,37
42,BellringBrandsInc_20190920_S-1_EX-10.12_11817081_EX-10.12_Manufacturing Agreement3,TextOnly,5,1.0,0.13513513513513514,37
42,BellringBrandsInc_20190920_S-1_EX-10.12_11817081_EX-10.12_Manufacturing Agreement3,TextOnly,10,1.0,0.2702702702702703,37
42,IMAGEWARESYSTEMSINC_12_20_1999-EX-10.22-MAINTENANCE AGREEMENT,TextOnly,3,1.0,0.09375,32
42,IMAGEWARESYSTEMSINC_12_20_1999-EX-10.22-MAINTENANCE AGREEMENT,TextOnly,5,1.0,0.15625,32
42,IMAGEWARESYSTEMSINC_12_20_1999-EX-10.22-MAINTENANCE AGREEMENT,TextOnly,10,1.0,0.3125,32
42,PACIFICSYSTEMSCONTROLTECHNOLOGYINC_08_24_2000-EX-10.53-SPONSORSHIP AGREEMENT,TextOnly,3,1.0,0.08333333333333333,36
42,PACIFICSYSTEMSCONTROLTECHNOLOGYINC_08_24_2000-EX-10.53-SPONSORSHIP AGREEMENT,TextOnly,5,1.0,0.1388888888888889,36
42,PACIFICSYSTEMSCONTROLTECHNOLOGYINC_08_24_2000-EX-10.53-SPONSORSHIP AGREEMENT,TextOnly,10,1.0,0.2777777777777778,36
42,QuantumGroupIncFl_20090120_8-K_EX-99.2_3672910_EX-99.2_Hosting Agreement,TextOnly,3,0.6666666666666666,0.08,25
42,QuantumGroupIncFl_20090120_8-K_EX-99.2_3672910_EX-99.2_Hosting Agreement,TextOnly,5,0.8,0.16,25
42,QuantumGroupIncFl_20090120_8-K_EX-99.2_3672910_EX-99.2_Hosting Agreement,TextOnly,10,0.9,0.36,25
42,CerenceInc_20191002_8-K_EX-10.4_11827494_EX-10.4_Intellectual Property Agreement,TextOnly,3,1.0,0.11538461538461539,26
42,CerenceInc_20191002_8-K_EX-10.4_11827494_EX-10.4_Intellectual Property Agreement,TextOnly,5,1.0,0.19230769230769232,26
42,CerenceInc_20191002_8-K_EX-10.4_11827494_EX-10.4_Intellectual Property Agreement,TextOnly,10,1.0,0.38461538461538464,26
42,"INTERSECTENT,INC_05_11_2020-EX-10.1-SUPPLY AGREEMENT",TextOnly,3,1.0,0.10714285714285714,28
42,"INTERSECTENT,INC_05_11_2020-EX-10.1-SUPPLY AGREEMENT",TextOnly,5,1.0,0.17857142857142858,28
42,"INTERSECTENT,INC_05_11_2020-EX-10.1-SUPPLY AGREEMENT",TextOnly,10,1.0,0.35714285714285715,28
42,"FOUNDATIONMEDICINE,INC_02_02_2015-EX-10.2-Collaboration Agreement",TextOnly,3,1.0,0.14285714285714285,21
42,"FOUNDATIONMEDICINE,INC_02_02_2015-EX-10.2-Collaboration Agreement",TextOnly,5,1.0,0.23809523809523808,21
42,"FOUNDATIONMEDICINE,INC_02_02_2015-EX-10.2-Collaboration Agreement",TextOnly,10,0.9,0.42857142857142855,21
42,IdeanomicsInc_20160330_10-K_EX-10.26_9512211_EX-10.26_Content License Agreement,TextOnly,3,1.0,0.10714285714285714,28
42,IdeanomicsInc_20160330_10-K_EX-10.26_9512211_EX-10.26_Content License Agreement,TextOnly,5,1.0,0.17857142857142858,28
42,IdeanomicsInc_20160330_10-K_EX-10.26_9512211_EX-10.26_Content License Agreement,TextOnly,10,1.0,0.35714285714285715,28
42,"SOLUTIONSVENDINGINTERNATIONAL,INC_03_31_2020-EX1A-1 UNDR AGMT-SERVICES AGREEMENT",TextOnly,3,1.0,0.08108108108108109,37
42,"SOLUTIONSVENDINGINTERNATIONAL,INC_03_31_2020-EX1A-1 UNDR AGMT-SERVICES AGREEMENT",TextOnly,5,1.0,0.13513513513513514,37
42,"SOLUTIONSVENDINGINTERNATIONAL,INC_03_31_2020-EX1A-1 UNDR AGMT-SERVICES AGREEMENT",TextOnly,10,1.0,0.2702702702702703,37
42,"BLUEHILLSBANCORP,INC_05_20_2014-EX-1.1-AGENCY AGREEMENT",TextOnly,3,1.0,0.09090909090909091,33
42,"BLUEHILLSBANCORP,INC_05_20_2014-EX-1.1-AGENCY AGREEMENT",TextOnly,5,1.0,0.15151515151515152,33
42,"BLUEHILLSBANCORP,INC_05_20_2014-EX-1.1-AGENCY AGREEMENT",TextOnly,10,1.0,0.30303030303030304,33
42,ACCELERATEDTECHNOLOGIESHOLDINGCORP_04_24_2003-EX-10.13-JOINT VENTURE AGREEMENT,TextOnly,3,1.0,0.09375,32
42,ACCELERATEDTECHNOLOGIESHOLDINGCORP_04_24_2003-EX-10.13-JOINT VENTURE AGREEMENT,TextOnly,5,1.0,0.15625,32
42,ACCELERATEDTECHNOLOGIESHOLDINGCORP_04_24_2003-EX-10.13-JOINT VENTURE AGREEMENT,TextOnly,10,1.0,0.3125,32
42,"TRANSPHORM,INC_02_14_2020-EX-10.12(1)-JOINT VENTURE AGREEMENT",TextOnly,3,1.0,0.1,30
42,"TRANSPHORM,INC_02_14_2020-EX-10.12(1)-JOINT VENTURE AGREEMENT",TextOnly,5,1.0,0.16666666666666666,30
42,"TRANSPHORM,INC_02_14_2020-EX-10.12(1)-JOINT VENTURE AGREEMENT",TextOnly,10,1.0,0.3333333333333333,30
42,PROFOUNDMEDICALCORP_08_29_2019-EX-4.5-SUPPLY AGREEMENT,TextOnly,3,1.0,0.1111111111111111,27
42,PROFOUNDMEDICALCORP_08_29_2019-EX-4.5-SUPPLY AGREEMENT,TextOnly,5,1.0,0.18518518518518517,27
42,PROFOUNDMEDICALCORP_08_29_2019-EX-4.5-SUPPLY AGREEMENT,TextOnly,10,1.0,0.37037037037037035,27
42,CENTRACKINTERNATIONALINC_10_29_1999-EX-10.3-WEB SITE HOSTING AGREEMENT,TextOnly,3,1.0,0.1,30
42,CENTRACKINTERNATIONALINC_10_29_1999-EX-10.3-WEB SITE HOSTING AGREEMENT,TextOnly,5,1.0,0.16666666666666666,30
42,CENTRACKINTERNATIONALINC_10_29_1999-EX-10.3-WEB SITE HOSTING AGREEMENT,TextOnly,10,1.0,0.3333333333333333,30
42,MSCIINC_02_28_2008-EX-10.10-,TextOnly,3,1.0,0.08823529411764706,34
42,MSCIINC_02_28_2008-EX-10.10-,TextOnly,5,1.0,0.14705882352941177,34
42,MSCIINC_02_28_2008-EX-10.10-,TextOnly,10,1.0,0.29411764705882354,34
42,IGENEBIOTECHNOLOGYINC_05_13_2003-EX-1-JOINT VENTURE AGREEMENT,TextOnly,3,0.6666666666666666,0.07692307692307693,26
42,IGENEBIOTECHNOLOGYINC_05_13_2003-EX-1-JOINT VENTURE AGREEMENT,TextOnly,5,0.8,0.15384615384615385,26
42,IGENEBIOTECHNOLOGYINC_05_13_2003-EX-1-JOINT VENTURE AGREEMENT,TextOnly,10,0.9,0.34615384615384615,26
42,"VIRGINGALACTICHOLDINGS,INC_04_08_2020-EX-99.1-JOINT FILING STATEMENT",TextOnly,3,1.0,0.07894736842105263,38
42,"VIRGINGALACTICHOLDINGS,INC_04_08_2020-EX-99.1-JOINT FILING STATEMENT",TextOnly,5,1.0,0.13157894736842105,38
42,"VIRGINGALACTICHOLDINGS,INC_04_08_2020-EX-99.1-JOINT FILING STATEMENT",TextOnly,10,1.0,0.2631578947368421,38
42,GluMobileInc_20070319_S-1A_EX-10.09_436630_EX-10.09_Content License Agreement2,TextOnly,3,1.0,0.09375,32
42,GluMobileInc_20070319_S-1A_EX-10.09_436630_EX-10.09_Content License Agreement2,TextOnly,5,1.0,0.15625,32
42,GluMobileInc_20070319_S-1A_EX-10.09_436630_EX-10.09_Content License Agreement2,TextOnly,10,1.0,0.3125,32
42,BloomEnergyCorp_20180321_DRSA (on S-1)_EX-10_11240356_EX-10_Maintenance Agreement,TextOnly,3,1.0,0.11538461538461539,26
42,BloomEnergyCorp_20180321_DRSA (on S-1)_EX-10_11240356_EX-10_Maintenance Agreement,TextOnly,5,1.0,0.19230769230769232,26
42,BloomEnergyCorp_20180321_DRSA (on S-1)_EX-10_11240356_EX-10_Maintenance Agreement,TextOnly,10,1.0,0.38461538461538464,26
42,NATIONALPROCESSINGINC_07_18_1996-EX-10.4-SPONSORSHIP AGREEMENT,TextOnly,3,1.0,0.1,30
42,NATIONALPROCESSINGINC_07_18_1996-EX-10.4-SPONSORSHIP AGREEMENT,TextOnly,5,1.0,0.16666666666666666,30
42,NATIONALPROCESSINGINC_07_18_1996-EX-10.4-SPONSORSHIP AGREEMENT,TextOnly,10,1.0,0.3333333333333333,30
42,TubeMediaCorp_20060310_8-K_EX-10.1_513921_EX-10.1_Affiliate Agreement,TextOnly,3,1.0,0.1875,16
42,TubeMediaCorp_20060310_8-K_EX-10.1_513921_EX-10.1_Affiliate Agreement,TextOnly,5,1.0,0.3125,16
42,TubeMediaCorp_20060310_8-K_EX-10.1_513921_EX-10.1_Affiliate Agreement,TextOnly,10,0.8,0.5,16
42,WaterNowInc_20191120_10-Q_EX-10.12_11900227_EX-10.12_Distributor Agreement,TextOnly,3,1.0,0.14285714285714285,21
42,WaterNowInc_20191120_10-Q_EX-10.12_11900227_EX-10.12_Distributor Agreement,TextOnly,5,1.0,0.23809523809523808,21
42,WaterNowInc_20191120_10-Q_EX-10.12_11900227_EX-10.12_Distributor Agreement,TextOnly,10,0.9,0.42857142857142855,21
42,SoupmanInc_20150814_8-K_EX-10.1_9230148_EX-10.1_Franchise Agreement1,TextOnly,3,1.0,0.25,12
42,SoupmanInc_20150814_8-K_EX-10.1_9230148_EX-10.1_Franchise Agreement1,TextOnly,5,1.0,0.4166666666666667,12
42,SoupmanInc_20150814_8-K_EX-10.1_9230148_EX-10.1_Franchise Agreement1,TextOnly,10,0.8,0.6666666666666666,12
42,AlliedEsportsEntertainmentInc_20190815_8-K_EX-10.34_11788308_EX-10.34_Sponsorship Agreement,TextOnly,3,1.0,0.1111111111111111,27
42,AlliedEsportsEntertainmentInc_20190815_8-K_EX-10.34_11788308_EX-10.34_Sponsorship Agreement,TextOnly,5,1.0,0.18518518518518517,27
42,AlliedEsportsEntertainmentInc_20190815_8-K_EX-10.34_11788308_EX-10.34_Sponsorship Agreement,TextOnly,10,1.0,0.37037037037037035,27
42,"CANOPETROLEUM,INC_12_13_2007-EX-10.1-Sponsorship Agreement",TextOnly,3,1.0,0.09375,32
42,"CANOPETROLEUM,INC_12_13_2007-EX-10.1-Sponsorship Agreement",TextOnly,5,1.0,0.15625,32
42,"CANOPETROLEUM,INC_12_13_2007-EX-10.1-Sponsorship Agreement",TextOnly,10,1.0,0.3125,32
42,ScansourceInc_20190822_10-K_EX-10.38_11793958_EX-10.38_Distributor Agreement1,TextOnly,3,0.6666666666666666,0.09090909090909091,22
42,ScansourceInc_20190822_10-K_EX-10.38_11793958_EX-10.38_Distributor Agreement1,TextOnly,5,0.8,0.18181818181818182,22
42,ScansourceInc_20190822_10-K_EX-10.38_11793958_EX-10.38_Distributor Agreement1,TextOnly,10,0.9,0.4090909090909091,22
42,GLOBALTECHNOLOGIESLTD_06_08_2020-EX-10.16-CONSULTING AGREEMENT,TextOnly,3,1.0,0.09375,32
42,GLOBALTECHNOLOGIESLTD_06_08_2020-EX-10.16-CONSULTING AGREEMENT,TextOnly,5,1.0,0.15625,32
42,GLOBALTECHNOLOGIESLTD_06_08_2020-EX-10.16-CONSULTING AGREEMENT,TextOnly,10,1.0,0.3125,32
42,BONTONSTORESINC_04_20_2018-EX-99.3-AGENCY AGREEMENT,TextOnly,3,1.0,0.1,30
42,BONTONSTORESINC_04_20_2018-EX-99.3-AGENCY AGREEMENT,TextOnly,5,1.0,0.16666666666666666,30
42,BONTONSTORESINC_04_20_2018-EX-99.3-AGENCY AGREEMENT,TextOnly,10,1.0,0.3333333333333333,30
42,2ThemartComInc_19990826_10-12G_EX-10.10_6700288_EX-10.10_Co-Branding Agreement_ Agency Agreement,TextOnly,3,1.0,0.125,24
42,2ThemartComInc_19990826_10-12G_EX-10.10_6700288_EX-10.10_Co-Branding Agreement_ Agency Agreement,TextOnly,5,1.0,0.20833333333333334,24
42,2ThemartComInc_19990826_10-12G_EX-10.10_6700288_EX-10.10_Co-Branding Agreement_ Agency Agreement,TextOnly,10,1.0,0.4166666666666667,24
42,CHANGEPOINTCORP_03_08_2000-EX-10.6-LICENSE AND HOSTING AGREEMENT,TextOnly,3,0.6666666666666666,0.1111111111111111,18
42,CHANGEPOINTCORP_03_08_2000-EX-10.6-LICENSE AND HOSTING AGREEMENT,TextOnly,5,0.6,0.16666666666666666,18
42,CHANGEPOINTCORP_03_08_2000-EX-10.6-LICENSE AND HOSTING AGREEMENT,TextOnly,10,0.7,0.3888888888888889,18
42,AIRSPANNETWORKSINC_04_11_2000-EX-10.5-Distributor Agreement,TextOnly,3,1.0,0.13636363636363635,22
42,AIRSPANNETWORKSINC_04_11_2000-EX-10.5-Distributor Agreement,TextOnly,5,1.0,0.22727272727272727,22
42,AIRSPANNETWORKSINC_04_11_2000-EX-10.5-Distributor Agreement,TextOnly,10,1.0,0.45454545454545453,22
42,InmodeLtd_20190729_F-1A_EX-10.9_11743243_EX-10.9_Manufacturing Agreement,TextOnly,3,1.0,0.125,24
42,InmodeLtd_20190729_F-1A_EX-10.9_11743243_EX-10.9_Manufacturing Agreement,TextOnly,5,1.0,0.20833333333333334,24
42,InmodeLtd_20190729_F-1A_EX-10.9_11743243_EX-10.9_Manufacturing Agreement,TextOnly,10,0.9,0.375,24
42,"ASHWORTHINC_01_29_1999-EX-10.(D)-PROMOTION AGREEMENT AND NANTZ COMMUNICATIONS, INC.",TextOnly,3,1.0,0.10714285714285714,28
42,"ASHWORTHINC_01_29_1999-EX-10.(D)-PROMOTION AGREEMENT AND NANTZ COMMUNICATIONS, INC.",TextOnly,5,1.0,0.17857142857142858,28
42,"ASHWORTHINC_01_29_1999-EX-10.(D)-PROMOTION AGREEMENT AND NANTZ COMMUNICATIONS, INC.",TextOnly,10,1.0,0.35714285714285715,28
42,ON4COMMUNICATIONSINC_07_02_2009-EX-10.1-PROMOTION AGREEMENT,TextOnly,3,1.0,0.08571428571428572,35
42,ON4COMMUNICATIONSINC_07_02_2009-EX-10.1-PROMOTION AGREEMENT,TextOnly,5,1.0,0.14285714285714285,35
42,ON4COMMUNICATIONSINC_07_02_2009-EX-10.1-PROMOTION AGREEMENT,TextOnly,10,1.0,0.2857142857142857,35
42,BravatekSolutionsInc_20170418_8-K_EX-10.1_10205739_EX-10.1_Reseller Agreement,TextOnly,3,1.0,0.10344827586206896,29
42,BravatekSolutionsInc_20170418_8-K_EX-10.1_10205739_EX-10.1_Reseller Agreement,TextOnly,5,1.0,0.1724137931034483,29
42,BravatekSolutionsInc_20170418_8-K_EX-10.1_10205739_EX-10.1_Reseller Agreement,TextOnly,10,1.0,0.3448275862068966,29
42,"LEGACYTECHNOLOGYHOLDINGS,INC_12_09_2005-EX-10.2-DISTRIBUTOR AGREEMENT",TextOnly,3,1.0,0.1111111111111111,27
42,"LEGACYTECHNOLOGYHOLDINGS,INC_12_09_2005-EX-10.2-DISTRIBUTOR AGREEMENT",TextOnly,5,1.0,0.18518518518518517,27
42,"LEGACYTECHNOLOGYHOLDINGS,INC_12_09_2005-EX-10.2-DISTRIBUTOR AGREEMENT",TextOnly,10,1.0,0.37037037037037035,27
42,BellringBrandsInc_20190920_S-1_EX-10.12_11817081_EX-10.12_Manufacturing Agreement2,TextOnly,3,1.0,0.08108108108108109,37
42,BellringBrandsInc_20190920_S-1_EX-10.12_11817081_EX-10.12_Manufacturing Agreement2,TextOnly,5,1.0,0.13513513513513514,37
42,BellringBrandsInc_20190920_S-1_EX-10.12_11817081_EX-10.12_Manufacturing Agreement2,TextOnly,10,1.0,0.2702702702702703,37
42,VITAMINSHOPPECOMINC_09_13_1999-EX-10.26-SPONSORSHIP AGREEMENT,TextOnly,3,1.0,0.1,30
42,VITAMINSHOPPECOMINC_09_13_1999-EX-10.26-SPONSORSHIP AGREEMENT,TextOnly,5,1.0,0.16666666666666666,30
42,VITAMINSHOPPECOMINC_09_13_1999-EX-10.26-SPONSORSHIP AGREEMENT,TextOnly,10,1.0,0.3333333333333333,30
42,"PHREESIA,INC_05_28_2019-EX-10.18-STRATEGIC ALLIANCE AGREEMENT",TextOnly,3,1.0,0.13636363636363635,22
42,"PHREESIA,INC_05_28_2019-EX-10.18-STRATEGIC ALLIANCE AGREEMENT",TextOnly,5,1.0,0.22727272727272727,22
42,"PHREESIA,INC_05_28_2019-EX-10.18-STRATEGIC ALLIANCE AGREEMENT",TextOnly,10,0.9,0.4090909090909091,22
42,AMERICANPHYSICIANSCAPITALINC_03_31_2003-EX-10.26-AGENCY AGREEMENT,TextOnly,3,1.0,0.11538461538461539,26
42,AMERICANPHYSICIANSCAPITALINC_03_31_2003-EX-10.26-AGENCY AGREEMENT,TextOnly,5,1.0,0.19230769230769232,26
42,AMERICANPHYSICIANSCAPITALINC_03_31_2003-EX-10.26-AGENCY AGREEMENT,TextOnly,10,0.9,0.34615384615384615,26
42,MOSSIMOINC_04_14_2000-EX-10.14-ENDORSEMENT AGREEMENT,TextOnly,3,0.6666666666666666,0.08333333333333333,24
42,MOSSIMOINC_04_14_2000-EX-10.14-ENDORSEMENT AGREEMENT,TextOnly,5,0.6,0.125,24
42,MOSSIMOINC_04_14_2000-EX-10.14-ENDORSEMENT AGREEMENT,TextOnly,10,0.8,0.3333333333333333,24
42,ELANDIAINTERNATIONALINC_04_25_2007-EX-10.21-Outsourcing Agreement,TextOnly,3,0.6666666666666666,0.07692307692307693,26
42,ELANDIAINTERNATIONALINC_04_25_2007-EX-10.21-Outsourcing Agreement,TextOnly,5,0.8,0.15384615384615385,26
42,ELANDIAINTERNATIONALINC_04_25_2007-EX-10.21-Outsourcing Agreement,TextOnly,10,0.9,0.34615384615384615,26
42,TRICITYBANKSHARESCORP_05_15_1998-EX-10-OUTSOURCING AGREEMENT,TextOnly,3,1.0,0.13636363636363635,22
42,TRICITYBANKSHARESCORP_05_15_1998-EX-10-OUTSOURCING AGREEMENT,TextOnly,5,1.0,0.22727272727272727,22
42,TRICITYBANKSHARESCORP_05_15_1998-EX-10-OUTSOURCING AGREEMENT,TextOnly,10,1.0,0.45454545454545453,22
42,LEJUHOLDINGSLTD_03_12_2014-EX-10.34-INTERNET CHANNEL COOPERATION AGREEMENT,TextOnly,3,1.0,0.1,30
42,LEJUHOLDINGSLTD_03_12_2014-EX-10.34-INTERNET CHANNEL COOPERATION AGREEMENT,TextOnly,5,1.0,0.16666666666666666,30
42,LEJUHOLDINGSLTD_03_12_2014-EX-10.34-INTERNET CHANNEL COOPERATION AGREEMENT,TextOnly,10,1.0,0.3333333333333333,30
42,ArmstrongFlooringInc_20190107_8-K_EX-10.2_11471795_EX-10.2_Intellectual Property Agreement,TextOnly,3,0.6666666666666666,0.07692307692307693,26
42,ArmstrongFlooringInc_20190107_8-K_EX-10.2_11471795_EX-10.2_Intellectual Property Agreement,TextOnly,5,0.8,0.15384615384615385,26
42,ArmstrongFlooringInc_20190107_8-K_EX-10.2_11471795_EX-10.2_Intellectual Property Agreement,TextOnly,10,0.9,0.34615384615384615,26
42,UsioInc_20040428_SB-2_EX-10.11_1723988_EX-10.11_Affiliate Agreement 2,TextOnly,3,1.0,0.125,24
42,UsioInc_20040428_SB-2_EX-10.11_1723988_EX-10.11_Affiliate Agreement 2,TextOnly,5,1.0,0.20833333333333334,24
42,UsioInc_20040428_SB-2_EX-10.11_1723988_EX-10.11_Affiliate Agreement 2,TextOnly,10,0.8,0.3333333333333333,24
42,"BABCOCK_WILCOXENTERPRISES,INC_08_04_2015-EX-10.17-INTELLECTUAL PROPERTY AGREEMENT between THE BABCOCK _ WILCOX COMPANY and BABCOCK _ WILCOX ENTERPRISES, INC.",TextOnly,3,0.6666666666666666,0.08,25
42,"BABCOCK_WILCOXENTERPRISES,INC_08_04_2015-EX-10.17-INTELLECTUAL PROPERTY AGREEMENT between THE BABCOCK _ WILCOX COMPANY and BABCOCK _ WILCOX ENTERPRISES, INC.",TextOnly,5,0.8,0.16,25
42,"BABCOCK_WILCOXENTERPRISES,INC_08_04_2015-EX-10.17-INTELLECTUAL PROPERTY AGREEMENT between THE BABCOCK _ WILCOX COMPANY and BABCOCK _ WILCOX ENTERPRISES, INC.",TextOnly,10,0.9,0.36,25
42,"NETGEAR,INC_04_21_2003-EX-10.16- AMENDMENT #2 TO THE DISTRIBUTION AGREEMENT",TextOnly,3,1.0,0.07894736842105263,38
42,"NETGEAR,INC_04_21_2003-EX-10.16- AMENDMENT #2 TO THE DISTRIBUTION AGREEMENT",TextOnly,5,1.0,0.13157894736842105,38
42,"NETGEAR,INC_04_21_2003-EX-10.16- AMENDMENT #2 TO THE DISTRIBUTION AGREEMENT",TextOnly,10,1.0,0.2631578947368421,38
42,HOLIDAYRVSUPERSTORESINC_04_15_2002-EX-10.13-ENDORSEMENT AGREEMENT,TextOnly,3,1.0,0.10344827586206896,29
42,HOLIDAYRVSUPERSTORESINC_04_15_2002-EX-10.13-ENDORSEMENT AGREEMENT,TextOnly,5,1.0,0.1724137931034483,29
42,HOLIDAYRVSUPERSTORESINC_04_15_2002-EX-10.13-ENDORSEMENT AGREEMENT,TextOnly,10,1.0,0.3448275862068966,29
42,PhasebioPharmaceuticalsInc_20200330_10-K_EX-10.21_12086810_EX-10.21_Development Agreement,TextOnly,3,1.0,0.15,20
42,PhasebioPharmaceuticalsInc_20200330_10-K_EX-10.21_12086810_EX-10.21_Development Agreement,TextOnly,5,1.0,0.25,20
42,PhasebioPharmaceuticalsInc_20200330_10-K_EX-10.21_12086810_EX-10.21_Development Agreement,TextOnly,10,0.9,0.45,20
42,ClickstreamCorp_20200330_1-A_EX1A-6 MAT CTRCT_12089935_EX1A-6 MAT CTRCT_Development Agreement,TextOnly,3,1.0,0.11538461538461539,26
42,ClickstreamCorp_20200330_1-A_EX1A-6 MAT CTRCT_12089935_EX1A-6 MAT CTRCT_Development Agreement,TextOnly,5,1.0,0.19230769230769232,26
42,ClickstreamCorp_20200330_1-A_EX1A-6 MAT CTRCT_12089935_EX1A-6 MAT CTRCT_Development Agreement,TextOnly,10,0.8,0.3076923076923077,26
42,MOVADOGROUPINC_04_30_2003-EX-10.28-ENDORSEMENT AGREEMENT,TextOnly,3,1.0,0.08823529411764706,34
42,MOVADOGROUPINC_04_30_2003-EX-10.28-ENDORSEMENT AGREEMENT,TextOnly,5,1.0,0.14705882352941177,34
42,MOVADOGROUPINC_04_30_2003-EX-10.28-ENDORSEMENT AGREEMENT,TextOnly,10,1.0,0.29411764705882354,34
42,FEDERATEDGOVERNMENTINCOMESECURITIESINC_04_28_2020-EX-99.SERV AGREE-SERVICES AGREEMENT_AMENDMENT,TextOnly,3,1.0,0.08108108108108109,37
42,FEDERATEDGOVERNMENTINCOMESECURITIESINC_04_28_2020-EX-99.SERV AGREE-SERVICES AGREEMENT_AMENDMENT,TextOnly,5,1.0,0.13513513513513514,37
42,FEDERATEDGOVERNMENTINCOMESECURITIESINC_04_28_2020-EX-99.SERV AGREE-SERVICES AGREEMENT_AMENDMENT,TextOnly,10,1.0,0.2702702702702703,37
42,"FTENETWORKS,INC_02_18_2016-EX-99.4-STRATEGIC ALLIANCE AGREEMENT",TextOnly,3,1.0,0.125,24
42,"FTENETWORKS,INC_02_18_2016-EX-99.4-STRATEGIC ALLIANCE AGREEMENT",TextOnly,5,1.0,0.20833333333333334,24
42,"FTENETWORKS,INC_02_18_2016-EX-99.4-STRATEGIC ALLIANCE AGREEMENT",TextOnly,10,1.0,0.4166666666666667,24
42,"TURNKEYCAPITAL,INC_07_20_2017-EX-1.1-Strategic Alliance Agreement",TextOnly,3,1.0,0.0967741935483871,31
42,"TURNKEYCAPITAL,INC_07_20_2017-EX-1.1-Strategic Alliance Agreement",TextOnly,5,1.0,0.16129032258064516,31
42,"TURNKEYCAPITAL,INC_07_20_2017-EX-1.1-Strategic Alliance Agreement",TextOnly,10,1.0,0.3225806451612903,31
42,GluMobileInc_20070319_S-1A_EX-10.09_436630_EX-10.09_Content License Agreement3,TextOnly,3,1.0,0.08333333333333333,36
42,GluMobileInc_20070319_S-1A_EX-10.09_436630_EX-10.09_Content License Agreement3,TextOnly,5,1.0,0.1388888888888889,36
42,GluMobileInc_20070319_S-1A_EX-10.09_436630_EX-10.09_Content License Agreement3,TextOnly,10,1.0,0.2777777777777778,36
42,"BORROWMONEYCOM,INC_06_11_2020-EX-10.1-JOINT VENTURE AGREEMENT",TextOnly,3,1.0,0.0967741935483871,31
42,"BORROWMONEYCOM,INC_06_11_2020-EX-10.1-JOINT VENTURE AGREEMENT",TextOnly,5,1.0,0.16129032258064516,31
42,"BORROWMONEYCOM,INC_06_11_2020-EX-10.1-JOINT VENTURE AGREEMENT",TextOnly,10,1.0,0.3225806451612903,31
42,"KUBIENT,INC_07_02_2020-EX-10.14-MASTER SERVICES AGREEMENT_Part2",TextOnly,3,1.0,0.08823529411764706,34
42,"KUBIENT,INC_07_02_2020-EX-10.14-MASTER SERVICES AGREEMENT_Part2",TextOnly,5,1.0,0.14705882352941177,34
42,"KUBIENT,INC_07_02_2020-EX-10.14-MASTER SERVICES AGREEMENT_Part2",TextOnly,10,0.8,0.23529411764705882,34
42,NEOMEDIATECHNOLOGIESINC_12_15_2005-EX-16.1-DISTRIBUTOR AGREEMENT,TextOnly,3,1.0,0.11538461538461539,26
42,NEOMEDIATECHNOLOGIESINC_12_15_2005-EX-16.1-DISTRIBUTOR AGREEMENT,TextOnly,5,1.0,0.19230769230769232,26
42,NEOMEDIATECHNOLOGIESINC_12_15_2005-EX-16.1-DISTRIBUTOR AGREEMENT,TextOnly,10,1.0,0.38461538461538464,26
42,SUMMAFOURINC_06_19_1998-EX-10.3-SOFTWARE LICENSE AND MAINTENANCE AGREEMENT,TextOnly,3,1.0,0.12,25
42,SUMMAFOURINC_06_19_1998-EX-10.3-SOFTWARE LICENSE AND MAINTENANCE AGREEMENT,TextOnly,5,1.0,0.2,25
42,SUMMAFOURINC_06_19_1998-EX-10.3-SOFTWARE LICENSE AND MAINTENANCE AGREEMENT,TextOnly,10,0.9,0.36,25
42,"XLITECHNOLOGIES,INC_12_11_2015-EX-10.1-Sponsorship Agreement",TextOnly,3,1.0,0.09090909090909091,33
42,"XLITECHNOLOGIES,INC_12_11_2015-EX-10.1-Sponsorship Agreement",TextOnly,5,1.0,0.15151515151515152,33
42,"XLITECHNOLOGIES,INC_12_11_2015-EX-10.1-Sponsorship Agreement",TextOnly,10,0.9,0.2727272727272727,33
42,"NETGEAR,INC_04_21_2003-EX-10.16-AMENDMENT TO THE DISTRIBUTOR AGREEMENT BETWEEN INGRAM MICRO AND NETGEAR",TextOnly,3,1.0,0.07894736842105263,38
42,"NETGEAR,INC_04_21_2003-EX-10.16-AMENDMENT TO THE DISTRIBUTOR AGREEMENT BETWEEN INGRAM MICRO AND NETGEAR",TextOnly,5,1.0,0.13157894736842105,38
42,"NETGEAR,INC_04_21_2003-EX-10.16-AMENDMENT TO THE DISTRIBUTOR AGREEMENT BETWEEN INGRAM MICRO AND NETGEAR",TextOnly,10,1.0,0.2631578947368421,38
42,WPPPLC_04_30_2020-EX-4.28-SERVICE AGREEMENT,TextOnly,3,1.0,0.0967741935483871,31
42,WPPPLC_04_30_2020-EX-4.28-SERVICE AGREEMENT,TextOnly,5,1.0,0.16129032258064516,31
42,WPPPLC_04_30_2020-EX-4.28-SERVICE AGREEMENT,TextOnly,10,1.0,0.3225806451612903,31
42,GluMobileInc_20070319_S-1A_EX-10.09_436630_EX-10.09_Content License Agreement1,TextOnly,3,1.0,0.15,20
42,GluMobileInc_20070319_S-1A_EX-10.09_436630_EX-10.09_Content License Agreement1,TextOnly,5,1.0,0.25,20
42,GluMobileInc_20070319_S-1A_EX-10.09_436630_EX-10.09_Content License Agreement1,TextOnly,10,0.9,0.45,20
42,"ROCKYMOUNTAINCHOCOLATEFACTORY,INC_12_23_2019-EX-10.2-STRATEGIC ALLIANCE AGREEMENT",TextOnly,3,1.0,0.10344827586206896,29
42,"ROCKYMOUNTAINCHOCOLATEFACTORY,INC_12_23_2019-EX-10.2-STRATEGIC ALLIANCE AGREEMENT",TextOnly,5,1.0,0.1724137931034483,29
42,"ROCKYMOUNTAINCHOCOLATEFACTORY,INC_12_23_2019-EX-10.2-STRATEGIC ALLIANCE AGREEMENT",TextOnly,10,1.0,0.3448275862068966,29
42,ENTRUSTINC_07_24_1998-EX-10.5-STRATEGIC ALLIANCE AGREEMENT,TextOnly,3,1.0,0.12,25
42,ENTRUSTINC_07_24_1998-EX-10.5-STRATEGIC ALLIANCE AGREEMENT,TextOnly,5,0.8,0.16,25
42,ENTRUSTINC_07_24_1998-EX-10.5-STRATEGIC ALLIANCE AGREEMENT,TextOnly,10,0.8,0.32,25
42,PROLONGINTERNATIONALCORP_03_23_1998-EX-10.16-SPONSORSHIP AGREEMENT,TextOnly,3,1.0,0.09375,32
42,PROLONGINTERNATIONALCORP_03_23_1998-EX-10.16-SPONSORSHIP AGREEMENT,TextOnly,5,1.0,0.15625,32
42,PROLONGINTERNATIONALCORP_03_23_1998-EX-10.16-SPONSORSHIP AGREEMENT,TextOnly,10,1.0,0.3125,32
42,TELKOMSALTD_01_30_2003-EX-10-LICENCE AND MAINTENANCE AGREEMENT,TextOnly,3,1.0,0.13043478260869565,23
42,TELKOMSALTD_01_30_2003-EX-10-LICENCE AND MAINTENANCE AGREEMENT,TextOnly,5,1.0,0.21739130434782608,23
42,TELKOMSALTD_01_30_2003-EX-10-LICENCE AND MAINTENANCE AGREEMENT,TextOnly,10,0.8,0.34782608695652173,23
42,"GWG HOLDINGS, INC. - ORDERLY MARKETING AGREEMENT",TextOnly,3,1.0,0.08571428571428572,35
42,"GWG HOLDINGS, INC. - ORDERLY MARKETING AGREEMENT",TextOnly,5,1.0,0.14285714285714285,35
42,"GWG HOLDINGS, INC. - ORDERLY MARKETING AGREEMENT",TextOnly,10,1.0,0.2857142857142857,35
42,NYLIACVARIABLEANNUITYSEPARATEACCOUNTIII_04_10_2020-EX-99.8.KK-SERVICE AGREEMENT,TextOnly,3,1.0,0.09090909090909091,33
42,NYLIACVARIABLEANNUITYSEPARATEACCOUNTIII_04_10_2020-EX-99.8.KK-SERVICE AGREEMENT,TextOnly,5,1.0,0.15151515151515152,33
42,NYLIACVARIABLEANNUITYSEPARATEACCOUNTIII_04_10_2020-EX-99.8.KK-SERVICE AGREEMENT,TextOnly,10,1.0,0.30303030303030304,33
42,PcquoteComInc_19990721_S-1A_EX-10.11_6377149_EX-10.11_Co-Branding Agreement2,TextOnly,3,1.0,0.07692307692307693,39
42,PcquoteComInc_19990721_S-1A_EX-10.11_6377149_EX-10.11_Co-Branding Agreement2,TextOnly,5,1.0,0.1282051282051282,39
42,PcquoteComInc_19990721_S-1A_EX-10.11_6377149_EX-10.11_Co-Branding Agreement2,TextOnly,10,1.0,0.2564102564102564,39
42,"WASTE2ENERGYHOLDINGS,INC_06_03_2010-EX-10.2-STRATEGIC ALLIANCE AGREEMENT",TextOnly,3,1.0,0.1,30
42,"WASTE2ENERGYHOLDINGS,INC_06_03_2010-EX-10.2-STRATEGIC ALLIANCE AGREEMENT",TextOnly,5,1.0,0.16666666666666666,30
42,"WASTE2ENERGYHOLDINGS,INC_06_03_2010-EX-10.2-STRATEGIC ALLIANCE AGREEMENT",TextOnly,10,1.0,0.3333333333333333,30
42,EcoScienceSolutionsInc_20180406_8-K_EX-10.1_11135398_EX-10.1_Sponsorship Agreement,TextOnly,3,1.0,0.09375,32
42,EcoScienceSolutionsInc_20180406_8-K_EX-10.1_11135398_EX-10.1_Sponsorship Agreement,TextOnly,5,1.0,0.15625,32
42,EcoScienceSolutionsInc_20180406_8-K_EX-10.1_11135398_EX-10.1_Sponsorship Agreement,TextOnly,10,1.0,0.3125,32
42,WestPharmaceuticalServicesInc_20200116_8-K_EX-10.1_11947529_EX-10.1_Supply Agreement,TextOnly,3,1.0,0.10344827586206896,29
42,WestPharmaceuticalServicesInc_20200116_8-K_EX-10.1_11947529_EX-10.1_Supply Agreement,TextOnly,5,1.0,0.1724137931034483,29
42,WestPharmaceuticalServicesInc_20200116_8-K_EX-10.1_11947529_EX-10.1_Supply Agreement,TextOnly,10,1.0,0.3448275862068966,29
42,"MEDALISTDIVERSIFIEDREIT,INC_05_18_2020-EX-10.1-CONSULTING AGREEMENT",TextOnly,3,1.0,0.14285714285714285,21
42,"MEDALISTDIVERSIFIEDREIT,INC_05_18_2020-EX-10.1-CONSULTING AGREEMENT",TextOnly,5,1.0,0.23809523809523808,21
42,"MEDALISTDIVERSIFIEDREIT,INC_05_18_2020-EX-10.1-CONSULTING AGREEMENT",TextOnly,10,1.0,0.47619047619047616,21
42,TRANSMONTAIGNEPARTNERSLLC_03_13_2020-EX-10.9-SERVICES AGREEMENT,TextOnly,3,1.0,0.08571428571428572,35
42,TRANSMONTAIGNEPARTNERSLLC_03_13_2020-EX-10.9-SERVICES AGREEMENT,TextOnly,5,1.0,0.14285714285714285,35
42,TRANSMONTAIGNEPARTNERSLLC_03_13_2020-EX-10.9-SERVICES AGREEMENT,TextOnly,10,1.0,0.2857142857142857,35
42,PenntexMidstreamPartnersLp_20150416_S-1A_EX-10.4_9042833_EX-10.4_Transportation Agreement,TextOnly,3,1.0,0.12,25
42,PenntexMidstreamPartnersLp_20150416_S-1A_EX-10.4_9042833_EX-10.4_Transportation Agreement,TextOnly,5,1.0,0.2,25
42,PenntexMidstreamPartnersLp_20150416_S-1A_EX-10.4_9042833_EX-10.4_Transportation Agreement,TextOnly,10,0.9,0.36,25
42,CHEETAHMOBILEINC_04_22_2014-EX-10.43-Cooperation Agreement,TextOnly,3,1.0,0.1111111111111111,27
42,CHEETAHMOBILEINC_04_22_2014-EX-10.43-Cooperation Agreement,TextOnly,5,1.0,0.18518518518518517,27
42,CHEETAHMOBILEINC_04_22_2014-EX-10.43-Cooperation Agreement,TextOnly,10,1.0,0.37037037037037035,27
42,BerkshireHillsBancorpInc_20120809_10-Q_EX-10.16_7708169_EX-10.16_Endorsement Agreement,TextOnly,3,1.0,0.11538461538461539,26
42,BerkshireHillsBancorpInc_20120809_10-Q_EX-10.16_7708169_EX-10.16_Endorsement Agreement,TextOnly,5,1.0,0.19230769230769232,26
42,BerkshireHillsBancorpInc_20120809_10-Q_EX-10.16_7708169_EX-10.16_Endorsement Agreement,TextOnly,10,0.9,0.34615384615384615,26
42,TcPipelinesLp_20160226_10-K_EX-99.12_9454048_EX-99.12_Transportation Agreement,TextOnly,3,1.0,0.08823529411764706,34
42,TcPipelinesLp_20160226_10-K_EX-99.12_9454048_EX-99.12_Transportation Agreement,TextOnly,5,1.0,0.14705882352941177,34
42,TcPipelinesLp_20160226_10-K_EX-99.12_9454048_EX-99.12_Transportation Agreement,TextOnly,10,1.0,0.29411764705882354,34
42,ALLIANCEBANCORPINCOFPENNSYLVANIA_10_18_2006-EX-1.2-AGENCY AGREEMENT,TextOnly,3,1.0,0.09090909090909091,33
42,ALLIANCEBANCORPINCOFPENNSYLVANIA_10_18_2006-EX-1.2-AGENCY AGREEMENT,TextOnly,5,1.0,0.15151515151515152,33
42,ALLIANCEBANCORPINCOFPENNSYLVANIA_10_18_2006-EX-1.2-AGENCY AGREEMENT,TextOnly,10,1.0,0.30303030303030304,33
42,HealthcentralCom_19991108_S-1A_EX-10.27_6623292_EX-10.27_Co-Branding Agreement,TextOnly,3,1.0,0.14285714285714285,21
42,HealthcentralCom_19991108_S-1A_EX-10.27_6623292_EX-10.27_Co-Branding Agreement,TextOnly,5,1.0,0.23809523809523808,21
42,HealthcentralCom_19991108_S-1A_EX-10.27_6623292_EX-10.27_Co-Branding Agreement,TextOnly,10,1.0,0.47619047619047616,21
42,MERCATAINC_03_09_2000-EX-10.21-SPONSORSHIP AGREEMENT,TextOnly,3,1.0,0.08823529411764706,34
42,MERCATAINC_03_09_2000-EX-10.21-SPONSORSHIP AGREEMENT,TextOnly,5,1.0,0.14705882352941177,34
42,MERCATAINC_03_09_2000-EX-10.21-SPONSORSHIP AGREEMENT,TextOnly,10,1.0,0.29411764705882354,34
42,SEPARATEACCOUNTIIOFAGL_05_02_2011-EX-99.(J)(4)-UNCONDITIONAL CAPITAL MAINTENANCE AGREEMENT,TextOnly,3,1.0,0.08823529411764706,34
42,SEPARATEACCOUNTIIOFAGL_05_02_2011-EX-99.(J)(4)-UNCONDITIONAL CAPITAL MAINTENANCE AGREEMENT,TextOnly,5,1.0,0.14705882352941177,34
42,SEPARATEACCOUNTIIOFAGL_05_02_2011-EX-99.(J)(4)-UNCONDITIONAL CAPITAL MAINTENANCE AGREEMENT,TextOnly,10,1.0,0.29411764705882354,34
42,AMERICASSHOPPINGMALLINC_12_10_1999-EX-10.2-SITE DEVELOPMENT AND HOSTING AGREEMENT,TextOnly,3,1.0,0.125,24
42,AMERICASSHOPPINGMALLINC_12_10_1999-EX-10.2-SITE DEVELOPMENT AND HOSTING AGREEMENT,TextOnly,5,1.0,0.20833333333333334,24
42,AMERICASSHOPPINGMALLINC_12_10_1999-EX-10.2-SITE DEVELOPMENT AND HOSTING AGREEMENT,TextOnly,10,1.0,0.4166666666666667,24
42,UAGHINC_04_14_2004-EX-10.18-MAINTENANCE AGREEMENT,TextOnly,3,1.0,0.10344827586206896,29
42,UAGHINC_04_14_2004-EX-10.18-MAINTENANCE AGREEMENT,TextOnly,5,1.0,0.1724137931034483,29
42,UAGHINC_04_14_2004-EX-10.18-MAINTENANCE AGREEMENT,TextOnly,10,1.0,0.3448275862068966,29
42,PREMIERBIOMEDICALINC_05_14_2020-EX-10.2-INTELLECTUAL PROPERTY AGREEMENT,TextOnly,3,1.0,0.09090909090909091,33
42,PREMIERBIOMEDICALINC_05_14_2020-EX-10.2-INTELLECTUAL PROPERTY AGREEMENT,TextOnly,5,1.0,0.15151515151515152,33
42,PREMIERBIOMEDICALINC_05_14_2020-EX-10.2-INTELLECTUAL PROPERTY AGREEMENT,TextOnly,10,1.0,0.30303030303030304,33
42,BIOCEPTINC_08_19_2013-EX-10-COLLABORATION AGREEMENT,TextOnly,3,1.0,0.13636363636363635,22
42,BIOCEPTINC_08_19_2013-EX-10-COLLABORATION AGREEMENT,TextOnly,5,1.0,0.22727272727272727,22
42,BIOCEPTINC_08_19_2013-EX-10-COLLABORATION AGREEMENT,TextOnly,10,1.0,0.45454545454545453,22
42,PFSFUNDS_06_26_2020-EX-99.H OTH MAT CONT-SERVICES AGREEMENT,TextOnly,3,1.0,0.09090909090909091,33
42,PFSFUNDS_06_26_2020-EX-99.H OTH MAT CONT-SERVICES AGREEMENT,TextOnly,5,1.0,0.15151515151515152,33
42,PFSFUNDS_06_26_2020-EX-99.H OTH MAT CONT-SERVICES AGREEMENT,TextOnly,10,1.0,0.30303030303030304,33
42,"XLITECHNOLOGIES,INC_12_02_2015-EX-10.02-STRATEGIC ALLIANCE AGREEMENT",TextOnly,3,1.0,0.08571428571428572,35
42,"XLITECHNOLOGIES,INC_12_02_2015-EX-10.02-STRATEGIC ALLIANCE AGREEMENT",TextOnly,5,1.0,0.14285714285714285,35
42,"XLITECHNOLOGIES,INC_12_02_2015-EX-10.02-STRATEGIC ALLIANCE AGREEMENT",TextOnly,10,1.0,0.2857142857142857,35
42,KENTUCKYUTILITIESCO_03_25_2003-EX-10.65-TRANSPORTATION AGREEMENT,TextOnly,3,1.0,0.0967741935483871,31
42,KENTUCKYUTILITIESCO_03_25_2003-EX-10.65-TRANSPORTATION AGREEMENT,TextOnly,5,1.0,0.16129032258064516,31
42,KENTUCKYUTILITIESCO_03_25_2003-EX-10.65-TRANSPORTATION AGREEMENT,TextOnly,10,1.0,0.3225806451612903,31
42,"SPOKHOLDINGS,INC_06_19_2020-EX-10.1-COOPERATION AGREEMENT",TextOnly,3,1.0,0.08571428571428572,35
42,"SPOKHOLDINGS,INC_06_19_2020-EX-10.1-COOPERATION AGREEMENT",TextOnly,5,1.0,0.14285714285714285,35
42,"SPOKHOLDINGS,INC_06_19_2020-EX-10.1-COOPERATION AGREEMENT",TextOnly,10,1.0,0.2857142857142857,35
42,NICELTD_06_26_2003-EX-4.5-OUTSOURCING AGREEMENT,TextOnly,3,1.0,0.12,25
42,NICELTD_06_26_2003-EX-4.5-OUTSOURCING AGREEMENT,TextOnly,5,1.0,0.2,25
42,NICELTD_06_26_2003-EX-4.5-OUTSOURCING AGREEMENT,TextOnly,10,1.0,0.4,25
42,VERTEXENERGYINC_08_14_2014-EX-10.24-OPERATION AND MAINTENANCE AGREEMENT,TextOnly,3,1.0,0.10714285714285714,28
42,VERTEXENERGYINC_08_14_2014-EX-10.24-OPERATION AND MAINTENANCE AGREEMENT,TextOnly,5,1.0,0.17857142857142858,28
42,VERTEXENERGYINC_08_14_2014-EX-10.24-OPERATION AND MAINTENANCE AGREEMENT,TextOnly,10,1.0,0.35714285714285715,28
42,StampscomInc_20001114_10-Q_EX-10.47_2631630_EX-10.47_Co-Branding Agreement,TextOnly,3,1.0,0.125,24
42,StampscomInc_20001114_10-Q_EX-10.47_2631630_EX-10.47_Co-Branding Agreement,TextOnly,5,1.0,0.20833333333333334,24
42,StampscomInc_20001114_10-Q_EX-10.47_2631630_EX-10.47_Co-Branding Agreement,TextOnly,10,1.0,0.4166666666666667,24
42,VirtuosoSurgicalInc_20191227_1-A_EX1A-6 MAT CTRCT_11933379_EX1A-6 MAT CTRCT_License Agreement,TextPlusLayout,3,1.0,0.13043478260869565,23
42,VirtuosoSurgicalInc_20191227_1-A_EX1A-6 MAT CTRCT_11933379_EX1A-6 MAT CTRCT_License Agreement,TextPlusLayout,5,1.0,0.21739130434782608,23
42,VirtuosoSurgicalInc_20191227_1-A_EX1A-6 MAT CTRCT_11933379_EX1A-6 MAT CTRCT_License Agreement,TextPlusLayout,10,0.8,0.34782608695652173,23
42,ThriventVariableInsuranceAccountB_20190701_N-6_EX-99.D(IV)_11720968_EX-99.D(IV)_Endorsement Agreement,TextPlusLayout,3,0.6666666666666666,0.05263157894736842,38
42,ThriventVariableInsuranceAccountB_20190701_N-6_EX-99.D(IV)_11720968_EX-99.D(IV)_Endorsement Agreement,TextPlusLayout,5,0.8,0.10526315789473684,38
42,ThriventVariableInsuranceAccountB_20190701_N-6_EX-99.D(IV)_11720968_EX-99.D(IV)_Endorsement Agreement,TextPlusLayout,10,0.9,0.23684210526315788,38
42,"VIVINT SOLAR, INC. - NON-COMPETITION AGREEMENT",TextPlusLayout,3,1.0,0.08108108108108109,37
42,"VIVINT SOLAR, INC. - NON-COMPETITION AGREEMENT",TextPlusLayout,5,1.0,0.13513513513513514,37
42,"VIVINT SOLAR, INC. - NON-COMPETITION AGREEMENT",TextPlusLayout,10,1.0,0.2702702702702703,37
42,"TALLGRASSENERGY,LP_02_20_2020-EX-99.26-JOINT FILING AGREEMENT",TextPlusLayout,3,1.0,0.07894736842105263,38
42,"TALLGRASSENERGY,LP_02_20_2020-EX-99.26-JOINT FILING AGREEMENT",TextPlusLayout,5,1.0,0.13157894736842105,38
42,"TALLGRASSENERGY,LP_02_20_2020-EX-99.26-JOINT FILING AGREEMENT",TextPlusLayout,10,1.0,0.2631578947368421,38
42,Quaker Chemical Corporation - NON COMPETITION AND NON SOLICITATION AGREEMENT,TextPlusLayout,3,1.0,0.09375,32
42,Quaker Chemical Corporation - NON COMPETITION AND NON SOLICITATION AGREEMENT,TextPlusLayout,5,0.8,0.125,32
42,Quaker Chemical Corporation - NON COMPETITION AND NON SOLICITATION AGREEMENT,TextPlusLayout,10,0.9,0.28125,32
42,BIOAMBERINC_04_10_2013-EX-10.34-DEVELOPMENT AGREEMENT - First Amendment,TextPlusLayout,3,1.0,0.07692307692307693,39
42,BIOAMBERINC_04_10_2013-EX-10.34-DEVELOPMENT AGREEMENT - First Amendment,TextPlusLayout,5,1.0,0.1282051282051282,39
42,BIOAMBERINC_04_10_2013-EX-10.34-DEVELOPMENT AGREEMENT - First Amendment,TextPlusLayout,10,1.0,0.2564102564102564,39
42,"ON2TECHNOLOGIES,INC_11_17_2006-EX-10.3-SUPPORT AND MAINTENANCE AGREEMENT",TextPlusLayout,3,1.0,0.09090909090909091,33
42,"ON2TECHNOLOGIES,INC_11_17_2006-EX-10.3-SUPPORT AND MAINTENANCE AGREEMENT",TextPlusLayout,5,1.0,0.15151515151515152,33
42,"ON2TECHNOLOGIES,INC_11_17_2006-EX-10.3-SUPPORT AND MAINTENANCE AGREEMENT",TextPlusLayout,10,0.9,0.2727272727272727,33
42,BizzingoInc_20120322_8-K_EX-10.17_7504499_EX-10.17_Endorsement Agreement,TextPlusLayout,3,1.0,0.1111111111111111,27
42,BizzingoInc_20120322_8-K_EX-10.17_7504499_EX-10.17_Endorsement Agreement,TextPlusLayout,5,0.8,0.14814814814814814,27
42,BizzingoInc_20120322_8-K_EX-10.17_7504499_EX-10.17_Endorsement Agreement,TextPlusLayout,10,0.9,0.3333333333333333,27
42,XpresspaGroupInc_20190401_10-K_EX-10.28_11599457_EX-10.28_Marketing Agreement,TextPlusLayout,3,1.0,0.17647058823529413,17
42,XpresspaGroupInc_20190401_10-K_EX-10.28_11599457_EX-10.28_Marketing Agreement,TextPlusLayout,5,1.0,0.29411764705882354,17
42,XpresspaGroupInc_20190401_10-K_EX-10.28_11599457_EX-10.28_Marketing Agreement,TextPlusLayout,10,0.8,0.47058823529411764,17
42,PareteumCorp_20081001_8-K_EX-99.1_2654808_EX-99.1_Hosting Agreement,TextPlusLayout,3,1.0,0.1111111111111111,27
42,PareteumCorp_20081001_8-K_EX-99.1_2654808_EX-99.1_Hosting Agreement,TextPlusLayout,5,1.0,0.18518518518518517,27
42,PareteumCorp_20081001_8-K_EX-99.1_2654808_EX-99.1_Hosting Agreement,TextPlusLayout,10,1.0,0.37037037037037035,27
42,SalesforcecomInc_20171122_10-Q_EX-10.1_10961535_EX-10.1_Reseller Agreement,TextPlusLayout,3,1.0,0.08108108108108109,37
42,SalesforcecomInc_20171122_10-Q_EX-10.1_10961535_EX-10.1_Reseller Agreement,TextPlusLayout,5,1.0,0.13513513513513514,37
42,SalesforcecomInc_20171122_10-Q_EX-10.1_10961535_EX-10.1_Reseller Agreement,TextPlusLayout,10,1.0,0.2702702702702703,37
42,"IOVANCEBIOTHERAPEUTICS,INC_08_03_2017-EX-10.1-STRATEGIC ALLIANCE AGREEMENT",TextPlusLayout,3,1.0,0.1111111111111111,27
42,"IOVANCEBIOTHERAPEUTICS,INC_08_03_2017-EX-10.1-STRATEGIC ALLIANCE AGREEMENT",TextPlusLayout,5,1.0,0.18518518518518517,27
42,"IOVANCEBIOTHERAPEUTICS,INC_08_03_2017-EX-10.1-STRATEGIC ALLIANCE AGREEMENT",TextPlusLayout,10,1.0,0.37037037037037035,27
42,"DUOSTECHNOLOGIESGROUP,INC_04_21_2009-EX-10.1-STRATEGIC ALLIANCE AGREEMENT",TextPlusLayout,3,0.6666666666666666,0.1,20
42,"DUOSTECHNOLOGIESGROUP,INC_04_21_2009-EX-10.1-STRATEGIC ALLIANCE AGREEMENT",TextPlusLayout,5,0.8,0.2,20
42,"DUOSTECHNOLOGIESGROUP,INC_04_21_2009-EX-10.1-STRATEGIC ALLIANCE AGREEMENT",TextPlusLayout,10,0.9,0.45,20
42,LIGHTBRIDGECORP_11_23_2015-EX-10.26-STRATEGIC ALLIANCE AGREEMENT,TextPlusLayout,3,1.0,0.09375,32
42,LIGHTBRIDGECORP_11_23_2015-EX-10.26-STRATEGIC ALLIANCE AGREEMENT,TextPlusLayout,5,1.0,0.15625,32
42,LIGHTBRIDGECORP_11_23_2015-EX-10.26-STRATEGIC ALLIANCE AGREEMENT,TextPlusLayout,10,1.0,0.3125,32
42,"GSITECHNOLOGYINC_11_16_2009-EX-10.2-INTELLECTUAL PROPERTY AGREEMENT between SONY ELECTRONICS INC. and GSI TECHNOLOGY, INC.",TextPlusLayout,3,1.0,0.1111111111111111,27
42,"GSITECHNOLOGYINC_11_16_2009-EX-10.2-INTELLECTUAL PROPERTY AGREEMENT between SONY ELECTRONICS INC. and GSI TECHNOLOGY, INC.",TextPlusLayout,5,1.0,0.18518518518518517,27
42,"GSITECHNOLOGYINC_11_16_2009-EX-10.2-INTELLECTUAL PROPERTY AGREEMENT between SONY ELECTRONICS INC. and GSI TECHNOLOGY, INC.",TextPlusLayout,10,0.9,0.3333333333333333,27
42,"CURAEGISTECHNOLOGIES,INC_05_26_2010-EX-1-CORPORATE SPONSORSHIP AGREEMENT",TextPlusLayout,3,1.0,0.0967741935483871,31
42,"CURAEGISTECHNOLOGIES,INC_05_26_2010-EX-1-CORPORATE SPONSORSHIP AGREEMENT",TextPlusLayout,5,1.0,0.16129032258064516,31
42,"CURAEGISTECHNOLOGIES,INC_05_26_2010-EX-1-CORPORATE SPONSORSHIP AGREEMENT",TextPlusLayout,10,1.0,0.3225806451612903,31
42,OPERALTD_04_30_2020-EX-4.14-SERVICE AGREEMENT,TextPlusLayout,3,1.0,0.09375,32
42,OPERALTD_04_30_2020-EX-4.14-SERVICE AGREEMENT,TextPlusLayout,5,1.0,0.15625,32
42,OPERALTD_04_30_2020-EX-4.14-SERVICE AGREEMENT,TextPlusLayout,10,1.0,0.3125,32
42,MERITLIFEINSURANCECO_06_19_2020-EX-10.(XIV)-MASTER SERVICES AGREEMENT,TextPlusLayout,3,0.6666666666666666,0.07142857142857142,28
42,MERITLIFEINSURANCECO_06_19_2020-EX-10.(XIV)-MASTER SERVICES AGREEMENT,TextPlusLayout,5,0.8,0.14285714285714285,28
42,MERITLIFEINSURANCECO_06_19_2020-EX-10.(XIV)-MASTER SERVICES AGREEMENT,TextPlusLayout,10,0.9,0.32142857142857145,28
42,PacificapEntertainmentHoldingsInc_20051115_8-KA_EX-1.01_4300894_EX-1.01_Content License Agreement,TextPlusLayout,3,1.0,0.10714285714285714,28
42,PacificapEntertainmentHoldingsInc_20051115_8-KA_EX-1.01_4300894_EX-1.01_Content License Agreement,TextPlusLayout,5,1.0,0.17857142857142858,28
42,PacificapEntertainmentHoldingsInc_20051115_8-KA_EX-1.01_4300894_EX-1.01_Content License Agreement,TextPlusLayout,10,1.0,0.35714285714285715,28
42,BUFFALOWILDWINGSINC_06_05_1998-EX-10.3-FRANCHISE AGREEMENT,TextPlusLayout,3,1.0,0.2,15
42,BUFFALOWILDWINGSINC_06_05_1998-EX-10.3-FRANCHISE AGREEMENT,TextPlusLayout,5,0.6,0.2,15
42,BUFFALOWILDWINGSINC_06_05_1998-EX-10.3-FRANCHISE AGREEMENT,TextPlusLayout,10,0.7,0.4666666666666667,15
42,ZEBRATECHNOLOGIESCORP_04_16_2014-EX-10.1-INTELLECTUAL PROPERTY AGREEMENT,TextPlusLayout,3,1.0,0.1111111111111111,27
42,ZEBRATECHNOLOGIESCORP_04_16_2014-EX-10.1-INTELLECTUAL PROPERTY AGREEMENT,TextPlusLayout,5,1.0,0.18518518518518517,27
42,ZEBRATECHNOLOGIESCORP_04_16_2014-EX-10.1-INTELLECTUAL PROPERTY AGREEMENT,TextPlusLayout,10,0.8,0.2962962962962963,27
42,"ADUROBIOTECH,INC_06_02_2020-EX-10.7-CONSULTING AGREEMENT(1)",TextPlusLayout,3,1.0,0.09375,32
42,"ADUROBIOTECH,INC_06_02_2020-EX-10.7-CONSULTING AGREEMENT(1)",TextPlusLayout,5,1.0,0.15625,32
42,"ADUROBIOTECH,INC_06_02_2020-EX-10.7-CONSULTING AGREEMENT(1)",TextPlusLayout,10,1.0,0.3125,32
42,LIMEENERGYCO_09_09_1999-EX-10-DISTRIBUTOR AGREEMENT,TextPlusLayout,3,1.0,0.14285714285714285,21
42,LIMEENERGYCO_09_09_1999-EX-10-DISTRIBUTOR AGREEMENT,TextPlusLayout,5,0.8,0.19047619047619047,21
42,LIMEENERGYCO_09_09_1999-EX-10-DISTRIBUTOR AGREEMENT,TextPlusLayout,10,0.8,0.38095238095238093,21
42,STAMPSCOMINC_06_24_1999-EX-10.18-SPONSORSHIP AGREEMENT,TextPlusLayout,3,1.0,0.125,24
42,STAMPSCOMINC_06_24_1999-EX-10.18-SPONSORSHIP AGREEMENT,TextPlusLayout,5,1.0,0.20833333333333334,24
42,STAMPSCOMINC_06_24_1999-EX-10.18-SPONSORSHIP AGREEMENT,TextPlusLayout,10,1.0,0.4166666666666667,24
42,SmartRxSystemsInc_20180914_1-A_EX1A-6 MAT CTRCT_11351705_EX1A-6 MAT CTRCT_Distributor Agreement,TextPlusLayout,3,1.0,0.125,24
42,SmartRxSystemsInc_20180914_1-A_EX1A-6 MAT CTRCT_11351705_EX1A-6 MAT CTRCT_Distributor Agreement,TextPlusLayout,5,1.0,0.20833333333333334,24
42,SmartRxSystemsInc_20180914_1-A_EX1A-6 MAT CTRCT_11351705_EX1A-6 MAT CTRCT_Distributor Agreement,TextPlusLayout,10,0.8,0.3333333333333333,24
42,TomOnlineInc_20060501_20-F_EX-4.46_749700_EX-4.46_Co-Branding Agreement,TextPlusLayout,3,0.6666666666666666,0.125,16
42,TomOnlineInc_20060501_20-F_EX-4.46_749700_EX-4.46_Co-Branding Agreement,TextPlusLayout,5,0.4,0.125,16
42,TomOnlineInc_20060501_20-F_EX-4.46_749700_EX-4.46_Co-Branding Agreement,TextPlusLayout,10,0.5,0.3125,16
42,"GRIDIRONBIONUTRIENTS,INC_02_05_2020-EX-10.3-SUPPLY AGREEMENT",TextPlusLayout,3,1.0,0.08333333333333333,36
42,"GRIDIRONBIONUTRIENTS,INC_02_05_2020-EX-10.3-SUPPLY AGREEMENT",TextPlusLayout,5,1.0,0.1388888888888889,36
42,"GRIDIRONBIONUTRIENTS,INC_02_05_2020-EX-10.3-SUPPLY AGREEMENT",TextPlusLayout,10,1.0,0.2777777777777778,36
42,AgapeAtpCorp_20191202_10-KA_EX-10.1_11911128_EX-10.1_Supply Agreement,TextPlusLayout,3,1.0,0.14285714285714285,21
42,AgapeAtpCorp_20191202_10-KA_EX-10.1_11911128_EX-10.1_Supply Agreement,TextPlusLayout,5,0.8,0.19047619047619047,21
42,AgapeAtpCorp_20191202_10-KA_EX-10.1_11911128_EX-10.1_Supply Agreement,TextPlusLayout,10,0.7,0.3333333333333333,21
42,TheglobeComInc_19990503_S-1A_EX-10.20_5416126_EX-10.20_Co-Branding Agreement,TextPlusLayout,3,1.0,0.12,25
42,TheglobeComInc_19990503_S-1A_EX-10.20_5416126_EX-10.20_Co-Branding Agreement,TextPlusLayout,5,0.6,0.12,25
42,TheglobeComInc_19990503_S-1A_EX-10.20_5416126_EX-10.20_Co-Branding Agreement,TextPlusLayout,10,0.8,0.32,25
42,"COOLTECHNOLOGIES,INC_10_25_2017-EX-10.71-Strategic Alliance Agreement",TextPlusLayout,3,1.0,0.10344827586206896,29
42,"COOLTECHNOLOGIES,INC_10_25_2017-EX-10.71-Strategic Alliance Agreement",TextPlusLayout,5,1.0,0.1724137931034483,29
42,"COOLTECHNOLOGIES,INC_10_25_2017-EX-10.71-Strategic Alliance Agreement",TextPlusLayout,10,1.0,0.3448275862068966,29
42,"Reinsurance Group of America, Incorporated - A_R REMARKETING AGREEMENT",TextPlusLayout,3,1.0,0.1,30
42,"Reinsurance Group of America, Incorporated - A_R REMARKETING AGREEMENT",TextPlusLayout,5,1.0,0.16666666666666666,30
42,"Reinsurance Group of America, Incorporated - A_R REMARKETING AGREEMENT",TextPlusLayout,10,1.0,0.3333333333333333,30
42,ENTERTAINMENTGAMINGASIAINC_02_15_2005-EX-10.5-DISTRIBUTOR AGREEMENT,TextPlusLayout,3,1.0,0.14285714285714285,21
42,ENTERTAINMENTGAMINGASIAINC_02_15_2005-EX-10.5-DISTRIBUTOR AGREEMENT,TextPlusLayout,5,1.0,0.23809523809523808,21
42,ENTERTAINMENTGAMINGASIAINC_02_15_2005-EX-10.5-DISTRIBUTOR AGREEMENT,TextPlusLayout,10,0.9,0.42857142857142855,21
42,Principal Life Insurance Company - Broker Dealer Marketing and Servicing Agreement,TextPlusLayout,3,1.0,0.09375,32
42,Principal Life Insurance Company - Broker Dealer Marketing and Servicing Agreement,TextPlusLayout,5,1.0,0.15625,32
42,Principal Life Insurance Company - Broker Dealer Marketing and Servicing Agreement,TextPlusLayout,10,1.0,0.3125,32
42,BellringBrandsInc_20190920_S-1_EX-10.12_11817081_EX-10.12_Manufacturing Agreement3,TextPlusLayout,3,1.0,0.08108108108108109,37
42,BellringBrandsInc_20190920_S-1_EX-10.12_11817081_EX-10.12_Manufacturing Agreement3,TextPlusLayout,5,1.0,0.13513513513513514,37
42,BellringBrandsInc_20190920_S-1_EX-10.12_11817081_EX-10.12_Manufacturing Agreement3,TextPlusLayout,10,1.0,0.2702702702702703,37
42,IMAGEWARESYSTEMSINC_12_20_1999-EX-10.22-MAINTENANCE AGREEMENT,TextPlusLayout,3,1.0,0.09375,32
42,IMAGEWARESYSTEMSINC_12_20_1999-EX-10.22-MAINTENANCE AGREEMENT,TextPlusLayout,5,0.8,0.125,32
42,IMAGEWARESYSTEMSINC_12_20_1999-EX-10.22-MAINTENANCE AGREEMENT,TextPlusLayout,10,0.9,0.28125,32
42,PACIFICSYSTEMSCONTROLTECHNOLOGYINC_08_24_2000-EX-10.53-SPONSORSHIP AGREEMENT,TextPlusLayout,3,1.0,0.08333333333333333,36
42,PACIFICSYSTEMSCONTROLTECHNOLOGYINC_08_24_2000-EX-10.53-SPONSORSHIP AGREEMENT,TextPlusLayout,5,1.0,0.1388888888888889,36
42,PACIFICSYSTEMSCONTROLTECHNOLOGYINC_08_24_2000-EX-10.53-SPONSORSHIP AGREEMENT,TextPlusLayout,10,0.9,0.25,36
42,QuantumGroupIncFl_20090120_8-K_EX-99.2_3672910_EX-99.2_Hosting Agreement,TextPlusLayout,3,1.0,0.12,25
42,QuantumGroupIncFl_20090120_8-K_EX-99.2_3672910_EX-99.2_Hosting Agreement,TextPlusLayout,5,1.0,0.2,25
42,QuantumGroupIncFl_20090120_8-K_EX-99.2_3672910_EX-99.2_Hosting Agreement,TextPlusLayout,10,0.9,0.36,25
42,CerenceInc_20191002_8-K_EX-10.4_11827494_EX-10.4_Intellectual Property Agreement,TextPlusLayout,3,1.0,0.11538461538461539,26
42,CerenceInc_20191002_8-K_EX-10.4_11827494_EX-10.4_Intellectual Property Agreement,TextPlusLayout,5,1.0,0.19230769230769232,26
42,CerenceInc_20191002_8-K_EX-10.4_11827494_EX-10.4_Intellectual Property Agreement,TextPlusLayout,10,1.0,0.38461538461538464,26
42,"INTERSECTENT,INC_05_11_2020-EX-10.1-SUPPLY AGREEMENT",TextPlusLayout,3,1.0,0.10714285714285714,28
42,"INTERSECTENT,INC_05_11_2020-EX-10.1-SUPPLY AGREEMENT",TextPlusLayout,5,0.8,0.14285714285714285,28
42,"INTERSECTENT,INC_05_11_2020-EX-10.1-SUPPLY AGREEMENT",TextPlusLayout,10,0.9,0.32142857142857145,28
42,"FOUNDATIONMEDICINE,INC_02_02_2015-EX-10.2-Collaboration Agreement",TextPlusLayout,3,1.0,0.14285714285714285,21
42,"FOUNDATIONMEDICINE,INC_02_02_2015-EX-10.2-Collaboration Agreement",TextPlusLayout,5,0.8,0.19047619047619047,21
42,"FOUNDATIONMEDICINE,INC_02_02_2015-EX-10.2-Collaboration Agreement",TextPlusLayout,10,0.9,0.42857142857142855,21
42,IdeanomicsInc_20160330_10-K_EX-10.26_9512211_EX-10.26_Content License Agreement,TextPlusLayout,3,1.0,0.10714285714285714,28
42,IdeanomicsInc_20160330_10-K_EX-10.26_9512211_EX-10.26_Content License Agreement,TextPlusLayout,5,1.0,0.17857142857142858,28
42,IdeanomicsInc_20160330_10-K_EX-10.26_9512211_EX-10.26_Content License Agreement,TextPlusLayout,10,1.0,0.35714285714285715,28
42,"SOLUTIONSVENDINGINTERNATIONAL,INC_03_31_2020-EX1A-1 UNDR AGMT-SERVICES AGREEMENT",TextPlusLayout,3,1.0,0.08108108108108109,37
42,"SOLUTIONSVENDINGINTERNATIONAL,INC_03_31_2020-EX1A-1 UNDR AGMT-SERVICES AGREEMENT",TextPlusLayout,5,1.0,0.13513513513513514,37
42,"SOLUTIONSVENDINGINTERNATIONAL,INC_03_31_2020-EX1A-1 UNDR AGMT-SERVICES AGREEMENT",TextPlusLayout,10,1.0,0.2702702702702703,37
42,"BLUEHILLSBANCORP,INC_05_20_2014-EX-1.1-AGENCY AGREEMENT",TextPlusLayout,3,1.0,0.09090909090909091,33
42,"BLUEHILLSBANCORP,INC_05_20_2014-EX-1.1-AGENCY AGREEMENT",TextPlusLayout,5,1.0,0.15151515151515152,33
42,"BLUEHILLSBANCORP,INC_05_20_2014-EX-1.1-AGENCY AGREEMENT",TextPlusLayout,10,1.0,0.30303030303030304,33
42,ACCELERATEDTECHNOLOGIESHOLDINGCORP_04_24_2003-EX-10.13-JOINT VENTURE AGREEMENT,TextPlusLayout,3,1.0,0.09375,32
42,ACCELERATEDTECHNOLOGIESHOLDINGCORP_04_24_2003-EX-10.13-JOINT VENTURE AGREEMENT,TextPlusLayout,5,1.0,0.15625,32
42,ACCELERATEDTECHNOLOGIESHOLDINGCORP_04_24_2003-EX-10.13-JOINT VENTURE AGREEMENT,TextPlusLayout,10,1.0,0.3125,32
42,"TRANSPHORM,INC_02_14_2020-EX-10.12(1)-JOINT VENTURE AGREEMENT",TextPlusLayout,3,1.0,0.1,30
42,"TRANSPHORM,INC_02_14_2020-EX-10.12(1)-JOINT VENTURE AGREEMENT",TextPlusLayout,5,1.0,0.16666666666666666,30
42,"TRANSPHORM,INC_02_14_2020-EX-10.12(1)-JOINT VENTURE AGREEMENT",TextPlusLayout,10,1.0,0.3333333333333333,30
42,PROFOUNDMEDICALCORP_08_29_2019-EX-4.5-SUPPLY AGREEMENT,TextPlusLayout,3,1.0,0.1111111111111111,27
42,PROFOUNDMEDICALCORP_08_29_2019-EX-4.5-SUPPLY AGREEMENT,TextPlusLayout,5,1.0,0.18518518518518517,27
42,PROFOUNDMEDICALCORP_08_29_2019-EX-4.5-SUPPLY AGREEMENT,TextPlusLayout,10,1.0,0.37037037037037035,27
42,CENTRACKINTERNATIONALINC_10_29_1999-EX-10.3-WEB SITE HOSTING AGREEMENT,TextPlusLayout,3,1.0,0.1,30
42,CENTRACKINTERNATIONALINC_10_29_1999-EX-10.3-WEB SITE HOSTING AGREEMENT,TextPlusLayout,5,1.0,0.16666666666666666,30
42,CENTRACKINTERNATIONALINC_10_29_1999-EX-10.3-WEB SITE HOSTING AGREEMENT,TextPlusLayout,10,1.0,0.3333333333333333,30
42,MSCIINC_02_28_2008-EX-10.10-,TextPlusLayout,3,1.0,0.08823529411764706,34
42,MSCIINC_02_28_2008-EX-10.10-,TextPlusLayout,5,1.0,0.14705882352941177,34
42,MSCIINC_02_28_2008-EX-10.10-,TextPlusLayout,10,1.0,0.29411764705882354,34
42,IGENEBIOTECHNOLOGYINC_05_13_2003-EX-1-JOINT VENTURE AGREEMENT,TextPlusLayout,3,1.0,0.11538461538461539,26
42,IGENEBIOTECHNOLOGYINC_05_13_2003-EX-1-JOINT VENTURE AGREEMENT,TextPlusLayout,5,0.8,0.15384615384615385,26
42,IGENEBIOTECHNOLOGYINC_05_13_2003-EX-1-JOINT VENTURE AGREEMENT,TextPlusLayout,10,0.9,0.34615384615384615,26
42,"VIRGINGALACTICHOLDINGS,INC_04_08_2020-EX-99.1-JOINT FILING STATEMENT",TextPlusLayout,3,1.0,0.07894736842105263,38
42,"VIRGINGALACTICHOLDINGS,INC_04_08_2020-EX-99.1-JOINT FILING STATEMENT",TextPlusLayout,5,1.0,0.13157894736842105,38
42,"VIRGINGALACTICHOLDINGS,INC_04_08_2020-EX-99.1-JOINT FILING STATEMENT",TextPlusLayout,10,1.0,0.2631578947368421,38
42,GluMobileInc_20070319_S-1A_EX-10.09_436630_EX-10.09_Content License Agreement2,TextPlusLayout,3,1.0,0.09375,32
42,GluMobileInc_20070319_S-1A_EX-10.09_436630_EX-10.09_Content License Agreement2,TextPlusLayout,5,1.0,0.15625,32
42,GluMobileInc_20070319_S-1A_EX-10.09_436630_EX-10.09_Content License Agreement2,TextPlusLayout,10,0.9,0.28125,32
42,BloomEnergyCorp_20180321_DRSA (on S-1)_EX-10_11240356_EX-10_Maintenance Agreement,TextPlusLayout,3,1.0,0.11538461538461539,26
42,BloomEnergyCorp_20180321_DRSA (on S-1)_EX-10_11240356_EX-10_Maintenance Agreement,TextPlusLayout,5,0.8,0.15384615384615385,26
42,BloomEnergyCorp_20180321_DRSA (on S-1)_EX-10_11240356_EX-10_Maintenance Agreement,TextPlusLayout,10,0.8,0.3076923076923077,26
42,NATIONALPROCESSINGINC_07_18_1996-EX-10.4-SPONSORSHIP AGREEMENT,TextPlusLayout,3,0.6666666666666666,0.06666666666666667,30
42,NATIONALPROCESSINGINC_07_18_1996-EX-10.4-SPONSORSHIP AGREEMENT,TextPlusLayout,5,0.8,0.13333333333333333,30
42,NATIONALPROCESSINGINC_07_18_1996-EX-10.4-SPONSORSHIP AGREEMENT,TextPlusLayout,10,0.9,0.3,30
42,TubeMediaCorp_20060310_8-K_EX-10.1_513921_EX-10.1_Affiliate Agreement,TextPlusLayout,3,0.6666666666666666,0.125,16
42,TubeMediaCorp_20060310_8-K_EX-10.1_513921_EX-10.1_Affiliate Agreement,TextPlusLayout,5,0.8,0.25,16
42,TubeMediaCorp_20060310_8-K_EX-10.1_513921_EX-10.1_Affiliate Agreement,TextPlusLayout,10,0.9,0.5625,16
42,WaterNowInc_20191120_10-Q_EX-10.12_11900227_EX-10.12_Distributor Agreement,TextPlusLayout,3,1.0,0.14285714285714285,21
42,WaterNowInc_20191120_10-Q_EX-10.12_11900227_EX-10.12_Distributor Agreement,TextPlusLayout,5,0.8,0.19047619047619047,21
42,WaterNowInc_20191120_10-Q_EX-10.12_11900227_EX-10.12_Distributor Agreement,TextPlusLayout,10,0.9,0.42857142857142855,21
42,SoupmanInc_20150814_8-K_EX-10.1_9230148_EX-10.1_Franchise Agreement1,TextPlusLayout,3,0.6666666666666666,0.16666666666666666,12
42,SoupmanInc_20150814_8-K_EX-10.1_9230148_EX-10.1_Franchise Agreement1,TextPlusLayout,5,0.8,0.3333333333333333,12
42,SoupmanInc_20150814_8-K_EX-10.1_9230148_EX-10.1_Franchise Agreement1,TextPlusLayout,10,0.8,0.6666666666666666,12
42,AlliedEsportsEntertainmentInc_20190815_8-K_EX-10.34_11788308_EX-10.34_Sponsorship Agreement,TextPlusLayout,3,1.0,0.1111111111111111,27
42,AlliedEsportsEntertainmentInc_20190815_8-K_EX-10.34_11788308_EX-10.34_Sponsorship Agreement,TextPlusLayout,5,1.0,0.18518518518518517,27
42,AlliedEsportsEntertainmentInc_20190815_8-K_EX-10.34_11788308_EX-10.34_Sponsorship Agreement,TextPlusLayout,10,1.0,0.37037037037037035,27
42,"CANOPETROLEUM,INC_12_13_2007-EX-10.1-Sponsorship Agreement",TextPlusLayout,3,1.0,0.09375,32
42,"CANOPETROLEUM,INC_12_13_2007-EX-10.1-Sponsorship Agreement",TextPlusLayout,5,1.0,0.15625,32
42,"CANOPETROLEUM,INC_12_13_2007-EX-10.1-Sponsorship Agreement",TextPlusLayout,10,1.0,0.3125,32
42,ScansourceInc_20190822_10-K_EX-10.38_11793958_EX-10.38_Distributor Agreement1,TextPlusLayout,3,1.0,0.13636363636363635,22
42,ScansourceInc_20190822_10-K_EX-10.38_11793958_EX-10.38_Distributor Agreement1,TextPlusLayout,5,1.0,0.22727272727272727,22
42,ScansourceInc_20190822_10-K_EX-10.38_11793958_EX-10.38_Distributor Agreement1,TextPlusLayout,10,0.9,0.4090909090909091,22
42,GLOBALTECHNOLOGIESLTD_06_08_2020-EX-10.16-CONSULTING AGREEMENT,TextPlusLayout,3,1.0,0.09375,32
42,GLOBALTECHNOLOGIESLTD_06_08_2020-EX-10.16-CONSULTING AGREEMENT,TextPlusLayout,5,1.0,0.15625,32
42,GLOBALTECHNOLOGIESLTD_06_08_2020-EX-10.16-CONSULTING AGREEMENT,TextPlusLayout,10,1.0,0.3125,32
42,BONTONSTORESINC_04_20_2018-EX-99.3-AGENCY AGREEMENT,TextPlusLayout,3,1.0,0.1,30
42,BONTONSTORESINC_04_20_2018-EX-99.3-AGENCY AGREEMENT,TextPlusLayout,5,1.0,0.16666666666666666,30
42,BONTONSTORESINC_04_20_2018-EX-99.3-AGENCY AGREEMENT,TextPlusLayout,10,1.0,0.3333333333333333,30
42,2ThemartComInc_19990826_10-12G_EX-10.10_6700288_EX-10.10_Co-Branding Agreement_ Agency Agreement,TextPlusLayout,3,1.0,0.125,24
42,2ThemartComInc_19990826_10-12G_EX-10.10_6700288_EX-10.10_Co-Branding Agreement_ Agency Agreement,TextPlusLayout,5,1.0,0.20833333333333334,24
42,2ThemartComInc_19990826_10-12G_EX-10.10_6700288_EX-10.10_Co-Branding Agreement_ Agency Agreement,TextPlusLayout,10,0.8,0.3333333333333333,24
42,CHANGEPOINTCORP_03_08_2000-EX-10.6-LICENSE AND HOSTING AGREEMENT,TextPlusLayout,3,1.0,0.16666666666666666,18
42,CHANGEPOINTCORP_03_08_2000-EX-10.6-LICENSE AND HOSTING AGREEMENT,TextPlusLayout,5,0.8,0.2222222222222222,18
42,CHANGEPOINTCORP_03_08_2000-EX-10.6-LICENSE AND HOSTING AGREEMENT,TextPlusLayout,10,0.5,0.2777777777777778,18
42,AIRSPANNETWORKSINC_04_11_2000-EX-10.5-Distributor Agreement,TextPlusLayout,3,1.0,0.13636363636363635,22
42,AIRSPANNETWORKSINC_04_11_2000-EX-10.5-Distributor Agreement,TextPlusLayout,5,1.0,0.22727272727272727,22
42,AIRSPANNETWORKSINC_04_11_2000-EX-10.5-Distributor Agreement,TextPlusLayout,10,0.8,0.36363636363636365,22
42,InmodeLtd_20190729_F-1A_EX-10.9_11743243_EX-10.9_Manufacturing Agreement,TextPlusLayout,3,1.0,0.125,24
42,InmodeLtd_20190729_F-1A_EX-10.9_11743243_EX-10.9_Manufacturing Agreement,TextPlusLayout,5,1.0,0.20833333333333334,24
42,InmodeLtd_20190729_F-1A_EX-10.9_11743243_EX-10.9_Manufacturing Agreement,TextPlusLayout,10,1.0,0.4166666666666667,24
42,"ASHWORTHINC_01_29_1999-EX-10.(D)-PROMOTION AGREEMENT AND NANTZ COMMUNICATIONS, INC.",TextPlusLayout,3,1.0,0.10714285714285714,28
42,"ASHWORTHINC_01_29_1999-EX-10.(D)-PROMOTION AGREEMENT AND NANTZ COMMUNICATIONS, INC.",TextPlusLayout,5,1.0,0.17857142857142858,28
42,"ASHWORTHINC_01_29_1999-EX-10.(D)-PROMOTION AGREEMENT AND NANTZ COMMUNICATIONS, INC.",TextPlusLayout,10,1.0,0.35714285714285715,28
42,ON4COMMUNICATIONSINC_07_02_2009-EX-10.1-PROMOTION AGREEMENT,TextPlusLayout,3,1.0,0.08571428571428572,35
42,ON4COMMUNICATIONSINC_07_02_2009-EX-10.1-PROMOTION AGREEMENT,TextPlusLayout,5,1.0,0.14285714285714285,35
42,ON4COMMUNICATIONSINC_07_02_2009-EX-10.1-PROMOTION AGREEMENT,TextPlusLayout,10,1.0,0.2857142857142857,35
42,BravatekSolutionsInc_20170418_8-K_EX-10.1_10205739_EX-10.1_Reseller Agreement,TextPlusLayout,3,1.0,0.10344827586206896,29
42,BravatekSolutionsInc_20170418_8-K_EX-10.1_10205739_EX-10.1_Reseller Agreement,TextPlusLayout,5,1.0,0.1724137931034483,29
42,BravatekSolutionsInc_20170418_8-K_EX-10.1_10205739_EX-10.1_Reseller Agreement,TextPlusLayout,10,1.0,0.3448275862068966,29
42,"LEGACYTECHNOLOGYHOLDINGS,INC_12_09_2005-EX-10.2-DISTRIBUTOR AGREEMENT",TextPlusLayout,3,1.0,0.1111111111111111,27
42,"LEGACYTECHNOLOGYHOLDINGS,INC_12_09_2005-EX-10.2-DISTRIBUTOR AGREEMENT",TextPlusLayout,5,1.0,0.18518518518518517,27
42,"LEGACYTECHNOLOGYHOLDINGS,INC_12_09_2005-EX-10.2-DISTRIBUTOR AGREEMENT",TextPlusLayout,10,0.9,0.3333333333333333,27
42,BellringBrandsInc_20190920_S-1_EX-10.12_11817081_EX-10.12_Manufacturing Agreement2,TextPlusLayout,3,1.0,0.08108108108108109,37
42,BellringBrandsInc_20190920_S-1_EX-10.12_11817081_EX-10.12_Manufacturing Agreement2,TextPlusLayout,5,1.0,0.13513513513513514,37
42,BellringBrandsInc_20190920_S-1_EX-10.12_11817081_EX-10.12_Manufacturing Agreement2,TextPlusLayout,10,1.0,0.2702702702702703,37
42,VITAMINSHOPPECOMINC_09_13_1999-EX-10.26-SPONSORSHIP AGREEMENT,TextPlusLayout,3,1.0,0.1,30
42,VITAMINSHOPPECOMINC_09_13_1999-EX-10.26-SPONSORSHIP AGREEMENT,TextPlusLayout,5,1.0,0.16666666666666666,30
42,VITAMINSHOPPECOMINC_09_13_1999-EX-10.26-SPONSORSHIP AGREEMENT,TextPlusLayout,10,1.0,0.3333333333333333,30
42,"PHREESIA,INC_05_28_2019-EX-10.18-STRATEGIC ALLIANCE AGREEMENT",TextPlusLayout,3,1.0,0.13636363636363635,22
42,"PHREESIA,INC_05_28_2019-EX-10.18-STRATEGIC ALLIANCE AGREEMENT",TextPlusLayout,5,0.8,0.18181818181818182,22
42,"PHREESIA,INC_05_28_2019-EX-10.18-STRATEGIC ALLIANCE AGREEMENT",TextPlusLayout,10,0.8,0.36363636363636365,22
42,AMERICANPHYSICIANSCAPITALINC_03_31_2003-EX-10.26-AGENCY AGREEMENT,TextPlusLayout,3,1.0,0.11538461538461539,26
42,AMERICANPHYSICIANSCAPITALINC_03_31_2003-EX-10.26-AGENCY AGREEMENT,TextPlusLayout,5,1.0,0.19230769230769232,26
42,AMERICANPHYSICIANSCAPITALINC_03_31_2003-EX-10.26-AGENCY AGREEMENT,TextPlusLayout,10,0.9,0.34615384615384615,26
42,MOSSIMOINC_04_14_2000-EX-10.14-ENDORSEMENT AGREEMENT,TextPlusLayout,3,0.6666666666666666,0.08333333333333333,24
42,MOSSIMOINC_04_14_2000-EX-10.14-ENDORSEMENT AGREEMENT,TextPlusLayout,5,0.8,0.16666666666666666,24
42,MOSSIMOINC_04_14_2000-EX-10.14-ENDORSEMENT AGREEMENT,TextPlusLayout,10,0.7,0.2916666666666667,24
42,ELANDIAINTERNATIONALINC_04_25_2007-EX-10.21-Outsourcing Agreement,TextPlusLayout,3,0.6666666666666666,0.07692307692307693,26
42,ELANDIAINTERNATIONALINC_04_25_2007-EX-10.21-Outsourcing Agreement,TextPlusLayout,5,0.8,0.15384615384615385,26
42,ELANDIAINTERNATIONALINC_04_25_2007-EX-10.21-Outsourcing Agreement,TextPlusLayout,10,0.8,0.3076923076923077,26
42,TRICITYBANKSHARESCORP_05_15_1998-EX-10-OUTSOURCING AGREEMENT,TextPlusLayout,3,1.0,0.13636363636363635,22
42,TRICITYBANKSHARESCORP_05_15_1998-EX-10-OUTSOURCING AGREEMENT,TextPlusLayout,5,1.0,0.22727272727272727,22
42,TRICITYBANKSHARESCORP_05_15_1998-EX-10-OUTSOURCING AGREEMENT,TextPlusLayout,10,0.9,0.4090909090909091,22
42,LEJUHOLDINGSLTD_03_12_2014-EX-10.34-INTERNET CHANNEL COOPERATION AGREEMENT,TextPlusLayout,3,1.0,0.1,30
42,LEJUHOLDINGSLTD_03_12_2014-EX-10.34-INTERNET CHANNEL COOPERATION AGREEMENT,TextPlusLayout,5,1.0,0.16666666666666666,30
42,LEJUHOLDINGSLTD_03_12_2014-EX-10.34-INTERNET CHANNEL COOPERATION AGREEMENT,TextPlusLayout,10,0.9,0.3,30
42,ArmstrongFlooringInc_20190107_8-K_EX-10.2_11471795_EX-10.2_Intellectual Property Agreement,TextPlusLayout,3,1.0,0.11538461538461539,26
42,ArmstrongFlooringInc_20190107_8-K_EX-10.2_11471795_EX-10.2_Intellectual Property Agreement,TextPlusLayout,5,1.0,0.19230769230769232,26
42,ArmstrongFlooringInc_20190107_8-K_EX-10.2_11471795_EX-10.2_Intellectual Property Agreement,TextPlusLayout,10,1.0,0.38461538461538464,26
42,UsioInc_20040428_SB-2_EX-10.11_1723988_EX-10.11_Affiliate Agreement 2,TextPlusLayout,3,1.0,0.125,24
42,UsioInc_20040428_SB-2_EX-10.11_1723988_EX-10.11_Affiliate Agreement 2,TextPlusLayout,5,1.0,0.20833333333333334,24
42,UsioInc_20040428_SB-2_EX-10.11_1723988_EX-10.11_Affiliate Agreement 2,TextPlusLayout,10,1.0,0.4166666666666667,24
42,"BABCOCK_WILCOXENTERPRISES,INC_08_04_2015-EX-10.17-INTELLECTUAL PROPERTY AGREEMENT between THE BABCOCK _ WILCOX COMPANY and BABCOCK _ WILCOX ENTERPRISES, INC.",TextPlusLayout,3,1.0,0.12,25
42,"BABCOCK_WILCOXENTERPRISES,INC_08_04_2015-EX-10.17-INTELLECTUAL PROPERTY AGREEMENT between THE BABCOCK _ WILCOX COMPANY and BABCOCK _ WILCOX ENTERPRISES, INC.",TextPlusLayout,5,1.0,0.2,25
42,"BABCOCK_WILCOXENTERPRISES,INC_08_04_2015-EX-10.17-INTELLECTUAL PROPERTY AGREEMENT between THE BABCOCK _ WILCOX COMPANY and BABCOCK _ WILCOX ENTERPRISES, INC.",TextPlusLayout,10,1.0,0.4,25
42,"NETGEAR,INC_04_21_2003-EX-10.16- AMENDMENT #2 TO THE DISTRIBUTION AGREEMENT",TextPlusLayout,3,1.0,0.07894736842105263,38
42,"NETGEAR,INC_04_21_2003-EX-10.16- AMENDMENT #2 TO THE DISTRIBUTION AGREEMENT",TextPlusLayout,5,1.0,0.13157894736842105,38
42,"NETGEAR,INC_04_21_2003-EX-10.16- AMENDMENT #2 TO THE DISTRIBUTION AGREEMENT",TextPlusLayout,10,1.0,0.2631578947368421,38
42,HOLIDAYRVSUPERSTORESINC_04_15_2002-EX-10.13-ENDORSEMENT AGREEMENT,TextPlusLayout,3,1.0,0.10344827586206896,29
42,HOLIDAYRVSUPERSTORESINC_04_15_2002-EX-10.13-ENDORSEMENT AGREEMENT,TextPlusLayout,5,1.0,0.1724137931034483,29
42,HOLIDAYRVSUPERSTORESINC_04_15_2002-EX-10.13-ENDORSEMENT AGREEMENT,TextPlusLayout,10,1.0,0.3448275862068966,29
42,PhasebioPharmaceuticalsInc_20200330_10-K_EX-10.21_12086810_EX-10.21_Development Agreement,TextPlusLayout,3,1.0,0.15,20
42,PhasebioPharmaceuticalsInc_20200330_10-K_EX-10.21_12086810_EX-10.21_Development Agreement,TextPlusLayout,5,1.0,0.25,20
42,PhasebioPharmaceuticalsInc_20200330_10-K_EX-10.21_12086810_EX-10.21_Development Agreement,TextPlusLayout,10,0.8,0.4,20
42,ClickstreamCorp_20200330_1-A_EX1A-6 MAT CTRCT_12089935_EX1A-6 MAT CTRCT_Development Agreement,TextPlusLayout,3,1.0,0.11538461538461539,26
42,ClickstreamCorp_20200330_1-A_EX1A-6 MAT CTRCT_12089935_EX1A-6 MAT CTRCT_Development Agreement,TextPlusLayout,5,1.0,0.19230769230769232,26
42,ClickstreamCorp_20200330_1-A_EX1A-6 MAT CTRCT_12089935_EX1A-6 MAT CTRCT_Development Agreement,TextPlusLayout,10,0.9,0.34615384615384615,26
42,MOVADOGROUPINC_04_30_2003-EX-10.28-ENDORSEMENT AGREEMENT,TextPlusLayout,3,1.0,0.08823529411764706,34
42,MOVADOGROUPINC_04_30_2003-EX-10.28-ENDORSEMENT AGREEMENT,TextPlusLayout,5,1.0,0.14705882352941177,34
42,MOVADOGROUPINC_04_30_2003-EX-10.28-ENDORSEMENT AGREEMENT,TextPlusLayout,10,1.0,0.29411764705882354,34
42,FEDERATEDGOVERNMENTINCOMESECURITIESINC_04_28_2020-EX-99.SERV AGREE-SERVICES AGREEMENT_AMENDMENT,TextPlusLayout,3,1.0,0.08108108108108109,37
42,FEDERATEDGOVERNMENTINCOMESECURITIESINC_04_28_2020-EX-99.SERV AGREE-SERVICES AGREEMENT_AMENDMENT,TextPlusLayout,5,1.0,0.13513513513513514,37
42,FEDERATEDGOVERNMENTINCOMESECURITIESINC_04_28_2020-EX-99.SERV AGREE-SERVICES AGREEMENT_AMENDMENT,TextPlusLayout,10,1.0,0.2702702702702703,37
42,"FTENETWORKS,INC_02_18_2016-EX-99.4-STRATEGIC ALLIANCE AGREEMENT",TextPlusLayout,3,1.0,0.125,24
42,"FTENETWORKS,INC_02_18_2016-EX-99.4-STRATEGIC ALLIANCE AGREEMENT",TextPlusLayout,5,1.0,0.20833333333333334,24
42,"FTENETWORKS,INC_02_18_2016-EX-99.4-STRATEGIC ALLIANCE AGREEMENT",TextPlusLayout,10,1.0,0.4166666666666667,24
42,"TURNKEYCAPITAL,INC_07_20_2017-EX-1.1-Strategic Alliance Agreement",TextPlusLayout,3,1.0,0.0967741935483871,31
42,"TURNKEYCAPITAL,INC_07_20_2017-EX-1.1-Strategic Alliance Agreement",TextPlusLayout,5,1.0,0.16129032258064516,31
42,"TURNKEYCAPITAL,INC_07_20_2017-EX-1.1-Strategic Alliance Agreement",TextPlusLayout,10,1.0,0.3225806451612903,31
42,GluMobileInc_20070319_S-1A_EX-10.09_436630_EX-10.09_Content License Agreement3,TextPlusLayout,3,1.0,0.08333333333333333,36
42,GluMobileInc_20070319_S-1A_EX-10.09_436630_EX-10.09_Content License Agreement3,TextPlusLayout,5,1.0,0.1388888888888889,36
42,GluMobileInc_20070319_S-1A_EX-10.09_436630_EX-10.09_Content License Agreement3,TextPlusLayout,10,1.0,0.2777777777777778,36
42,"BORROWMONEYCOM,INC_06_11_2020-EX-10.1-JOINT VENTURE AGREEMENT",TextPlusLayout,3,1.0,0.0967741935483871,31
42,"BORROWMONEYCOM,INC_06_11_2020-EX-10.1-JOINT VENTURE AGREEMENT",TextPlusLayout,5,1.0,0.16129032258064516,31
42,"BORROWMONEYCOM,INC_06_11_2020-EX-10.1-JOINT VENTURE AGREEMENT",TextPlusLayout,10,0.9,0.2903225806451613,31
42,"KUBIENT,INC_07_02_2020-EX-10.14-MASTER SERVICES AGREEMENT_Part2",TextPlusLayout,3,1.0,0.08823529411764706,34
42,"KUBIENT,INC_07_02_2020-EX-10.14-MASTER SERVICES AGREEMENT_Part2",TextPlusLayout,5,0.8,0.11764705882352941,34
42,"KUBIENT,INC_07_02_2020-EX-10.14-MASTER SERVICES AGREEMENT_Part2",TextPlusLayout,10,0.9,0.2647058823529412,34
42,NEOMEDIATECHNOLOGIESINC_12_15_2005-EX-16.1-DISTRIBUTOR AGREEMENT,TextPlusLayout,3,1.0,0.11538461538461539,26
42,NEOMEDIATECHNOLOGIESINC_12_15_2005-EX-16.1-DISTRIBUTOR AGREEMENT,TextPlusLayout,5,1.0,0.19230769230769232,26
42,NEOMEDIATECHNOLOGIESINC_12_15_2005-EX-16.1-DISTRIBUTOR AGREEMENT,TextPlusLayout,10,1.0,0.38461538461538464,26
42,SUMMAFOURINC_06_19_1998-EX-10.3-SOFTWARE LICENSE AND MAINTENANCE AGREEMENT,TextPlusLayout,3,1.0,0.12,25
42,SUMMAFOURINC_06_19_1998-EX-10.3-SOFTWARE LICENSE AND MAINTENANCE AGREEMENT,TextPlusLayout,5,1.0,0.2,25
42,SUMMAFOURINC_06_19_1998-EX-10.3-SOFTWARE LICENSE AND MAINTENANCE AGREEMENT,TextPlusLayout,10,0.9,0.36,25
42,"XLITECHNOLOGIES,INC_12_11_2015-EX-10.1-Sponsorship Agreement",TextPlusLayout,3,1.0,0.09090909090909091,33
42,"XLITECHNOLOGIES,INC_12_11_2015-EX-10.1-Sponsorship Agreement",TextPlusLayout,5,0.8,0.12121212121212122,33
42,"XLITECHNOLOGIES,INC_12_11_2015-EX-10.1-Sponsorship Agreement",TextPlusLayout,10,0.9,0.2727272727272727,33
42,"NETGEAR,INC_04_21_2003-EX-10.16-AMENDMENT TO THE DISTRIBUTOR AGREEMENT BETWEEN INGRAM MICRO AND NETGEAR",TextPlusLayout,3,0.6666666666666666,0.05263157894736842,38
42,"NETGEAR,INC_04_21_2003-EX-10.16-AMENDMENT TO THE DISTRIBUTOR AGREEMENT BETWEEN INGRAM MICRO AND NETGEAR",TextPlusLayout,5,0.8,0.10526315789473684,38
42,"NETGEAR,INC_04_21_2003-EX-10.16-AMENDMENT TO THE DISTRIBUTOR AGREEMENT BETWEEN INGRAM MICRO AND NETGEAR",TextPlusLayout,10,0.9,0.23684210526315788,38
42,WPPPLC_04_30_2020-EX-4.28-SERVICE AGREEMENT,TextPlusLayout,3,1.0,0.0967741935483871,31
42,WPPPLC_04_30_2020-EX-4.28-SERVICE AGREEMENT,TextPlusLayout,5,1.0,0.16129032258064516,31
42,WPPPLC_04_30_2020-EX-4.28-SERVICE AGREEMENT,TextPlusLayout,10,0.9,0.2903225806451613,31
42,GluMobileInc_20070319_S-1A_EX-10.09_436630_EX-10.09_Content License Agreement1,TextPlusLayout,3,0.6666666666666666,0.1,20
42,GluMobileInc_20070319_S-1A_EX-10.09_436630_EX-10.09_Content License Agreement1,TextPlusLayout,5,0.8,0.2,20
42,GluMobileInc_20070319_S-1A_EX-10.09_436630_EX-10.09_Content License Agreement1,TextPlusLayout,10,0.8,0.4,20
42,"ROCKYMOUNTAINCHOCOLATEFACTORY,INC_12_23_2019-EX-10.2-STRATEGIC ALLIANCE AGREEMENT",TextPlusLayout,3,1.0,0.10344827586206896,29
42,"ROCKYMOUNTAINCHOCOLATEFACTORY,INC_12_23_2019-EX-10.2-STRATEGIC ALLIANCE AGREEMENT",TextPlusLayout,5,0.8,0.13793103448275862,29
42,"ROCKYMOUNTAINCHOCOLATEFACTORY,INC_12_23_2019-EX-10.2-STRATEGIC ALLIANCE AGREEMENT",TextPlusLayout,10,0.9,0.3103448275862069,29
42,ENTRUSTINC_07_24_1998-EX-10.5-STRATEGIC ALLIANCE AGREEMENT,TextPlusLayout,3,1.0,0.12,25
42,ENTRUSTINC_07_24_1998-EX-10.5-STRATEGIC ALLIANCE AGREEMENT,TextPlusLayout,5,1.0,0.2,25
42,ENTRUSTINC_07_24_1998-EX-10.5-STRATEGIC ALLIANCE AGREEMENT,TextPlusLayout,10,0.9,0.36,25
42,PROLONGINTERNATIONALCORP_03_23_1998-EX-10.16-SPONSORSHIP AGREEMENT,TextPlusLayout,3,1.0,0.09375,32
42,PROLONGINTERNATIONALCORP_03_23_1998-EX-10.16-SPONSORSHIP AGREEMENT,TextPlusLayout,5,1.0,0.15625,32
42,PROLONGINTERNATIONALCORP_03_23_1998-EX-10.16-SPONSORSHIP AGREEMENT,TextPlusLayout,10,1.0,0.3125,32
42,TELKOMSALTD_01_30_2003-EX-10-LICENCE AND MAINTENANCE AGREEMENT,TextPlusLayout,3,1.0,0.13043478260869565,23
42,TELKOMSALTD_01_30_2003-EX-10-LICENCE AND MAINTENANCE AGREEMENT,TextPlusLayout,5,1.0,0.21739130434782608,23
42,TELKOMSALTD_01_30_2003-EX-10-LICENCE AND MAINTENANCE AGREEMENT,TextPlusLayout,10,0.9,0.391304347826087,23
42,"GWG HOLDINGS, INC. - ORDERLY MARKETING AGREEMENT",TextPlusLayout,3,1.0,0.08571428571428572,35
42,"GWG HOLDINGS, INC. - ORDERLY MARKETING AGREEMENT",TextPlusLayout,5,1.0,0.14285714285714285,35
42,"GWG HOLDINGS, INC. - ORDERLY MARKETING AGREEMENT",TextPlusLayout,10,1.0,0.2857142857142857,35
42,NYLIACVARIABLEANNUITYSEPARATEACCOUNTIII_04_10_2020-EX-99.8.KK-SERVICE AGREEMENT,TextPlusLayout,3,1.0,0.09090909090909091,33
42,NYLIACVARIABLEANNUITYSEPARATEACCOUNTIII_04_10_2020-EX-99.8.KK-SERVICE AGREEMENT,TextPlusLayout,5,1.0,0.15151515151515152,33
42,NYLIACVARIABLEANNUITYSEPARATEACCOUNTIII_04_10_2020-EX-99.8.KK-SERVICE AGREEMENT,TextPlusLayout,10,1.0,0.30303030303030304,33
42,PcquoteComInc_19990721_S-1A_EX-10.11_6377149_EX-10.11_Co-Branding Agreement2,TextPlusLayout,3,1.0,0.07692307692307693,39
42,PcquoteComInc_19990721_S-1A_EX-10.11_6377149_EX-10.11_Co-Branding Agreement2,TextPlusLayout,5,1.0,0.1282051282051282,39
42,PcquoteComInc_19990721_S-1A_EX-10.11_6377149_EX-10.11_Co-Branding Agreement2,TextPlusLayout,10,1.0,0.2564102564102564,39
42,"WASTE2ENERGYHOLDINGS,INC_06_03_2010-EX-10.2-STRATEGIC ALLIANCE AGREEMENT",TextPlusLayout,3,1.0,0.1,30
42,"WASTE2ENERGYHOLDINGS,INC_06_03_2010-EX-10.2-STRATEGIC ALLIANCE AGREEMENT",TextPlusLayout,5,1.0,0.16666666666666666,30
42,"WASTE2ENERGYHOLDINGS,INC_06_03_2010-EX-10.2-STRATEGIC ALLIANCE AGREEMENT",TextPlusLayout,10,1.0,0.3333333333333333,30
42,EcoScienceSolutionsInc_20180406_8-K_EX-10.1_11135398_EX-10.1_Sponsorship Agreement,TextPlusLayout,3,1.0,0.09375,32
42,EcoScienceSolutionsInc_20180406_8-K_EX-10.1_11135398_EX-10.1_Sponsorship Agreement,TextPlusLayout,5,1.0,0.15625,32
42,EcoScienceSolutionsInc_20180406_8-K_EX-10.1_11135398_EX-10.1_Sponsorship Agreement,TextPlusLayout,10,1.0,0.3125,32
42,WestPharmaceuticalServicesInc_20200116_8-K_EX-10.1_11947529_EX-10.1_Supply Agreement,TextPlusLayout,3,1.0,0.10344827586206896,29
42,WestPharmaceuticalServicesInc_20200116_8-K_EX-10.1_11947529_EX-10.1_Supply Agreement,TextPlusLayout,5,1.0,0.1724137931034483,29
42,WestPharmaceuticalServicesInc_20200116_8-K_EX-10.1_11947529_EX-10.1_Supply Agreement,TextPlusLayout,10,0.9,0.3103448275862069,29
42,"MEDALISTDIVERSIFIEDREIT,INC_05_18_2020-EX-10.1-CONSULTING AGREEMENT",TextPlusLayout,3,1.0,0.14285714285714285,21
42,"MEDALISTDIVERSIFIEDREIT,INC_05_18_2020-EX-10.1-CONSULTING AGREEMENT",TextPlusLayout,5,1.0,0.23809523809523808,21
42,"MEDALISTDIVERSIFIEDREIT,INC_05_18_2020-EX-10.1-CONSULTING AGREEMENT",TextPlusLayout,10,0.9,0.42857142857142855,21
42,TRANSMONTAIGNEPARTNERSLLC_03_13_2020-EX-10.9-SERVICES AGREEMENT,TextPlusLayout,3,1.0,0.08571428571428572,35
42,TRANSMONTAIGNEPARTNERSLLC_03_13_2020-EX-10.9-SERVICES AGREEMENT,TextPlusLayout,5,1.0,0.14285714285714285,35
42,TRANSMONTAIGNEPARTNERSLLC_03_13_2020-EX-10.9-SERVICES AGREEMENT,TextPlusLayout,10,1.0,0.2857142857142857,35
42,PenntexMidstreamPartnersLp_20150416_S-1A_EX-10.4_9042833_EX-10.4_Transportation Agreement,TextPlusLayout,3,1.0,0.12,25
42,PenntexMidstreamPartnersLp_20150416_S-1A_EX-10.4_9042833_EX-10.4_Transportation Agreement,TextPlusLayout,5,1.0,0.2,25
42,PenntexMidstreamPartnersLp_20150416_S-1A_EX-10.4_9042833_EX-10.4_Transportation Agreement,TextPlusLayout,10,1.0,0.4,25
42,CHEETAHMOBILEINC_04_22_2014-EX-10.43-Cooperation Agreement,TextPlusLayout,3,1.0,0.1111111111111111,27
42,CHEETAHMOBILEINC_04_22_2014-EX-10.43-Cooperation Agreement,TextPlusLayout,5,1.0,0.18518518518518517,27
42,CHEETAHMOBILEINC_04_22_2014-EX-10.43-Cooperation Agreement,TextPlusLayout,10,1.0,0.37037037037037035,27
42,BerkshireHillsBancorpInc_20120809_10-Q_EX-10.16_7708169_EX-10.16_Endorsement Agreement,TextPlusLayout,3,1.0,0.11538461538461539,26
42,BerkshireHillsBancorpInc_20120809_10-Q_EX-10.16_7708169_EX-10.16_Endorsement Agreement,TextPlusLayout,5,1.0,0.19230769230769232,26
42,BerkshireHillsBancorpInc_20120809_10-Q_EX-10.16_7708169_EX-10.16_Endorsement Agreement,TextPlusLayout,10,0.8,0.3076923076923077,26
42,TcPipelinesLp_20160226_10-K_EX-99.12_9454048_EX-99.12_Transportation Agreement,TextPlusLayout,3,1.0,0.08823529411764706,34
42,TcPipelinesLp_20160226_10-K_EX-99.12_9454048_EX-99.12_Transportation Agreement,TextPlusLayout,5,1.0,0.14705882352941177,34
42,TcPipelinesLp_20160226_10-K_EX-99.12_9454048_EX-99.12_Transportation Agreement,TextPlusLayout,10,1.0,0.29411764705882354,34
42,ALLIANCEBANCORPINCOFPENNSYLVANIA_10_18_2006-EX-1.2-AGENCY AGREEMENT,TextPlusLayout,3,1.0,0.09090909090909091,33
42,ALLIANCEBANCORPINCOFPENNSYLVANIA_10_18_2006-EX-1.2-AGENCY AGREEMENT,TextPlusLayout,5,1.0,0.15151515151515152,33
42,ALLIANCEBANCORPINCOFPENNSYLVANIA_10_18_2006-EX-1.2-AGENCY AGREEMENT,TextPlusLayout,10,1.0,0.30303030303030304,33
42,HealthcentralCom_19991108_S-1A_EX-10.27_6623292_EX-10.27_Co-Branding Agreement,TextPlusLayout,3,1.0,0.14285714285714285,21
42,HealthcentralCom_19991108_S-1A_EX-10.27_6623292_EX-10.27_Co-Branding Agreement,TextPlusLayout,5,1.0,0.23809523809523808,21
42,HealthcentralCom_19991108_S-1A_EX-10.27_6623292_EX-10.27_Co-Branding Agreement,TextPlusLayout,10,1.0,0.47619047619047616,21
42,MERCATAINC_03_09_2000-EX-10.21-SPONSORSHIP AGREEMENT,TextPlusLayout,3,1.0,0.08823529411764706,34
42,MERCATAINC_03_09_2000-EX-10.21-SPONSORSHIP AGREEMENT,TextPlusLayout,5,1.0,0.14705882352941177,34
42,MERCATAINC_03_09_2000-EX-10.21-SPONSORSHIP AGREEMENT,TextPlusLayout,10,1.0,0.29411764705882354,34
42,SEPARATEACCOUNTIIOFAGL_05_02_2011-EX-99.(J)(4)-UNCONDITIONAL CAPITAL MAINTENANCE AGREEMENT,TextPlusLayout,3,1.0,0.08823529411764706,34
42,SEPARATEACCOUNTIIOFAGL_05_02_2011-EX-99.(J)(4)-UNCONDITIONAL CAPITAL MAINTENANCE AGREEMENT,TextPlusLayout,5,1.0,0.14705882352941177,34
42,SEPARATEACCOUNTIIOFAGL_05_02_2011-EX-99.(J)(4)-UNCONDITIONAL CAPITAL MAINTENANCE AGREEMENT,TextPlusLayout,10,1.0,0.29411764705882354,34
42,AMERICASSHOPPINGMALLINC_12_10_1999-EX-10.2-SITE DEVELOPMENT AND HOSTING AGREEMENT,TextPlusLayout,3,1.0,0.125,24
42,AMERICASSHOPPINGMALLINC_12_10_1999-EX-10.2-SITE DEVELOPMENT AND HOSTING AGREEMENT,TextPlusLayout,5,1.0,0.20833333333333334,24
42,AMERICASSHOPPINGMALLINC_12_10_1999-EX-10.2-SITE DEVELOPMENT AND HOSTING AGREEMENT,TextPlusLayout,10,0.9,0.375,24
42,UAGHINC_04_14_2004-EX-10.18-MAINTENANCE AGREEMENT,TextPlusLayout,3,1.0,0.10344827586206896,29
42,UAGHINC_04_14_2004-EX-10.18-MAINTENANCE AGREEMENT,TextPlusLayout,5,1.0,0.1724137931034483,29
42,UAGHINC_04_14_2004-EX-10.18-MAINTENANCE AGREEMENT,TextPlusLayout,10,1.0,0.3448275862068966,29
42,PREMIERBIOMEDICALINC_05_14_2020-EX-10.2-INTELLECTUAL PROPERTY AGREEMENT,TextPlusLayout,3,1.0,0.09090909090909091,33
42,PREMIERBIOMEDICALINC_05_14_2020-EX-10.2-INTELLECTUAL PROPERTY AGREEMENT,TextPlusLayout,5,1.0,0.15151515151515152,33
42,PREMIERBIOMEDICALINC_05_14_2020-EX-10.2-INTELLECTUAL PROPERTY AGREEMENT,TextPlusLayout,10,0.9,0.2727272727272727,33
42,BIOCEPTINC_08_19_2013-EX-10-COLLABORATION AGREEMENT,TextPlusLayout,3,0.6666666666666666,0.09090909090909091,22
42,BIOCEPTINC_08_19_2013-EX-10-COLLABORATION AGREEMENT,TextPlusLayout,5,0.8,0.18181818181818182,22
42,BIOCEPTINC_08_19_2013-EX-10-COLLABORATION AGREEMENT,TextPlusLayout,10,0.9,0.4090909090909091,22
42,PFSFUNDS_06_26_2020-EX-99.H OTH MAT CONT-SERVICES AGREEMENT,TextPlusLayout,3,1.0,0.09090909090909091,33
42,PFSFUNDS_06_26_2020-EX-99.H OTH MAT CONT-SERVICES AGREEMENT,TextPlusLayout,5,1.0,0.15151515151515152,33
42,PFSFUNDS_06_26_2020-EX-99.H OTH MAT CONT-SERVICES AGREEMENT,TextPlusLayout,10,1.0,0.30303030303030304,33
42,"XLITECHNOLOGIES,INC_12_02_2015-EX-10.02-STRATEGIC ALLIANCE AGREEMENT",TextPlusLayout,3,1.0,0.08571428571428572,35
42,"XLITECHNOLOGIES,INC_12_02_2015-EX-10.02-STRATEGIC ALLIANCE AGREEMENT",TextPlusLayout,5,1.0,0.14285714285714285,35
42,"XLITECHNOLOGIES,INC_12_02_2015-EX-10.02-STRATEGIC ALLIANCE AGREEMENT",TextPlusLayout,10,0.9,0.2571428571428571,35
42,KENTUCKYUTILITIESCO_03_25_2003-EX-10.65-TRANSPORTATION AGREEMENT,TextPlusLayout,3,1.0,0.0967741935483871,31
42,KENTUCKYUTILITIESCO_03_25_2003-EX-10.65-TRANSPORTATION AGREEMENT,TextPlusLayout,5,1.0,0.16129032258064516,31
42,KENTUCKYUTILITIESCO_03_25_2003-EX-10.65-TRANSPORTATION AGREEMENT,TextPlusLayout,10,1.0,0.3225806451612903,31
42,"SPOKHOLDINGS,INC_06_19_2020-EX-10.1-COOPERATION AGREEMENT",TextPlusLayout,3,1.0,0.08571428571428572,35
42,"SPOKHOLDINGS,INC_06_19_2020-EX-10.1-COOPERATION AGREEMENT",TextPlusLayout,5,1.0,0.14285714285714285,35
42,"SPOKHOLDINGS,INC_06_19_2020-EX-10.1-COOPERATION AGREEMENT",TextPlusLayout,10,1.0,0.2857142857142857,35
42,NICELTD_06_26_2003-EX-4.5-OUTSOURCING AGREEMENT,TextPlusLayout,3,1.0,0.12,25
42,NICELTD_06_26_2003-EX-4.5-OUTSOURCING AGREEMENT,TextPlusLayout,5,0.8,0.16,25
42,NICELTD_06_26_2003-EX-4.5-OUTSOURCING AGREEMENT,TextPlusLayout,10,0.9,0.36,25
42,VERTEXENERGYINC_08_14_2014-EX-10.24-OPERATION AND MAINTENANCE AGREEMENT,TextPlusLayout,3,1.0,0.10714285714285714,28
42,VERTEXENERGYINC_08_14_2014-EX-10.24-OPERATION AND MAINTENANCE AGREEMENT,TextPlusLayout,5,1.0,0.17857142857142858,28
42,VERTEXENERGYINC_08_14_2014-EX-10.24-OPERATION AND MAINTENANCE AGREEMENT,TextPlusLayout,10,1.0,0.35714285714285715,28
42,StampscomInc_20001114_10-Q_EX-10.47_2631630_EX-10.47_Co-Branding Agreement,TextPlusLayout,3,1.0,0.125,24
42,StampscomInc_20001114_10-Q_EX-10.47_2631630_EX-10.47_Co-Branding Agreement,TextPlusLayout,5,0.8,0.16666666666666666,24
42,StampscomInc_20001114_10-Q_EX-10.47_2631630_EX-10.47_Co-Branding Agreement,TextPlusLayout,10,0.9,0.375,24
42,VirtuosoSurgicalInc_20191227_1-A_EX1A-6 MAT CTRCT_11933379_EX1A-6 MAT CTRCT_License Agreement,FrequencyPrior,3,1.0,0.13043478260869565,23
42,VirtuosoSurgicalInc_20191227_1-A_EX1A-6 MAT CTRCT_11933379_EX1A-6 MAT CTRCT_License Agreement,FrequencyPrior,5,1.0,0.21739130434782608,23
42,VirtuosoSurgicalInc_20191227_1-A_EX1A-6 MAT CTRCT_11933379_EX1A-6 MAT CTRCT_License Agreement,FrequencyPrior,10,1.0,0.43478260869565216,23
42,ThriventVariableInsuranceAccountB_20190701_N-6_EX-99.D(IV)_11720968_EX-99.D(IV)_Endorsement Agreement,FrequencyPrior,3,1.0,0.07894736842105263,38
42,ThriventVariableInsuranceAccountB_20190701_N-6_EX-99.D(IV)_11720968_EX-99.D(IV)_Endorsement Agreement,FrequencyPrior,5,1.0,0.13157894736842105,38
42,ThriventVariableInsuranceAccountB_20190701_N-6_EX-99.D(IV)_11720968_EX-99.D(IV)_Endorsement Agreement,FrequencyPrior,10,1.0,0.2631578947368421,38
42,"VIVINT SOLAR, INC. - NON-COMPETITION AGREEMENT",FrequencyPrior,3,1.0,0.08108108108108109,37
42,"VIVINT SOLAR, INC. - NON-COMPETITION AGREEMENT",FrequencyPrior,5,1.0,0.13513513513513514,37
42,"VIVINT SOLAR, INC. - NON-COMPETITION AGREEMENT",FrequencyPrior,10,1.0,0.2702702702702703,37
42,"TALLGRASSENERGY,LP_02_20_2020-EX-99.26-JOINT FILING AGREEMENT",FrequencyPrior,3,1.0,0.07894736842105263,38
42,"TALLGRASSENERGY,LP_02_20_2020-EX-99.26-JOINT FILING AGREEMENT",FrequencyPrior,5,1.0,0.13157894736842105,38
42,"TALLGRASSENERGY,LP_02_20_2020-EX-99.26-JOINT FILING AGREEMENT",FrequencyPrior,10,1.0,0.2631578947368421,38
42,Quaker Chemical Corporation - NON COMPETITION AND NON SOLICITATION AGREEMENT,FrequencyPrior,3,1.0,0.09375,32
42,Quaker Chemical Corporation - NON COMPETITION AND NON SOLICITATION AGREEMENT,FrequencyPrior,5,1.0,0.15625,32
42,Quaker Chemical Corporation - NON COMPETITION AND NON SOLICITATION AGREEMENT,FrequencyPrior,10,0.9,0.28125,32
42,BIOAMBERINC_04_10_2013-EX-10.34-DEVELOPMENT AGREEMENT - First Amendment,FrequencyPrior,3,1.0,0.07692307692307693,39
42,BIOAMBERINC_04_10_2013-EX-10.34-DEVELOPMENT AGREEMENT - First Amendment,FrequencyPrior,5,1.0,0.1282051282051282,39
42,BIOAMBERINC_04_10_2013-EX-10.34-DEVELOPMENT AGREEMENT - First Amendment,FrequencyPrior,10,1.0,0.2564102564102564,39
42,"ON2TECHNOLOGIES,INC_11_17_2006-EX-10.3-SUPPORT AND MAINTENANCE AGREEMENT",FrequencyPrior,3,1.0,0.09090909090909091,33
42,"ON2TECHNOLOGIES,INC_11_17_2006-EX-10.3-SUPPORT AND MAINTENANCE AGREEMENT",FrequencyPrior,5,1.0,0.15151515151515152,33
42,"ON2TECHNOLOGIES,INC_11_17_2006-EX-10.3-SUPPORT AND MAINTENANCE AGREEMENT",FrequencyPrior,10,1.0,0.30303030303030304,33
42,BizzingoInc_20120322_8-K_EX-10.17_7504499_EX-10.17_Endorsement Agreement,FrequencyPrior,3,0.6666666666666666,0.07407407407407407,27
42,BizzingoInc_20120322_8-K_EX-10.17_7504499_EX-10.17_Endorsement Agreement,FrequencyPrior,5,0.8,0.14814814814814814,27
42,BizzingoInc_20120322_8-K_EX-10.17_7504499_EX-10.17_Endorsement Agreement,FrequencyPrior,10,0.8,0.2962962962962963,27
42,XpresspaGroupInc_20190401_10-K_EX-10.28_11599457_EX-10.28_Marketing Agreement,FrequencyPrior,3,1.0,0.17647058823529413,17
42,XpresspaGroupInc_20190401_10-K_EX-10.28_11599457_EX-10.28_Marketing Agreement,FrequencyPrior,5,1.0,0.29411764705882354,17
42,XpresspaGroupInc_20190401_10-K_EX-10.28_11599457_EX-10.28_Marketing Agreement,FrequencyPrior,10,1.0,0.5882352941176471,17
42,PareteumCorp_20081001_8-K_EX-99.1_2654808_EX-99.1_Hosting Agreement,FrequencyPrior,3,1.0,0.1111111111111111,27
42,PareteumCorp_20081001_8-K_EX-99.1_2654808_EX-99.1_Hosting Agreement,FrequencyPrior,5,1.0,0.18518518518518517,27
42,PareteumCorp_20081001_8-K_EX-99.1_2654808_EX-99.1_Hosting Agreement,FrequencyPrior,10,0.9,0.3333333333333333,27
42,SalesforcecomInc_20171122_10-Q_EX-10.1_10961535_EX-10.1_Reseller Agreement,FrequencyPrior,3,1.0,0.08108108108108109,37
42,SalesforcecomInc_20171122_10-Q_EX-10.1_10961535_EX-10.1_Reseller Agreement,FrequencyPrior,5,1.0,0.13513513513513514,37
42,SalesforcecomInc_20171122_10-Q_EX-10.1_10961535_EX-10.1_Reseller Agreement,FrequencyPrior,10,1.0,0.2702702702702703,37
42,"IOVANCEBIOTHERAPEUTICS,INC_08_03_2017-EX-10.1-STRATEGIC ALLIANCE AGREEMENT",FrequencyPrior,3,1.0,0.1111111111111111,27
42,"IOVANCEBIOTHERAPEUTICS,INC_08_03_2017-EX-10.1-STRATEGIC ALLIANCE AGREEMENT",FrequencyPrior,5,1.0,0.18518518518518517,27
42,"IOVANCEBIOTHERAPEUTICS,INC_08_03_2017-EX-10.1-STRATEGIC ALLIANCE AGREEMENT",FrequencyPrior,10,1.0,0.37037037037037035,27
42,"DUOSTECHNOLOGIESGROUP,INC_04_21_2009-EX-10.1-STRATEGIC ALLIANCE AGREEMENT",FrequencyPrior,3,1.0,0.15,20
42,"DUOSTECHNOLOGIESGROUP,INC_04_21_2009-EX-10.1-STRATEGIC ALLIANCE AGREEMENT",FrequencyPrior,5,0.8,0.2,20
42,"DUOSTECHNOLOGIESGROUP,INC_04_21_2009-EX-10.1-STRATEGIC ALLIANCE AGREEMENT",FrequencyPrior,10,0.8,0.4,20
42,LIGHTBRIDGECORP_11_23_2015-EX-10.26-STRATEGIC ALLIANCE AGREEMENT,FrequencyPrior,3,1.0,0.09375,32
42,LIGHTBRIDGECORP_11_23_2015-EX-10.26-STRATEGIC ALLIANCE AGREEMENT,FrequencyPrior,5,1.0,0.15625,32
42,LIGHTBRIDGECORP_11_23_2015-EX-10.26-STRATEGIC ALLIANCE AGREEMENT,FrequencyPrior,10,1.0,0.3125,32
42,"GSITECHNOLOGYINC_11_16_2009-EX-10.2-INTELLECTUAL PROPERTY AGREEMENT between SONY ELECTRONICS INC. and GSI TECHNOLOGY, INC.",FrequencyPrior,3,0.6666666666666666,0.07407407407407407,27
42,"GSITECHNOLOGYINC_11_16_2009-EX-10.2-INTELLECTUAL PROPERTY AGREEMENT between SONY ELECTRONICS INC. and GSI TECHNOLOGY, INC.",FrequencyPrior,5,0.6,0.1111111111111111,27
42,"GSITECHNOLOGYINC_11_16_2009-EX-10.2-INTELLECTUAL PROPERTY AGREEMENT between SONY ELECTRONICS INC. and GSI TECHNOLOGY, INC.",FrequencyPrior,10,0.8,0.2962962962962963,27
42,"CURAEGISTECHNOLOGIES,INC_05_26_2010-EX-1-CORPORATE SPONSORSHIP AGREEMENT",FrequencyPrior,3,1.0,0.0967741935483871,31
42,"CURAEGISTECHNOLOGIES,INC_05_26_2010-EX-1-CORPORATE SPONSORSHIP AGREEMENT",FrequencyPrior,5,1.0,0.16129032258064516,31
42,"CURAEGISTECHNOLOGIES,INC_05_26_2010-EX-1-CORPORATE SPONSORSHIP AGREEMENT",FrequencyPrior,10,1.0,0.3225806451612903,31
42,OPERALTD_04_30_2020-EX-4.14-SERVICE AGREEMENT,FrequencyPrior,3,1.0,0.09375,32
42,OPERALTD_04_30_2020-EX-4.14-SERVICE AGREEMENT,FrequencyPrior,5,1.0,0.15625,32
42,OPERALTD_04_30_2020-EX-4.14-SERVICE AGREEMENT,FrequencyPrior,10,1.0,0.3125,32
42,MERITLIFEINSURANCECO_06_19_2020-EX-10.(XIV)-MASTER SERVICES AGREEMENT,FrequencyPrior,3,1.0,0.10714285714285714,28
42,MERITLIFEINSURANCECO_06_19_2020-EX-10.(XIV)-MASTER SERVICES AGREEMENT,FrequencyPrior,5,1.0,0.17857142857142858,28
42,MERITLIFEINSURANCECO_06_19_2020-EX-10.(XIV)-MASTER SERVICES AGREEMENT,FrequencyPrior,10,0.9,0.32142857142857145,28
42,PacificapEntertainmentHoldingsInc_20051115_8-KA_EX-1.01_4300894_EX-1.01_Content License Agreement,FrequencyPrior,3,1.0,0.10714285714285714,28
42,PacificapEntertainmentHoldingsInc_20051115_8-KA_EX-1.01_4300894_EX-1.01_Content License Agreement,FrequencyPrior,5,1.0,0.17857142857142858,28
42,PacificapEntertainmentHoldingsInc_20051115_8-KA_EX-1.01_4300894_EX-1.01_Content License Agreement,FrequencyPrior,10,1.0,0.35714285714285715,28
42,BUFFALOWILDWINGSINC_06_05_1998-EX-10.3-FRANCHISE AGREEMENT,FrequencyPrior,3,1.0,0.2,15
42,BUFFALOWILDWINGSINC_06_05_1998-EX-10.3-FRANCHISE AGREEMENT,FrequencyPrior,5,0.8,0.26666666666666666,15
42,BUFFALOWILDWINGSINC_06_05_1998-EX-10.3-FRANCHISE AGREEMENT,FrequencyPrior,10,0.7,0.4666666666666667,15
42,ZEBRATECHNOLOGIESCORP_04_16_2014-EX-10.1-INTELLECTUAL PROPERTY AGREEMENT,FrequencyPrior,3,1.0,0.1111111111111111,27
42,ZEBRATECHNOLOGIESCORP_04_16_2014-EX-10.1-INTELLECTUAL PROPERTY AGREEMENT,FrequencyPrior,5,1.0,0.18518518518518517,27
42,ZEBRATECHNOLOGIESCORP_04_16_2014-EX-10.1-INTELLECTUAL PROPERTY AGREEMENT,FrequencyPrior,10,0.9,0.3333333333333333,27
42,"ADUROBIOTECH,INC_06_02_2020-EX-10.7-CONSULTING AGREEMENT(1)",FrequencyPrior,3,1.0,0.09375,32
42,"ADUROBIOTECH,INC_06_02_2020-EX-10.7-CONSULTING AGREEMENT(1)",FrequencyPrior,5,1.0,0.15625,32
42,"ADUROBIOTECH,INC_06_02_2020-EX-10.7-CONSULTING AGREEMENT(1)",FrequencyPrior,10,0.9,0.28125,32
42,LIMEENERGYCO_09_09_1999-EX-10-DISTRIBUTOR AGREEMENT,FrequencyPrior,3,0.6666666666666666,0.09523809523809523,21
42,LIMEENERGYCO_09_09_1999-EX-10-DISTRIBUTOR AGREEMENT,FrequencyPrior,5,0.8,0.19047619047619047,21
42,LIMEENERGYCO_09_09_1999-EX-10-DISTRIBUTOR AGREEMENT,FrequencyPrior,10,0.7,0.3333333333333333,21
42,STAMPSCOMINC_06_24_1999-EX-10.18-SPONSORSHIP AGREEMENT,FrequencyPrior,3,1.0,0.125,24
42,STAMPSCOMINC_06_24_1999-EX-10.18-SPONSORSHIP AGREEMENT,FrequencyPrior,5,1.0,0.20833333333333334,24
42,STAMPSCOMINC_06_24_1999-EX-10.18-SPONSORSHIP AGREEMENT,FrequencyPrior,10,1.0,0.4166666666666667,24
42,SmartRxSystemsInc_20180914_1-A_EX1A-6 MAT CTRCT_11351705_EX1A-6 MAT CTRCT_Distributor Agreement,FrequencyPrior,3,1.0,0.125,24
42,SmartRxSystemsInc_20180914_1-A_EX1A-6 MAT CTRCT_11351705_EX1A-6 MAT CTRCT_Distributor Agreement,FrequencyPrior,5,1.0,0.20833333333333334,24
42,SmartRxSystemsInc_20180914_1-A_EX1A-6 MAT CTRCT_11351705_EX1A-6 MAT CTRCT_Distributor Agreement,FrequencyPrior,10,0.9,0.375,24
42,TomOnlineInc_20060501_20-F_EX-4.46_749700_EX-4.46_Co-Branding Agreement,FrequencyPrior,3,0.6666666666666666,0.125,16
42,TomOnlineInc_20060501_20-F_EX-4.46_749700_EX-4.46_Co-Branding Agreement,FrequencyPrior,5,0.6,0.1875,16
42,TomOnlineInc_20060501_20-F_EX-4.46_749700_EX-4.46_Co-Branding Agreement,FrequencyPrior,10,0.6,0.375,16
42,"GRIDIRONBIONUTRIENTS,INC_02_05_2020-EX-10.3-SUPPLY AGREEMENT",FrequencyPrior,3,1.0,0.08333333333333333,36
42,"GRIDIRONBIONUTRIENTS,INC_02_05_2020-EX-10.3-SUPPLY AGREEMENT",FrequencyPrior,5,1.0,0.1388888888888889,36
42,"GRIDIRONBIONUTRIENTS,INC_02_05_2020-EX-10.3-SUPPLY AGREEMENT",FrequencyPrior,10,1.0,0.2777777777777778,36
42,AgapeAtpCorp_20191202_10-KA_EX-10.1_11911128_EX-10.1_Supply Agreement,FrequencyPrior,3,1.0,0.14285714285714285,21
42,AgapeAtpCorp_20191202_10-KA_EX-10.1_11911128_EX-10.1_Supply Agreement,FrequencyPrior,5,1.0,0.23809523809523808,21
42,AgapeAtpCorp_20191202_10-KA_EX-10.1_11911128_EX-10.1_Supply Agreement,FrequencyPrior,10,1.0,0.47619047619047616,21
42,TheglobeComInc_19990503_S-1A_EX-10.20_5416126_EX-10.20_Co-Branding Agreement,FrequencyPrior,3,0.6666666666666666,0.08,25
42,TheglobeComInc_19990503_S-1A_EX-10.20_5416126_EX-10.20_Co-Branding Agreement,FrequencyPrior,5,0.6,0.12,25
42,TheglobeComInc_19990503_S-1A_EX-10.20_5416126_EX-10.20_Co-Branding Agreement,FrequencyPrior,10,0.7,0.28,25
42,"COOLTECHNOLOGIES,INC_10_25_2017-EX-10.71-Strategic Alliance Agreement",FrequencyPrior,3,1.0,0.10344827586206896,29
42,"COOLTECHNOLOGIES,INC_10_25_2017-EX-10.71-Strategic Alliance Agreement",FrequencyPrior,5,1.0,0.1724137931034483,29
42,"COOLTECHNOLOGIES,INC_10_25_2017-EX-10.71-Strategic Alliance Agreement",FrequencyPrior,10,0.9,0.3103448275862069,29
42,"Reinsurance Group of America, Incorporated - A_R REMARKETING AGREEMENT",FrequencyPrior,3,1.0,0.1,30
42,"Reinsurance Group of America, Incorporated - A_R REMARKETING AGREEMENT",FrequencyPrior,5,0.8,0.13333333333333333,30
42,"Reinsurance Group of America, Incorporated - A_R REMARKETING AGREEMENT",FrequencyPrior,10,0.9,0.3,30
42,ENTERTAINMENTGAMINGASIAINC_02_15_2005-EX-10.5-DISTRIBUTOR AGREEMENT,FrequencyPrior,3,1.0,0.14285714285714285,21
42,ENTERTAINMENTGAMINGASIAINC_02_15_2005-EX-10.5-DISTRIBUTOR AGREEMENT,FrequencyPrior,5,0.8,0.19047619047619047,21
42,ENTERTAINMENTGAMINGASIAINC_02_15_2005-EX-10.5-DISTRIBUTOR AGREEMENT,FrequencyPrior,10,0.8,0.38095238095238093,21
42,Principal Life Insurance Company - Broker Dealer Marketing and Servicing Agreement,FrequencyPrior,3,1.0,0.09375,32
42,Principal Life Insurance Company - Broker Dealer Marketing and Servicing Agreement,FrequencyPrior,5,1.0,0.15625,32
42,Principal Life Insurance Company - Broker Dealer Marketing and Servicing Agreement,FrequencyPrior,10,1.0,0.3125,32
42,BellringBrandsInc_20190920_S-1_EX-10.12_11817081_EX-10.12_Manufacturing Agreement3,FrequencyPrior,3,1.0,0.08108108108108109,37
42,BellringBrandsInc_20190920_S-1_EX-10.12_11817081_EX-10.12_Manufacturing Agreement3,FrequencyPrior,5,1.0,0.13513513513513514,37
42,BellringBrandsInc_20190920_S-1_EX-10.12_11817081_EX-10.12_Manufacturing Agreement3,FrequencyPrior,10,1.0,0.2702702702702703,37
42,IMAGEWARESYSTEMSINC_12_20_1999-EX-10.22-MAINTENANCE AGREEMENT,FrequencyPrior,3,1.0,0.09375,32
42,IMAGEWARESYSTEMSINC_12_20_1999-EX-10.22-MAINTENANCE AGREEMENT,FrequencyPrior,5,1.0,0.15625,32
42,IMAGEWARESYSTEMSINC_12_20_1999-EX-10.22-MAINTENANCE AGREEMENT,FrequencyPrior,10,1.0,0.3125,32
42,PACIFICSYSTEMSCONTROLTECHNOLOGYINC_08_24_2000-EX-10.53-SPONSORSHIP AGREEMENT,FrequencyPrior,3,1.0,0.08333333333333333,36
42,PACIFICSYSTEMSCONTROLTECHNOLOGYINC_08_24_2000-EX-10.53-SPONSORSHIP AGREEMENT,FrequencyPrior,5,1.0,0.1388888888888889,36
42,PACIFICSYSTEMSCONTROLTECHNOLOGYINC_08_24_2000-EX-10.53-SPONSORSHIP AGREEMENT,FrequencyPrior,10,1.0,0.2777777777777778,36
42,QuantumGroupIncFl_20090120_8-K_EX-99.2_3672910_EX-99.2_Hosting Agreement,FrequencyPrior,3,1.0,0.12,25
42,QuantumGroupIncFl_20090120_8-K_EX-99.2_3672910_EX-99.2_Hosting Agreement,FrequencyPrior,5,1.0,0.2,25
42,QuantumGroupIncFl_20090120_8-K_EX-99.2_3672910_EX-99.2_Hosting Agreement,FrequencyPrior,10,0.9,0.36,25
42,CerenceInc_20191002_8-K_EX-10.4_11827494_EX-10.4_Intellectual Property Agreement,FrequencyPrior,3,1.0,0.11538461538461539,26
42,CerenceInc_20191002_8-K_EX-10.4_11827494_EX-10.4_Intellectual Property Agreement,FrequencyPrior,5,1.0,0.19230769230769232,26
42,CerenceInc_20191002_8-K_EX-10.4_11827494_EX-10.4_Intellectual Property Agreement,FrequencyPrior,10,0.9,0.34615384615384615,26
42,"INTERSECTENT,INC_05_11_2020-EX-10.1-SUPPLY AGREEMENT",FrequencyPrior,3,1.0,0.10714285714285714,28
42,"INTERSECTENT,INC_05_11_2020-EX-10.1-SUPPLY AGREEMENT",FrequencyPrior,5,1.0,0.17857142857142858,28
42,"INTERSECTENT,INC_05_11_2020-EX-10.1-SUPPLY AGREEMENT",FrequencyPrior,10,1.0,0.35714285714285715,28
42,"FOUNDATIONMEDICINE,INC_02_02_2015-EX-10.2-Collaboration Agreement",FrequencyPrior,3,1.0,0.14285714285714285,21
42,"FOUNDATIONMEDICINE,INC_02_02_2015-EX-10.2-Collaboration Agreement",FrequencyPrior,5,0.8,0.19047619047619047,21
42,"FOUNDATIONMEDICINE,INC_02_02_2015-EX-10.2-Collaboration Agreement",FrequencyPrior,10,0.7,0.3333333333333333,21
42,IdeanomicsInc_20160330_10-K_EX-10.26_9512211_EX-10.26_Content License Agreement,FrequencyPrior,3,1.0,0.10714285714285714,28
42,IdeanomicsInc_20160330_10-K_EX-10.26_9512211_EX-10.26_Content License Agreement,FrequencyPrior,5,1.0,0.17857142857142858,28
42,IdeanomicsInc_20160330_10-K_EX-10.26_9512211_EX-10.26_Content License Agreement,FrequencyPrior,10,1.0,0.35714285714285715,28
42,"SOLUTIONSVENDINGINTERNATIONAL,INC_03_31_2020-EX1A-1 UNDR AGMT-SERVICES AGREEMENT",FrequencyPrior,3,1.0,0.08108108108108109,37
42,"SOLUTIONSVENDINGINTERNATIONAL,INC_03_31_2020-EX1A-1 UNDR AGMT-SERVICES AGREEMENT",FrequencyPrior,5,1.0,0.13513513513513514,37
42,"SOLUTIONSVENDINGINTERNATIONAL,INC_03_31_2020-EX1A-1 UNDR AGMT-SERVICES AGREEMENT",FrequencyPrior,10,1.0,0.2702702702702703,37
42,"BLUEHILLSBANCORP,INC_05_20_2014-EX-1.1-AGENCY AGREEMENT",FrequencyPrior,3,1.0,0.09090909090909091,33
42,"BLUEHILLSBANCORP,INC_05_20_2014-EX-1.1-AGENCY AGREEMENT",FrequencyPrior,5,1.0,0.15151515151515152,33
42,"BLUEHILLSBANCORP,INC_05_20_2014-EX-1.1-AGENCY AGREEMENT",FrequencyPrior,10,1.0,0.30303030303030304,33
42,ACCELERATEDTECHNOLOGIESHOLDINGCORP_04_24_2003-EX-10.13-JOINT VENTURE AGREEMENT,FrequencyPrior,3,1.0,0.09375,32
42,ACCELERATEDTECHNOLOGIESHOLDINGCORP_04_24_2003-EX-10.13-JOINT VENTURE AGREEMENT,FrequencyPrior,5,1.0,0.15625,32
42,ACCELERATEDTECHNOLOGIESHOLDINGCORP_04_24_2003-EX-10.13-JOINT VENTURE AGREEMENT,FrequencyPrior,10,1.0,0.3125,32
42,"TRANSPHORM,INC_02_14_2020-EX-10.12(1)-JOINT VENTURE AGREEMENT",FrequencyPrior,3,1.0,0.1,30
42,"TRANSPHORM,INC_02_14_2020-EX-10.12(1)-JOINT VENTURE AGREEMENT",FrequencyPrior,5,1.0,0.16666666666666666,30
42,"TRANSPHORM,INC_02_14_2020-EX-10.12(1)-JOINT VENTURE AGREEMENT",FrequencyPrior,10,1.0,0.3333333333333333,30
42,PROFOUNDMEDICALCORP_08_29_2019-EX-4.5-SUPPLY AGREEMENT,FrequencyPrior,3,1.0,0.1111111111111111,27
42,PROFOUNDMEDICALCORP_08_29_2019-EX-4.5-SUPPLY AGREEMENT,FrequencyPrior,5,1.0,0.18518518518518517,27
42,PROFOUNDMEDICALCORP_08_29_2019-EX-4.5-SUPPLY AGREEMENT,FrequencyPrior,10,1.0,0.37037037037037035,27
42,CENTRACKINTERNATIONALINC_10_29_1999-EX-10.3-WEB SITE HOSTING AGREEMENT,FrequencyPrior,3,1.0,0.1,30
42,CENTRACKINTERNATIONALINC_10_29_1999-EX-10.3-WEB SITE HOSTING AGREEMENT,FrequencyPrior,5,1.0,0.16666666666666666,30
42,CENTRACKINTERNATIONALINC_10_29_1999-EX-10.3-WEB SITE HOSTING AGREEMENT,FrequencyPrior,10,1.0,0.3333333333333333,30
42,MSCIINC_02_28_2008-EX-10.10-,FrequencyPrior,3,1.0,0.08823529411764706,34
42,MSCIINC_02_28_2008-EX-10.10-,FrequencyPrior,5,1.0,0.14705882352941177,34
42,MSCIINC_02_28_2008-EX-10.10-,FrequencyPrior,10,1.0,0.29411764705882354,34
42,IGENEBIOTECHNOLOGYINC_05_13_2003-EX-1-JOINT VENTURE AGREEMENT,FrequencyPrior,3,1.0,0.11538461538461539,26
42,IGENEBIOTECHNOLOGYINC_05_13_2003-EX-1-JOINT VENTURE AGREEMENT,FrequencyPrior,5,0.6,0.11538461538461539,26
42,IGENEBIOTECHNOLOGYINC_05_13_2003-EX-1-JOINT VENTURE AGREEMENT,FrequencyPrior,10,0.8,0.3076923076923077,26
42,"VIRGINGALACTICHOLDINGS,INC_04_08_2020-EX-99.1-JOINT FILING STATEMENT",FrequencyPrior,3,1.0,0.07894736842105263,38
42,"VIRGINGALACTICHOLDINGS,INC_04_08_2020-EX-99.1-JOINT FILING STATEMENT",FrequencyPrior,5,1.0,0.13157894736842105,38
42,"VIRGINGALACTICHOLDINGS,INC_04_08_2020-EX-99.1-JOINT FILING STATEMENT",FrequencyPrior,10,1.0,0.2631578947368421,38
42,GluMobileInc_20070319_S-1A_EX-10.09_436630_EX-10.09_Content License Agreement2,FrequencyPrior,3,1.0,0.09375,32
42,GluMobileInc_20070319_S-1A_EX-10.09_436630_EX-10.09_Content License Agreement2,FrequencyPrior,5,1.0,0.15625,32
42,GluMobileInc_20070319_S-1A_EX-10.09_436630_EX-10.09_Content License Agreement2,FrequencyPrior,10,1.0,0.3125,32
42,BloomEnergyCorp_20180321_DRSA (on S-1)_EX-10_11240356_EX-10_Maintenance Agreement,FrequencyPrior,3,1.0,0.11538461538461539,26
42,BloomEnergyCorp_20180321_DRSA (on S-1)_EX-10_11240356_EX-10_Maintenance Agreement,FrequencyPrior,5,1.0,0.19230769230769232,26
42,BloomEnergyCorp_20180321_DRSA (on S-1)_EX-10_11240356_EX-10_Maintenance Agreement,FrequencyPrior,10,1.0,0.38461538461538464,26
42,NATIONALPROCESSINGINC_07_18_1996-EX-10.4-SPONSORSHIP AGREEMENT,FrequencyPrior,3,1.0,0.1,30
42,NATIONALPROCESSINGINC_07_18_1996-EX-10.4-SPONSORSHIP AGREEMENT,FrequencyPrior,5,1.0,0.16666666666666666,30
42,NATIONALPROCESSINGINC_07_18_1996-EX-10.4-SPONSORSHIP AGREEMENT,FrequencyPrior,10,1.0,0.3333333333333333,30
42,TubeMediaCorp_20060310_8-K_EX-10.1_513921_EX-10.1_Affiliate Agreement,FrequencyPrior,3,1.0,0.1875,16
42,TubeMediaCorp_20060310_8-K_EX-10.1_513921_EX-10.1_Affiliate Agreement,FrequencyPrior,5,1.0,0.3125,16
42,TubeMediaCorp_20060310_8-K_EX-10.1_513921_EX-10.1_Affiliate Agreement,FrequencyPrior,10,0.9,0.5625,16
42,WaterNowInc_20191120_10-Q_EX-10.12_11900227_EX-10.12_Distributor Agreement,FrequencyPrior,3,1.0,0.14285714285714285,21
42,WaterNowInc_20191120_10-Q_EX-10.12_11900227_EX-10.12_Distributor Agreement,FrequencyPrior,5,1.0,0.23809523809523808,21
42,WaterNowInc_20191120_10-Q_EX-10.12_11900227_EX-10.12_Distributor Agreement,FrequencyPrior,10,1.0,0.47619047619047616,21
42,SoupmanInc_20150814_8-K_EX-10.1_9230148_EX-10.1_Franchise Agreement1,FrequencyPrior,3,1.0,0.25,12
42,SoupmanInc_20150814_8-K_EX-10.1_9230148_EX-10.1_Franchise Agreement1,FrequencyPrior,5,0.8,0.3333333333333333,12
42,SoupmanInc_20150814_8-K_EX-10.1_9230148_EX-10.1_Franchise Agreement1,FrequencyPrior,10,0.6,0.5,12
42,AlliedEsportsEntertainmentInc_20190815_8-K_EX-10.34_11788308_EX-10.34_Sponsorship Agreement,FrequencyPrior,3,1.0,0.1111111111111111,27
42,AlliedEsportsEntertainmentInc_20190815_8-K_EX-10.34_11788308_EX-10.34_Sponsorship Agreement,FrequencyPrior,5,1.0,0.18518518518518517,27
42,AlliedEsportsEntertainmentInc_20190815_8-K_EX-10.34_11788308_EX-10.34_Sponsorship Agreement,FrequencyPrior,10,0.9,0.3333333333333333,27
42,"CANOPETROLEUM,INC_12_13_2007-EX-10.1-Sponsorship Agreement",FrequencyPrior,3,1.0,0.09375,32
42,"CANOPETROLEUM,INC_12_13_2007-EX-10.1-Sponsorship Agreement",FrequencyPrior,5,1.0,0.15625,32
42,"CANOPETROLEUM,INC_12_13_2007-EX-10.1-Sponsorship Agreement",FrequencyPrior,10,1.0,0.3125,32
42,ScansourceInc_20190822_10-K_EX-10.38_11793958_EX-10.38_Distributor Agreement1,FrequencyPrior,3,1.0,0.13636363636363635,22
42,ScansourceInc_20190822_10-K_EX-10.38_11793958_EX-10.38_Distributor Agreement1,FrequencyPrior,5,1.0,0.22727272727272727,22
42,ScansourceInc_20190822_10-K_EX-10.38_11793958_EX-10.38_Distributor Agreement1,FrequencyPrior,10,0.9,0.4090909090909091,22
42,GLOBALTECHNOLOGIESLTD_06_08_2020-EX-10.16-CONSULTING AGREEMENT,FrequencyPrior,3,1.0,0.09375,32
42,GLOBALTECHNOLOGIESLTD_06_08_2020-EX-10.16-CONSULTING AGREEMENT,FrequencyPrior,5,1.0,0.15625,32
42,GLOBALTECHNOLOGIESLTD_06_08_2020-EX-10.16-CONSULTING AGREEMENT,FrequencyPrior,10,0.9,0.28125,32
42,BONTONSTORESINC_04_20_2018-EX-99.3-AGENCY AGREEMENT,FrequencyPrior,3,1.0,0.1,30
42,BONTONSTORESINC_04_20_2018-EX-99.3-AGENCY AGREEMENT,FrequencyPrior,5,1.0,0.16666666666666666,30
42,BONTONSTORESINC_04_20_2018-EX-99.3-AGENCY AGREEMENT,FrequencyPrior,10,1.0,0.3333333333333333,30
42,2ThemartComInc_19990826_10-12G_EX-10.10_6700288_EX-10.10_Co-Branding Agreement_ Agency Agreement,FrequencyPrior,3,1.0,0.125,24
42,2ThemartComInc_19990826_10-12G_EX-10.10_6700288_EX-10.10_Co-Branding Agreement_ Agency Agreement,FrequencyPrior,5,1.0,0.20833333333333334,24
42,2ThemartComInc_19990826_10-12G_EX-10.10_6700288_EX-10.10_Co-Branding Agreement_ Agency Agreement,FrequencyPrior,10,0.9,0.375,24
42,CHANGEPOINTCORP_03_08_2000-EX-10.6-LICENSE AND HOSTING AGREEMENT,FrequencyPrior,3,0.6666666666666666,0.1111111111111111,18
42,CHANGEPOINTCORP_03_08_2000-EX-10.6-LICENSE AND HOSTING AGREEMENT,FrequencyPrior,5,0.6,0.16666666666666666,18
42,CHANGEPOINTCORP_03_08_2000-EX-10.6-LICENSE AND HOSTING AGREEMENT,FrequencyPrior,10,0.7,0.3888888888888889,18
42,AIRSPANNETWORKSINC_04_11_2000-EX-10.5-Distributor Agreement,FrequencyPrior,3,1.0,0.13636363636363635,22
42,AIRSPANNETWORKSINC_04_11_2000-EX-10.5-Distributor Agreement,FrequencyPrior,5,0.8,0.18181818181818182,22
42,AIRSPANNETWORKSINC_04_11_2000-EX-10.5-Distributor Agreement,FrequencyPrior,10,0.9,0.4090909090909091,22
42,InmodeLtd_20190729_F-1A_EX-10.9_11743243_EX-10.9_Manufacturing Agreement,FrequencyPrior,3,1.0,0.125,24
42,InmodeLtd_20190729_F-1A_EX-10.9_11743243_EX-10.9_Manufacturing Agreement,FrequencyPrior,5,1.0,0.20833333333333334,24
42,InmodeLtd_20190729_F-1A_EX-10.9_11743243_EX-10.9_Manufacturing Agreement,FrequencyPrior,10,0.9,0.375,24
42,"ASHWORTHINC_01_29_1999-EX-10.(D)-PROMOTION AGREEMENT AND NANTZ COMMUNICATIONS, INC.",FrequencyPrior,3,1.0,0.10714285714285714,28
42,"ASHWORTHINC_01_29_1999-EX-10.(D)-PROMOTION AGREEMENT AND NANTZ COMMUNICATIONS, INC.",FrequencyPrior,5,0.8,0.14285714285714285,28
42,"ASHWORTHINC_01_29_1999-EX-10.(D)-PROMOTION AGREEMENT AND NANTZ COMMUNICATIONS, INC.",FrequencyPrior,10,0.9,0.32142857142857145,28
42,ON4COMMUNICATIONSINC_07_02_2009-EX-10.1-PROMOTION AGREEMENT,FrequencyPrior,3,1.0,0.08571428571428572,35
42,ON4COMMUNICATIONSINC_07_02_2009-EX-10.1-PROMOTION AGREEMENT,FrequencyPrior,5,1.0,0.14285714285714285,35
42,ON4COMMUNICATIONSINC_07_02_2009-EX-10.1-PROMOTION AGREEMENT,FrequencyPrior,10,1.0,0.2857142857142857,35
42,BravatekSolutionsInc_20170418_8-K_EX-10.1_10205739_EX-10.1_Reseller Agreement,FrequencyPrior,3,1.0,0.10344827586206896,29
42,BravatekSolutionsInc_20170418_8-K_EX-10.1_10205739_EX-10.1_Reseller Agreement,FrequencyPrior,5,1.0,0.1724137931034483,29
42,BravatekSolutionsInc_20170418_8-K_EX-10.1_10205739_EX-10.1_Reseller Agreement,FrequencyPrior,10,1.0,0.3448275862068966,29
42,"LEGACYTECHNOLOGYHOLDINGS,INC_12_09_2005-EX-10.2-DISTRIBUTOR AGREEMENT",FrequencyPrior,3,1.0,0.1111111111111111,27
42,"LEGACYTECHNOLOGYHOLDINGS,INC_12_09_2005-EX-10.2-DISTRIBUTOR AGREEMENT",FrequencyPrior,5,1.0,0.18518518518518517,27
42,"LEGACYTECHNOLOGYHOLDINGS,INC_12_09_2005-EX-10.2-DISTRIBUTOR AGREEMENT",FrequencyPrior,10,1.0,0.37037037037037035,27
42,BellringBrandsInc_20190920_S-1_EX-10.12_11817081_EX-10.12_Manufacturing Agreement2,FrequencyPrior,3,1.0,0.08108108108108109,37
42,BellringBrandsInc_20190920_S-1_EX-10.12_11817081_EX-10.12_Manufacturing Agreement2,FrequencyPrior,5,1.0,0.13513513513513514,37
42,BellringBrandsInc_20190920_S-1_EX-10.12_11817081_EX-10.12_Manufacturing Agreement2,FrequencyPrior,10,1.0,0.2702702702702703,37
42,VITAMINSHOPPECOMINC_09_13_1999-EX-10.26-SPONSORSHIP AGREEMENT,FrequencyPrior,3,1.0,0.1,30
42,VITAMINSHOPPECOMINC_09_13_1999-EX-10.26-SPONSORSHIP AGREEMENT,FrequencyPrior,5,1.0,0.16666666666666666,30
42,VITAMINSHOPPECOMINC_09_13_1999-EX-10.26-SPONSORSHIP AGREEMENT,FrequencyPrior,10,1.0,0.3333333333333333,30
42,"PHREESIA,INC_05_28_2019-EX-10.18-STRATEGIC ALLIANCE AGREEMENT",FrequencyPrior,3,1.0,0.13636363636363635,22
42,"PHREESIA,INC_05_28_2019-EX-10.18-STRATEGIC ALLIANCE AGREEMENT",FrequencyPrior,5,1.0,0.22727272727272727,22
42,"PHREESIA,INC_05_28_2019-EX-10.18-STRATEGIC ALLIANCE AGREEMENT",FrequencyPrior,10,0.8,0.36363636363636365,22
42,AMERICANPHYSICIANSCAPITALINC_03_31_2003-EX-10.26-AGENCY AGREEMENT,FrequencyPrior,3,1.0,0.11538461538461539,26
42,AMERICANPHYSICIANSCAPITALINC_03_31_2003-EX-10.26-AGENCY AGREEMENT,FrequencyPrior,5,1.0,0.19230769230769232,26
42,AMERICANPHYSICIANSCAPITALINC_03_31_2003-EX-10.26-AGENCY AGREEMENT,FrequencyPrior,10,0.9,0.34615384615384615,26
42,MOSSIMOINC_04_14_2000-EX-10.14-ENDORSEMENT AGREEMENT,FrequencyPrior,3,1.0,0.125,24
42,MOSSIMOINC_04_14_2000-EX-10.14-ENDORSEMENT AGREEMENT,FrequencyPrior,5,0.8,0.16666666666666666,24
42,MOSSIMOINC_04_14_2000-EX-10.14-ENDORSEMENT AGREEMENT,FrequencyPrior,10,0.9,0.375,24
42,ELANDIAINTERNATIONALINC_04_25_2007-EX-10.21-Outsourcing Agreement,FrequencyPrior,3,0.6666666666666666,0.07692307692307693,26
42,ELANDIAINTERNATIONALINC_04_25_2007-EX-10.21-Outsourcing Agreement,FrequencyPrior,5,0.8,0.15384615384615385,26
42,ELANDIAINTERNATIONALINC_04_25_2007-EX-10.21-Outsourcing Agreement,FrequencyPrior,10,0.9,0.34615384615384615,26
42,TRICITYBANKSHARESCORP_05_15_1998-EX-10-OUTSOURCING AGREEMENT,FrequencyPrior,3,1.0,0.13636363636363635,22
42,TRICITYBANKSHARESCORP_05_15_1998-EX-10-OUTSOURCING AGREEMENT,FrequencyPrior,5,1.0,0.22727272727272727,22
42,TRICITYBANKSHARESCORP_05_15_1998-EX-10-OUTSOURCING AGREEMENT,FrequencyPrior,10,1.0,0.45454545454545453,22
42,LEJUHOLDINGSLTD_03_12_2014-EX-10.34-INTERNET CHANNEL COOPERATION AGREEMENT,FrequencyPrior,3,1.0,0.1,30
42,LEJUHOLDINGSLTD_03_12_2014-EX-10.34-INTERNET CHANNEL COOPERATION AGREEMENT,FrequencyPrior,5,1.0,0.16666666666666666,30
42,LEJUHOLDINGSLTD_03_12_2014-EX-10.34-INTERNET CHANNEL COOPERATION AGREEMENT,FrequencyPrior,10,1.0,0.3333333333333333,30
42,ArmstrongFlooringInc_20190107_8-K_EX-10.2_11471795_EX-10.2_Intellectual Property Agreement,FrequencyPrior,3,0.6666666666666666,0.07692307692307693,26
42,ArmstrongFlooringInc_20190107_8-K_EX-10.2_11471795_EX-10.2_Intellectual Property Agreement,FrequencyPrior,5,0.8,0.15384615384615385,26
42,ArmstrongFlooringInc_20190107_8-K_EX-10.2_11471795_EX-10.2_Intellectual Property Agreement,FrequencyPrior,10,0.7,0.2692307692307692,26
42,UsioInc_20040428_SB-2_EX-10.11_1723988_EX-10.11_Affiliate Agreement 2,FrequencyPrior,3,1.0,0.125,24
42,UsioInc_20040428_SB-2_EX-10.11_1723988_EX-10.11_Affiliate Agreement 2,FrequencyPrior,5,1.0,0.20833333333333334,24
42,UsioInc_20040428_SB-2_EX-10.11_1723988_EX-10.11_Affiliate Agreement 2,FrequencyPrior,10,0.9,0.375,24
42,"BABCOCK_WILCOXENTERPRISES,INC_08_04_2015-EX-10.17-INTELLECTUAL PROPERTY AGREEMENT between THE BABCOCK _ WILCOX COMPANY and BABCOCK _ WILCOX ENTERPRISES, INC.",FrequencyPrior,3,0.3333333333333333,0.04,25
42,"BABCOCK_WILCOXENTERPRISES,INC_08_04_2015-EX-10.17-INTELLECTUAL PROPERTY AGREEMENT between THE BABCOCK _ WILCOX COMPANY and BABCOCK _ WILCOX ENTERPRISES, INC.",FrequencyPrior,5,0.6,0.12,25
42,"BABCOCK_WILCOXENTERPRISES,INC_08_04_2015-EX-10.17-INTELLECTUAL PROPERTY AGREEMENT between THE BABCOCK _ WILCOX COMPANY and BABCOCK _ WILCOX ENTERPRISES, INC.",FrequencyPrior,10,0.7,0.28,25
42,"NETGEAR,INC_04_21_2003-EX-10.16- AMENDMENT #2 TO THE DISTRIBUTION AGREEMENT",FrequencyPrior,3,1.0,0.07894736842105263,38
42,"NETGEAR,INC_04_21_2003-EX-10.16- AMENDMENT #2 TO THE DISTRIBUTION AGREEMENT",FrequencyPrior,5,1.0,0.13157894736842105,38
42,"NETGEAR,INC_04_21_2003-EX-10.16- AMENDMENT #2 TO THE DISTRIBUTION AGREEMENT",FrequencyPrior,10,1.0,0.2631578947368421,38
42,HOLIDAYRVSUPERSTORESINC_04_15_2002-EX-10.13-ENDORSEMENT AGREEMENT,FrequencyPrior,3,1.0,0.10344827586206896,29
42,HOLIDAYRVSUPERSTORESINC_04_15_2002-EX-10.13-ENDORSEMENT AGREEMENT,FrequencyPrior,5,1.0,0.1724137931034483,29
42,HOLIDAYRVSUPERSTORESINC_04_15_2002-EX-10.13-ENDORSEMENT AGREEMENT,FrequencyPrior,10,0.9,0.3103448275862069,29
42,PhasebioPharmaceuticalsInc_20200330_10-K_EX-10.21_12086810_EX-10.21_Development Agreement,FrequencyPrior,3,1.0,0.15,20
42,PhasebioPharmaceuticalsInc_20200330_10-K_EX-10.21_12086810_EX-10.21_Development Agreement,FrequencyPrior,5,1.0,0.25,20
42,PhasebioPharmaceuticalsInc_20200330_10-K_EX-10.21_12086810_EX-10.21_Development Agreement,FrequencyPrior,10,0.9,0.45,20
42,ClickstreamCorp_20200330_1-A_EX1A-6 MAT CTRCT_12089935_EX1A-6 MAT CTRCT_Development Agreement,FrequencyPrior,3,1.0,0.11538461538461539,26
42,ClickstreamCorp_20200330_1-A_EX1A-6 MAT CTRCT_12089935_EX1A-6 MAT CTRCT_Development Agreement,FrequencyPrior,5,1.0,0.19230769230769232,26
42,ClickstreamCorp_20200330_1-A_EX1A-6 MAT CTRCT_12089935_EX1A-6 MAT CTRCT_Development Agreement,FrequencyPrior,10,0.9,0.34615384615384615,26
42,MOVADOGROUPINC_04_30_2003-EX-10.28-ENDORSEMENT AGREEMENT,FrequencyPrior,3,1.0,0.08823529411764706,34
42,MOVADOGROUPINC_04_30_2003-EX-10.28-ENDORSEMENT AGREEMENT,FrequencyPrior,5,1.0,0.14705882352941177,34
42,MOVADOGROUPINC_04_30_2003-EX-10.28-ENDORSEMENT AGREEMENT,FrequencyPrior,10,1.0,0.29411764705882354,34
42,FEDERATEDGOVERNMENTINCOMESECURITIESINC_04_28_2020-EX-99.SERV AGREE-SERVICES AGREEMENT_AMENDMENT,FrequencyPrior,3,1.0,0.08108108108108109,37
42,FEDERATEDGOVERNMENTINCOMESECURITIESINC_04_28_2020-EX-99.SERV AGREE-SERVICES AGREEMENT_AMENDMENT,FrequencyPrior,5,1.0,0.13513513513513514,37
42,FEDERATEDGOVERNMENTINCOMESECURITIESINC_04_28_2020-EX-99.SERV AGREE-SERVICES AGREEMENT_AMENDMENT,FrequencyPrior,10,1.0,0.2702702702702703,37
42,"FTENETWORKS,INC_02_18_2016-EX-99.4-STRATEGIC ALLIANCE AGREEMENT",FrequencyPrior,3,1.0,0.125,24
42,"FTENETWORKS,INC_02_18_2016-EX-99.4-STRATEGIC ALLIANCE AGREEMENT",FrequencyPrior,5,1.0,0.20833333333333334,24
42,"FTENETWORKS,INC_02_18_2016-EX-99.4-STRATEGIC ALLIANCE AGREEMENT",FrequencyPrior,10,0.9,0.375,24
42,"TURNKEYCAPITAL,INC_07_20_2017-EX-1.1-Strategic Alliance Agreement",FrequencyPrior,3,1.0,0.0967741935483871,31
42,"TURNKEYCAPITAL,INC_07_20_2017-EX-1.1-Strategic Alliance Agreement",FrequencyPrior,5,1.0,0.16129032258064516,31
42,"TURNKEYCAPITAL,INC_07_20_2017-EX-1.1-Strategic Alliance Agreement",FrequencyPrior,10,1.0,0.3225806451612903,31
42,GluMobileInc_20070319_S-1A_EX-10.09_436630_EX-10.09_Content License Agreement3,FrequencyPrior,3,1.0,0.08333333333333333,36
42,GluMobileInc_20070319_S-1A_EX-10.09_436630_EX-10.09_Content License Agreement3,FrequencyPrior,5,1.0,0.1388888888888889,36
42,GluMobileInc_20070319_S-1A_EX-10.09_436630_EX-10.09_Content License Agreement3,FrequencyPrior,10,1.0,0.2777777777777778,36
42,"BORROWMONEYCOM,INC_06_11_2020-EX-10.1-JOINT VENTURE AGREEMENT",FrequencyPrior,3,1.0,0.0967741935483871,31
42,"BORROWMONEYCOM,INC_06_11_2020-EX-10.1-JOINT VENTURE AGREEMENT",FrequencyPrior,5,1.0,0.16129032258064516,31
42,"BORROWMONEYCOM,INC_06_11_2020-EX-10.1-JOINT VENTURE AGREEMENT",FrequencyPrior,10,1.0,0.3225806451612903,31
42,"KUBIENT,INC_07_02_2020-EX-10.14-MASTER SERVICES AGREEMENT_Part2",FrequencyPrior,3,1.0,0.08823529411764706,34
42,"KUBIENT,INC_07_02_2020-EX-10.14-MASTER SERVICES AGREEMENT_Part2",FrequencyPrior,5,1.0,0.14705882352941177,34
42,"KUBIENT,INC_07_02_2020-EX-10.14-MASTER SERVICES AGREEMENT_Part2",FrequencyPrior,10,0.8,0.23529411764705882,34
42,NEOMEDIATECHNOLOGIESINC_12_15_2005-EX-16.1-DISTRIBUTOR AGREEMENT,FrequencyPrior,3,1.0,0.11538461538461539,26
42,NEOMEDIATECHNOLOGIESINC_12_15_2005-EX-16.1-DISTRIBUTOR AGREEMENT,FrequencyPrior,5,1.0,0.19230769230769232,26
42,NEOMEDIATECHNOLOGIESINC_12_15_2005-EX-16.1-DISTRIBUTOR AGREEMENT,FrequencyPrior,10,0.9,0.34615384615384615,26
42,SUMMAFOURINC_06_19_1998-EX-10.3-SOFTWARE LICENSE AND MAINTENANCE AGREEMENT,FrequencyPrior,3,1.0,0.12,25
42,SUMMAFOURINC_06_19_1998-EX-10.3-SOFTWARE LICENSE AND MAINTENANCE AGREEMENT,FrequencyPrior,5,1.0,0.2,25
42,SUMMAFOURINC_06_19_1998-EX-10.3-SOFTWARE LICENSE AND MAINTENANCE AGREEMENT,FrequencyPrior,10,1.0,0.4,25
42,"XLITECHNOLOGIES,INC_12_11_2015-EX-10.1-Sponsorship Agreement",FrequencyPrior,3,1.0,0.09090909090909091,33
42,"XLITECHNOLOGIES,INC_12_11_2015-EX-10.1-Sponsorship Agreement",FrequencyPrior,5,1.0,0.15151515151515152,33
42,"XLITECHNOLOGIES,INC_12_11_2015-EX-10.1-Sponsorship Agreement",FrequencyPrior,10,0.9,0.2727272727272727,33
42,"NETGEAR,INC_04_21_2003-EX-10.16-AMENDMENT TO THE DISTRIBUTOR AGREEMENT BETWEEN INGRAM MICRO AND NETGEAR",FrequencyPrior,3,1.0,0.07894736842105263,38
42,"NETGEAR,INC_04_21_2003-EX-10.16-AMENDMENT TO THE DISTRIBUTOR AGREEMENT BETWEEN INGRAM MICRO AND NETGEAR",FrequencyPrior,5,1.0,0.13157894736842105,38
42,"NETGEAR,INC_04_21_2003-EX-10.16-AMENDMENT TO THE DISTRIBUTOR AGREEMENT BETWEEN INGRAM MICRO AND NETGEAR",FrequencyPrior,10,1.0,0.2631578947368421,38
42,WPPPLC_04_30_2020-EX-4.28-SERVICE AGREEMENT,FrequencyPrior,3,1.0,0.0967741935483871,31
42,WPPPLC_04_30_2020-EX-4.28-SERVICE AGREEMENT,FrequencyPrior,5,1.0,0.16129032258064516,31
42,WPPPLC_04_30_2020-EX-4.28-SERVICE AGREEMENT,FrequencyPrior,10,0.8,0.25806451612903225,31
42,GluMobileInc_20070319_S-1A_EX-10.09_436630_EX-10.09_Content License Agreement1,FrequencyPrior,3,1.0,0.15,20
42,GluMobileInc_20070319_S-1A_EX-10.09_436630_EX-10.09_Content License Agreement1,FrequencyPrior,5,1.0,0.25,20
42,GluMobileInc_20070319_S-1A_EX-10.09_436630_EX-10.09_Content License Agreement1,FrequencyPrior,10,0.9,0.45,20
42,"ROCKYMOUNTAINCHOCOLATEFACTORY,INC_12_23_2019-EX-10.2-STRATEGIC ALLIANCE AGREEMENT",FrequencyPrior,3,1.0,0.10344827586206896,29
42,"ROCKYMOUNTAINCHOCOLATEFACTORY,INC_12_23_2019-EX-10.2-STRATEGIC ALLIANCE AGREEMENT",FrequencyPrior,5,1.0,0.1724137931034483,29
42,"ROCKYMOUNTAINCHOCOLATEFACTORY,INC_12_23_2019-EX-10.2-STRATEGIC ALLIANCE AGREEMENT",FrequencyPrior,10,0.8,0.27586206896551724,29
42,ENTRUSTINC_07_24_1998-EX-10.5-STRATEGIC ALLIANCE AGREEMENT,FrequencyPrior,3,0.3333333333333333,0.04,25
42,ENTRUSTINC_07_24_1998-EX-10.5-STRATEGIC ALLIANCE AGREEMENT,FrequencyPrior,5,0.4,0.08,25
42,ENTRUSTINC_07_24_1998-EX-10.5-STRATEGIC ALLIANCE AGREEMENT,FrequencyPrior,10,0.6,0.24,25
42,PROLONGINTERNATIONALCORP_03_23_1998-EX-10.16-SPONSORSHIP AGREEMENT,FrequencyPrior,3,1.0,0.09375,32
42,PROLONGINTERNATIONALCORP_03_23_1998-EX-10.16-SPONSORSHIP AGREEMENT,FrequencyPrior,5,1.0,0.15625,32
42,PROLONGINTERNATIONALCORP_03_23_1998-EX-10.16-SPONSORSHIP AGREEMENT,FrequencyPrior,10,1.0,0.3125,32
42,TELKOMSALTD_01_30_2003-EX-10-LICENCE AND MAINTENANCE AGREEMENT,FrequencyPrior,3,1.0,0.13043478260869565,23
42,TELKOMSALTD_01_30_2003-EX-10-LICENCE AND MAINTENANCE AGREEMENT,FrequencyPrior,5,1.0,0.21739130434782608,23
42,TELKOMSALTD_01_30_2003-EX-10-LICENCE AND MAINTENANCE AGREEMENT,FrequencyPrior,10,0.9,0.391304347826087,23
42,"GWG HOLDINGS, INC. - ORDERLY MARKETING AGREEMENT",FrequencyPrior,3,1.0,0.08571428571428572,35
42,"GWG HOLDINGS, INC. - ORDERLY MARKETING AGREEMENT",FrequencyPrior,5,1.0,0.14285714285714285,35
42,"GWG HOLDINGS, INC. - ORDERLY MARKETING AGREEMENT",FrequencyPrior,10,1.0,0.2857142857142857,35
42,NYLIACVARIABLEANNUITYSEPARATEACCOUNTIII_04_10_2020-EX-99.8.KK-SERVICE AGREEMENT,FrequencyPrior,3,1.0,0.09090909090909091,33
42,NYLIACVARIABLEANNUITYSEPARATEACCOUNTIII_04_10_2020-EX-99.8.KK-SERVICE AGREEMENT,FrequencyPrior,5,1.0,0.15151515151515152,33
42,NYLIACVARIABLEANNUITYSEPARATEACCOUNTIII_04_10_2020-EX-99.8.KK-SERVICE AGREEMENT,FrequencyPrior,10,1.0,0.30303030303030304,33
42,PcquoteComInc_19990721_S-1A_EX-10.11_6377149_EX-10.11_Co-Branding Agreement2,FrequencyPrior,3,1.0,0.07692307692307693,39
42,PcquoteComInc_19990721_S-1A_EX-10.11_6377149_EX-10.11_Co-Branding Agreement2,FrequencyPrior,5,1.0,0.1282051282051282,39
42,PcquoteComInc_19990721_S-1A_EX-10.11_6377149_EX-10.11_Co-Branding Agreement2,FrequencyPrior,10,1.0,0.2564102564102564,39
42,"WASTE2ENERGYHOLDINGS,INC_06_03_2010-EX-10.2-STRATEGIC ALLIANCE AGREEMENT",FrequencyPrior,3,1.0,0.1,30
42,"WASTE2ENERGYHOLDINGS,INC_06_03_2010-EX-10.2-STRATEGIC ALLIANCE AGREEMENT",FrequencyPrior,5,1.0,0.16666666666666666,30
42,"WASTE2ENERGYHOLDINGS,INC_06_03_2010-EX-10.2-STRATEGIC ALLIANCE AGREEMENT",FrequencyPrior,10,0.9,0.3,30
42,EcoScienceSolutionsInc_20180406_8-K_EX-10.1_11135398_EX-10.1_Sponsorship Agreement,FrequencyPrior,3,1.0,0.09375,32
42,EcoScienceSolutionsInc_20180406_8-K_EX-10.1_11135398_EX-10.1_Sponsorship Agreement,FrequencyPrior,5,1.0,0.15625,32
42,EcoScienceSolutionsInc_20180406_8-K_EX-10.1_11135398_EX-10.1_Sponsorship Agreement,FrequencyPrior,10,1.0,0.3125,32
42,WestPharmaceuticalServicesInc_20200116_8-K_EX-10.1_11947529_EX-10.1_Supply Agreement,FrequencyPrior,3,1.0,0.10344827586206896,29
42,WestPharmaceuticalServicesInc_20200116_8-K_EX-10.1_11947529_EX-10.1_Supply Agreement,FrequencyPrior,5,1.0,0.1724137931034483,29
42,WestPharmaceuticalServicesInc_20200116_8-K_EX-10.1_11947529_EX-10.1_Supply Agreement,FrequencyPrior,10,1.0,0.3448275862068966,29
42,"MEDALISTDIVERSIFIEDREIT,INC_05_18_2020-EX-10.1-CONSULTING AGREEMENT",FrequencyPrior,3,1.0,0.14285714285714285,21
42,"MEDALISTDIVERSIFIEDREIT,INC_05_18_2020-EX-10.1-CONSULTING AGREEMENT",FrequencyPrior,5,1.0,0.23809523809523808,21
42,"MEDALISTDIVERSIFIEDREIT,INC_05_18_2020-EX-10.1-CONSULTING AGREEMENT",FrequencyPrior,10,0.7,0.3333333333333333,21
42,TRANSMONTAIGNEPARTNERSLLC_03_13_2020-EX-10.9-SERVICES AGREEMENT,FrequencyPrior,3,1.0,0.08571428571428572,35
42,TRANSMONTAIGNEPARTNERSLLC_03_13_2020-EX-10.9-SERVICES AGREEMENT,FrequencyPrior,5,1.0,0.14285714285714285,35
42,TRANSMONTAIGNEPARTNERSLLC_03_13_2020-EX-10.9-SERVICES AGREEMENT,FrequencyPrior,10,1.0,0.2857142857142857,35
42,PenntexMidstreamPartnersLp_20150416_S-1A_EX-10.4_9042833_EX-10.4_Transportation Agreement,FrequencyPrior,3,1.0,0.12,25
42,PenntexMidstreamPartnersLp_20150416_S-1A_EX-10.4_9042833_EX-10.4_Transportation Agreement,FrequencyPrior,5,1.0,0.2,25
42,PenntexMidstreamPartnersLp_20150416_S-1A_EX-10.4_9042833_EX-10.4_Transportation Agreement,FrequencyPrior,10,1.0,0.4,25
42,CHEETAHMOBILEINC_04_22_2014-EX-10.43-Cooperation Agreement,FrequencyPrior,3,1.0,0.1111111111111111,27
42,CHEETAHMOBILEINC_04_22_2014-EX-10.43-Cooperation Agreement,FrequencyPrior,5,1.0,0.18518518518518517,27
42,CHEETAHMOBILEINC_04_22_2014-EX-10.43-Cooperation Agreement,FrequencyPrior,10,1.0,0.37037037037037035,27
42,BerkshireHillsBancorpInc_20120809_10-Q_EX-10.16_7708169_EX-10.16_Endorsement Agreement,FrequencyPrior,3,1.0,0.11538461538461539,26
42,BerkshireHillsBancorpInc_20120809_10-Q_EX-10.16_7708169_EX-10.16_Endorsement Agreement,FrequencyPrior,5,1.0,0.19230769230769232,26
42,BerkshireHillsBancorpInc_20120809_10-Q_EX-10.16_7708169_EX-10.16_Endorsement Agreement,FrequencyPrior,10,0.9,0.34615384615384615,26
42,TcPipelinesLp_20160226_10-K_EX-99.12_9454048_EX-99.12_Transportation Agreement,FrequencyPrior,3,1.0,0.08823529411764706,34
42,TcPipelinesLp_20160226_10-K_EX-99.12_9454048_EX-99.12_Transportation Agreement,FrequencyPrior,5,1.0,0.14705882352941177,34
42,TcPipelinesLp_20160226_10-K_EX-99.12_9454048_EX-99.12_Transportation Agreement,FrequencyPrior,10,1.0,0.29411764705882354,34
42,ALLIANCEBANCORPINCOFPENNSYLVANIA_10_18_2006-EX-1.2-AGENCY AGREEMENT,FrequencyPrior,3,1.0,0.09090909090909091,33
42,ALLIANCEBANCORPINCOFPENNSYLVANIA_10_18_2006-EX-1.2-AGENCY AGREEMENT,FrequencyPrior,5,1.0,0.15151515151515152,33
42,ALLIANCEBANCORPINCOFPENNSYLVANIA_10_18_2006-EX-1.2-AGENCY AGREEMENT,FrequencyPrior,10,1.0,0.30303030303030304,33
42,HealthcentralCom_19991108_S-1A_EX-10.27_6623292_EX-10.27_Co-Branding Agreement,FrequencyPrior,3,1.0,0.14285714285714285,21
42,HealthcentralCom_19991108_S-1A_EX-10.27_6623292_EX-10.27_Co-Branding Agreement,FrequencyPrior,5,1.0,0.23809523809523808,21
42,HealthcentralCom_19991108_S-1A_EX-10.27_6623292_EX-10.27_Co-Branding Agreement,FrequencyPrior,10,1.0,0.47619047619047616,21
42,MERCATAINC_03_09_2000-EX-10.21-SPONSORSHIP AGREEMENT,FrequencyPrior,3,1.0,0.08823529411764706,34
42,MERCATAINC_03_09_2000-EX-10.21-SPONSORSHIP AGREEMENT,FrequencyPrior,5,1.0,0.14705882352941177,34
42,MERCATAINC_03_09_2000-EX-10.21-SPONSORSHIP AGREEMENT,FrequencyPrior,10,1.0,0.29411764705882354,34
42,SEPARATEACCOUNTIIOFAGL_05_02_2011-EX-99.(J)(4)-UNCONDITIONAL CAPITAL MAINTENANCE AGREEMENT,FrequencyPrior,3,1.0,0.08823529411764706,34
42,SEPARATEACCOUNTIIOFAGL_05_02_2011-EX-99.(J)(4)-UNCONDITIONAL CAPITAL MAINTENANCE AGREEMENT,FrequencyPrior,5,1.0,0.14705882352941177,34
42,SEPARATEACCOUNTIIOFAGL_05_02_2011-EX-99.(J)(4)-UNCONDITIONAL CAPITAL MAINTENANCE AGREEMENT,FrequencyPrior,10,1.0,0.29411764705882354,34
42,AMERICASSHOPPINGMALLINC_12_10_1999-EX-10.2-SITE DEVELOPMENT AND HOSTING AGREEMENT,FrequencyPrior,3,1.0,0.125,24
42,AMERICASSHOPPINGMALLINC_12_10_1999-EX-10.2-SITE DEVELOPMENT AND HOSTING AGREEMENT,FrequencyPrior,5,1.0,0.20833333333333334,24
42,AMERICASSHOPPINGMALLINC_12_10_1999-EX-10.2-SITE DEVELOPMENT AND HOSTING AGREEMENT,FrequencyPrior,10,1.0,0.4166666666666667,24
42,UAGHINC_04_14_2004-EX-10.18-MAINTENANCE AGREEMENT,FrequencyPrior,3,1.0,0.10344827586206896,29
42,UAGHINC_04_14_2004-EX-10.18-MAINTENANCE AGREEMENT,FrequencyPrior,5,1.0,0.1724137931034483,29
42,UAGHINC_04_14_2004-EX-10.18-MAINTENANCE AGREEMENT,FrequencyPrior,10,1.0,0.3448275862068966,29
42,PREMIERBIOMEDICALINC_05_14_2020-EX-10.2-INTELLECTUAL PROPERTY AGREEMENT,FrequencyPrior,3,1.0,0.09090909090909091,33
42,PREMIERBIOMEDICALINC_05_14_2020-EX-10.2-INTELLECTUAL PROPERTY AGREEMENT,FrequencyPrior,5,1.0,0.15151515151515152,33
42,PREMIERBIOMEDICALINC_05_14_2020-EX-10.2-INTELLECTUAL PROPERTY AGREEMENT,FrequencyPrior,10,0.9,0.2727272727272727,33
42,BIOCEPTINC_08_19_2013-EX-10-COLLABORATION AGREEMENT,FrequencyPrior,3,1.0,0.13636363636363635,22
42,BIOCEPTINC_08_19_2013-EX-10-COLLABORATION AGREEMENT,FrequencyPrior,5,1.0,0.22727272727272727,22
42,BIOCEPTINC_08_19_2013-EX-10-COLLABORATION AGREEMENT,FrequencyPrior,10,1.0,0.45454545454545453,22
42,PFSFUNDS_06_26_2020-EX-99.H OTH MAT CONT-SERVICES AGREEMENT,FrequencyPrior,3,1.0,0.09090909090909091,33
42,PFSFUNDS_06_26_2020-EX-99.H OTH MAT CONT-SERVICES AGREEMENT,FrequencyPrior,5,1.0,0.15151515151515152,33
42,PFSFUNDS_06_26_2020-EX-99.H OTH MAT CONT-SERVICES AGREEMENT,FrequencyPrior,10,1.0,0.30303030303030304,33
42,"XLITECHNOLOGIES,INC_12_02_2015-EX-10.02-STRATEGIC ALLIANCE AGREEMENT",FrequencyPrior,3,1.0,0.08571428571428572,35
42,"XLITECHNOLOGIES,INC_12_02_2015-EX-10.02-STRATEGIC ALLIANCE AGREEMENT",FrequencyPrior,5,1.0,0.14285714285714285,35
42,"XLITECHNOLOGIES,INC_12_02_2015-EX-10.02-STRATEGIC ALLIANCE AGREEMENT",FrequencyPrior,10,1.0,0.2857142857142857,35
42,KENTUCKYUTILITIESCO_03_25_2003-EX-10.65-TRANSPORTATION AGREEMENT,FrequencyPrior,3,1.0,0.0967741935483871,31
42,KENTUCKYUTILITIESCO_03_25_2003-EX-10.65-TRANSPORTATION AGREEMENT,FrequencyPrior,5,1.0,0.16129032258064516,31
42,KENTUCKYUTILITIESCO_03_25_2003-EX-10.65-TRANSPORTATION AGREEMENT,FrequencyPrior,10,1.0,0.3225806451612903,31
42,"SPOKHOLDINGS,INC_06_19_2020-EX-10.1-COOPERATION AGREEMENT",FrequencyPrior,3,1.0,0.08571428571428572,35
42,"SPOKHOLDINGS,INC_06_19_2020-EX-10.1-COOPERATION AGREEMENT",FrequencyPrior,5,1.0,0.14285714285714285,35
42,"SPOKHOLDINGS,INC_06_19_2020-EX-10.1-COOPERATION AGREEMENT",FrequencyPrior,10,1.0,0.2857142857142857,35
42,NICELTD_06_26_2003-EX-4.5-OUTSOURCING AGREEMENT,FrequencyPrior,3,1.0,0.12,25
42,NICELTD_06_26_2003-EX-4.5-OUTSOURCING AGREEMENT,FrequencyPrior,5,1.0,0.2,25
42,NICELTD_06_26_2003-EX-4.5-OUTSOURCING AGREEMENT,FrequencyPrior,10,1.0,0.4,25
42,VERTEXENERGYINC_08_14_2014-EX-10.24-OPERATION AND MAINTENANCE AGREEMENT,FrequencyPrior,3,1.0,0.10714285714285714,28
42,VERTEXENERGYINC_08_14_2014-EX-10.24-OPERATION AND MAINTENANCE AGREEMENT,FrequencyPrior,5,1.0,0.17857142857142858,28
42,VERTEXENERGYINC_08_14_2014-EX-10.24-OPERATION AND MAINTENANCE AGREEMENT,FrequencyPrior,10,1.0,0.35714285714285715,28
42,StampscomInc_20001114_10-Q_EX-10.47_2631630_EX-10.47_Co-Branding Agreement,FrequencyPrior,3,1.0,0.125,24
42,StampscomInc_20001114_10-Q_EX-10.47_2631630_EX-10.47_Co-Branding Agreement,FrequencyPrior,5,1.0,0.20833333333333334,24
42,StampscomInc_20001114_10-Q_EX-10.47_2631630_EX-10.47_Co-Branding Agreement,FrequencyPrior,10,1.0,0.4166666666666667,24
43,MACROGENICSINC_08_02_2013-EX-10-COLLABORATION AGREEMENT,TextOnly,3,1.0,0.14285714285714285,21
43,MACROGENICSINC_08_02_2013-EX-10-COLLABORATION AGREEMENT,TextOnly,5,1.0,0.23809523809523808,21
43,MACROGENICSINC_08_02_2013-EX-10-COLLABORATION AGREEMENT,TextOnly,10,1.0,0.47619047619047616,21
43,RandWorldwideInc_20010402_8-KA_EX-10.2_2102464_EX-10.2_Co-Branding Agreement,TextOnly,3,1.0,0.14285714285714285,21
43,RandWorldwideInc_20010402_8-KA_EX-10.2_2102464_EX-10.2_Co-Branding Agreement,TextOnly,5,0.8,0.19047619047619047,21
43,RandWorldwideInc_20010402_8-KA_EX-10.2_2102464_EX-10.2_Co-Branding Agreement,TextOnly,10,0.9,0.42857142857142855,21
43,AMBASSADOREYEWEARGROUPINC_11_17_1997-EX-10.28-ENDORSEMENT AGREEMENT,TextOnly,3,1.0,0.125,24
43,AMBASSADOREYEWEARGROUPINC_11_17_1997-EX-10.28-ENDORSEMENT AGREEMENT,TextOnly,5,1.0,0.20833333333333334,24
43,AMBASSADOREYEWEARGROUPINC_11_17_1997-EX-10.28-ENDORSEMENT AGREEMENT,TextOnly,10,1.0,0.4166666666666667,24
43,PcquoteComInc_19990721_S-1A_EX-10.11_6377149_EX-10.11_Co-Branding Agreement3,TextOnly,3,1.0,0.08333333333333333,36
43,PcquoteComInc_19990721_S-1A_EX-10.11_6377149_EX-10.11_Co-Branding Agreement3,TextOnly,5,1.0,0.1388888888888889,36
43,PcquoteComInc_19990721_S-1A_EX-10.11_6377149_EX-10.11_Co-Branding Agreement3,TextOnly,10,1.0,0.2777777777777778,36
43,HOLIDAYRVSUPERSTORESINC_04_15_2002-EX-10.13-ENDORSEMENT AGREEMENT,TextOnly,3,1.0,0.10714285714285714,28
43,HOLIDAYRVSUPERSTORESINC_04_15_2002-EX-10.13-ENDORSEMENT AGREEMENT,TextOnly,5,1.0,0.17857142857142858,28
43,HOLIDAYRVSUPERSTORESINC_04_15_2002-EX-10.13-ENDORSEMENT AGREEMENT,TextOnly,10,0.9,0.32142857142857145,28
43,SPHERE3DCORP_06_24_2020-EX-10.12-CONSULTING AGREEMENT,TextOnly,3,1.0,0.09375,32
43,SPHERE3DCORP_06_24_2020-EX-10.12-CONSULTING AGREEMENT,TextOnly,5,1.0,0.15625,32
43,SPHERE3DCORP_06_24_2020-EX-10.12-CONSULTING AGREEMENT,TextOnly,10,1.0,0.3125,32
43,VARIABLESEPARATEACCOUNT_04_30_2014-EX-13.C-UNCONDITIONAL CAPITAL MAINTENANCE AGREEMENT,TextOnly,3,1.0,0.09090909090909091,33
43,VARIABLESEPARATEACCOUNT_04_30_2014-EX-13.C-UNCONDITIONAL CAPITAL MAINTENANCE AGREEMENT,TextOnly,5,1.0,0.15151515151515152,33
43,VARIABLESEPARATEACCOUNT_04_30_2014-EX-13.C-UNCONDITIONAL CAPITAL MAINTENANCE AGREEMENT,TextOnly,10,1.0,0.30303030303030304,33
43,"TURNKEYCAPITAL,INC_07_20_2017-EX-1.1-Strategic Alliance Agreement",TextOnly,3,1.0,0.1,30
43,"TURNKEYCAPITAL,INC_07_20_2017-EX-1.1-Strategic Alliance Agreement",TextOnly,5,1.0,0.16666666666666666,30
43,"TURNKEYCAPITAL,INC_07_20_2017-EX-1.1-Strategic Alliance Agreement",TextOnly,10,1.0,0.3333333333333333,30
43,PrudentialBancorpInc_20170606_8-K_EX-10.4_10474434_EX-10.4_Endorsement Agreement,TextOnly,3,1.0,0.09090909090909091,33
43,PrudentialBancorpInc_20170606_8-K_EX-10.4_10474434_EX-10.4_Endorsement Agreement,TextOnly,5,1.0,0.15151515151515152,33
43,PrudentialBancorpInc_20170606_8-K_EX-10.4_10474434_EX-10.4_Endorsement Agreement,TextOnly,10,1.0,0.30303030303030304,33
43,IntegrityFunds_20200121_485BPOS_EX-99.E UNDR CONTR_11948727_EX-99.E UNDR CONTR_Service Agreement,TextOnly,3,1.0,0.0967741935483871,31
43,IntegrityFunds_20200121_485BPOS_EX-99.E UNDR CONTR_11948727_EX-99.E UNDR CONTR_Service Agreement,TextOnly,5,1.0,0.16129032258064516,31
43,IntegrityFunds_20200121_485BPOS_EX-99.E UNDR CONTR_11948727_EX-99.E UNDR CONTR_Service Agreement,TextOnly,10,1.0,0.3225806451612903,31
43,UnionDentalHoldingsInc_20050204_8-KA_EX-10_3345577_EX-10_Affiliate Agreement,TextOnly,3,1.0,0.08823529411764706,34
43,UnionDentalHoldingsInc_20050204_8-KA_EX-10_3345577_EX-10_Affiliate Agreement,TextOnly,5,1.0,0.14705882352941177,34
43,UnionDentalHoldingsInc_20050204_8-KA_EX-10_3345577_EX-10_Affiliate Agreement,TextOnly,10,1.0,0.29411764705882354,34
43,CENTRACKINTERNATIONALINC_10_29_1999-EX-10.3-WEB SITE HOSTING AGREEMENT,TextOnly,3,1.0,0.10344827586206896,29
43,CENTRACKINTERNATIONALINC_10_29_1999-EX-10.3-WEB SITE HOSTING AGREEMENT,TextOnly,5,1.0,0.1724137931034483,29
43,CENTRACKINTERNATIONALINC_10_29_1999-EX-10.3-WEB SITE HOSTING AGREEMENT,TextOnly,10,1.0,0.3448275862068966,29
43,SoupmanInc_20150814_8-K_EX-10.1_9230148_EX-10.1_Franchise Agreement3,TextOnly,3,1.0,0.08108108108108109,37
43,SoupmanInc_20150814_8-K_EX-10.1_9230148_EX-10.1_Franchise Agreement3,TextOnly,5,1.0,0.13513513513513514,37
43,SoupmanInc_20150814_8-K_EX-10.1_9230148_EX-10.1_Franchise Agreement3,TextOnly,10,1.0,0.2702702702702703,37
43,"SUCAMPOPHARMACEUTICALS,INC_11_04_2015-EX-10.2-STRATEGIC ALLIANCE AGREEMENT",TextOnly,3,1.0,0.09375,32
43,"SUCAMPOPHARMACEUTICALS,INC_11_04_2015-EX-10.2-STRATEGIC ALLIANCE AGREEMENT",TextOnly,5,1.0,0.15625,32
43,"SUCAMPOPHARMACEUTICALS,INC_11_04_2015-EX-10.2-STRATEGIC ALLIANCE AGREEMENT",TextOnly,10,0.9,0.28125,32
43,"IPAYMENT,INC_05_14_2007-EX-10.1-SPONSORSHIP AGREEMENT",TextOnly,3,1.0,0.11538461538461539,26
43,"IPAYMENT,INC_05_14_2007-EX-10.1-SPONSORSHIP AGREEMENT",TextOnly,5,1.0,0.19230769230769232,26
43,"IPAYMENT,INC_05_14_2007-EX-10.1-SPONSORSHIP AGREEMENT",TextOnly,10,1.0,0.38461538461538464,26
43,"XACCT Technologies, Inc.SUPPORT AND MAINTENANCE AGREEMENT",TextOnly,3,1.0,0.1,30
43,"XACCT Technologies, Inc.SUPPORT AND MAINTENANCE AGREEMENT",TextOnly,5,1.0,0.16666666666666666,30
43,"XACCT Technologies, Inc.SUPPORT AND MAINTENANCE AGREEMENT",TextOnly,10,1.0,0.3333333333333333,30
43,"XLITECHNOLOGIES,INC_12_02_2015-EX-10.02-STRATEGIC ALLIANCE AGREEMENT",TextOnly,3,1.0,0.08823529411764706,34
43,"XLITECHNOLOGIES,INC_12_02_2015-EX-10.02-STRATEGIC ALLIANCE AGREEMENT",TextOnly,5,1.0,0.14705882352941177,34
43,"XLITECHNOLOGIES,INC_12_02_2015-EX-10.02-STRATEGIC ALLIANCE AGREEMENT",TextOnly,10,1.0,0.29411764705882354,34
43,VirtuosoSurgicalInc_20191227_1-A_EX1A-6 MAT CTRCT_11933379_EX1A-6 MAT CTRCT_License Agreement,TextOnly,3,0.6666666666666666,0.09090909090909091,22
43,VirtuosoSurgicalInc_20191227_1-A_EX1A-6 MAT CTRCT_11933379_EX1A-6 MAT CTRCT_License Agreement,TextOnly,5,0.8,0.18181818181818182,22
43,VirtuosoSurgicalInc_20191227_1-A_EX1A-6 MAT CTRCT_11933379_EX1A-6 MAT CTRCT_License Agreement,TextOnly,10,0.9,0.4090909090909091,22
43,PerformanceSportsBrandsInc_20110909_S-1_EX-10.10_7220214_EX-10.10_Endorsement Agreement,TextOnly,3,1.0,0.125,24
43,PerformanceSportsBrandsInc_20110909_S-1_EX-10.10_7220214_EX-10.10_Endorsement Agreement,TextOnly,5,1.0,0.20833333333333334,24
43,PerformanceSportsBrandsInc_20110909_S-1_EX-10.10_7220214_EX-10.10_Endorsement Agreement,TextOnly,10,1.0,0.4166666666666667,24
43,REGANHOLDINGCORP_03_31_2008-EX-10-LICENSE AND HOSTING AGREEMENT,TextOnly,3,1.0,0.11538461538461539,26
43,REGANHOLDINGCORP_03_31_2008-EX-10-LICENSE AND HOSTING AGREEMENT,TextOnly,5,1.0,0.19230769230769232,26
43,REGANHOLDINGCORP_03_31_2008-EX-10-LICENSE AND HOSTING AGREEMENT,TextOnly,10,1.0,0.38461538461538464,26
43,"BORROWMONEYCOM,INC_06_11_2020-EX-10.1-JOINT VENTURE AGREEMENT",TextOnly,3,1.0,0.1,30
43,"BORROWMONEYCOM,INC_06_11_2020-EX-10.1-JOINT VENTURE AGREEMENT",TextOnly,5,1.0,0.16666666666666666,30
43,"BORROWMONEYCOM,INC_06_11_2020-EX-10.1-JOINT VENTURE AGREEMENT",TextOnly,10,1.0,0.3333333333333333,30
43,FerroglobePlc_20150624_F-4A_EX-10.20_9154746_EX-10.20_Outsourcing Agreement,TextOnly,3,1.0,0.1,30
43,FerroglobePlc_20150624_F-4A_EX-10.20_9154746_EX-10.20_Outsourcing Agreement,TextOnly,5,1.0,0.16666666666666666,30
43,FerroglobePlc_20150624_F-4A_EX-10.20_9154746_EX-10.20_Outsourcing Agreement,TextOnly,10,1.0,0.3333333333333333,30
43,QuantumGroupIncFl_20090120_8-K_EX-99.2_3672910_EX-99.2_Hosting Agreement,TextOnly,3,1.0,0.125,24
43,QuantumGroupIncFl_20090120_8-K_EX-99.2_3672910_EX-99.2_Hosting Agreement,TextOnly,5,1.0,0.20833333333333334,24
43,QuantumGroupIncFl_20090120_8-K_EX-99.2_3672910_EX-99.2_Hosting Agreement,TextOnly,10,0.8,0.3333333333333333,24
43,SteelVaultCorp_20081224_10-K_EX-10.16_3074935_EX-10.16_Affiliate Agreement,TextOnly,3,1.0,0.1111111111111111,27
43,SteelVaultCorp_20081224_10-K_EX-10.16_3074935_EX-10.16_Affiliate Agreement,TextOnly,5,1.0,0.18518518518518517,27
43,SteelVaultCorp_20081224_10-K_EX-10.16_3074935_EX-10.16_Affiliate Agreement,TextOnly,10,1.0,0.37037037037037035,27
43,INTRICONCORP_03_10_2009-EX-10.22-Strategic Alliance Agreement,TextOnly,3,1.0,0.13043478260869565,23
43,INTRICONCORP_03_10_2009-EX-10.22-Strategic Alliance Agreement,TextOnly,5,1.0,0.21739130434782608,23
43,INTRICONCORP_03_10_2009-EX-10.22-Strategic Alliance Agreement,TextOnly,10,0.9,0.391304347826087,23
43,"MEETGROUP,INC_06_29_2017-EX-10.1-COOPERATION AGREEMENT",TextOnly,3,1.0,0.09090909090909091,33
43,"MEETGROUP,INC_06_29_2017-EX-10.1-COOPERATION AGREEMENT",TextOnly,5,1.0,0.15151515151515152,33
43,"MEETGROUP,INC_06_29_2017-EX-10.1-COOPERATION AGREEMENT",TextOnly,10,1.0,0.30303030303030304,33
43,MSCIINC_02_28_2008-EX-10.10-,TextOnly,3,1.0,0.09090909090909091,33
43,MSCIINC_02_28_2008-EX-10.10-,TextOnly,5,1.0,0.15151515151515152,33
43,MSCIINC_02_28_2008-EX-10.10-,TextOnly,10,1.0,0.30303030303030304,33
43,GluMobileInc_20070319_S-1A_EX-10.09_436630_EX-10.09_Content License Agreement3,TextOnly,3,1.0,0.08571428571428572,35
43,GluMobileInc_20070319_S-1A_EX-10.09_436630_EX-10.09_Content License Agreement3,TextOnly,5,1.0,0.14285714285714285,35
43,GluMobileInc_20070319_S-1A_EX-10.09_436630_EX-10.09_Content License Agreement3,TextOnly,10,1.0,0.2857142857142857,35
43,EmmisCommunicationsCorp_20191125_8-K_EX-10.6_11906433_EX-10.6_Marketing Agreement,TextOnly,3,1.0,0.09375,32
43,EmmisCommunicationsCorp_20191125_8-K_EX-10.6_11906433_EX-10.6_Marketing Agreement,TextOnly,5,1.0,0.15625,32
43,EmmisCommunicationsCorp_20191125_8-K_EX-10.6_11906433_EX-10.6_Marketing Agreement,TextOnly,10,1.0,0.3125,32
43,TICKETSCOMINC_06_22_1999-EX-10.22-SPONSORSHIP AGREEMENT,TextOnly,3,1.0,0.10344827586206896,29
43,TICKETSCOMINC_06_22_1999-EX-10.22-SPONSORSHIP AGREEMENT,TextOnly,5,1.0,0.1724137931034483,29
43,TICKETSCOMINC_06_22_1999-EX-10.22-SPONSORSHIP AGREEMENT,TextOnly,10,1.0,0.3448275862068966,29
43,TcPipelinesLp_20160226_10-K_EX-99.12_9454048_EX-99.12_Transportation Agreement,TextOnly,3,1.0,0.09090909090909091,33
43,TcPipelinesLp_20160226_10-K_EX-99.12_9454048_EX-99.12_Transportation Agreement,TextOnly,5,1.0,0.15151515151515152,33
43,TcPipelinesLp_20160226_10-K_EX-99.12_9454048_EX-99.12_Transportation Agreement,TextOnly,10,1.0,0.30303030303030304,33
43,PFSFUNDS_06_26_2020-EX-99.H OTH MAT CONT-SERVICES AGREEMENT,TextOnly,3,1.0,0.09375,32
43,PFSFUNDS_06_26_2020-EX-99.H OTH MAT CONT-SERVICES AGREEMENT,TextOnly,5,1.0,0.15625,32
43,PFSFUNDS_06_26_2020-EX-99.H OTH MAT CONT-SERVICES AGREEMENT,TextOnly,10,1.0,0.3125,32
43,SECURIANFUNDSTRUST_05_01_2012-EX-99.28.H.9-NET INVESTMENT INCOME MAINTENANCE AGREEMENT,TextOnly,3,1.0,0.08571428571428572,35
43,SECURIANFUNDSTRUST_05_01_2012-EX-99.28.H.9-NET INVESTMENT INCOME MAINTENANCE AGREEMENT,TextOnly,5,1.0,0.14285714285714285,35
43,SECURIANFUNDSTRUST_05_01_2012-EX-99.28.H.9-NET INVESTMENT INCOME MAINTENANCE AGREEMENT,TextOnly,10,1.0,0.2857142857142857,35
43,EMERALDHEALTHTHERAPEUTICSINC_06_10_2020-EX-4.5-CONSULTING AGREEMENT - DR. GAETANO MORELLO N.D. INC.,TextOnly,3,1.0,0.0967741935483871,31
43,EMERALDHEALTHTHERAPEUTICSINC_06_10_2020-EX-4.5-CONSULTING AGREEMENT - DR. GAETANO MORELLO N.D. INC.,TextOnly,5,1.0,0.16129032258064516,31
43,EMERALDHEALTHTHERAPEUTICSINC_06_10_2020-EX-4.5-CONSULTING AGREEMENT - DR. GAETANO MORELLO N.D. INC.,TextOnly,10,1.0,0.3225806451612903,31
43,"TRANSPHORM,INC_02_14_2020-EX-10.12(1)-JOINT VENTURE AGREEMENT",TextOnly,3,1.0,0.10344827586206896,29
43,"TRANSPHORM,INC_02_14_2020-EX-10.12(1)-JOINT VENTURE AGREEMENT",TextOnly,5,1.0,0.1724137931034483,29
43,"TRANSPHORM,INC_02_14_2020-EX-10.12(1)-JOINT VENTURE AGREEMENT",TextOnly,10,1.0,0.3448275862068966,29
43,BIOFRONTERAAG_04_29_2019-EX-4.17-SUPPLY AGREEMENT,TextOnly,3,1.0,0.10714285714285714,28
43,BIOFRONTERAAG_04_29_2019-EX-4.17-SUPPLY AGREEMENT,TextOnly,5,1.0,0.17857142857142858,28
43,BIOFRONTERAAG_04_29_2019-EX-4.17-SUPPLY AGREEMENT,TextOnly,10,0.8,0.2857142857142857,28
43,GlobalTechnologiesGroupInc_20050928_10KSB_EX-10.9_4148808_EX-10.9_Content License Agreement,TextOnly,3,1.0,0.1111111111111111,27
43,GlobalTechnologiesGroupInc_20050928_10KSB_EX-10.9_4148808_EX-10.9_Content License Agreement,TextOnly,5,1.0,0.18518518518518517,27
43,GlobalTechnologiesGroupInc_20050928_10KSB_EX-10.9_4148808_EX-10.9_Content License Agreement,TextOnly,10,1.0,0.37037037037037035,27
43,BellringBrandsInc_20190920_S-1_EX-10.12_11817081_EX-10.12_Manufacturing Agreement1,TextOnly,3,1.0,0.10714285714285714,28
43,BellringBrandsInc_20190920_S-1_EX-10.12_11817081_EX-10.12_Manufacturing Agreement1,TextOnly,5,1.0,0.17857142857142858,28
43,BellringBrandsInc_20190920_S-1_EX-10.12_11817081_EX-10.12_Manufacturing Agreement1,TextOnly,10,1.0,0.35714285714285715,28
43,NYLIACVARIABLEANNUITYSEPARATEACCOUNTIII_04_10_2020-EX-99.8.KK-SERVICE AGREEMENT,TextOnly,3,1.0,0.09375,32
43,NYLIACVARIABLEANNUITYSEPARATEACCOUNTIII_04_10_2020-EX-99.8.KK-SERVICE AGREEMENT,TextOnly,5,1.0,0.15625,32
43,NYLIACVARIABLEANNUITYSEPARATEACCOUNTIII_04_10_2020-EX-99.8.KK-SERVICE AGREEMENT,TextOnly,10,1.0,0.3125,32
43,ALLIANCEBANCORPINCOFPENNSYLVANIA_10_18_2006-EX-1.2-AGENCY AGREEMENT,TextOnly,3,1.0,0.09375,32
43,ALLIANCEBANCORPINCOFPENNSYLVANIA_10_18_2006-EX-1.2-AGENCY AGREEMENT,TextOnly,5,1.0,0.15625,32
43,ALLIANCEBANCORPINCOFPENNSYLVANIA_10_18_2006-EX-1.2-AGENCY AGREEMENT,TextOnly,10,1.0,0.3125,32
43,ZtoExpressCaymanInc_20160930_F-1_EX-10.10_9752871_EX-10.10_Transportation Agreement,TextOnly,3,1.0,0.09090909090909091,33
43,ZtoExpressCaymanInc_20160930_F-1_EX-10.10_9752871_EX-10.10_Transportation Agreement,TextOnly,5,1.0,0.15151515151515152,33
43,ZtoExpressCaymanInc_20160930_F-1_EX-10.10_9752871_EX-10.10_Transportation Agreement,TextOnly,10,1.0,0.30303030303030304,33
43,MusclepharmCorp_20170208_10-KA_EX-10.38_9893581_EX-10.38_Co-Branding Agreement,TextOnly,3,1.0,0.16666666666666666,18
43,MusclepharmCorp_20170208_10-KA_EX-10.38_9893581_EX-10.38_Co-Branding Agreement,TextOnly,5,1.0,0.2777777777777778,18
43,MusclepharmCorp_20170208_10-KA_EX-10.38_9893581_EX-10.38_Co-Branding Agreement,TextOnly,10,0.9,0.5,18
43,DataCallTechnologies_20060918_SB-2A_EX-10.9_944510_EX-10.9_Content License Agreement,TextOnly,3,1.0,0.1111111111111111,27
43,DataCallTechnologies_20060918_SB-2A_EX-10.9_944510_EX-10.9_Content License Agreement,TextOnly,5,1.0,0.18518518518518517,27
43,DataCallTechnologies_20060918_SB-2A_EX-10.9_944510_EX-10.9_Content License Agreement,TextOnly,10,1.0,0.37037037037037035,27
43,WPPPLC_04_30_2020-EX-4.28-SERVICE AGREEMENT,TextOnly,3,1.0,0.1,30
43,WPPPLC_04_30_2020-EX-4.28-SERVICE AGREEMENT,TextOnly,5,1.0,0.16666666666666666,30
43,WPPPLC_04_30_2020-EX-4.28-SERVICE AGREEMENT,TextOnly,10,1.0,0.3333333333333333,30
43,ZEBRATECHNOLOGIESCORP_04_16_2014-EX-10.1-INTELLECTUAL PROPERTY AGREEMENT,TextOnly,3,1.0,0.11538461538461539,26
43,ZEBRATECHNOLOGIESCORP_04_16_2014-EX-10.1-INTELLECTUAL PROPERTY AGREEMENT,TextOnly,5,1.0,0.19230769230769232,26
43,ZEBRATECHNOLOGIESCORP_04_16_2014-EX-10.1-INTELLECTUAL PROPERTY AGREEMENT,TextOnly,10,1.0,0.38461538461538464,26
43,TEARDROPGOLFCO_10_23_1996-EX-10.12-ENDORSEMENT AGREEMENT,TextOnly,3,1.0,0.125,24
43,TEARDROPGOLFCO_10_23_1996-EX-10.12-ENDORSEMENT AGREEMENT,TextOnly,5,1.0,0.20833333333333334,24
43,TEARDROPGOLFCO_10_23_1996-EX-10.12-ENDORSEMENT AGREEMENT,TextOnly,10,1.0,0.4166666666666667,24
43,CardlyticsInc_20180112_S-1_EX-10.16_11002987_EX-10.16_Maintenance Agreement1,TextOnly,3,1.0,0.15789473684210525,19
43,CardlyticsInc_20180112_S-1_EX-10.16_11002987_EX-10.16_Maintenance Agreement1,TextOnly,5,1.0,0.2631578947368421,19
43,CardlyticsInc_20180112_S-1_EX-10.16_11002987_EX-10.16_Maintenance Agreement1,TextOnly,10,0.7,0.3684210526315789,19
43,PacificapEntertainmentHoldingsInc_20051115_8-KA_EX-1.01_4300894_EX-1.01_Content License Agreement,TextOnly,3,1.0,0.1111111111111111,27
43,PacificapEntertainmentHoldingsInc_20051115_8-KA_EX-1.01_4300894_EX-1.01_Content License Agreement,TextOnly,5,1.0,0.18518518518518517,27
43,PacificapEntertainmentHoldingsInc_20051115_8-KA_EX-1.01_4300894_EX-1.01_Content License Agreement,TextOnly,10,1.0,0.37037037037037035,27
43,"HOSPITALITYINVESTORSTRUST,INC_04_07_2014-EX-10.26-FRANCHISE AGREEMENT",TextOnly,3,1.0,0.125,24
43,"HOSPITALITYINVESTORSTRUST,INC_04_07_2014-EX-10.26-FRANCHISE AGREEMENT",TextOnly,5,1.0,0.20833333333333334,24
43,"HOSPITALITYINVESTORSTRUST,INC_04_07_2014-EX-10.26-FRANCHISE AGREEMENT",TextOnly,10,1.0,0.4166666666666667,24
43,ReynoldsConsumerProductsInc_20191115_S-1_EX-10.18_11896469_EX-10.18_Supply Agreement,TextOnly,3,1.0,0.1,30
43,ReynoldsConsumerProductsInc_20191115_S-1_EX-10.18_11896469_EX-10.18_Supply Agreement,TextOnly,5,1.0,0.16666666666666666,30
43,ReynoldsConsumerProductsInc_20191115_S-1_EX-10.18_11896469_EX-10.18_Supply Agreement,TextOnly,10,1.0,0.3333333333333333,30
43,"SPIENERGYCO,LTD_07_10_2014-EX-10-Cooperation Agreement of 50MWp Photovoltaic Grid-connected Power Generation Project in Yangqiao of~1",TextOnly,3,1.0,0.08108108108108109,37
43,"SPIENERGYCO,LTD_07_10_2014-EX-10-Cooperation Agreement of 50MWp Photovoltaic Grid-connected Power Generation Project in Yangqiao of~1",TextOnly,5,1.0,0.13513513513513514,37
43,"SPIENERGYCO,LTD_07_10_2014-EX-10-Cooperation Agreement of 50MWp Photovoltaic Grid-connected Power Generation Project in Yangqiao of~1",TextOnly,10,1.0,0.2702702702702703,37
43,"DUOSTECHNOLOGIESGROUP,INC_04_21_2009-EX-10.1-STRATEGIC ALLIANCE AGREEMENT",TextOnly,3,0.6666666666666666,0.10526315789473684,19
43,"DUOSTECHNOLOGIESGROUP,INC_04_21_2009-EX-10.1-STRATEGIC ALLIANCE AGREEMENT",TextOnly,5,0.8,0.21052631578947367,19
43,"DUOSTECHNOLOGIESGROUP,INC_04_21_2009-EX-10.1-STRATEGIC ALLIANCE AGREEMENT",TextOnly,10,0.8,0.42105263157894735,19
43,ChinaRealEstateInformationCorp_20090929_F-1_EX-10.32_4771615_EX-10.32_Content License Agreement,TextOnly,3,1.0,0.12,25
43,ChinaRealEstateInformationCorp_20090929_F-1_EX-10.32_4771615_EX-10.32_Content License Agreement,TextOnly,5,1.0,0.2,25
43,ChinaRealEstateInformationCorp_20090929_F-1_EX-10.32_4771615_EX-10.32_Content License Agreement,TextOnly,10,1.0,0.4,25
43,"VIRGINGALACTICHOLDINGS,INC_04_08_2020-EX-99.1-JOINT FILING STATEMENT",TextOnly,3,1.0,0.08108108108108109,37
43,"VIRGINGALACTICHOLDINGS,INC_04_08_2020-EX-99.1-JOINT FILING STATEMENT",TextOnly,5,1.0,0.13513513513513514,37
43,"VIRGINGALACTICHOLDINGS,INC_04_08_2020-EX-99.1-JOINT FILING STATEMENT",TextOnly,10,1.0,0.2702702702702703,37
43,BLUEFLYINC_03_27_2002-EX-10.27-e-business Hosting Agreement,TextOnly,3,1.0,0.125,24
43,BLUEFLYINC_03_27_2002-EX-10.27-e-business Hosting Agreement,TextOnly,5,1.0,0.20833333333333334,24
43,BLUEFLYINC_03_27_2002-EX-10.27-e-business Hosting Agreement,TextOnly,10,0.9,0.375,24
43,DIVERSINETCORP_03_01_2012-EX-4-RESELLER AGREEMENT,TextOnly,3,1.0,0.14285714285714285,21
43,DIVERSINETCORP_03_01_2012-EX-4-RESELLER AGREEMENT,TextOnly,5,1.0,0.23809523809523808,21
43,DIVERSINETCORP_03_01_2012-EX-4-RESELLER AGREEMENT,TextOnly,10,1.0,0.47619047619047616,21
43,BIOAMBERINC_04_10_2013-EX-10.34-DEVELOPMENT AGREEMENT - First Amendment,TextOnly,3,1.0,0.07894736842105263,38
43,BIOAMBERINC_04_10_2013-EX-10.34-DEVELOPMENT AGREEMENT - First Amendment,TextOnly,5,1.0,0.13157894736842105,38
43,BIOAMBERINC_04_10_2013-EX-10.34-DEVELOPMENT AGREEMENT - First Amendment,TextOnly,10,1.0,0.2631578947368421,38
43,InvendaCorp_20000828_S-1A_EX-10.2_2588206_EX-10.2_Co-Branding Agreement,TextOnly,3,0.6666666666666666,0.125,16
43,InvendaCorp_20000828_S-1A_EX-10.2_2588206_EX-10.2_Co-Branding Agreement,TextOnly,5,0.8,0.25,16
43,InvendaCorp_20000828_S-1A_EX-10.2_2588206_EX-10.2_Co-Branding Agreement,TextOnly,10,0.8,0.5,16
43,WebmdHealthCorp_20050908_S-1A_EX-10.7_1027007_EX-10.7_Content License Agreement,TextOnly,3,1.0,0.0967741935483871,31
43,WebmdHealthCorp_20050908_S-1A_EX-10.7_1027007_EX-10.7_Content License Agreement,TextOnly,5,1.0,0.16129032258064516,31
43,WebmdHealthCorp_20050908_S-1A_EX-10.7_1027007_EX-10.7_Content License Agreement,TextOnly,10,1.0,0.3225806451612903,31
43,SANDRIDGEENERGYINC_08_06_2009-EX-10.6-OPERATIONS AND MAINTENANCE AGREEMENT,TextOnly,3,1.0,0.10714285714285714,28
43,SANDRIDGEENERGYINC_08_06_2009-EX-10.6-OPERATIONS AND MAINTENANCE AGREEMENT,TextOnly,5,1.0,0.17857142857142858,28
43,SANDRIDGEENERGYINC_08_06_2009-EX-10.6-OPERATIONS AND MAINTENANCE AGREEMENT,TextOnly,10,1.0,0.35714285714285715,28
43,EmbarkComInc_19991008_S-1A_EX-10.10_6487661_EX-10.10_Co-Branding Agreement,TextOnly,3,1.0,0.1111111111111111,27
43,EmbarkComInc_19991008_S-1A_EX-10.10_6487661_EX-10.10_Co-Branding Agreement,TextOnly,5,1.0,0.18518518518518517,27
43,EmbarkComInc_19991008_S-1A_EX-10.10_6487661_EX-10.10_Co-Branding Agreement,TextOnly,10,1.0,0.37037037037037035,27
43,ANIXABIOSCIENCESINC_06_09_2020-EX-10.1-COLLABORATION AGREEMENT,TextOnly,3,1.0,0.13636363636363635,22
43,ANIXABIOSCIENCESINC_06_09_2020-EX-10.1-COLLABORATION AGREEMENT,TextOnly,5,1.0,0.22727272727272727,22
43,ANIXABIOSCIENCESINC_06_09_2020-EX-10.1-COLLABORATION AGREEMENT,TextOnly,10,0.9,0.4090909090909091,22
43,FreezeTagInc_20180411_8-K_EX-10.1_11139603_EX-10.1_Sponsorship Agreement,TextOnly,3,1.0,0.1111111111111111,27
43,FreezeTagInc_20180411_8-K_EX-10.1_11139603_EX-10.1_Sponsorship Agreement,TextOnly,5,1.0,0.18518518518518517,27
43,FreezeTagInc_20180411_8-K_EX-10.1_11139603_EX-10.1_Sponsorship Agreement,TextOnly,10,1.0,0.37037037037037035,27
43,PhasebioPharmaceuticalsInc_20200330_10-K_EX-10.21_12086810_EX-10.21_Development Agreement,TextOnly,3,1.0,0.15789473684210525,19
43,PhasebioPharmaceuticalsInc_20200330_10-K_EX-10.21_12086810_EX-10.21_Development Agreement,TextOnly,5,1.0,0.2631578947368421,19
43,PhasebioPharmaceuticalsInc_20200330_10-K_EX-10.21_12086810_EX-10.21_Development Agreement,TextOnly,10,0.8,0.42105263157894735,19
43,WARNINGMANAGEMENTSERVICESINC_12_10_1999-EX-10-ENDORSEMENT AGREEMENT,TextOnly,3,1.0,0.13636363636363635,22
43,WARNINGMANAGEMENTSERVICESINC_12_10_1999-EX-10-ENDORSEMENT AGREEMENT,TextOnly,5,1.0,0.22727272727272727,22
43,WARNINGMANAGEMENTSERVICESINC_12_10_1999-EX-10-ENDORSEMENT AGREEMENT,TextOnly,10,0.9,0.4090909090909091,22
43,RgcResourcesInc_20151216_8-K_EX-10.3_9372751_EX-10.3_Franchise Agreement,TextOnly,3,1.0,0.09090909090909091,33
43,RgcResourcesInc_20151216_8-K_EX-10.3_9372751_EX-10.3_Franchise Agreement,TextOnly,5,1.0,0.15151515151515152,33
43,RgcResourcesInc_20151216_8-K_EX-10.3_9372751_EX-10.3_Franchise Agreement,TextOnly,10,1.0,0.30303030303030304,33
43,BLACKROCKMUNIHOLDINGSINVESTMENTQUALITYFUND_04_07_2020-EX-99.01-JOINT FILING AGREEMENT,TextOnly,3,1.0,0.08333333333333333,36
43,BLACKROCKMUNIHOLDINGSINVESTMENTQUALITYFUND_04_07_2020-EX-99.01-JOINT FILING AGREEMENT,TextOnly,5,1.0,0.1388888888888889,36
43,BLACKROCKMUNIHOLDINGSINVESTMENTQUALITYFUND_04_07_2020-EX-99.01-JOINT FILING AGREEMENT,TextOnly,10,1.0,0.2777777777777778,36
43,ArconicRolledProductsCorp_20191217_10-12B_EX-2.7_11923804_EX-2.7_Trademark License Agreement,TextOnly,3,1.0,0.11538461538461539,26
43,ArconicRolledProductsCorp_20191217_10-12B_EX-2.7_11923804_EX-2.7_Trademark License Agreement,TextOnly,5,1.0,0.19230769230769232,26
43,ArconicRolledProductsCorp_20191217_10-12B_EX-2.7_11923804_EX-2.7_Trademark License Agreement,TextOnly,10,0.9,0.34615384615384615,26
43,ICORECONNECTINC_10_13_2010-EX-7.1-Strategic Alliance Agreement,TextOnly,3,1.0,0.12,25
43,ICORECONNECTINC_10_13_2010-EX-7.1-Strategic Alliance Agreement,TextOnly,5,1.0,0.2,25
43,ICORECONNECTINC_10_13_2010-EX-7.1-Strategic Alliance Agreement,TextOnly,10,1.0,0.4,25
43,BOLIVARMININGCORP_05_23_2003-EX-2.1-VISP WEB SITE BUILDING AND HOSTING AGREEMENT,TextOnly,3,1.0,0.10714285714285714,28
43,BOLIVARMININGCORP_05_23_2003-EX-2.1-VISP WEB SITE BUILDING AND HOSTING AGREEMENT,TextOnly,5,1.0,0.17857142857142858,28
43,BOLIVARMININGCORP_05_23_2003-EX-2.1-VISP WEB SITE BUILDING AND HOSTING AGREEMENT,TextOnly,10,0.9,0.32142857142857145,28
43,INKTOMICORP_06_08_1998-EX-10.14-SOFTWARE HOSTING AGREEMENT,TextOnly,3,1.0,0.14285714285714285,21
43,INKTOMICORP_06_08_1998-EX-10.14-SOFTWARE HOSTING AGREEMENT,TextOnly,5,1.0,0.23809523809523808,21
43,INKTOMICORP_06_08_1998-EX-10.14-SOFTWARE HOSTING AGREEMENT,TextOnly,10,1.0,0.47619047619047616,21
43,ATMOSENERGYCORP_11_22_2002-EX-10.17-TRANSPORTATION SERVICE AGREEMENT,TextOnly,3,1.0,0.10344827586206896,29
43,ATMOSENERGYCORP_11_22_2002-EX-10.17-TRANSPORTATION SERVICE AGREEMENT,TextOnly,5,1.0,0.1724137931034483,29
43,ATMOSENERGYCORP_11_22_2002-EX-10.17-TRANSPORTATION SERVICE AGREEMENT,TextOnly,10,1.0,0.3448275862068966,29
43,WARNERCHILCOTTPLC_12_31_2003-EX-4.36-DEVELOPMENT AGREEMENT,TextOnly,3,1.0,0.09375,32
43,WARNERCHILCOTTPLC_12_31_2003-EX-4.36-DEVELOPMENT AGREEMENT,TextOnly,5,1.0,0.15625,32
43,WARNERCHILCOTTPLC_12_31_2003-EX-4.36-DEVELOPMENT AGREEMENT,TextOnly,10,1.0,0.3125,32
43,Cerus Corporation - FIRST AMEND TO SUPPLY AND MANUFACTURING AGREEMENT,TextOnly,3,1.0,0.07894736842105263,38
43,Cerus Corporation - FIRST AMEND TO SUPPLY AND MANUFACTURING AGREEMENT,TextOnly,5,1.0,0.13157894736842105,38
43,Cerus Corporation - FIRST AMEND TO SUPPLY AND MANUFACTURING AGREEMENT,TextOnly,10,1.0,0.2631578947368421,38
43,AURASYSTEMSINC_06_16_2010-EX-10.25-STRATEGIC ALLIANCE AGREEMENT,TextOnly,3,1.0,0.17647058823529413,17
43,AURASYSTEMSINC_06_16_2010-EX-10.25-STRATEGIC ALLIANCE AGREEMENT,TextOnly,5,0.8,0.23529411764705882,17
43,AURASYSTEMSINC_06_16_2010-EX-10.25-STRATEGIC ALLIANCE AGREEMENT,TextOnly,10,0.7,0.4117647058823529,17
43,MidwestEnergyEmissionsCorp_20080604_8-K_EX-10.2_3093976_EX-10.2_Content License Agreement,TextOnly,3,1.0,0.13043478260869565,23
43,MidwestEnergyEmissionsCorp_20080604_8-K_EX-10.2_3093976_EX-10.2_Content License Agreement,TextOnly,5,1.0,0.21739130434782608,23
43,MidwestEnergyEmissionsCorp_20080604_8-K_EX-10.2_3093976_EX-10.2_Content License Agreement,TextOnly,10,0.9,0.391304347826087,23
43,HealthcentralCom_19991108_S-1A_EX-10.27_6623292_EX-10.27_Co-Branding Agreement,TextOnly,3,1.0,0.15,20
43,HealthcentralCom_19991108_S-1A_EX-10.27_6623292_EX-10.27_Co-Branding Agreement,TextOnly,5,1.0,0.25,20
43,HealthcentralCom_19991108_S-1A_EX-10.27_6623292_EX-10.27_Co-Branding Agreement,TextOnly,10,1.0,0.5,20
43,GarrettMotionInc_20181001_8-K_EX-2.4_11364532_EX-2.4_Intellectual Property Agreement,TextOnly,3,1.0,0.125,24
43,GarrettMotionInc_20181001_8-K_EX-2.4_11364532_EX-2.4_Intellectual Property Agreement,TextOnly,5,1.0,0.20833333333333334,24
43,GarrettMotionInc_20181001_8-K_EX-2.4_11364532_EX-2.4_Intellectual Property Agreement,TextOnly,10,1.0,0.4166666666666667,24
43,EmeraldHealthBioceuticalsInc_20200218_1-A_EX1A-6 MAT CTRCT_11987205_EX1A-6 MAT CTRCT_Development Agreement,TextOnly,3,1.0,0.12,25
43,EmeraldHealthBioceuticalsInc_20200218_1-A_EX1A-6 MAT CTRCT_11987205_EX1A-6 MAT CTRCT_Development Agreement,TextOnly,5,1.0,0.2,25
43,EmeraldHealthBioceuticalsInc_20200218_1-A_EX1A-6 MAT CTRCT_11987205_EX1A-6 MAT CTRCT_Development Agreement,TextOnly,10,1.0,0.4,25
43,ON4COMMUNICATIONSINC_07_02_2009-EX-10.1-PROMOTION AGREEMENT,TextOnly,3,1.0,0.08823529411764706,34
43,ON4COMMUNICATIONSINC_07_02_2009-EX-10.1-PROMOTION AGREEMENT,TextOnly,5,1.0,0.14705882352941177,34
43,ON4COMMUNICATIONSINC_07_02_2009-EX-10.1-PROMOTION AGREEMENT,TextOnly,10,1.0,0.29411764705882354,34
43,NANOPHASETECHNOLOGIESCORP_11_01_2005-EX-99.1-DISTRIBUTOR AGREEMENT,TextOnly,3,1.0,0.15,20
43,NANOPHASETECHNOLOGIESCORP_11_01_2005-EX-99.1-DISTRIBUTOR AGREEMENT,TextOnly,5,0.8,0.2,20
43,NANOPHASETECHNOLOGIESCORP_11_01_2005-EX-99.1-DISTRIBUTOR AGREEMENT,TextOnly,10,0.9,0.45,20
43,KINGPHARMACEUTICALSINC_08_09_2006-EX-10.1-PROMOTION AGREEMENT,TextOnly,3,1.0,0.14285714285714285,21
43,KINGPHARMACEUTICALSINC_08_09_2006-EX-10.1-PROMOTION AGREEMENT,TextOnly,5,1.0,0.23809523809523808,21
43,KINGPHARMACEUTICALSINC_08_09_2006-EX-10.1-PROMOTION AGREEMENT,TextOnly,10,0.9,0.42857142857142855,21
43,LOGANSROADHOUSEINC_03_27_1998-EX-10.17-SPONSORSHIP AGREEMENT,TextOnly,3,1.0,0.1,30
43,LOGANSROADHOUSEINC_03_27_1998-EX-10.17-SPONSORSHIP AGREEMENT,TextOnly,5,1.0,0.16666666666666666,30
43,LOGANSROADHOUSEINC_03_27_1998-EX-10.17-SPONSORSHIP AGREEMENT,TextOnly,10,1.0,0.3333333333333333,30
43,"PHREESIA,INC_05_28_2019-EX-10.18-STRATEGIC ALLIANCE AGREEMENT",TextOnly,3,1.0,0.14285714285714285,21
43,"PHREESIA,INC_05_28_2019-EX-10.18-STRATEGIC ALLIANCE AGREEMENT",TextOnly,5,0.8,0.19047619047619047,21
43,"PHREESIA,INC_05_28_2019-EX-10.18-STRATEGIC ALLIANCE AGREEMENT",TextOnly,10,0.9,0.42857142857142855,21
43,"KUBIENT,INC_07_02_2020-EX-10.14-MASTER SERVICES AGREEMENT_Part2",TextOnly,3,1.0,0.09090909090909091,33
43,"KUBIENT,INC_07_02_2020-EX-10.14-MASTER SERVICES AGREEMENT_Part2",TextOnly,5,0.8,0.12121212121212122,33
43,"KUBIENT,INC_07_02_2020-EX-10.14-MASTER SERVICES AGREEMENT_Part2",TextOnly,10,0.9,0.2727272727272727,33
43,HEALTHGATEDATACORP_11_24_1999-EX-10.1-HOSTING AND MANAGEMENT AGREEMENT (1),TextOnly,3,0.6666666666666666,0.11764705882352941,17
43,HEALTHGATEDATACORP_11_24_1999-EX-10.1-HOSTING AND MANAGEMENT AGREEMENT (1),TextOnly,5,0.8,0.23529411764705882,17
43,HEALTHGATEDATACORP_11_24_1999-EX-10.1-HOSTING AND MANAGEMENT AGREEMENT (1),TextOnly,10,0.8,0.47058823529411764,17
43,"KNOWLABS,INC_08_15_2005-EX-10-INTELLECTUAL PROPERTY AGREEMENT",TextOnly,3,1.0,0.0967741935483871,31
43,"KNOWLABS,INC_08_15_2005-EX-10-INTELLECTUAL PROPERTY AGREEMENT",TextOnly,5,0.8,0.12903225806451613,31
43,"KNOWLABS,INC_08_15_2005-EX-10-INTELLECTUAL PROPERTY AGREEMENT",TextOnly,10,0.9,0.2903225806451613,31
43,SigaTechnologiesInc_20190603_8-K_EX-10.1_11695818_EX-10.1_Promotion Agreement,TextOnly,3,1.0,0.15789473684210525,19
43,SigaTechnologiesInc_20190603_8-K_EX-10.1_11695818_EX-10.1_Promotion Agreement,TextOnly,5,1.0,0.2631578947368421,19
43,SigaTechnologiesInc_20190603_8-K_EX-10.1_11695818_EX-10.1_Promotion Agreement,TextOnly,10,0.9,0.47368421052631576,19
43,PhoenixNewMediaLtd_20110421_F-1_EX-10.17_6958322_EX-10.17_Content License Agreement,TextOnly,3,1.0,0.1111111111111111,27
43,PhoenixNewMediaLtd_20110421_F-1_EX-10.17_6958322_EX-10.17_Content License Agreement,TextOnly,5,1.0,0.18518518518518517,27
43,PhoenixNewMediaLtd_20110421_F-1_EX-10.17_6958322_EX-10.17_Content License Agreement,TextOnly,10,1.0,0.37037037037037035,27
43,"HEMISPHERX - Sales, Marketing, Distribution, and Supply Agreement",TextOnly,3,1.0,0.13636363636363635,22
43,"HEMISPHERX - Sales, Marketing, Distribution, and Supply Agreement",TextOnly,5,1.0,0.22727272727272727,22
43,"HEMISPHERX - Sales, Marketing, Distribution, and Supply Agreement",TextOnly,10,0.8,0.36363636363636365,22
43,TRIZETTOGROUPINC_08_18_1999-EX-10.17-TECHNICAL INFRASTRUCTURE MAINTENANCE AGREEMENT,TextOnly,3,1.0,0.10344827586206896,29
43,TRIZETTOGROUPINC_08_18_1999-EX-10.17-TECHNICAL INFRASTRUCTURE MAINTENANCE AGREEMENT,TextOnly,5,1.0,0.1724137931034483,29
43,TRIZETTOGROUPINC_08_18_1999-EX-10.17-TECHNICAL INFRASTRUCTURE MAINTENANCE AGREEMENT,TextOnly,10,1.0,0.3448275862068966,29
43,GluMobileInc_20070319_S-1A_EX-10.09_436630_EX-10.09_Content License Agreement4,TextOnly,3,1.0,0.08333333333333333,36
43,GluMobileInc_20070319_S-1A_EX-10.09_436630_EX-10.09_Content License Agreement4,TextOnly,5,1.0,0.1388888888888889,36
43,GluMobileInc_20070319_S-1A_EX-10.09_436630_EX-10.09_Content License Agreement4,TextOnly,10,1.0,0.2777777777777778,36
43,EhaveInc_20190515_20-F_EX-4.44_11678816_EX-4.44_License Agreement_ Reseller Agreement,TextOnly,3,0.6666666666666666,0.1111111111111111,18
43,EhaveInc_20190515_20-F_EX-4.44_11678816_EX-4.44_License Agreement_ Reseller Agreement,TextOnly,5,0.8,0.2222222222222222,18
43,EhaveInc_20190515_20-F_EX-4.44_11678816_EX-4.44_License Agreement_ Reseller Agreement,TextOnly,10,0.8,0.4444444444444444,18
43,PHLVARIABLEINSURANCECOCT_08_17_2009-EX-10.1-STRATEGIC ALLIANCE AGREEMENT,TextOnly,3,0.6666666666666666,0.07692307692307693,26
43,PHLVARIABLEINSURANCECOCT_08_17_2009-EX-10.1-STRATEGIC ALLIANCE AGREEMENT,TextOnly,5,0.8,0.15384615384615385,26
43,PHLVARIABLEINSURANCECOCT_08_17_2009-EX-10.1-STRATEGIC ALLIANCE AGREEMENT,TextOnly,10,0.8,0.3076923076923077,26
43,PfHospitalityGroupInc_20150923_10-12G_EX-10.1_9266710_EX-10.1_Franchise Agreement3,TextOnly,3,1.0,0.09375,32
43,PfHospitalityGroupInc_20150923_10-12G_EX-10.1_9266710_EX-10.1_Franchise Agreement3,TextOnly,5,1.0,0.15625,32
43,PfHospitalityGroupInc_20150923_10-12G_EX-10.1_9266710_EX-10.1_Franchise Agreement3,TextOnly,10,1.0,0.3125,32
43,PapaJohnsInternationalInc_20190617_8-K_EX-10.1_11707365_EX-10.1_Endorsement Agreement,TextOnly,3,1.0,0.15,20
43,PapaJohnsInternationalInc_20190617_8-K_EX-10.1_11707365_EX-10.1_Endorsement Agreement,TextOnly,5,1.0,0.25,20
43,PapaJohnsInternationalInc_20190617_8-K_EX-10.1_11707365_EX-10.1_Endorsement Agreement,TextOnly,10,0.9,0.45,20
43,InnerscopeHearingTechnologiesInc_20181109_8-K_EX-10.6_11419704_EX-10.6_Distributor Agreement,TextOnly,3,0.6666666666666666,0.08333333333333333,24
43,InnerscopeHearingTechnologiesInc_20181109_8-K_EX-10.6_11419704_EX-10.6_Distributor Agreement,TextOnly,5,0.8,0.16666666666666666,24
43,InnerscopeHearingTechnologiesInc_20181109_8-K_EX-10.6_11419704_EX-10.6_Distributor Agreement,TextOnly,10,0.9,0.375,24
43,SENMIAOTECHNOLOGYLTD_02_19_2019-EX-10.5-Collaboration Agreement,TextOnly,3,1.0,0.1111111111111111,27
43,SENMIAOTECHNOLOGYLTD_02_19_2019-EX-10.5-Collaboration Agreement,TextOnly,5,1.0,0.18518518518518517,27
43,SENMIAOTECHNOLOGYLTD_02_19_2019-EX-10.5-Collaboration Agreement,TextOnly,10,0.9,0.3333333333333333,27
43,LinkPlusCorp_20050802_8-K_EX-10_3240252_EX-10_Affiliate Agreement,TextOnly,3,1.0,0.1111111111111111,27
43,LinkPlusCorp_20050802_8-K_EX-10_3240252_EX-10_Affiliate Agreement,TextOnly,5,1.0,0.18518518518518517,27
43,LinkPlusCorp_20050802_8-K_EX-10_3240252_EX-10_Affiliate Agreement,TextOnly,10,0.9,0.3333333333333333,27
43,GentechHoldingsInc_20190808_1-A_EX1A-6 MAT CTRCT_11776814_EX1A-6 MAT CTRCT_Distributor Agreement,TextOnly,3,1.0,0.13043478260869565,23
43,GentechHoldingsInc_20190808_1-A_EX1A-6 MAT CTRCT_11776814_EX1A-6 MAT CTRCT_Distributor Agreement,TextOnly,5,1.0,0.21739130434782608,23
43,GentechHoldingsInc_20190808_1-A_EX1A-6 MAT CTRCT_11776814_EX1A-6 MAT CTRCT_Distributor Agreement,TextOnly,10,0.7,0.30434782608695654,23
43,ElPolloLocoHoldingsInc_20200306_10-K_EX-10.16_12041700_EX-10.16_Development Agreement,TextOnly,3,1.0,0.12,25
43,ElPolloLocoHoldingsInc_20200306_10-K_EX-10.16_12041700_EX-10.16_Development Agreement,TextOnly,5,1.0,0.2,25
43,ElPolloLocoHoldingsInc_20200306_10-K_EX-10.16_12041700_EX-10.16_Development Agreement,TextOnly,10,1.0,0.4,25
43,"XLITECHNOLOGIES,INC_12_11_2015-EX-10.1-Sponsorship Agreement",TextOnly,3,1.0,0.09375,32
43,"XLITECHNOLOGIES,INC_12_11_2015-EX-10.1-Sponsorship Agreement",TextOnly,5,1.0,0.15625,32
43,"XLITECHNOLOGIES,INC_12_11_2015-EX-10.1-Sponsorship Agreement",TextOnly,10,1.0,0.3125,32
43,ImpresseCorp_20000322_S-1A_EX-10.11_5199234_EX-10.11_Co-Branding Agreement,TextOnly,3,1.0,0.13043478260869565,23
43,ImpresseCorp_20000322_S-1A_EX-10.11_5199234_EX-10.11_Co-Branding Agreement,TextOnly,5,1.0,0.21739130434782608,23
43,ImpresseCorp_20000322_S-1A_EX-10.11_5199234_EX-10.11_Co-Branding Agreement,TextOnly,10,1.0,0.43478260869565216,23
43,LECLANCHÉ S.A. - JOINT DEVELOPMENT AND MARKETING AGREEMENT,TextOnly,3,1.0,0.10714285714285714,28
43,LECLANCHÉ S.A. - JOINT DEVELOPMENT AND MARKETING AGREEMENT,TextOnly,5,1.0,0.17857142857142858,28
43,LECLANCHÉ S.A. - JOINT DEVELOPMENT AND MARKETING AGREEMENT,TextOnly,10,1.0,0.35714285714285715,28
43,PREMIERBIOMEDICALINC_05_14_2020-EX-10.2-INTELLECTUAL PROPERTY AGREEMENT,TextOnly,3,1.0,0.09375,32
43,PREMIERBIOMEDICALINC_05_14_2020-EX-10.2-INTELLECTUAL PROPERTY AGREEMENT,TextOnly,5,1.0,0.15625,32
43,PREMIERBIOMEDICALINC_05_14_2020-EX-10.2-INTELLECTUAL PROPERTY AGREEMENT,TextOnly,10,1.0,0.3125,32
43,"SPRINGBANKPHARMACEUTICALS,INC_04_08_2020-EX-99.A-JOINT FILING AGREEMENT",TextOnly,3,1.0,0.08333333333333333,36
43,"SPRINGBANKPHARMACEUTICALS,INC_04_08_2020-EX-99.A-JOINT FILING AGREEMENT",TextOnly,5,1.0,0.1388888888888889,36
43,"SPRINGBANKPHARMACEUTICALS,INC_04_08_2020-EX-99.A-JOINT FILING AGREEMENT",TextOnly,10,1.0,0.2777777777777778,36
43,Apollo Endosurgery - Manufacturing and Supply Agreement,TextOnly,3,1.0,0.125,24
43,Apollo Endosurgery - Manufacturing and Supply Agreement,TextOnly,5,1.0,0.20833333333333334,24
43,Apollo Endosurgery - Manufacturing and Supply Agreement,TextOnly,10,1.0,0.4166666666666667,24
43,UsioInc_20040428_SB-2_EX-10.11_1723988_EX-10.11_Affiliate Agreement 2,TextOnly,3,1.0,0.13043478260869565,23
43,UsioInc_20040428_SB-2_EX-10.11_1723988_EX-10.11_Affiliate Agreement 2,TextOnly,5,1.0,0.21739130434782608,23
43,UsioInc_20040428_SB-2_EX-10.11_1723988_EX-10.11_Affiliate Agreement 2,TextOnly,10,0.9,0.391304347826087,23
43,N2KINC_10_16_1997-EX-10.16-SPONSORSHIP AGREEMENT,TextOnly,3,1.0,0.13636363636363635,22
43,N2KINC_10_16_1997-EX-10.16-SPONSORSHIP AGREEMENT,TextOnly,5,1.0,0.22727272727272727,22
43,N2KINC_10_16_1997-EX-10.16-SPONSORSHIP AGREEMENT,TextOnly,10,0.8,0.36363636363636365,22
43,LohaCompanyltd_20191209_F-1_EX-10.16_11917878_EX-10.16_Supply Agreement,TextOnly,3,1.0,0.08823529411764706,34
43,LohaCompanyltd_20191209_F-1_EX-10.16_11917878_EX-10.16_Supply Agreement,TextOnly,5,1.0,0.14705882352941177,34
43,LohaCompanyltd_20191209_F-1_EX-10.16_11917878_EX-10.16_Supply Agreement,TextOnly,10,1.0,0.29411764705882354,34
43,"GIGGLESN_HUGS,INC_06_23_2016-EX-10.2-STRATEGIC ALLIANCE AGREEMENT",TextOnly,3,1.0,0.0967741935483871,31
43,"GIGGLESN_HUGS,INC_06_23_2016-EX-10.2-STRATEGIC ALLIANCE AGREEMENT",TextOnly,5,1.0,0.16129032258064516,31
43,"GIGGLESN_HUGS,INC_06_23_2016-EX-10.2-STRATEGIC ALLIANCE AGREEMENT",TextOnly,10,1.0,0.3225806451612903,31
43,"BLUEROCKRESIDENTIALGROWTHREIT,INC_06_01_2016-EX-1.1-AGENCY AGREEMENT",TextOnly,3,1.0,0.09090909090909091,33
43,"BLUEROCKRESIDENTIALGROWTHREIT,INC_06_01_2016-EX-1.1-AGENCY AGREEMENT",TextOnly,5,1.0,0.15151515151515152,33
43,"BLUEROCKRESIDENTIALGROWTHREIT,INC_06_01_2016-EX-1.1-AGENCY AGREEMENT",TextOnly,10,1.0,0.30303030303030304,33
43,CardlyticsInc_20180112_S-1_EX-10.16_11002987_EX-10.16_Maintenance Agreement3,TextOnly,3,1.0,0.08108108108108109,37
43,CardlyticsInc_20180112_S-1_EX-10.16_11002987_EX-10.16_Maintenance Agreement3,TextOnly,5,1.0,0.13513513513513514,37
43,CardlyticsInc_20180112_S-1_EX-10.16_11002987_EX-10.16_Maintenance Agreement3,TextOnly,10,1.0,0.2702702702702703,37
43,"FIDELITYNATIONALINFORMATIONSERVICES,INC_08_05_2009-EX-10.3-INTELLECTUAL PROPERTY AGREEMENT",TextOnly,3,1.0,0.11538461538461539,26
43,"FIDELITYNATIONALINFORMATIONSERVICES,INC_08_05_2009-EX-10.3-INTELLECTUAL PROPERTY AGREEMENT",TextOnly,5,1.0,0.19230769230769232,26
43,"FIDELITYNATIONALINFORMATIONSERVICES,INC_08_05_2009-EX-10.3-INTELLECTUAL PROPERTY AGREEMENT",TextOnly,10,1.0,0.38461538461538464,26
43,BLACKBOXSTOCKSINC_08_05_2014-EX-10.1-DISTRIBUTOR AGREEMENT,TextOnly,3,1.0,0.125,24
43,BLACKBOXSTOCKSINC_08_05_2014-EX-10.1-DISTRIBUTOR AGREEMENT,TextOnly,5,1.0,0.20833333333333334,24
43,BLACKBOXSTOCKSINC_08_05_2014-EX-10.1-DISTRIBUTOR AGREEMENT,TextOnly,10,1.0,0.4166666666666667,24
43,ParatekPharmaceuticalsInc_20170505_10-KA_EX-10.29_10323872_EX-10.29_Outsourcing Agreement,TextOnly,3,1.0,0.15789473684210525,19
43,ParatekPharmaceuticalsInc_20170505_10-KA_EX-10.29_10323872_EX-10.29_Outsourcing Agreement,TextOnly,5,1.0,0.2631578947368421,19
43,ParatekPharmaceuticalsInc_20170505_10-KA_EX-10.29_10323872_EX-10.29_Outsourcing Agreement,TextOnly,10,0.9,0.47368421052631576,19
43,FEDERATEDGOVERNMENTINCOMESECURITIESINC_04_28_2020-EX-99.SERV AGREE-SERVICES AGREEMENT_SECONDAMENDMENT,TextOnly,3,1.0,0.08333333333333333,36
43,FEDERATEDGOVERNMENTINCOMESECURITIESINC_04_28_2020-EX-99.SERV AGREE-SERVICES AGREEMENT_SECONDAMENDMENT,TextOnly,5,1.0,0.1388888888888889,36
43,FEDERATEDGOVERNMENTINCOMESECURITIESINC_04_28_2020-EX-99.SERV AGREE-SERVICES AGREEMENT_SECONDAMENDMENT,TextOnly,10,1.0,0.2777777777777778,36
43,ENTERPRISEPRODUCTSPARTNERSLP_07_08_1998-EX-10.3-TRANSPORTATION CONTRACT,TextOnly,3,0.6666666666666666,0.08,25
43,ENTERPRISEPRODUCTSPARTNERSLP_07_08_1998-EX-10.3-TRANSPORTATION CONTRACT,TextOnly,5,0.8,0.16,25
43,ENTERPRISEPRODUCTSPARTNERSLP_07_08_1998-EX-10.3-TRANSPORTATION CONTRACT,TextOnly,10,0.9,0.36,25
43,LegacyEducationAllianceInc_20141110_8-K_EX-10.9_8828866_EX-10.9_Endorsement Agreement,TextOnly,3,1.0,0.12,25
43,LegacyEducationAllianceInc_20141110_8-K_EX-10.9_8828866_EX-10.9_Endorsement Agreement,TextOnly,5,1.0,0.2,25
43,LegacyEducationAllianceInc_20141110_8-K_EX-10.9_8828866_EX-10.9_Endorsement Agreement,TextOnly,10,1.0,0.4,25
43,AIRTECHINTERNATIONALGROUPINC_05_08_2000-EX-10.4-FRANCHISE AGREEMENT,TextOnly,3,1.0,0.15,20
43,AIRTECHINTERNATIONALGROUPINC_05_08_2000-EX-10.4-FRANCHISE AGREEMENT,TextOnly,5,1.0,0.25,20
43,AIRTECHINTERNATIONALGROUPINC_05_08_2000-EX-10.4-FRANCHISE AGREEMENT,TextOnly,10,1.0,0.5,20
43,ImineCorp_20180725_S-1_EX-10.5_11275970_EX-10.5_Distributor Agreement,TextOnly,3,1.0,0.12,25
43,ImineCorp_20180725_S-1_EX-10.5_11275970_EX-10.5_Distributor Agreement,TextOnly,5,1.0,0.2,25
43,ImineCorp_20180725_S-1_EX-10.5_11275970_EX-10.5_Distributor Agreement,TextOnly,10,1.0,0.4,25
43,ELECTRAMECCANICA VEHICLES CORP. - Manufacturing Agreement,TextOnly,3,1.0,0.12,25
43,ELECTRAMECCANICA VEHICLES CORP. - Manufacturing Agreement,TextOnly,5,1.0,0.2,25
43,ELECTRAMECCANICA VEHICLES CORP. - Manufacturing Agreement,TextOnly,10,0.8,0.32,25
43,FEDERATEDGOVERNMENTINCOMESECURITIESINC_04_28_2020-EX-99.SERV AGREE-SERVICES AGREEMENT,TextOnly,3,1.0,0.09090909090909091,33
43,FEDERATEDGOVERNMENTINCOMESECURITIESINC_04_28_2020-EX-99.SERV AGREE-SERVICES AGREEMENT,TextOnly,5,1.0,0.15151515151515152,33
43,FEDERATEDGOVERNMENTINCOMESECURITIESINC_04_28_2020-EX-99.SERV AGREE-SERVICES AGREEMENT,TextOnly,10,1.0,0.30303030303030304,33
43,"OMINTO,INC_03_29_2004-EX-10-RESELLER AGREEMENT",TextOnly,3,1.0,0.12,25
43,"OMINTO,INC_03_29_2004-EX-10-RESELLER AGREEMENT",TextOnly,5,0.8,0.16,25
43,"OMINTO,INC_03_29_2004-EX-10-RESELLER AGREEMENT",TextOnly,10,0.8,0.32,25
43,UAGHINC_04_14_2004-EX-10.18-MAINTENANCE AGREEMENT,TextOnly,3,1.0,0.10714285714285714,28
43,UAGHINC_04_14_2004-EX-10.18-MAINTENANCE AGREEMENT,TextOnly,5,1.0,0.17857142857142858,28
43,UAGHINC_04_14_2004-EX-10.18-MAINTENANCE AGREEMENT,TextOnly,10,1.0,0.35714285714285715,28
43,ACCURAYINC_09_01_2010-EX-10.31-DISTRIBUTOR AGREEMENT,TextOnly,3,1.0,0.10714285714285714,28
43,ACCURAYINC_09_01_2010-EX-10.31-DISTRIBUTOR AGREEMENT,TextOnly,5,1.0,0.17857142857142858,28
43,ACCURAYINC_09_01_2010-EX-10.31-DISTRIBUTOR AGREEMENT,TextOnly,10,1.0,0.35714285714285715,28
43,SalesforcecomInc_20171122_10-Q_EX-10.1_10961535_EX-10.1_Reseller Agreement,TextOnly,3,1.0,0.08333333333333333,36
43,SalesforcecomInc_20171122_10-Q_EX-10.1_10961535_EX-10.1_Reseller Agreement,TextOnly,5,1.0,0.1388888888888889,36
43,SalesforcecomInc_20171122_10-Q_EX-10.1_10961535_EX-10.1_Reseller Agreement,TextOnly,10,1.0,0.2777777777777778,36
43,VERICELCORP_08_06_2019-EX-10.10-SUPPLY AGREEMENT,TextOnly,3,1.0,0.15,20
43,VERICELCORP_08_06_2019-EX-10.10-SUPPLY AGREEMENT,TextOnly,5,0.8,0.2,20
43,VERICELCORP_08_06_2019-EX-10.10-SUPPLY AGREEMENT,TextOnly,10,0.9,0.45,20
43,MACROGENICSINC_08_02_2013-EX-10-COLLABORATION AGREEMENT,TextPlusLayout,3,1.0,0.14285714285714285,21
43,MACROGENICSINC_08_02_2013-EX-10-COLLABORATION AGREEMENT,TextPlusLayout,5,1.0,0.23809523809523808,21
43,MACROGENICSINC_08_02_2013-EX-10-COLLABORATION AGREEMENT,TextPlusLayout,10,1.0,0.47619047619047616,21
43,RandWorldwideInc_20010402_8-KA_EX-10.2_2102464_EX-10.2_Co-Branding Agreement,TextPlusLayout,3,1.0,0.14285714285714285,21
43,RandWorldwideInc_20010402_8-KA_EX-10.2_2102464_EX-10.2_Co-Branding Agreement,TextPlusLayout,5,0.8,0.19047619047619047,21
43,RandWorldwideInc_20010402_8-KA_EX-10.2_2102464_EX-10.2_Co-Branding Agreement,TextPlusLayout,10,0.8,0.38095238095238093,21
43,AMBASSADOREYEWEARGROUPINC_11_17_1997-EX-10.28-ENDORSEMENT AGREEMENT,TextPlusLayout,3,1.0,0.125,24
43,AMBASSADOREYEWEARGROUPINC_11_17_1997-EX-10.28-ENDORSEMENT AGREEMENT,TextPlusLayout,5,1.0,0.20833333333333334,24
43,AMBASSADOREYEWEARGROUPINC_11_17_1997-EX-10.28-ENDORSEMENT AGREEMENT,TextPlusLayout,10,1.0,0.4166666666666667,24
43,PcquoteComInc_19990721_S-1A_EX-10.11_6377149_EX-10.11_Co-Branding Agreement3,TextPlusLayout,3,1.0,0.08333333333333333,36
43,PcquoteComInc_19990721_S-1A_EX-10.11_6377149_EX-10.11_Co-Branding Agreement3,TextPlusLayout,5,1.0,0.1388888888888889,36
43,PcquoteComInc_19990721_S-1A_EX-10.11_6377149_EX-10.11_Co-Branding Agreement3,TextPlusLayout,10,1.0,0.2777777777777778,36
43,HOLIDAYRVSUPERSTORESINC_04_15_2002-EX-10.13-ENDORSEMENT AGREEMENT,TextPlusLayout,3,1.0,0.10714285714285714,28
43,HOLIDAYRVSUPERSTORESINC_04_15_2002-EX-10.13-ENDORSEMENT AGREEMENT,TextPlusLayout,5,0.8,0.14285714285714285,28
43,HOLIDAYRVSUPERSTORESINC_04_15_2002-EX-10.13-ENDORSEMENT AGREEMENT,TextPlusLayout,10,0.9,0.32142857142857145,28
43,SPHERE3DCORP_06_24_2020-EX-10.12-CONSULTING AGREEMENT,TextPlusLayout,3,1.0,0.09375,32
43,SPHERE3DCORP_06_24_2020-EX-10.12-CONSULTING AGREEMENT,TextPlusLayout,5,1.0,0.15625,32
43,SPHERE3DCORP_06_24_2020-EX-10.12-CONSULTING AGREEMENT,TextPlusLayout,10,1.0,0.3125,32
43,VARIABLESEPARATEACCOUNT_04_30_2014-EX-13.C-UNCONDITIONAL CAPITAL MAINTENANCE AGREEMENT,TextPlusLayout,3,1.0,0.09090909090909091,33
43,VARIABLESEPARATEACCOUNT_04_30_2014-EX-13.C-UNCONDITIONAL CAPITAL MAINTENANCE AGREEMENT,TextPlusLayout,5,1.0,0.15151515151515152,33
43,VARIABLESEPARATEACCOUNT_04_30_2014-EX-13.C-UNCONDITIONAL CAPITAL MAINTENANCE AGREEMENT,TextPlusLayout,10,1.0,0.30303030303030304,33
43,"TURNKEYCAPITAL,INC_07_20_2017-EX-1.1-Strategic Alliance Agreement",TextPlusLayout,3,1.0,0.1,30
43,"TURNKEYCAPITAL,INC_07_20_2017-EX-1.1-Strategic Alliance Agreement",TextPlusLayout,5,1.0,0.16666666666666666,30
43,"TURNKEYCAPITAL,INC_07_20_2017-EX-1.1-Strategic Alliance Agreement",TextPlusLayout,10,1.0,0.3333333333333333,30
43,PrudentialBancorpInc_20170606_8-K_EX-10.4_10474434_EX-10.4_Endorsement Agreement,TextPlusLayout,3,1.0,0.09090909090909091,33
43,PrudentialBancorpInc_20170606_8-K_EX-10.4_10474434_EX-10.4_Endorsement Agreement,TextPlusLayout,5,1.0,0.15151515151515152,33
43,PrudentialBancorpInc_20170606_8-K_EX-10.4_10474434_EX-10.4_Endorsement Agreement,TextPlusLayout,10,1.0,0.30303030303030304,33
43,IntegrityFunds_20200121_485BPOS_EX-99.E UNDR CONTR_11948727_EX-99.E UNDR CONTR_Service Agreement,TextPlusLayout,3,1.0,0.0967741935483871,31
43,IntegrityFunds_20200121_485BPOS_EX-99.E UNDR CONTR_11948727_EX-99.E UNDR CONTR_Service Agreement,TextPlusLayout,5,1.0,0.16129032258064516,31
43,IntegrityFunds_20200121_485BPOS_EX-99.E UNDR CONTR_11948727_EX-99.E UNDR CONTR_Service Agreement,TextPlusLayout,10,1.0,0.3225806451612903,31
43,UnionDentalHoldingsInc_20050204_8-KA_EX-10_3345577_EX-10_Affiliate Agreement,TextPlusLayout,3,1.0,0.08823529411764706,34
43,UnionDentalHoldingsInc_20050204_8-KA_EX-10_3345577_EX-10_Affiliate Agreement,TextPlusLayout,5,1.0,0.14705882352941177,34
43,UnionDentalHoldingsInc_20050204_8-KA_EX-10_3345577_EX-10_Affiliate Agreement,TextPlusLayout,10,1.0,0.29411764705882354,34
43,CENTRACKINTERNATIONALINC_10_29_1999-EX-10.3-WEB SITE HOSTING AGREEMENT,TextPlusLayout,3,1.0,0.10344827586206896,29
43,CENTRACKINTERNATIONALINC_10_29_1999-EX-10.3-WEB SITE HOSTING AGREEMENT,TextPlusLayout,5,1.0,0.1724137931034483,29
43,CENTRACKINTERNATIONALINC_10_29_1999-EX-10.3-WEB SITE HOSTING AGREEMENT,TextPlusLayout,10,1.0,0.3448275862068966,29
43,SoupmanInc_20150814_8-K_EX-10.1_9230148_EX-10.1_Franchise Agreement3,TextPlusLayout,3,1.0,0.08108108108108109,37
43,SoupmanInc_20150814_8-K_EX-10.1_9230148_EX-10.1_Franchise Agreement3,TextPlusLayout,5,1.0,0.13513513513513514,37
43,SoupmanInc_20150814_8-K_EX-10.1_9230148_EX-10.1_Franchise Agreement3,TextPlusLayout,10,1.0,0.2702702702702703,37
43,"SUCAMPOPHARMACEUTICALS,INC_11_04_2015-EX-10.2-STRATEGIC ALLIANCE AGREEMENT",TextPlusLayout,3,1.0,0.09375,32
43,"SUCAMPOPHARMACEUTICALS,INC_11_04_2015-EX-10.2-STRATEGIC ALLIANCE AGREEMENT",TextPlusLayout,5,1.0,0.15625,32
43,"SUCAMPOPHARMACEUTICALS,INC_11_04_2015-EX-10.2-STRATEGIC ALLIANCE AGREEMENT",TextPlusLayout,10,1.0,0.3125,32
43,"IPAYMENT,INC_05_14_2007-EX-10.1-SPONSORSHIP AGREEMENT",TextPlusLayout,3,1.0,0.11538461538461539,26
43,"IPAYMENT,INC_05_14_2007-EX-10.1-SPONSORSHIP AGREEMENT",TextPlusLayout,5,1.0,0.19230769230769232,26
43,"IPAYMENT,INC_05_14_2007-EX-10.1-SPONSORSHIP AGREEMENT",TextPlusLayout,10,1.0,0.38461538461538464,26
43,"XACCT Technologies, Inc.SUPPORT AND MAINTENANCE AGREEMENT",TextPlusLayout,3,1.0,0.1,30
43,"XACCT Technologies, Inc.SUPPORT AND MAINTENANCE AGREEMENT",TextPlusLayout,5,1.0,0.16666666666666666,30
43,"XACCT Technologies, Inc.SUPPORT AND MAINTENANCE AGREEMENT",TextPlusLayout,10,1.0,0.3333333333333333,30
43,"XLITECHNOLOGIES,INC_12_02_2015-EX-10.02-STRATEGIC ALLIANCE AGREEMENT",TextPlusLayout,3,1.0,0.08823529411764706,34
43,"XLITECHNOLOGIES,INC_12_02_2015-EX-10.02-STRATEGIC ALLIANCE AGREEMENT",TextPlusLayout,5,1.0,0.14705882352941177,34
43,"XLITECHNOLOGIES,INC_12_02_2015-EX-10.02-STRATEGIC ALLIANCE AGREEMENT",TextPlusLayout,10,1.0,0.29411764705882354,34
43,VirtuosoSurgicalInc_20191227_1-A_EX1A-6 MAT CTRCT_11933379_EX1A-6 MAT CTRCT_License Agreement,TextPlusLayout,3,1.0,0.13636363636363635,22
43,VirtuosoSurgicalInc_20191227_1-A_EX1A-6 MAT CTRCT_11933379_EX1A-6 MAT CTRCT_License Agreement,TextPlusLayout,5,1.0,0.22727272727272727,22
43,VirtuosoSurgicalInc_20191227_1-A_EX1A-6 MAT CTRCT_11933379_EX1A-6 MAT CTRCT_License Agreement,TextPlusLayout,10,0.9,0.4090909090909091,22
43,PerformanceSportsBrandsInc_20110909_S-1_EX-10.10_7220214_EX-10.10_Endorsement Agreement,TextPlusLayout,3,1.0,0.125,24
43,PerformanceSportsBrandsInc_20110909_S-1_EX-10.10_7220214_EX-10.10_Endorsement Agreement,TextPlusLayout,5,0.8,0.16666666666666666,24
43,PerformanceSportsBrandsInc_20110909_S-1_EX-10.10_7220214_EX-10.10_Endorsement Agreement,TextPlusLayout,10,0.9,0.375,24
43,REGANHOLDINGCORP_03_31_2008-EX-10-LICENSE AND HOSTING AGREEMENT,TextPlusLayout,3,1.0,0.11538461538461539,26
43,REGANHOLDINGCORP_03_31_2008-EX-10-LICENSE AND HOSTING AGREEMENT,TextPlusLayout,5,1.0,0.19230769230769232,26
43,REGANHOLDINGCORP_03_31_2008-EX-10-LICENSE AND HOSTING AGREEMENT,TextPlusLayout,10,1.0,0.38461538461538464,26
43,"BORROWMONEYCOM,INC_06_11_2020-EX-10.1-JOINT VENTURE AGREEMENT",TextPlusLayout,3,1.0,0.1,30
43,"BORROWMONEYCOM,INC_06_11_2020-EX-10.1-JOINT VENTURE AGREEMENT",TextPlusLayout,5,1.0,0.16666666666666666,30
43,"BORROWMONEYCOM,INC_06_11_2020-EX-10.1-JOINT VENTURE AGREEMENT",TextPlusLayout,10,1.0,0.3333333333333333,30
43,FerroglobePlc_20150624_F-4A_EX-10.20_9154746_EX-10.20_Outsourcing Agreement,TextPlusLayout,3,1.0,0.1,30
43,FerroglobePlc_20150624_F-4A_EX-10.20_9154746_EX-10.20_Outsourcing Agreement,TextPlusLayout,5,1.0,0.16666666666666666,30
43,FerroglobePlc_20150624_F-4A_EX-10.20_9154746_EX-10.20_Outsourcing Agreement,TextPlusLayout,10,1.0,0.3333333333333333,30
43,QuantumGroupIncFl_20090120_8-K_EX-99.2_3672910_EX-99.2_Hosting Agreement,TextPlusLayout,3,1.0,0.125,24
43,QuantumGroupIncFl_20090120_8-K_EX-99.2_3672910_EX-99.2_Hosting Agreement,TextPlusLayout,5,0.8,0.16666666666666666,24
43,QuantumGroupIncFl_20090120_8-K_EX-99.2_3672910_EX-99.2_Hosting Agreement,TextPlusLayout,10,0.7,0.2916666666666667,24
43,SteelVaultCorp_20081224_10-K_EX-10.16_3074935_EX-10.16_Affiliate Agreement,TextPlusLayout,3,1.0,0.1111111111111111,27
43,SteelVaultCorp_20081224_10-K_EX-10.16_3074935_EX-10.16_Affiliate Agreement,TextPlusLayout,5,1.0,0.18518518518518517,27
43,SteelVaultCorp_20081224_10-K_EX-10.16_3074935_EX-10.16_Affiliate Agreement,TextPlusLayout,10,1.0,0.37037037037037035,27
43,INTRICONCORP_03_10_2009-EX-10.22-Strategic Alliance Agreement,TextPlusLayout,3,1.0,0.13043478260869565,23
43,INTRICONCORP_03_10_2009-EX-10.22-Strategic Alliance Agreement,TextPlusLayout,5,1.0,0.21739130434782608,23
43,INTRICONCORP_03_10_2009-EX-10.22-Strategic Alliance Agreement,TextPlusLayout,10,1.0,0.43478260869565216,23
43,"MEETGROUP,INC_06_29_2017-EX-10.1-COOPERATION AGREEMENT",TextPlusLayout,3,1.0,0.09090909090909091,33
43,"MEETGROUP,INC_06_29_2017-EX-10.1-COOPERATION AGREEMENT",TextPlusLayout,5,1.0,0.15151515151515152,33
43,"MEETGROUP,INC_06_29_2017-EX-10.1-COOPERATION AGREEMENT",TextPlusLayout,10,1.0,0.30303030303030304,33
43,MSCIINC_02_28_2008-EX-10.10-,TextPlusLayout,3,1.0,0.09090909090909091,33
43,MSCIINC_02_28_2008-EX-10.10-,TextPlusLayout,5,1.0,0.15151515151515152,33
43,MSCIINC_02_28_2008-EX-10.10-,TextPlusLayout,10,0.9,0.2727272727272727,33
43,GluMobileInc_20070319_S-1A_EX-10.09_436630_EX-10.09_Content License Agreement3,TextPlusLayout,3,1.0,0.08571428571428572,35
43,GluMobileInc_20070319_S-1A_EX-10.09_436630_EX-10.09_Content License Agreement3,TextPlusLayout,5,1.0,0.14285714285714285,35
43,GluMobileInc_20070319_S-1A_EX-10.09_436630_EX-10.09_Content License Agreement3,TextPlusLayout,10,1.0,0.2857142857142857,35
43,EmmisCommunicationsCorp_20191125_8-K_EX-10.6_11906433_EX-10.6_Marketing Agreement,TextPlusLayout,3,1.0,0.09375,32
43,EmmisCommunicationsCorp_20191125_8-K_EX-10.6_11906433_EX-10.6_Marketing Agreement,TextPlusLayout,5,1.0,0.15625,32
43,EmmisCommunicationsCorp_20191125_8-K_EX-10.6_11906433_EX-10.6_Marketing Agreement,TextPlusLayout,10,1.0,0.3125,32
43,TICKETSCOMINC_06_22_1999-EX-10.22-SPONSORSHIP AGREEMENT,TextPlusLayout,3,1.0,0.10344827586206896,29
43,TICKETSCOMINC_06_22_1999-EX-10.22-SPONSORSHIP AGREEMENT,TextPlusLayout,5,1.0,0.1724137931034483,29
43,TICKETSCOMINC_06_22_1999-EX-10.22-SPONSORSHIP AGREEMENT,TextPlusLayout,10,1.0,0.3448275862068966,29
43,TcPipelinesLp_20160226_10-K_EX-99.12_9454048_EX-99.12_Transportation Agreement,TextPlusLayout,3,1.0,0.09090909090909091,33
43,TcPipelinesLp_20160226_10-K_EX-99.12_9454048_EX-99.12_Transportation Agreement,TextPlusLayout,5,1.0,0.15151515151515152,33
43,TcPipelinesLp_20160226_10-K_EX-99.12_9454048_EX-99.12_Transportation Agreement,TextPlusLayout,10,1.0,0.30303030303030304,33
43,PFSFUNDS_06_26_2020-EX-99.H OTH MAT CONT-SERVICES AGREEMENT,TextPlusLayout,3,1.0,0.09375,32
43,PFSFUNDS_06_26_2020-EX-99.H OTH MAT CONT-SERVICES AGREEMENT,TextPlusLayout,5,1.0,0.15625,32
43,PFSFUNDS_06_26_2020-EX-99.H OTH MAT CONT-SERVICES AGREEMENT,TextPlusLayout,10,1.0,0.3125,32
43,SECURIANFUNDSTRUST_05_01_2012-EX-99.28.H.9-NET INVESTMENT INCOME MAINTENANCE AGREEMENT,TextPlusLayout,3,1.0,0.08571428571428572,35
43,SECURIANFUNDSTRUST_05_01_2012-EX-99.28.H.9-NET INVESTMENT INCOME MAINTENANCE AGREEMENT,TextPlusLayout,5,1.0,0.14285714285714285,35
43,SECURIANFUNDSTRUST_05_01_2012-EX-99.28.H.9-NET INVESTMENT INCOME MAINTENANCE AGREEMENT,TextPlusLayout,10,1.0,0.2857142857142857,35
43,EMERALDHEALTHTHERAPEUTICSINC_06_10_2020-EX-4.5-CONSULTING AGREEMENT - DR. GAETANO MORELLO N.D. INC.,TextPlusLayout,3,1.0,0.0967741935483871,31
43,EMERALDHEALTHTHERAPEUTICSINC_06_10_2020-EX-4.5-CONSULTING AGREEMENT - DR. GAETANO MORELLO N.D. INC.,TextPlusLayout,5,1.0,0.16129032258064516,31
43,EMERALDHEALTHTHERAPEUTICSINC_06_10_2020-EX-4.5-CONSULTING AGREEMENT - DR. GAETANO MORELLO N.D. INC.,TextPlusLayout,10,1.0,0.3225806451612903,31
43,"TRANSPHORM,INC_02_14_2020-EX-10.12(1)-JOINT VENTURE AGREEMENT",TextPlusLayout,3,1.0,0.10344827586206896,29
43,"TRANSPHORM,INC_02_14_2020-EX-10.12(1)-JOINT VENTURE AGREEMENT",TextPlusLayout,5,1.0,0.1724137931034483,29
43,"TRANSPHORM,INC_02_14_2020-EX-10.12(1)-JOINT VENTURE AGREEMENT",TextPlusLayout,10,1.0,0.3448275862068966,29
43,BIOFRONTERAAG_04_29_2019-EX-4.17-SUPPLY AGREEMENT,TextPlusLayout,3,1.0,0.10714285714285714,28
43,BIOFRONTERAAG_04_29_2019-EX-4.17-SUPPLY AGREEMENT,TextPlusLayout,5,0.8,0.14285714285714285,28
43,BIOFRONTERAAG_04_29_2019-EX-4.17-SUPPLY AGREEMENT,TextPlusLayout,10,0.8,0.2857142857142857,28
43,GlobalTechnologiesGroupInc_20050928_10KSB_EX-10.9_4148808_EX-10.9_Content License Agreement,TextPlusLayout,3,1.0,0.1111111111111111,27
43,GlobalTechnologiesGroupInc_20050928_10KSB_EX-10.9_4148808_EX-10.9_Content License Agreement,TextPlusLayout,5,1.0,0.18518518518518517,27
43,GlobalTechnologiesGroupInc_20050928_10KSB_EX-10.9_4148808_EX-10.9_Content License Agreement,TextPlusLayout,10,0.9,0.3333333333333333,27
43,BellringBrandsInc_20190920_S-1_EX-10.12_11817081_EX-10.12_Manufacturing Agreement1,TextPlusLayout,3,1.0,0.10714285714285714,28
43,BellringBrandsInc_20190920_S-1_EX-10.12_11817081_EX-10.12_Manufacturing Agreement1,TextPlusLayout,5,1.0,0.17857142857142858,28
43,BellringBrandsInc_20190920_S-1_EX-10.12_11817081_EX-10.12_Manufacturing Agreement1,TextPlusLayout,10,1.0,0.35714285714285715,28
43,NYLIACVARIABLEANNUITYSEPARATEACCOUNTIII_04_10_2020-EX-99.8.KK-SERVICE AGREEMENT,TextPlusLayout,3,1.0,0.09375,32
43,NYLIACVARIABLEANNUITYSEPARATEACCOUNTIII_04_10_2020-EX-99.8.KK-SERVICE AGREEMENT,TextPlusLayout,5,1.0,0.15625,32
43,NYLIACVARIABLEANNUITYSEPARATEACCOUNTIII_04_10_2020-EX-99.8.KK-SERVICE AGREEMENT,TextPlusLayout,10,1.0,0.3125,32
43,ALLIANCEBANCORPINCOFPENNSYLVANIA_10_18_2006-EX-1.2-AGENCY AGREEMENT,TextPlusLayout,3,1.0,0.09375,32
43,ALLIANCEBANCORPINCOFPENNSYLVANIA_10_18_2006-EX-1.2-AGENCY AGREEMENT,TextPlusLayout,5,1.0,0.15625,32
43,ALLIANCEBANCORPINCOFPENNSYLVANIA_10_18_2006-EX-1.2-AGENCY AGREEMENT,TextPlusLayout,10,1.0,0.3125,32
43,ZtoExpressCaymanInc_20160930_F-1_EX-10.10_9752871_EX-10.10_Transportation Agreement,TextPlusLayout,3,1.0,0.09090909090909091,33
43,ZtoExpressCaymanInc_20160930_F-1_EX-10.10_9752871_EX-10.10_Transportation Agreement,TextPlusLayout,5,1.0,0.15151515151515152,33
43,ZtoExpressCaymanInc_20160930_F-1_EX-10.10_9752871_EX-10.10_Transportation Agreement,TextPlusLayout,10,1.0,0.30303030303030304,33
43,MusclepharmCorp_20170208_10-KA_EX-10.38_9893581_EX-10.38_Co-Branding Agreement,TextPlusLayout,3,1.0,0.16666666666666666,18
43,MusclepharmCorp_20170208_10-KA_EX-10.38_9893581_EX-10.38_Co-Branding Agreement,TextPlusLayout,5,1.0,0.2777777777777778,18
43,MusclepharmCorp_20170208_10-KA_EX-10.38_9893581_EX-10.38_Co-Branding Agreement,TextPlusLayout,10,1.0,0.5555555555555556,18
43,DataCallTechnologies_20060918_SB-2A_EX-10.9_944510_EX-10.9_Content License Agreement,TextPlusLayout,3,1.0,0.1111111111111111,27
43,DataCallTechnologies_20060918_SB-2A_EX-10.9_944510_EX-10.9_Content License Agreement,TextPlusLayout,5,1.0,0.18518518518518517,27
43,DataCallTechnologies_20060918_SB-2A_EX-10.9_944510_EX-10.9_Content License Agreement,TextPlusLayout,10,1.0,0.37037037037037035,27
43,WPPPLC_04_30_2020-EX-4.28-SERVICE AGREEMENT,TextPlusLayout,3,1.0,0.1,30
43,WPPPLC_04_30_2020-EX-4.28-SERVICE AGREEMENT,TextPlusLayout,5,1.0,0.16666666666666666,30
43,WPPPLC_04_30_2020-EX-4.28-SERVICE AGREEMENT,TextPlusLayout,10,0.9,0.3,30
43,ZEBRATECHNOLOGIESCORP_04_16_2014-EX-10.1-INTELLECTUAL PROPERTY AGREEMENT,TextPlusLayout,3,1.0,0.11538461538461539,26
43,ZEBRATECHNOLOGIESCORP_04_16_2014-EX-10.1-INTELLECTUAL PROPERTY AGREEMENT,TextPlusLayout,5,1.0,0.19230769230769232,26
43,ZEBRATECHNOLOGIESCORP_04_16_2014-EX-10.1-INTELLECTUAL PROPERTY AGREEMENT,TextPlusLayout,10,1.0,0.38461538461538464,26
43,TEARDROPGOLFCO_10_23_1996-EX-10.12-ENDORSEMENT AGREEMENT,TextPlusLayout,3,1.0,0.125,24
43,TEARDROPGOLFCO_10_23_1996-EX-10.12-ENDORSEMENT AGREEMENT,TextPlusLayout,5,1.0,0.20833333333333334,24
43,TEARDROPGOLFCO_10_23_1996-EX-10.12-ENDORSEMENT AGREEMENT,TextPlusLayout,10,1.0,0.4166666666666667,24
43,CardlyticsInc_20180112_S-1_EX-10.16_11002987_EX-10.16_Maintenance Agreement1,TextPlusLayout,3,1.0,0.15789473684210525,19
43,CardlyticsInc_20180112_S-1_EX-10.16_11002987_EX-10.16_Maintenance Agreement1,TextPlusLayout,5,0.8,0.21052631578947367,19
43,CardlyticsInc_20180112_S-1_EX-10.16_11002987_EX-10.16_Maintenance Agreement1,TextPlusLayout,10,0.9,0.47368421052631576,19
43,PacificapEntertainmentHoldingsInc_20051115_8-KA_EX-1.01_4300894_EX-1.01_Content License Agreement,TextPlusLayout,3,1.0,0.1111111111111111,27
43,PacificapEntertainmentHoldingsInc_20051115_8-KA_EX-1.01_4300894_EX-1.01_Content License Agreement,TextPlusLayout,5,1.0,0.18518518518518517,27
43,PacificapEntertainmentHoldingsInc_20051115_8-KA_EX-1.01_4300894_EX-1.01_Content License Agreement,TextPlusLayout,10,0.9,0.3333333333333333,27
43,"HOSPITALITYINVESTORSTRUST,INC_04_07_2014-EX-10.26-FRANCHISE AGREEMENT",TextPlusLayout,3,1.0,0.125,24
43,"HOSPITALITYINVESTORSTRUST,INC_04_07_2014-EX-10.26-FRANCHISE AGREEMENT",TextPlusLayout,5,1.0,0.20833333333333334,24
43,"HOSPITALITYINVESTORSTRUST,INC_04_07_2014-EX-10.26-FRANCHISE AGREEMENT",TextPlusLayout,10,0.9,0.375,24
43,ReynoldsConsumerProductsInc_20191115_S-1_EX-10.18_11896469_EX-10.18_Supply Agreement,TextPlusLayout,3,1.0,0.1,30
43,ReynoldsConsumerProductsInc_20191115_S-1_EX-10.18_11896469_EX-10.18_Supply Agreement,TextPlusLayout,5,1.0,0.16666666666666666,30
43,ReynoldsConsumerProductsInc_20191115_S-1_EX-10.18_11896469_EX-10.18_Supply Agreement,TextPlusLayout,10,1.0,0.3333333333333333,30
43,"SPIENERGYCO,LTD_07_10_2014-EX-10-Cooperation Agreement of 50MWp Photovoltaic Grid-connected Power Generation Project in Yangqiao of~1",TextPlusLayout,3,1.0,0.08108108108108109,37
43,"SPIENERGYCO,LTD_07_10_2014-EX-10-Cooperation Agreement of 50MWp Photovoltaic Grid-connected Power Generation Project in Yangqiao of~1",TextPlusLayout,5,1.0,0.13513513513513514,37
43,"SPIENERGYCO,LTD_07_10_2014-EX-10-Cooperation Agreement of 50MWp Photovoltaic Grid-connected Power Generation Project in Yangqiao of~1",TextPlusLayout,10,1.0,0.2702702702702703,37
43,"DUOSTECHNOLOGIESGROUP,INC_04_21_2009-EX-10.1-STRATEGIC ALLIANCE AGREEMENT",TextPlusLayout,3,1.0,0.15789473684210525,19
43,"DUOSTECHNOLOGIESGROUP,INC_04_21_2009-EX-10.1-STRATEGIC ALLIANCE AGREEMENT",TextPlusLayout,5,0.8,0.21052631578947367,19
43,"DUOSTECHNOLOGIESGROUP,INC_04_21_2009-EX-10.1-STRATEGIC ALLIANCE AGREEMENT",TextPlusLayout,10,0.9,0.47368421052631576,19
43,ChinaRealEstateInformationCorp_20090929_F-1_EX-10.32_4771615_EX-10.32_Content License Agreement,TextPlusLayout,3,1.0,0.12,25
43,ChinaRealEstateInformationCorp_20090929_F-1_EX-10.32_4771615_EX-10.32_Content License Agreement,TextPlusLayout,5,0.8,0.16,25
43,ChinaRealEstateInformationCorp_20090929_F-1_EX-10.32_4771615_EX-10.32_Content License Agreement,TextPlusLayout,10,0.9,0.36,25
43,"VIRGINGALACTICHOLDINGS,INC_04_08_2020-EX-99.1-JOINT FILING STATEMENT",TextPlusLayout,3,1.0,0.08108108108108109,37
43,"VIRGINGALACTICHOLDINGS,INC_04_08_2020-EX-99.1-JOINT FILING STATEMENT",TextPlusLayout,5,1.0,0.13513513513513514,37
43,"VIRGINGALACTICHOLDINGS,INC_04_08_2020-EX-99.1-JOINT FILING STATEMENT",TextPlusLayout,10,1.0,0.2702702702702703,37
43,BLUEFLYINC_03_27_2002-EX-10.27-e-business Hosting Agreement,TextPlusLayout,3,1.0,0.125,24
43,BLUEFLYINC_03_27_2002-EX-10.27-e-business Hosting Agreement,TextPlusLayout,5,1.0,0.20833333333333334,24
43,BLUEFLYINC_03_27_2002-EX-10.27-e-business Hosting Agreement,TextPlusLayout,10,0.9,0.375,24
43,DIVERSINETCORP_03_01_2012-EX-4-RESELLER AGREEMENT,TextPlusLayout,3,1.0,0.14285714285714285,21
43,DIVERSINETCORP_03_01_2012-EX-4-RESELLER AGREEMENT,TextPlusLayout,5,1.0,0.23809523809523808,21
43,DIVERSINETCORP_03_01_2012-EX-4-RESELLER AGREEMENT,TextPlusLayout,10,1.0,0.47619047619047616,21
43,BIOAMBERINC_04_10_2013-EX-10.34-DEVELOPMENT AGREEMENT - First Amendment,TextPlusLayout,3,1.0,0.07894736842105263,38
43,BIOAMBERINC_04_10_2013-EX-10.34-DEVELOPMENT AGREEMENT - First Amendment,TextPlusLayout,5,1.0,0.13157894736842105,38
43,BIOAMBERINC_04_10_2013-EX-10.34-DEVELOPMENT AGREEMENT - First Amendment,TextPlusLayout,10,1.0,0.2631578947368421,38
43,InvendaCorp_20000828_S-1A_EX-10.2_2588206_EX-10.2_Co-Branding Agreement,TextPlusLayout,3,1.0,0.1875,16
43,InvendaCorp_20000828_S-1A_EX-10.2_2588206_EX-10.2_Co-Branding Agreement,TextPlusLayout,5,1.0,0.3125,16
43,InvendaCorp_20000828_S-1A_EX-10.2_2588206_EX-10.2_Co-Branding Agreement,TextPlusLayout,10,0.8,0.5,16
43,WebmdHealthCorp_20050908_S-1A_EX-10.7_1027007_EX-10.7_Content License Agreement,TextPlusLayout,3,1.0,0.0967741935483871,31
43,WebmdHealthCorp_20050908_S-1A_EX-10.7_1027007_EX-10.7_Content License Agreement,TextPlusLayout,5,1.0,0.16129032258064516,31
43,WebmdHealthCorp_20050908_S-1A_EX-10.7_1027007_EX-10.7_Content License Agreement,TextPlusLayout,10,0.9,0.2903225806451613,31
43,SANDRIDGEENERGYINC_08_06_2009-EX-10.6-OPERATIONS AND MAINTENANCE AGREEMENT,TextPlusLayout,3,1.0,0.10714285714285714,28
43,SANDRIDGEENERGYINC_08_06_2009-EX-10.6-OPERATIONS AND MAINTENANCE AGREEMENT,TextPlusLayout,5,1.0,0.17857142857142858,28
43,SANDRIDGEENERGYINC_08_06_2009-EX-10.6-OPERATIONS AND MAINTENANCE AGREEMENT,TextPlusLayout,10,0.9,0.32142857142857145,28
43,EmbarkComInc_19991008_S-1A_EX-10.10_6487661_EX-10.10_Co-Branding Agreement,TextPlusLayout,3,1.0,0.1111111111111111,27
43,EmbarkComInc_19991008_S-1A_EX-10.10_6487661_EX-10.10_Co-Branding Agreement,TextPlusLayout,5,1.0,0.18518518518518517,27
43,EmbarkComInc_19991008_S-1A_EX-10.10_6487661_EX-10.10_Co-Branding Agreement,TextPlusLayout,10,1.0,0.37037037037037035,27
43,ANIXABIOSCIENCESINC_06_09_2020-EX-10.1-COLLABORATION AGREEMENT,TextPlusLayout,3,1.0,0.13636363636363635,22
43,ANIXABIOSCIENCESINC_06_09_2020-EX-10.1-COLLABORATION AGREEMENT,TextPlusLayout,5,0.8,0.18181818181818182,22
43,ANIXABIOSCIENCESINC_06_09_2020-EX-10.1-COLLABORATION AGREEMENT,TextPlusLayout,10,0.9,0.4090909090909091,22
43,FreezeTagInc_20180411_8-K_EX-10.1_11139603_EX-10.1_Sponsorship Agreement,TextPlusLayout,3,1.0,0.1111111111111111,27
43,FreezeTagInc_20180411_8-K_EX-10.1_11139603_EX-10.1_Sponsorship Agreement,TextPlusLayout,5,1.0,0.18518518518518517,27
43,FreezeTagInc_20180411_8-K_EX-10.1_11139603_EX-10.1_Sponsorship Agreement,TextPlusLayout,10,0.9,0.3333333333333333,27
43,PhasebioPharmaceuticalsInc_20200330_10-K_EX-10.21_12086810_EX-10.21_Development Agreement,TextPlusLayout,3,1.0,0.15789473684210525,19
43,PhasebioPharmaceuticalsInc_20200330_10-K_EX-10.21_12086810_EX-10.21_Development Agreement,TextPlusLayout,5,0.8,0.21052631578947367,19
43,PhasebioPharmaceuticalsInc_20200330_10-K_EX-10.21_12086810_EX-10.21_Development Agreement,TextPlusLayout,10,0.9,0.47368421052631576,19
43,WARNINGMANAGEMENTSERVICESINC_12_10_1999-EX-10-ENDORSEMENT AGREEMENT,TextPlusLayout,3,1.0,0.13636363636363635,22
43,WARNINGMANAGEMENTSERVICESINC_12_10_1999-EX-10-ENDORSEMENT AGREEMENT,TextPlusLayout,5,1.0,0.22727272727272727,22
43,WARNINGMANAGEMENTSERVICESINC_12_10_1999-EX-10-ENDORSEMENT AGREEMENT,TextPlusLayout,10,1.0,0.45454545454545453,22
43,RgcResourcesInc_20151216_8-K_EX-10.3_9372751_EX-10.3_Franchise Agreement,TextPlusLayout,3,1.0,0.09090909090909091,33
43,RgcResourcesInc_20151216_8-K_EX-10.3_9372751_EX-10.3_Franchise Agreement,TextPlusLayout,5,1.0,0.15151515151515152,33
43,RgcResourcesInc_20151216_8-K_EX-10.3_9372751_EX-10.3_Franchise Agreement,TextPlusLayout,10,1.0,0.30303030303030304,33
43,BLACKROCKMUNIHOLDINGSINVESTMENTQUALITYFUND_04_07_2020-EX-99.01-JOINT FILING AGREEMENT,TextPlusLayout,3,1.0,0.08333333333333333,36
43,BLACKROCKMUNIHOLDINGSINVESTMENTQUALITYFUND_04_07_2020-EX-99.01-JOINT FILING AGREEMENT,TextPlusLayout,5,1.0,0.1388888888888889,36
43,BLACKROCKMUNIHOLDINGSINVESTMENTQUALITYFUND_04_07_2020-EX-99.01-JOINT FILING AGREEMENT,TextPlusLayout,10,1.0,0.2777777777777778,36
43,ArconicRolledProductsCorp_20191217_10-12B_EX-2.7_11923804_EX-2.7_Trademark License Agreement,TextPlusLayout,3,1.0,0.11538461538461539,26
43,ArconicRolledProductsCorp_20191217_10-12B_EX-2.7_11923804_EX-2.7_Trademark License Agreement,TextPlusLayout,5,1.0,0.19230769230769232,26
43,ArconicRolledProductsCorp_20191217_10-12B_EX-2.7_11923804_EX-2.7_Trademark License Agreement,TextPlusLayout,10,0.9,0.34615384615384615,26
43,ICORECONNECTINC_10_13_2010-EX-7.1-Strategic Alliance Agreement,TextPlusLayout,3,1.0,0.12,25
43,ICORECONNECTINC_10_13_2010-EX-7.1-Strategic Alliance Agreement,TextPlusLayout,5,1.0,0.2,25
43,ICORECONNECTINC_10_13_2010-EX-7.1-Strategic Alliance Agreement,TextPlusLayout,10,1.0,0.4,25
43,BOLIVARMININGCORP_05_23_2003-EX-2.1-VISP WEB SITE BUILDING AND HOSTING AGREEMENT,TextPlusLayout,3,1.0,0.10714285714285714,28
43,BOLIVARMININGCORP_05_23_2003-EX-2.1-VISP WEB SITE BUILDING AND HOSTING AGREEMENT,TextPlusLayout,5,1.0,0.17857142857142858,28
43,BOLIVARMININGCORP_05_23_2003-EX-2.1-VISP WEB SITE BUILDING AND HOSTING AGREEMENT,TextPlusLayout,10,1.0,0.35714285714285715,28
43,INKTOMICORP_06_08_1998-EX-10.14-SOFTWARE HOSTING AGREEMENT,TextPlusLayout,3,1.0,0.14285714285714285,21
43,INKTOMICORP_06_08_1998-EX-10.14-SOFTWARE HOSTING AGREEMENT,TextPlusLayout,5,1.0,0.23809523809523808,21
43,INKTOMICORP_06_08_1998-EX-10.14-SOFTWARE HOSTING AGREEMENT,TextPlusLayout,10,0.8,0.38095238095238093,21
43,ATMOSENERGYCORP_11_22_2002-EX-10.17-TRANSPORTATION SERVICE AGREEMENT,TextPlusLayout,3,1.0,0.10344827586206896,29
43,ATMOSENERGYCORP_11_22_2002-EX-10.17-TRANSPORTATION SERVICE AGREEMENT,TextPlusLayout,5,1.0,0.1724137931034483,29
43,ATMOSENERGYCORP_11_22_2002-EX-10.17-TRANSPORTATION SERVICE AGREEMENT,TextPlusLayout,10,1.0,0.3448275862068966,29
43,WARNERCHILCOTTPLC_12_31_2003-EX-4.36-DEVELOPMENT AGREEMENT,TextPlusLayout,3,1.0,0.09375,32
43,WARNERCHILCOTTPLC_12_31_2003-EX-4.36-DEVELOPMENT AGREEMENT,TextPlusLayout,5,1.0,0.15625,32
43,WARNERCHILCOTTPLC_12_31_2003-EX-4.36-DEVELOPMENT AGREEMENT,TextPlusLayout,10,1.0,0.3125,32
43,Cerus Corporation - FIRST AMEND TO SUPPLY AND MANUFACTURING AGREEMENT,TextPlusLayout,3,1.0,0.07894736842105263,38
43,Cerus Corporation - FIRST AMEND TO SUPPLY AND MANUFACTURING AGREEMENT,TextPlusLayout,5,1.0,0.13157894736842105,38
43,Cerus Corporation - FIRST AMEND TO SUPPLY AND MANUFACTURING AGREEMENT,TextPlusLayout,10,1.0,0.2631578947368421,38
43,AURASYSTEMSINC_06_16_2010-EX-10.25-STRATEGIC ALLIANCE AGREEMENT,TextPlusLayout,3,1.0,0.17647058823529413,17
43,AURASYSTEMSINC_06_16_2010-EX-10.25-STRATEGIC ALLIANCE AGREEMENT,TextPlusLayout,5,1.0,0.29411764705882354,17
43,AURASYSTEMSINC_06_16_2010-EX-10.25-STRATEGIC ALLIANCE AGREEMENT,TextPlusLayout,10,0.8,0.47058823529411764,17
43,MidwestEnergyEmissionsCorp_20080604_8-K_EX-10.2_3093976_EX-10.2_Content License Agreement,TextPlusLayout,3,1.0,0.13043478260869565,23
43,MidwestEnergyEmissionsCorp_20080604_8-K_EX-10.2_3093976_EX-10.2_Content License Agreement,TextPlusLayout,5,1.0,0.21739130434782608,23
43,MidwestEnergyEmissionsCorp_20080604_8-K_EX-10.2_3093976_EX-10.2_Content License Agreement,TextPlusLayout,10,0.9,0.391304347826087,23
43,HealthcentralCom_19991108_S-1A_EX-10.27_6623292_EX-10.27_Co-Branding Agreement,TextPlusLayout,3,1.0,0.15,20
43,HealthcentralCom_19991108_S-1A_EX-10.27_6623292_EX-10.27_Co-Branding Agreement,TextPlusLayout,5,1.0,0.25,20
43,HealthcentralCom_19991108_S-1A_EX-10.27_6623292_EX-10.27_Co-Branding Agreement,TextPlusLayout,10,1.0,0.5,20
43,GarrettMotionInc_20181001_8-K_EX-2.4_11364532_EX-2.4_Intellectual Property Agreement,TextPlusLayout,3,1.0,0.125,24
43,GarrettMotionInc_20181001_8-K_EX-2.4_11364532_EX-2.4_Intellectual Property Agreement,TextPlusLayout,5,1.0,0.20833333333333334,24
43,GarrettMotionInc_20181001_8-K_EX-2.4_11364532_EX-2.4_Intellectual Property Agreement,TextPlusLayout,10,0.9,0.375,24
43,EmeraldHealthBioceuticalsInc_20200218_1-A_EX1A-6 MAT CTRCT_11987205_EX1A-6 MAT CTRCT_Development Agreement,TextPlusLayout,3,1.0,0.12,25
43,EmeraldHealthBioceuticalsInc_20200218_1-A_EX1A-6 MAT CTRCT_11987205_EX1A-6 MAT CTRCT_Development Agreement,TextPlusLayout,5,1.0,0.2,25
43,EmeraldHealthBioceuticalsInc_20200218_1-A_EX1A-6 MAT CTRCT_11987205_EX1A-6 MAT CTRCT_Development Agreement,TextPlusLayout,10,1.0,0.4,25
43,ON4COMMUNICATIONSINC_07_02_2009-EX-10.1-PROMOTION AGREEMENT,TextPlusLayout,3,1.0,0.08823529411764706,34
43,ON4COMMUNICATIONSINC_07_02_2009-EX-10.1-PROMOTION AGREEMENT,TextPlusLayout,5,1.0,0.14705882352941177,34
43,ON4COMMUNICATIONSINC_07_02_2009-EX-10.1-PROMOTION AGREEMENT,TextPlusLayout,10,1.0,0.29411764705882354,34
43,NANOPHASETECHNOLOGIESCORP_11_01_2005-EX-99.1-DISTRIBUTOR AGREEMENT,TextPlusLayout,3,1.0,0.15,20
43,NANOPHASETECHNOLOGIESCORP_11_01_2005-EX-99.1-DISTRIBUTOR AGREEMENT,TextPlusLayout,5,0.8,0.2,20
43,NANOPHASETECHNOLOGIESCORP_11_01_2005-EX-99.1-DISTRIBUTOR AGREEMENT,TextPlusLayout,10,0.5,0.25,20
43,KINGPHARMACEUTICALSINC_08_09_2006-EX-10.1-PROMOTION AGREEMENT,TextPlusLayout,3,1.0,0.14285714285714285,21
43,KINGPHARMACEUTICALSINC_08_09_2006-EX-10.1-PROMOTION AGREEMENT,TextPlusLayout,5,1.0,0.23809523809523808,21
43,KINGPHARMACEUTICALSINC_08_09_2006-EX-10.1-PROMOTION AGREEMENT,TextPlusLayout,10,0.9,0.42857142857142855,21
43,LOGANSROADHOUSEINC_03_27_1998-EX-10.17-SPONSORSHIP AGREEMENT,TextPlusLayout,3,1.0,0.1,30
43,LOGANSROADHOUSEINC_03_27_1998-EX-10.17-SPONSORSHIP AGREEMENT,TextPlusLayout,5,1.0,0.16666666666666666,30
43,LOGANSROADHOUSEINC_03_27_1998-EX-10.17-SPONSORSHIP AGREEMENT,TextPlusLayout,10,1.0,0.3333333333333333,30
43,"PHREESIA,INC_05_28_2019-EX-10.18-STRATEGIC ALLIANCE AGREEMENT",TextPlusLayout,3,1.0,0.14285714285714285,21
43,"PHREESIA,INC_05_28_2019-EX-10.18-STRATEGIC ALLIANCE AGREEMENT",TextPlusLayout,5,1.0,0.23809523809523808,21
43,"PHREESIA,INC_05_28_2019-EX-10.18-STRATEGIC ALLIANCE AGREEMENT",TextPlusLayout,10,0.6,0.2857142857142857,21
43,"KUBIENT,INC_07_02_2020-EX-10.14-MASTER SERVICES AGREEMENT_Part2",TextPlusLayout,3,1.0,0.09090909090909091,33
43,"KUBIENT,INC_07_02_2020-EX-10.14-MASTER SERVICES AGREEMENT_Part2",TextPlusLayout,5,1.0,0.15151515151515152,33
43,"KUBIENT,INC_07_02_2020-EX-10.14-MASTER SERVICES AGREEMENT_Part2",TextPlusLayout,10,1.0,0.30303030303030304,33
43,HEALTHGATEDATACORP_11_24_1999-EX-10.1-HOSTING AND MANAGEMENT AGREEMENT (1),TextPlusLayout,3,0.6666666666666666,0.11764705882352941,17
43,HEALTHGATEDATACORP_11_24_1999-EX-10.1-HOSTING AND MANAGEMENT AGREEMENT (1),TextPlusLayout,5,0.8,0.23529411764705882,17
43,HEALTHGATEDATACORP_11_24_1999-EX-10.1-HOSTING AND MANAGEMENT AGREEMENT (1),TextPlusLayout,10,0.8,0.47058823529411764,17
43,"KNOWLABS,INC_08_15_2005-EX-10-INTELLECTUAL PROPERTY AGREEMENT",TextPlusLayout,3,1.0,0.0967741935483871,31
43,"KNOWLABS,INC_08_15_2005-EX-10-INTELLECTUAL PROPERTY AGREEMENT",TextPlusLayout,5,1.0,0.16129032258064516,31
43,"KNOWLABS,INC_08_15_2005-EX-10-INTELLECTUAL PROPERTY AGREEMENT",TextPlusLayout,10,1.0,0.3225806451612903,31
43,SigaTechnologiesInc_20190603_8-K_EX-10.1_11695818_EX-10.1_Promotion Agreement,TextPlusLayout,3,1.0,0.15789473684210525,19
43,SigaTechnologiesInc_20190603_8-K_EX-10.1_11695818_EX-10.1_Promotion Agreement,TextPlusLayout,5,0.8,0.21052631578947367,19
43,SigaTechnologiesInc_20190603_8-K_EX-10.1_11695818_EX-10.1_Promotion Agreement,TextPlusLayout,10,0.7,0.3684210526315789,19
43,PhoenixNewMediaLtd_20110421_F-1_EX-10.17_6958322_EX-10.17_Content License Agreement,TextPlusLayout,3,1.0,0.1111111111111111,27
43,PhoenixNewMediaLtd_20110421_F-1_EX-10.17_6958322_EX-10.17_Content License Agreement,TextPlusLayout,5,1.0,0.18518518518518517,27
43,PhoenixNewMediaLtd_20110421_F-1_EX-10.17_6958322_EX-10.17_Content License Agreement,TextPlusLayout,10,0.9,0.3333333333333333,27
43,"HEMISPHERX - Sales, Marketing, Distribution, and Supply Agreement",TextPlusLayout,3,1.0,0.13636363636363635,22
43,"HEMISPHERX - Sales, Marketing, Distribution, and Supply Agreement",TextPlusLayout,5,1.0,0.22727272727272727,22
43,"HEMISPHERX - Sales, Marketing, Distribution, and Supply Agreement",TextPlusLayout,10,1.0,0.45454545454545453,22
43,TRIZETTOGROUPINC_08_18_1999-EX-10.17-TECHNICAL INFRASTRUCTURE MAINTENANCE AGREEMENT,TextPlusLayout,3,1.0,0.10344827586206896,29
43,TRIZETTOGROUPINC_08_18_1999-EX-10.17-TECHNICAL INFRASTRUCTURE MAINTENANCE AGREEMENT,TextPlusLayout,5,1.0,0.1724137931034483,29
43,TRIZETTOGROUPINC_08_18_1999-EX-10.17-TECHNICAL INFRASTRUCTURE MAINTENANCE AGREEMENT,TextPlusLayout,10,1.0,0.3448275862068966,29
43,GluMobileInc_20070319_S-1A_EX-10.09_436630_EX-10.09_Content License Agreement4,TextPlusLayout,3,1.0,0.08333333333333333,36
43,GluMobileInc_20070319_S-1A_EX-10.09_436630_EX-10.09_Content License Agreement4,TextPlusLayout,5,1.0,0.1388888888888889,36
43,GluMobileInc_20070319_S-1A_EX-10.09_436630_EX-10.09_Content License Agreement4,TextPlusLayout,10,1.0,0.2777777777777778,36
43,EhaveInc_20190515_20-F_EX-4.44_11678816_EX-4.44_License Agreement_ Reseller Agreement,TextPlusLayout,3,0.6666666666666666,0.1111111111111111,18
43,EhaveInc_20190515_20-F_EX-4.44_11678816_EX-4.44_License Agreement_ Reseller Agreement,TextPlusLayout,5,0.6,0.16666666666666666,18
43,EhaveInc_20190515_20-F_EX-4.44_11678816_EX-4.44_License Agreement_ Reseller Agreement,TextPlusLayout,10,0.5,0.2777777777777778,18
43,PHLVARIABLEINSURANCECOCT_08_17_2009-EX-10.1-STRATEGIC ALLIANCE AGREEMENT,TextPlusLayout,3,0.6666666666666666,0.07692307692307693,26
43,PHLVARIABLEINSURANCECOCT_08_17_2009-EX-10.1-STRATEGIC ALLIANCE AGREEMENT,TextPlusLayout,5,0.8,0.15384615384615385,26
43,PHLVARIABLEINSURANCECOCT_08_17_2009-EX-10.1-STRATEGIC ALLIANCE AGREEMENT,TextPlusLayout,10,0.9,0.34615384615384615,26
43,PfHospitalityGroupInc_20150923_10-12G_EX-10.1_9266710_EX-10.1_Franchise Agreement3,TextPlusLayout,3,1.0,0.09375,32
43,PfHospitalityGroupInc_20150923_10-12G_EX-10.1_9266710_EX-10.1_Franchise Agreement3,TextPlusLayout,5,1.0,0.15625,32
43,PfHospitalityGroupInc_20150923_10-12G_EX-10.1_9266710_EX-10.1_Franchise Agreement3,TextPlusLayout,10,1.0,0.3125,32
43,PapaJohnsInternationalInc_20190617_8-K_EX-10.1_11707365_EX-10.1_Endorsement Agreement,TextPlusLayout,3,1.0,0.15,20
43,PapaJohnsInternationalInc_20190617_8-K_EX-10.1_11707365_EX-10.1_Endorsement Agreement,TextPlusLayout,5,0.8,0.2,20
43,PapaJohnsInternationalInc_20190617_8-K_EX-10.1_11707365_EX-10.1_Endorsement Agreement,TextPlusLayout,10,0.9,0.45,20
43,InnerscopeHearingTechnologiesInc_20181109_8-K_EX-10.6_11419704_EX-10.6_Distributor Agreement,TextPlusLayout,3,1.0,0.125,24
43,InnerscopeHearingTechnologiesInc_20181109_8-K_EX-10.6_11419704_EX-10.6_Distributor Agreement,TextPlusLayout,5,1.0,0.20833333333333334,24
43,InnerscopeHearingTechnologiesInc_20181109_8-K_EX-10.6_11419704_EX-10.6_Distributor Agreement,TextPlusLayout,10,1.0,0.4166666666666667,24
43,SENMIAOTECHNOLOGYLTD_02_19_2019-EX-10.5-Collaboration Agreement,TextPlusLayout,3,1.0,0.1111111111111111,27
43,SENMIAOTECHNOLOGYLTD_02_19_2019-EX-10.5-Collaboration Agreement,TextPlusLayout,5,1.0,0.18518518518518517,27
43,SENMIAOTECHNOLOGYLTD_02_19_2019-EX-10.5-Collaboration Agreement,TextPlusLayout,10,0.9,0.3333333333333333,27
43,LinkPlusCorp_20050802_8-K_EX-10_3240252_EX-10_Affiliate Agreement,TextPlusLayout,3,1.0,0.1111111111111111,27
43,LinkPlusCorp_20050802_8-K_EX-10_3240252_EX-10_Affiliate Agreement,TextPlusLayout,5,1.0,0.18518518518518517,27
43,LinkPlusCorp_20050802_8-K_EX-10_3240252_EX-10_Affiliate Agreement,TextPlusLayout,10,0.9,0.3333333333333333,27
43,GentechHoldingsInc_20190808_1-A_EX1A-6 MAT CTRCT_11776814_EX1A-6 MAT CTRCT_Distributor Agreement,TextPlusLayout,3,1.0,0.13043478260869565,23
43,GentechHoldingsInc_20190808_1-A_EX1A-6 MAT CTRCT_11776814_EX1A-6 MAT CTRCT_Distributor Agreement,TextPlusLayout,5,0.8,0.17391304347826086,23
43,GentechHoldingsInc_20190808_1-A_EX1A-6 MAT CTRCT_11776814_EX1A-6 MAT CTRCT_Distributor Agreement,TextPlusLayout,10,0.8,0.34782608695652173,23
43,ElPolloLocoHoldingsInc_20200306_10-K_EX-10.16_12041700_EX-10.16_Development Agreement,TextPlusLayout,3,1.0,0.12,25
43,ElPolloLocoHoldingsInc_20200306_10-K_EX-10.16_12041700_EX-10.16_Development Agreement,TextPlusLayout,5,0.8,0.16,25
43,ElPolloLocoHoldingsInc_20200306_10-K_EX-10.16_12041700_EX-10.16_Development Agreement,TextPlusLayout,10,0.8,0.32,25
43,"XLITECHNOLOGIES,INC_12_11_2015-EX-10.1-Sponsorship Agreement",TextPlusLayout,3,1.0,0.09375,32
43,"XLITECHNOLOGIES,INC_12_11_2015-EX-10.1-Sponsorship Agreement",TextPlusLayout,5,1.0,0.15625,32
43,"XLITECHNOLOGIES,INC_12_11_2015-EX-10.1-Sponsorship Agreement",TextPlusLayout,10,1.0,0.3125,32
43,ImpresseCorp_20000322_S-1A_EX-10.11_5199234_EX-10.11_Co-Branding Agreement,TextPlusLayout,3,1.0,0.13043478260869565,23
43,ImpresseCorp_20000322_S-1A_EX-10.11_5199234_EX-10.11_Co-Branding Agreement,TextPlusLayout,5,1.0,0.21739130434782608,23
43,ImpresseCorp_20000322_S-1A_EX-10.11_5199234_EX-10.11_Co-Branding Agreement,TextPlusLayout,10,1.0,0.43478260869565216,23
43,LECLANCHÉ S.A. - JOINT DEVELOPMENT AND MARKETING AGREEMENT,TextPlusLayout,3,1.0,0.10714285714285714,28
43,LECLANCHÉ S.A. - JOINT DEVELOPMENT AND MARKETING AGREEMENT,TextPlusLayout,5,1.0,0.17857142857142858,28
43,LECLANCHÉ S.A. - JOINT DEVELOPMENT AND MARKETING AGREEMENT,TextPlusLayout,10,0.9,0.32142857142857145,28
43,PREMIERBIOMEDICALINC_05_14_2020-EX-10.2-INTELLECTUAL PROPERTY AGREEMENT,TextPlusLayout,3,1.0,0.09375,32
43,PREMIERBIOMEDICALINC_05_14_2020-EX-10.2-INTELLECTUAL PROPERTY AGREEMENT,TextPlusLayout,5,1.0,0.15625,32
43,PREMIERBIOMEDICALINC_05_14_2020-EX-10.2-INTELLECTUAL PROPERTY AGREEMENT,TextPlusLayout,10,1.0,0.3125,32
43,"SPRINGBANKPHARMACEUTICALS,INC_04_08_2020-EX-99.A-JOINT FILING AGREEMENT",TextPlusLayout,3,1.0,0.08333333333333333,36
43,"SPRINGBANKPHARMACEUTICALS,INC_04_08_2020-EX-99.A-JOINT FILING AGREEMENT",TextPlusLayout,5,1.0,0.1388888888888889,36
43,"SPRINGBANKPHARMACEUTICALS,INC_04_08_2020-EX-99.A-JOINT FILING AGREEMENT",TextPlusLayout,10,1.0,0.2777777777777778,36
43,Apollo Endosurgery - Manufacturing and Supply Agreement,TextPlusLayout,3,1.0,0.125,24
43,Apollo Endosurgery - Manufacturing and Supply Agreement,TextPlusLayout,5,1.0,0.20833333333333334,24
43,Apollo Endosurgery - Manufacturing and Supply Agreement,TextPlusLayout,10,1.0,0.4166666666666667,24
43,UsioInc_20040428_SB-2_EX-10.11_1723988_EX-10.11_Affiliate Agreement 2,TextPlusLayout,3,1.0,0.13043478260869565,23
43,UsioInc_20040428_SB-2_EX-10.11_1723988_EX-10.11_Affiliate Agreement 2,TextPlusLayout,5,0.8,0.17391304347826086,23
43,UsioInc_20040428_SB-2_EX-10.11_1723988_EX-10.11_Affiliate Agreement 2,TextPlusLayout,10,0.9,0.391304347826087,23
43,N2KINC_10_16_1997-EX-10.16-SPONSORSHIP AGREEMENT,TextPlusLayout,3,1.0,0.13636363636363635,22
43,N2KINC_10_16_1997-EX-10.16-SPONSORSHIP AGREEMENT,TextPlusLayout,5,1.0,0.22727272727272727,22
43,N2KINC_10_16_1997-EX-10.16-SPONSORSHIP AGREEMENT,TextPlusLayout,10,0.9,0.4090909090909091,22
43,LohaCompanyltd_20191209_F-1_EX-10.16_11917878_EX-10.16_Supply Agreement,TextPlusLayout,3,1.0,0.08823529411764706,34
43,LohaCompanyltd_20191209_F-1_EX-10.16_11917878_EX-10.16_Supply Agreement,TextPlusLayout,5,1.0,0.14705882352941177,34
43,LohaCompanyltd_20191209_F-1_EX-10.16_11917878_EX-10.16_Supply Agreement,TextPlusLayout,10,0.9,0.2647058823529412,34
43,"GIGGLESN_HUGS,INC_06_23_2016-EX-10.2-STRATEGIC ALLIANCE AGREEMENT",TextPlusLayout,3,1.0,0.0967741935483871,31
43,"GIGGLESN_HUGS,INC_06_23_2016-EX-10.2-STRATEGIC ALLIANCE AGREEMENT",TextPlusLayout,5,1.0,0.16129032258064516,31
43,"GIGGLESN_HUGS,INC_06_23_2016-EX-10.2-STRATEGIC ALLIANCE AGREEMENT",TextPlusLayout,10,1.0,0.3225806451612903,31
43,"BLUEROCKRESIDENTIALGROWTHREIT,INC_06_01_2016-EX-1.1-AGENCY AGREEMENT",TextPlusLayout,3,1.0,0.09090909090909091,33
43,"BLUEROCKRESIDENTIALGROWTHREIT,INC_06_01_2016-EX-1.1-AGENCY AGREEMENT",TextPlusLayout,5,1.0,0.15151515151515152,33
43,"BLUEROCKRESIDENTIALGROWTHREIT,INC_06_01_2016-EX-1.1-AGENCY AGREEMENT",TextPlusLayout,10,1.0,0.30303030303030304,33
43,CardlyticsInc_20180112_S-1_EX-10.16_11002987_EX-10.16_Maintenance Agreement3,TextPlusLayout,3,1.0,0.08108108108108109,37
43,CardlyticsInc_20180112_S-1_EX-10.16_11002987_EX-10.16_Maintenance Agreement3,TextPlusLayout,5,1.0,0.13513513513513514,37
43,CardlyticsInc_20180112_S-1_EX-10.16_11002987_EX-10.16_Maintenance Agreement3,TextPlusLayout,10,1.0,0.2702702702702703,37
43,"FIDELITYNATIONALINFORMATIONSERVICES,INC_08_05_2009-EX-10.3-INTELLECTUAL PROPERTY AGREEMENT",TextPlusLayout,3,1.0,0.11538461538461539,26
43,"FIDELITYNATIONALINFORMATIONSERVICES,INC_08_05_2009-EX-10.3-INTELLECTUAL PROPERTY AGREEMENT",TextPlusLayout,5,1.0,0.19230769230769232,26
43,"FIDELITYNATIONALINFORMATIONSERVICES,INC_08_05_2009-EX-10.3-INTELLECTUAL PROPERTY AGREEMENT",TextPlusLayout,10,1.0,0.38461538461538464,26
43,BLACKBOXSTOCKSINC_08_05_2014-EX-10.1-DISTRIBUTOR AGREEMENT,TextPlusLayout,3,1.0,0.125,24
43,BLACKBOXSTOCKSINC_08_05_2014-EX-10.1-DISTRIBUTOR AGREEMENT,TextPlusLayout,5,1.0,0.20833333333333334,24
43,BLACKBOXSTOCKSINC_08_05_2014-EX-10.1-DISTRIBUTOR AGREEMENT,TextPlusLayout,10,1.0,0.4166666666666667,24
43,ParatekPharmaceuticalsInc_20170505_10-KA_EX-10.29_10323872_EX-10.29_Outsourcing Agreement,TextPlusLayout,3,0.6666666666666666,0.10526315789473684,19
43,ParatekPharmaceuticalsInc_20170505_10-KA_EX-10.29_10323872_EX-10.29_Outsourcing Agreement,TextPlusLayout,5,0.8,0.21052631578947367,19
43,ParatekPharmaceuticalsInc_20170505_10-KA_EX-10.29_10323872_EX-10.29_Outsourcing Agreement,TextPlusLayout,10,0.9,0.47368421052631576,19
43,FEDERATEDGOVERNMENTINCOMESECURITIESINC_04_28_2020-EX-99.SERV AGREE-SERVICES AGREEMENT_SECONDAMENDMENT,TextPlusLayout,3,1.0,0.08333333333333333,36
43,FEDERATEDGOVERNMENTINCOMESECURITIESINC_04_28_2020-EX-99.SERV AGREE-SERVICES AGREEMENT_SECONDAMENDMENT,TextPlusLayout,5,1.0,0.1388888888888889,36
43,FEDERATEDGOVERNMENTINCOMESECURITIESINC_04_28_2020-EX-99.SERV AGREE-SERVICES AGREEMENT_SECONDAMENDMENT,TextPlusLayout,10,1.0,0.2777777777777778,36
43,ENTERPRISEPRODUCTSPARTNERSLP_07_08_1998-EX-10.3-TRANSPORTATION CONTRACT,TextPlusLayout,3,0.6666666666666666,0.08,25
43,ENTERPRISEPRODUCTSPARTNERSLP_07_08_1998-EX-10.3-TRANSPORTATION CONTRACT,TextPlusLayout,5,0.8,0.16,25
43,ENTERPRISEPRODUCTSPARTNERSLP_07_08_1998-EX-10.3-TRANSPORTATION CONTRACT,TextPlusLayout,10,0.9,0.36,25
43,LegacyEducationAllianceInc_20141110_8-K_EX-10.9_8828866_EX-10.9_Endorsement Agreement,TextPlusLayout,3,1.0,0.12,25
43,LegacyEducationAllianceInc_20141110_8-K_EX-10.9_8828866_EX-10.9_Endorsement Agreement,TextPlusLayout,5,1.0,0.2,25
43,LegacyEducationAllianceInc_20141110_8-K_EX-10.9_8828866_EX-10.9_Endorsement Agreement,TextPlusLayout,10,1.0,0.4,25
43,AIRTECHINTERNATIONALGROUPINC_05_08_2000-EX-10.4-FRANCHISE AGREEMENT,TextPlusLayout,3,1.0,0.15,20
43,AIRTECHINTERNATIONALGROUPINC_05_08_2000-EX-10.4-FRANCHISE AGREEMENT,TextPlusLayout,5,1.0,0.25,20
43,AIRTECHINTERNATIONALGROUPINC_05_08_2000-EX-10.4-FRANCHISE AGREEMENT,TextPlusLayout,10,0.9,0.45,20
43,ImineCorp_20180725_S-1_EX-10.5_11275970_EX-10.5_Distributor Agreement,TextPlusLayout,3,1.0,0.12,25
43,ImineCorp_20180725_S-1_EX-10.5_11275970_EX-10.5_Distributor Agreement,TextPlusLayout,5,1.0,0.2,25
43,ImineCorp_20180725_S-1_EX-10.5_11275970_EX-10.5_Distributor Agreement,TextPlusLayout,10,1.0,0.4,25
43,ELECTRAMECCANICA VEHICLES CORP. - Manufacturing Agreement,TextPlusLayout,3,1.0,0.12,25
43,ELECTRAMECCANICA VEHICLES CORP. - Manufacturing Agreement,TextPlusLayout,5,1.0,0.2,25
43,ELECTRAMECCANICA VEHICLES CORP. - Manufacturing Agreement,TextPlusLayout,10,0.8,0.32,25
43,FEDERATEDGOVERNMENTINCOMESECURITIESINC_04_28_2020-EX-99.SERV AGREE-SERVICES AGREEMENT,TextPlusLayout,3,1.0,0.09090909090909091,33
43,FEDERATEDGOVERNMENTINCOMESECURITIESINC_04_28_2020-EX-99.SERV AGREE-SERVICES AGREEMENT,TextPlusLayout,5,1.0,0.15151515151515152,33
43,FEDERATEDGOVERNMENTINCOMESECURITIESINC_04_28_2020-EX-99.SERV AGREE-SERVICES AGREEMENT,TextPlusLayout,10,1.0,0.30303030303030304,33
43,"OMINTO,INC_03_29_2004-EX-10-RESELLER AGREEMENT",TextPlusLayout,3,1.0,0.12,25
43,"OMINTO,INC_03_29_2004-EX-10-RESELLER AGREEMENT",TextPlusLayout,5,0.8,0.16,25
43,"OMINTO,INC_03_29_2004-EX-10-RESELLER AGREEMENT",TextPlusLayout,10,0.8,0.32,25
43,UAGHINC_04_14_2004-EX-10.18-MAINTENANCE AGREEMENT,TextPlusLayout,3,1.0,0.10714285714285714,28
43,UAGHINC_04_14_2004-EX-10.18-MAINTENANCE AGREEMENT,TextPlusLayout,5,1.0,0.17857142857142858,28
43,UAGHINC_04_14_2004-EX-10.18-MAINTENANCE AGREEMENT,TextPlusLayout,10,1.0,0.35714285714285715,28
43,ACCURAYINC_09_01_2010-EX-10.31-DISTRIBUTOR AGREEMENT,TextPlusLayout,3,1.0,0.10714285714285714,28
43,ACCURAYINC_09_01_2010-EX-10.31-DISTRIBUTOR AGREEMENT,TextPlusLayout,5,1.0,0.17857142857142858,28
43,ACCURAYINC_09_01_2010-EX-10.31-DISTRIBUTOR AGREEMENT,TextPlusLayout,10,1.0,0.35714285714285715,28
43,SalesforcecomInc_20171122_10-Q_EX-10.1_10961535_EX-10.1_Reseller Agreement,TextPlusLayout,3,1.0,0.08333333333333333,36
43,SalesforcecomInc_20171122_10-Q_EX-10.1_10961535_EX-10.1_Reseller Agreement,TextPlusLayout,5,1.0,0.1388888888888889,36
43,SalesforcecomInc_20171122_10-Q_EX-10.1_10961535_EX-10.1_Reseller Agreement,TextPlusLayout,10,1.0,0.2777777777777778,36
43,VERICELCORP_08_06_2019-EX-10.10-SUPPLY AGREEMENT,TextPlusLayout,3,1.0,0.15,20
43,VERICELCORP_08_06_2019-EX-10.10-SUPPLY AGREEMENT,TextPlusLayout,5,1.0,0.25,20
43,VERICELCORP_08_06_2019-EX-10.10-SUPPLY AGREEMENT,TextPlusLayout,10,0.9,0.45,20
43,MACROGENICSINC_08_02_2013-EX-10-COLLABORATION AGREEMENT,FrequencyPrior,3,1.0,0.14285714285714285,21
43,MACROGENICSINC_08_02_2013-EX-10-COLLABORATION AGREEMENT,FrequencyPrior,5,1.0,0.23809523809523808,21
43,MACROGENICSINC_08_02_2013-EX-10-COLLABORATION AGREEMENT,FrequencyPrior,10,0.8,0.38095238095238093,21
43,RandWorldwideInc_20010402_8-KA_EX-10.2_2102464_EX-10.2_Co-Branding Agreement,FrequencyPrior,3,0.6666666666666666,0.09523809523809523,21
43,RandWorldwideInc_20010402_8-KA_EX-10.2_2102464_EX-10.2_Co-Branding Agreement,FrequencyPrior,5,0.8,0.19047619047619047,21
43,RandWorldwideInc_20010402_8-KA_EX-10.2_2102464_EX-10.2_Co-Branding Agreement,FrequencyPrior,10,0.8,0.38095238095238093,21
43,AMBASSADOREYEWEARGROUPINC_11_17_1997-EX-10.28-ENDORSEMENT AGREEMENT,FrequencyPrior,3,1.0,0.125,24
43,AMBASSADOREYEWEARGROUPINC_11_17_1997-EX-10.28-ENDORSEMENT AGREEMENT,FrequencyPrior,5,1.0,0.20833333333333334,24
43,AMBASSADOREYEWEARGROUPINC_11_17_1997-EX-10.28-ENDORSEMENT AGREEMENT,FrequencyPrior,10,1.0,0.4166666666666667,24
43,PcquoteComInc_19990721_S-1A_EX-10.11_6377149_EX-10.11_Co-Branding Agreement3,FrequencyPrior,3,1.0,0.08333333333333333,36
43,PcquoteComInc_19990721_S-1A_EX-10.11_6377149_EX-10.11_Co-Branding Agreement3,FrequencyPrior,5,1.0,0.1388888888888889,36
43,PcquoteComInc_19990721_S-1A_EX-10.11_6377149_EX-10.11_Co-Branding Agreement3,FrequencyPrior,10,1.0,0.2777777777777778,36
43,HOLIDAYRVSUPERSTORESINC_04_15_2002-EX-10.13-ENDORSEMENT AGREEMENT,FrequencyPrior,3,1.0,0.10714285714285714,28
43,HOLIDAYRVSUPERSTORESINC_04_15_2002-EX-10.13-ENDORSEMENT AGREEMENT,FrequencyPrior,5,1.0,0.17857142857142858,28
43,HOLIDAYRVSUPERSTORESINC_04_15_2002-EX-10.13-ENDORSEMENT AGREEMENT,FrequencyPrior,10,0.9,0.32142857142857145,28
43,SPHERE3DCORP_06_24_2020-EX-10.12-CONSULTING AGREEMENT,FrequencyPrior,3,1.0,0.09375,32
43,SPHERE3DCORP_06_24_2020-EX-10.12-CONSULTING AGREEMENT,FrequencyPrior,5,1.0,0.15625,32
43,SPHERE3DCORP_06_24_2020-EX-10.12-CONSULTING AGREEMENT,FrequencyPrior,10,1.0,0.3125,32
43,VARIABLESEPARATEACCOUNT_04_30_2014-EX-13.C-UNCONDITIONAL CAPITAL MAINTENANCE AGREEMENT,FrequencyPrior,3,1.0,0.09090909090909091,33
43,VARIABLESEPARATEACCOUNT_04_30_2014-EX-13.C-UNCONDITIONAL CAPITAL MAINTENANCE AGREEMENT,FrequencyPrior,5,1.0,0.15151515151515152,33
43,VARIABLESEPARATEACCOUNT_04_30_2014-EX-13.C-UNCONDITIONAL CAPITAL MAINTENANCE AGREEMENT,FrequencyPrior,10,1.0,0.30303030303030304,33
43,"TURNKEYCAPITAL,INC_07_20_2017-EX-1.1-Strategic Alliance Agreement",FrequencyPrior,3,1.0,0.1,30
43,"TURNKEYCAPITAL,INC_07_20_2017-EX-1.1-Strategic Alliance Agreement",FrequencyPrior,5,1.0,0.16666666666666666,30
43,"TURNKEYCAPITAL,INC_07_20_2017-EX-1.1-Strategic Alliance Agreement",FrequencyPrior,10,1.0,0.3333333333333333,30
43,PrudentialBancorpInc_20170606_8-K_EX-10.4_10474434_EX-10.4_Endorsement Agreement,FrequencyPrior,3,1.0,0.09090909090909091,33
43,PrudentialBancorpInc_20170606_8-K_EX-10.4_10474434_EX-10.4_Endorsement Agreement,FrequencyPrior,5,0.8,0.12121212121212122,33
43,PrudentialBancorpInc_20170606_8-K_EX-10.4_10474434_EX-10.4_Endorsement Agreement,FrequencyPrior,10,0.9,0.2727272727272727,33
43,IntegrityFunds_20200121_485BPOS_EX-99.E UNDR CONTR_11948727_EX-99.E UNDR CONTR_Service Agreement,FrequencyPrior,3,1.0,0.0967741935483871,31
43,IntegrityFunds_20200121_485BPOS_EX-99.E UNDR CONTR_11948727_EX-99.E UNDR CONTR_Service Agreement,FrequencyPrior,5,1.0,0.16129032258064516,31
43,IntegrityFunds_20200121_485BPOS_EX-99.E UNDR CONTR_11948727_EX-99.E UNDR CONTR_Service Agreement,FrequencyPrior,10,1.0,0.3225806451612903,31
43,UnionDentalHoldingsInc_20050204_8-KA_EX-10_3345577_EX-10_Affiliate Agreement,FrequencyPrior,3,1.0,0.08823529411764706,34
43,UnionDentalHoldingsInc_20050204_8-KA_EX-10_3345577_EX-10_Affiliate Agreement,FrequencyPrior,5,1.0,0.14705882352941177,34
43,UnionDentalHoldingsInc_20050204_8-KA_EX-10_3345577_EX-10_Affiliate Agreement,FrequencyPrior,10,1.0,0.29411764705882354,34
43,CENTRACKINTERNATIONALINC_10_29_1999-EX-10.3-WEB SITE HOSTING AGREEMENT,FrequencyPrior,3,1.0,0.10344827586206896,29
43,CENTRACKINTERNATIONALINC_10_29_1999-EX-10.3-WEB SITE HOSTING AGREEMENT,FrequencyPrior,5,1.0,0.1724137931034483,29
43,CENTRACKINTERNATIONALINC_10_29_1999-EX-10.3-WEB SITE HOSTING AGREEMENT,FrequencyPrior,10,1.0,0.3448275862068966,29
43,SoupmanInc_20150814_8-K_EX-10.1_9230148_EX-10.1_Franchise Agreement3,FrequencyPrior,3,1.0,0.08108108108108109,37
43,SoupmanInc_20150814_8-K_EX-10.1_9230148_EX-10.1_Franchise Agreement3,FrequencyPrior,5,1.0,0.13513513513513514,37
43,SoupmanInc_20150814_8-K_EX-10.1_9230148_EX-10.1_Franchise Agreement3,FrequencyPrior,10,1.0,0.2702702702702703,37
43,"SUCAMPOPHARMACEUTICALS,INC_11_04_2015-EX-10.2-STRATEGIC ALLIANCE AGREEMENT",FrequencyPrior,3,1.0,0.09375,32
43,"SUCAMPOPHARMACEUTICALS,INC_11_04_2015-EX-10.2-STRATEGIC ALLIANCE AGREEMENT",FrequencyPrior,5,0.8,0.125,32
43,"SUCAMPOPHARMACEUTICALS,INC_11_04_2015-EX-10.2-STRATEGIC ALLIANCE AGREEMENT",FrequencyPrior,10,0.9,0.28125,32
43,"IPAYMENT,INC_05_14_2007-EX-10.1-SPONSORSHIP AGREEMENT",FrequencyPrior,3,1.0,0.11538461538461539,26
43,"IPAYMENT,INC_05_14_2007-EX-10.1-SPONSORSHIP AGREEMENT",FrequencyPrior,5,1.0,0.19230769230769232,26
43,"IPAYMENT,INC_05_14_2007-EX-10.1-SPONSORSHIP AGREEMENT",FrequencyPrior,10,1.0,0.38461538461538464,26
43,"XACCT Technologies, Inc.SUPPORT AND MAINTENANCE AGREEMENT",FrequencyPrior,3,1.0,0.1,30
43,"XACCT Technologies, Inc.SUPPORT AND MAINTENANCE AGREEMENT",FrequencyPrior,5,1.0,0.16666666666666666,30
43,"XACCT Technologies, Inc.SUPPORT AND MAINTENANCE AGREEMENT",FrequencyPrior,10,1.0,0.3333333333333333,30
43,"XLITECHNOLOGIES,INC_12_02_2015-EX-10.02-STRATEGIC ALLIANCE AGREEMENT",FrequencyPrior,3,1.0,0.08823529411764706,34
43,"XLITECHNOLOGIES,INC_12_02_2015-EX-10.02-STRATEGIC ALLIANCE AGREEMENT",FrequencyPrior,5,1.0,0.14705882352941177,34
43,"XLITECHNOLOGIES,INC_12_02_2015-EX-10.02-STRATEGIC ALLIANCE AGREEMENT",FrequencyPrior,10,1.0,0.29411764705882354,34
43,VirtuosoSurgicalInc_20191227_1-A_EX1A-6 MAT CTRCT_11933379_EX1A-6 MAT CTRCT_License Agreement,FrequencyPrior,3,1.0,0.13636363636363635,22
43,VirtuosoSurgicalInc_20191227_1-A_EX1A-6 MAT CTRCT_11933379_EX1A-6 MAT CTRCT_License Agreement,FrequencyPrior,5,1.0,0.22727272727272727,22
43,VirtuosoSurgicalInc_20191227_1-A_EX1A-6 MAT CTRCT_11933379_EX1A-6 MAT CTRCT_License Agreement,FrequencyPrior,10,0.9,0.4090909090909091,22
43,PerformanceSportsBrandsInc_20110909_S-1_EX-10.10_7220214_EX-10.10_Endorsement Agreement,FrequencyPrior,3,1.0,0.125,24
43,PerformanceSportsBrandsInc_20110909_S-1_EX-10.10_7220214_EX-10.10_Endorsement Agreement,FrequencyPrior,5,1.0,0.20833333333333334,24
43,PerformanceSportsBrandsInc_20110909_S-1_EX-10.10_7220214_EX-10.10_Endorsement Agreement,FrequencyPrior,10,0.9,0.375,24
43,REGANHOLDINGCORP_03_31_2008-EX-10-LICENSE AND HOSTING AGREEMENT,FrequencyPrior,3,1.0,0.11538461538461539,26
43,REGANHOLDINGCORP_03_31_2008-EX-10-LICENSE AND HOSTING AGREEMENT,FrequencyPrior,5,1.0,0.19230769230769232,26
43,REGANHOLDINGCORP_03_31_2008-EX-10-LICENSE AND HOSTING AGREEMENT,FrequencyPrior,10,0.9,0.34615384615384615,26
43,"BORROWMONEYCOM,INC_06_11_2020-EX-10.1-JOINT VENTURE AGREEMENT",FrequencyPrior,3,1.0,0.1,30
43,"BORROWMONEYCOM,INC_06_11_2020-EX-10.1-JOINT VENTURE AGREEMENT",FrequencyPrior,5,1.0,0.16666666666666666,30
43,"BORROWMONEYCOM,INC_06_11_2020-EX-10.1-JOINT VENTURE AGREEMENT",FrequencyPrior,10,1.0,0.3333333333333333,30
43,FerroglobePlc_20150624_F-4A_EX-10.20_9154746_EX-10.20_Outsourcing Agreement,FrequencyPrior,3,1.0,0.1,30
43,FerroglobePlc_20150624_F-4A_EX-10.20_9154746_EX-10.20_Outsourcing Agreement,FrequencyPrior,5,1.0,0.16666666666666666,30
43,FerroglobePlc_20150624_F-4A_EX-10.20_9154746_EX-10.20_Outsourcing Agreement,FrequencyPrior,10,1.0,0.3333333333333333,30
43,QuantumGroupIncFl_20090120_8-K_EX-99.2_3672910_EX-99.2_Hosting Agreement,FrequencyPrior,3,1.0,0.125,24
43,QuantumGroupIncFl_20090120_8-K_EX-99.2_3672910_EX-99.2_Hosting Agreement,FrequencyPrior,5,1.0,0.20833333333333334,24
43,QuantumGroupIncFl_20090120_8-K_EX-99.2_3672910_EX-99.2_Hosting Agreement,FrequencyPrior,10,0.8,0.3333333333333333,24
43,SteelVaultCorp_20081224_10-K_EX-10.16_3074935_EX-10.16_Affiliate Agreement,FrequencyPrior,3,0.6666666666666666,0.07407407407407407,27
43,SteelVaultCorp_20081224_10-K_EX-10.16_3074935_EX-10.16_Affiliate Agreement,FrequencyPrior,5,0.8,0.14814814814814814,27
43,SteelVaultCorp_20081224_10-K_EX-10.16_3074935_EX-10.16_Affiliate Agreement,FrequencyPrior,10,0.9,0.3333333333333333,27
43,INTRICONCORP_03_10_2009-EX-10.22-Strategic Alliance Agreement,FrequencyPrior,3,1.0,0.13043478260869565,23
43,INTRICONCORP_03_10_2009-EX-10.22-Strategic Alliance Agreement,FrequencyPrior,5,1.0,0.21739130434782608,23
43,INTRICONCORP_03_10_2009-EX-10.22-Strategic Alliance Agreement,FrequencyPrior,10,1.0,0.43478260869565216,23
43,"MEETGROUP,INC_06_29_2017-EX-10.1-COOPERATION AGREEMENT",FrequencyPrior,3,1.0,0.09090909090909091,33
43,"MEETGROUP,INC_06_29_2017-EX-10.1-COOPERATION AGREEMENT",FrequencyPrior,5,1.0,0.15151515151515152,33
43,"MEETGROUP,INC_06_29_2017-EX-10.1-COOPERATION AGREEMENT",FrequencyPrior,10,0.9,0.2727272727272727,33
43,MSCIINC_02_28_2008-EX-10.10-,FrequencyPrior,3,1.0,0.09090909090909091,33
43,MSCIINC_02_28_2008-EX-10.10-,FrequencyPrior,5,1.0,0.15151515151515152,33
43,MSCIINC_02_28_2008-EX-10.10-,FrequencyPrior,10,0.9,0.2727272727272727,33
43,GluMobileInc_20070319_S-1A_EX-10.09_436630_EX-10.09_Content License Agreement3,FrequencyPrior,3,1.0,0.08571428571428572,35
43,GluMobileInc_20070319_S-1A_EX-10.09_436630_EX-10.09_Content License Agreement3,FrequencyPrior,5,1.0,0.14285714285714285,35
43,GluMobileInc_20070319_S-1A_EX-10.09_436630_EX-10.09_Content License Agreement3,FrequencyPrior,10,1.0,0.2857142857142857,35
43,EmmisCommunicationsCorp_20191125_8-K_EX-10.6_11906433_EX-10.6_Marketing Agreement,FrequencyPrior,3,1.0,0.09375,32
43,EmmisCommunicationsCorp_20191125_8-K_EX-10.6_11906433_EX-10.6_Marketing Agreement,FrequencyPrior,5,1.0,0.15625,32
43,EmmisCommunicationsCorp_20191125_8-K_EX-10.6_11906433_EX-10.6_Marketing Agreement,FrequencyPrior,10,1.0,0.3125,32
43,TICKETSCOMINC_06_22_1999-EX-10.22-SPONSORSHIP AGREEMENT,FrequencyPrior,3,0.6666666666666666,0.06896551724137931,29
43,TICKETSCOMINC_06_22_1999-EX-10.22-SPONSORSHIP AGREEMENT,FrequencyPrior,5,0.8,0.13793103448275862,29
43,TICKETSCOMINC_06_22_1999-EX-10.22-SPONSORSHIP AGREEMENT,FrequencyPrior,10,0.9,0.3103448275862069,29
43,TcPipelinesLp_20160226_10-K_EX-99.12_9454048_EX-99.12_Transportation Agreement,FrequencyPrior,3,1.0,0.09090909090909091,33
43,TcPipelinesLp_20160226_10-K_EX-99.12_9454048_EX-99.12_Transportation Agreement,FrequencyPrior,5,1.0,0.15151515151515152,33
43,TcPipelinesLp_20160226_10-K_EX-99.12_9454048_EX-99.12_Transportation Agreement,FrequencyPrior,10,1.0,0.30303030303030304,33
43,PFSFUNDS_06_26_2020-EX-99.H OTH MAT CONT-SERVICES AGREEMENT,FrequencyPrior,3,1.0,0.09375,32
43,PFSFUNDS_06_26_2020-EX-99.H OTH MAT CONT-SERVICES AGREEMENT,FrequencyPrior,5,1.0,0.15625,32
43,PFSFUNDS_06_26_2020-EX-99.H OTH MAT CONT-SERVICES AGREEMENT,FrequencyPrior,10,1.0,0.3125,32
43,SECURIANFUNDSTRUST_05_01_2012-EX-99.28.H.9-NET INVESTMENT INCOME MAINTENANCE AGREEMENT,FrequencyPrior,3,1.0,0.08571428571428572,35
43,SECURIANFUNDSTRUST_05_01_2012-EX-99.28.H.9-NET INVESTMENT INCOME MAINTENANCE AGREEMENT,FrequencyPrior,5,1.0,0.14285714285714285,35
43,SECURIANFUNDSTRUST_05_01_2012-EX-99.28.H.9-NET INVESTMENT INCOME MAINTENANCE AGREEMENT,FrequencyPrior,10,1.0,0.2857142857142857,35
43,EMERALDHEALTHTHERAPEUTICSINC_06_10_2020-EX-4.5-CONSULTING AGREEMENT - DR. GAETANO MORELLO N.D. INC.,FrequencyPrior,3,1.0,0.0967741935483871,31
43,EMERALDHEALTHTHERAPEUTICSINC_06_10_2020-EX-4.5-CONSULTING AGREEMENT - DR. GAETANO MORELLO N.D. INC.,FrequencyPrior,5,1.0,0.16129032258064516,31
43,EMERALDHEALTHTHERAPEUTICSINC_06_10_2020-EX-4.5-CONSULTING AGREEMENT - DR. GAETANO MORELLO N.D. INC.,FrequencyPrior,10,1.0,0.3225806451612903,31
43,"TRANSPHORM,INC_02_14_2020-EX-10.12(1)-JOINT VENTURE AGREEMENT",FrequencyPrior,3,1.0,0.10344827586206896,29
43,"TRANSPHORM,INC_02_14_2020-EX-10.12(1)-JOINT VENTURE AGREEMENT",FrequencyPrior,5,1.0,0.1724137931034483,29
43,"TRANSPHORM,INC_02_14_2020-EX-10.12(1)-JOINT VENTURE AGREEMENT",FrequencyPrior,10,1.0,0.3448275862068966,29
43,BIOFRONTERAAG_04_29_2019-EX-4.17-SUPPLY AGREEMENT,FrequencyPrior,3,1.0,0.10714285714285714,28
43,BIOFRONTERAAG_04_29_2019-EX-4.17-SUPPLY AGREEMENT,FrequencyPrior,5,1.0,0.17857142857142858,28
43,BIOFRONTERAAG_04_29_2019-EX-4.17-SUPPLY AGREEMENT,FrequencyPrior,10,1.0,0.35714285714285715,28
43,GlobalTechnologiesGroupInc_20050928_10KSB_EX-10.9_4148808_EX-10.9_Content License Agreement,FrequencyPrior,3,1.0,0.1111111111111111,27
43,GlobalTechnologiesGroupInc_20050928_10KSB_EX-10.9_4148808_EX-10.9_Content License Agreement,FrequencyPrior,5,1.0,0.18518518518518517,27
43,GlobalTechnologiesGroupInc_20050928_10KSB_EX-10.9_4148808_EX-10.9_Content License Agreement,FrequencyPrior,10,1.0,0.37037037037037035,27
43,BellringBrandsInc_20190920_S-1_EX-10.12_11817081_EX-10.12_Manufacturing Agreement1,FrequencyPrior,3,1.0,0.10714285714285714,28
43,BellringBrandsInc_20190920_S-1_EX-10.12_11817081_EX-10.12_Manufacturing Agreement1,FrequencyPrior,5,1.0,0.17857142857142858,28
43,BellringBrandsInc_20190920_S-1_EX-10.12_11817081_EX-10.12_Manufacturing Agreement1,FrequencyPrior,10,1.0,0.35714285714285715,28
43,NYLIACVARIABLEANNUITYSEPARATEACCOUNTIII_04_10_2020-EX-99.8.KK-SERVICE AGREEMENT,FrequencyPrior,3,1.0,0.09375,32
43,NYLIACVARIABLEANNUITYSEPARATEACCOUNTIII_04_10_2020-EX-99.8.KK-SERVICE AGREEMENT,FrequencyPrior,5,1.0,0.15625,32
43,NYLIACVARIABLEANNUITYSEPARATEACCOUNTIII_04_10_2020-EX-99.8.KK-SERVICE AGREEMENT,FrequencyPrior,10,1.0,0.3125,32
43,ALLIANCEBANCORPINCOFPENNSYLVANIA_10_18_2006-EX-1.2-AGENCY AGREEMENT,FrequencyPrior,3,1.0,0.09375,32
43,ALLIANCEBANCORPINCOFPENNSYLVANIA_10_18_2006-EX-1.2-AGENCY AGREEMENT,FrequencyPrior,5,1.0,0.15625,32
43,ALLIANCEBANCORPINCOFPENNSYLVANIA_10_18_2006-EX-1.2-AGENCY AGREEMENT,FrequencyPrior,10,1.0,0.3125,32
43,ZtoExpressCaymanInc_20160930_F-1_EX-10.10_9752871_EX-10.10_Transportation Agreement,FrequencyPrior,3,1.0,0.09090909090909091,33
43,ZtoExpressCaymanInc_20160930_F-1_EX-10.10_9752871_EX-10.10_Transportation Agreement,FrequencyPrior,5,1.0,0.15151515151515152,33
43,ZtoExpressCaymanInc_20160930_F-1_EX-10.10_9752871_EX-10.10_Transportation Agreement,FrequencyPrior,10,0.9,0.2727272727272727,33
43,MusclepharmCorp_20170208_10-KA_EX-10.38_9893581_EX-10.38_Co-Branding Agreement,FrequencyPrior,3,1.0,0.16666666666666666,18
43,MusclepharmCorp_20170208_10-KA_EX-10.38_9893581_EX-10.38_Co-Branding Agreement,FrequencyPrior,5,1.0,0.2777777777777778,18
43,MusclepharmCorp_20170208_10-KA_EX-10.38_9893581_EX-10.38_Co-Branding Agreement,FrequencyPrior,10,1.0,0.5555555555555556,18
43,DataCallTechnologies_20060918_SB-2A_EX-10.9_944510_EX-10.9_Content License Agreement,FrequencyPrior,3,1.0,0.1111111111111111,27
43,DataCallTechnologies_20060918_SB-2A_EX-10.9_944510_EX-10.9_Content License Agreement,FrequencyPrior,5,1.0,0.18518518518518517,27
43,DataCallTechnologies_20060918_SB-2A_EX-10.9_944510_EX-10.9_Content License Agreement,FrequencyPrior,10,1.0,0.37037037037037035,27
43,WPPPLC_04_30_2020-EX-4.28-SERVICE AGREEMENT,FrequencyPrior,3,0.6666666666666666,0.06666666666666667,30
43,WPPPLC_04_30_2020-EX-4.28-SERVICE AGREEMENT,FrequencyPrior,5,0.8,0.13333333333333333,30
43,WPPPLC_04_30_2020-EX-4.28-SERVICE AGREEMENT,FrequencyPrior,10,0.9,0.3,30
43,ZEBRATECHNOLOGIESCORP_04_16_2014-EX-10.1-INTELLECTUAL PROPERTY AGREEMENT,FrequencyPrior,3,1.0,0.11538461538461539,26
43,ZEBRATECHNOLOGIESCORP_04_16_2014-EX-10.1-INTELLECTUAL PROPERTY AGREEMENT,FrequencyPrior,5,1.0,0.19230769230769232,26
43,ZEBRATECHNOLOGIESCORP_04_16_2014-EX-10.1-INTELLECTUAL PROPERTY AGREEMENT,FrequencyPrior,10,0.8,0.3076923076923077,26
43,TEARDROPGOLFCO_10_23_1996-EX-10.12-ENDORSEMENT AGREEMENT,FrequencyPrior,3,1.0,0.125,24
43,TEARDROPGOLFCO_10_23_1996-EX-10.12-ENDORSEMENT AGREEMENT,FrequencyPrior,5,1.0,0.20833333333333334,24
43,TEARDROPGOLFCO_10_23_1996-EX-10.12-ENDORSEMENT AGREEMENT,FrequencyPrior,10,0.9,0.375,24
43,CardlyticsInc_20180112_S-1_EX-10.16_11002987_EX-10.16_Maintenance Agreement1,FrequencyPrior,3,1.0,0.15789473684210525,19
43,CardlyticsInc_20180112_S-1_EX-10.16_11002987_EX-10.16_Maintenance Agreement1,FrequencyPrior,5,0.8,0.21052631578947367,19
43,CardlyticsInc_20180112_S-1_EX-10.16_11002987_EX-10.16_Maintenance Agreement1,FrequencyPrior,10,0.7,0.3684210526315789,19
43,PacificapEntertainmentHoldingsInc_20051115_8-KA_EX-1.01_4300894_EX-1.01_Content License Agreement,FrequencyPrior,3,1.0,0.1111111111111111,27
43,PacificapEntertainmentHoldingsInc_20051115_8-KA_EX-1.01_4300894_EX-1.01_Content License Agreement,FrequencyPrior,5,1.0,0.18518518518518517,27
43,PacificapEntertainmentHoldingsInc_20051115_8-KA_EX-1.01_4300894_EX-1.01_Content License Agreement,FrequencyPrior,10,1.0,0.37037037037037035,27
43,"HOSPITALITYINVESTORSTRUST,INC_04_07_2014-EX-10.26-FRANCHISE AGREEMENT",FrequencyPrior,3,1.0,0.125,24
43,"HOSPITALITYINVESTORSTRUST,INC_04_07_2014-EX-10.26-FRANCHISE AGREEMENT",FrequencyPrior,5,1.0,0.20833333333333334,24
43,"HOSPITALITYINVESTORSTRUST,INC_04_07_2014-EX-10.26-FRANCHISE AGREEMENT",FrequencyPrior,10,0.9,0.375,24
43,ReynoldsConsumerProductsInc_20191115_S-1_EX-10.18_11896469_EX-10.18_Supply Agreement,FrequencyPrior,3,1.0,0.1,30
43,ReynoldsConsumerProductsInc_20191115_S-1_EX-10.18_11896469_EX-10.18_Supply Agreement,FrequencyPrior,5,1.0,0.16666666666666666,30
43,ReynoldsConsumerProductsInc_20191115_S-1_EX-10.18_11896469_EX-10.18_Supply Agreement,FrequencyPrior,10,1.0,0.3333333333333333,30
43,"SPIENERGYCO,LTD_07_10_2014-EX-10-Cooperation Agreement of 50MWp Photovoltaic Grid-connected Power Generation Project in Yangqiao of~1",FrequencyPrior,3,1.0,0.08108108108108109,37
43,"SPIENERGYCO,LTD_07_10_2014-EX-10-Cooperation Agreement of 50MWp Photovoltaic Grid-connected Power Generation Project in Yangqiao of~1",FrequencyPrior,5,1.0,0.13513513513513514,37
43,"SPIENERGYCO,LTD_07_10_2014-EX-10-Cooperation Agreement of 50MWp Photovoltaic Grid-connected Power Generation Project in Yangqiao of~1",FrequencyPrior,10,1.0,0.2702702702702703,37
43,"DUOSTECHNOLOGIESGROUP,INC_04_21_2009-EX-10.1-STRATEGIC ALLIANCE AGREEMENT",FrequencyPrior,3,1.0,0.15789473684210525,19
43,"DUOSTECHNOLOGIESGROUP,INC_04_21_2009-EX-10.1-STRATEGIC ALLIANCE AGREEMENT",FrequencyPrior,5,0.8,0.21052631578947367,19
43,"DUOSTECHNOLOGIESGROUP,INC_04_21_2009-EX-10.1-STRATEGIC ALLIANCE AGREEMENT",FrequencyPrior,10,0.9,0.47368421052631576,19
43,ChinaRealEstateInformationCorp_20090929_F-1_EX-10.32_4771615_EX-10.32_Content License Agreement,FrequencyPrior,3,1.0,0.12,25
43,ChinaRealEstateInformationCorp_20090929_F-1_EX-10.32_4771615_EX-10.32_Content License Agreement,FrequencyPrior,5,0.8,0.16,25
43,ChinaRealEstateInformationCorp_20090929_F-1_EX-10.32_4771615_EX-10.32_Content License Agreement,FrequencyPrior,10,0.8,0.32,25
43,"VIRGINGALACTICHOLDINGS,INC_04_08_2020-EX-99.1-JOINT FILING STATEMENT",FrequencyPrior,3,1.0,0.08108108108108109,37
43,"VIRGINGALACTICHOLDINGS,INC_04_08_2020-EX-99.1-JOINT FILING STATEMENT",FrequencyPrior,5,1.0,0.13513513513513514,37
43,"VIRGINGALACTICHOLDINGS,INC_04_08_2020-EX-99.1-JOINT FILING STATEMENT",FrequencyPrior,10,1.0,0.2702702702702703,37
43,BLUEFLYINC_03_27_2002-EX-10.27-e-business Hosting Agreement,FrequencyPrior,3,1.0,0.125,24
43,BLUEFLYINC_03_27_2002-EX-10.27-e-business Hosting Agreement,FrequencyPrior,5,0.8,0.16666666666666666,24
43,BLUEFLYINC_03_27_2002-EX-10.27-e-business Hosting Agreement,FrequencyPrior,10,0.7,0.2916666666666667,24
43,DIVERSINETCORP_03_01_2012-EX-4-RESELLER AGREEMENT,FrequencyPrior,3,1.0,0.14285714285714285,21
43,DIVERSINETCORP_03_01_2012-EX-4-RESELLER AGREEMENT,FrequencyPrior,5,1.0,0.23809523809523808,21
43,DIVERSINETCORP_03_01_2012-EX-4-RESELLER AGREEMENT,FrequencyPrior,10,1.0,0.47619047619047616,21
43,BIOAMBERINC_04_10_2013-EX-10.34-DEVELOPMENT AGREEMENT - First Amendment,FrequencyPrior,3,1.0,0.07894736842105263,38
43,BIOAMBERINC_04_10_2013-EX-10.34-DEVELOPMENT AGREEMENT - First Amendment,FrequencyPrior,5,1.0,0.13157894736842105,38
43,BIOAMBERINC_04_10_2013-EX-10.34-DEVELOPMENT AGREEMENT - First Amendment,FrequencyPrior,10,1.0,0.2631578947368421,38
43,InvendaCorp_20000828_S-1A_EX-10.2_2588206_EX-10.2_Co-Branding Agreement,FrequencyPrior,3,0.6666666666666666,0.125,16
43,InvendaCorp_20000828_S-1A_EX-10.2_2588206_EX-10.2_Co-Branding Agreement,FrequencyPrior,5,0.8,0.25,16
43,InvendaCorp_20000828_S-1A_EX-10.2_2588206_EX-10.2_Co-Branding Agreement,FrequencyPrior,10,0.7,0.4375,16
43,WebmdHealthCorp_20050908_S-1A_EX-10.7_1027007_EX-10.7_Content License Agreement,FrequencyPrior,3,1.0,0.0967741935483871,31
43,WebmdHealthCorp_20050908_S-1A_EX-10.7_1027007_EX-10.7_Content License Agreement,FrequencyPrior,5,1.0,0.16129032258064516,31
43,WebmdHealthCorp_20050908_S-1A_EX-10.7_1027007_EX-10.7_Content License Agreement,FrequencyPrior,10,1.0,0.3225806451612903,31
43,SANDRIDGEENERGYINC_08_06_2009-EX-10.6-OPERATIONS AND MAINTENANCE AGREEMENT,FrequencyPrior,3,1.0,0.10714285714285714,28
43,SANDRIDGEENERGYINC_08_06_2009-EX-10.6-OPERATIONS AND MAINTENANCE AGREEMENT,FrequencyPrior,5,1.0,0.17857142857142858,28
43,SANDRIDGEENERGYINC_08_06_2009-EX-10.6-OPERATIONS AND MAINTENANCE AGREEMENT,FrequencyPrior,10,1.0,0.35714285714285715,28
43,EmbarkComInc_19991008_S-1A_EX-10.10_6487661_EX-10.10_Co-Branding Agreement,FrequencyPrior,3,1.0,0.1111111111111111,27
43,EmbarkComInc_19991008_S-1A_EX-10.10_6487661_EX-10.10_Co-Branding Agreement,FrequencyPrior,5,1.0,0.18518518518518517,27
43,EmbarkComInc_19991008_S-1A_EX-10.10_6487661_EX-10.10_Co-Branding Agreement,FrequencyPrior,10,1.0,0.37037037037037035,27
43,ANIXABIOSCIENCESINC_06_09_2020-EX-10.1-COLLABORATION AGREEMENT,FrequencyPrior,3,0.6666666666666666,0.09090909090909091,22
43,ANIXABIOSCIENCESINC_06_09_2020-EX-10.1-COLLABORATION AGREEMENT,FrequencyPrior,5,0.8,0.18181818181818182,22
43,ANIXABIOSCIENCESINC_06_09_2020-EX-10.1-COLLABORATION AGREEMENT,FrequencyPrior,10,0.8,0.36363636363636365,22
43,FreezeTagInc_20180411_8-K_EX-10.1_11139603_EX-10.1_Sponsorship Agreement,FrequencyPrior,3,1.0,0.1111111111111111,27
43,FreezeTagInc_20180411_8-K_EX-10.1_11139603_EX-10.1_Sponsorship Agreement,FrequencyPrior,5,1.0,0.18518518518518517,27
43,FreezeTagInc_20180411_8-K_EX-10.1_11139603_EX-10.1_Sponsorship Agreement,FrequencyPrior,10,1.0,0.37037037037037035,27
43,PhasebioPharmaceuticalsInc_20200330_10-K_EX-10.21_12086810_EX-10.21_Development Agreement,FrequencyPrior,3,1.0,0.15789473684210525,19
43,PhasebioPharmaceuticalsInc_20200330_10-K_EX-10.21_12086810_EX-10.21_Development Agreement,FrequencyPrior,5,1.0,0.2631578947368421,19
43,PhasebioPharmaceuticalsInc_20200330_10-K_EX-10.21_12086810_EX-10.21_Development Agreement,FrequencyPrior,10,0.9,0.47368421052631576,19
43,WARNINGMANAGEMENTSERVICESINC_12_10_1999-EX-10-ENDORSEMENT AGREEMENT,FrequencyPrior,3,1.0,0.13636363636363635,22
43,WARNINGMANAGEMENTSERVICESINC_12_10_1999-EX-10-ENDORSEMENT AGREEMENT,FrequencyPrior,5,0.8,0.18181818181818182,22
43,WARNINGMANAGEMENTSERVICESINC_12_10_1999-EX-10-ENDORSEMENT AGREEMENT,FrequencyPrior,10,0.9,0.4090909090909091,22
43,RgcResourcesInc_20151216_8-K_EX-10.3_9372751_EX-10.3_Franchise Agreement,FrequencyPrior,3,1.0,0.09090909090909091,33
43,RgcResourcesInc_20151216_8-K_EX-10.3_9372751_EX-10.3_Franchise Agreement,FrequencyPrior,5,1.0,0.15151515151515152,33
43,RgcResourcesInc_20151216_8-K_EX-10.3_9372751_EX-10.3_Franchise Agreement,FrequencyPrior,10,1.0,0.30303030303030304,33
43,BLACKROCKMUNIHOLDINGSINVESTMENTQUALITYFUND_04_07_2020-EX-99.01-JOINT FILING AGREEMENT,FrequencyPrior,3,1.0,0.08333333333333333,36
43,BLACKROCKMUNIHOLDINGSINVESTMENTQUALITYFUND_04_07_2020-EX-99.01-JOINT FILING AGREEMENT,FrequencyPrior,5,1.0,0.1388888888888889,36
43,BLACKROCKMUNIHOLDINGSINVESTMENTQUALITYFUND_04_07_2020-EX-99.01-JOINT FILING AGREEMENT,FrequencyPrior,10,1.0,0.2777777777777778,36
43,ArconicRolledProductsCorp_20191217_10-12B_EX-2.7_11923804_EX-2.7_Trademark License Agreement,FrequencyPrior,3,0.6666666666666666,0.07692307692307693,26
43,ArconicRolledProductsCorp_20191217_10-12B_EX-2.7_11923804_EX-2.7_Trademark License Agreement,FrequencyPrior,5,0.8,0.15384615384615385,26
43,ArconicRolledProductsCorp_20191217_10-12B_EX-2.7_11923804_EX-2.7_Trademark License Agreement,FrequencyPrior,10,0.8,0.3076923076923077,26
43,ICORECONNECTINC_10_13_2010-EX-7.1-Strategic Alliance Agreement,FrequencyPrior,3,1.0,0.12,25
43,ICORECONNECTINC_10_13_2010-EX-7.1-Strategic Alliance Agreement,FrequencyPrior,5,1.0,0.2,25
43,ICORECONNECTINC_10_13_2010-EX-7.1-Strategic Alliance Agreement,FrequencyPrior,10,1.0,0.4,25
43,BOLIVARMININGCORP_05_23_2003-EX-2.1-VISP WEB SITE BUILDING AND HOSTING AGREEMENT,FrequencyPrior,3,0.6666666666666666,0.07142857142857142,28
43,BOLIVARMININGCORP_05_23_2003-EX-2.1-VISP WEB SITE BUILDING AND HOSTING AGREEMENT,FrequencyPrior,5,0.8,0.14285714285714285,28
43,BOLIVARMININGCORP_05_23_2003-EX-2.1-VISP WEB SITE BUILDING AND HOSTING AGREEMENT,FrequencyPrior,10,0.8,0.2857142857142857,28
43,INKTOMICORP_06_08_1998-EX-10.14-SOFTWARE HOSTING AGREEMENT,FrequencyPrior,3,1.0,0.14285714285714285,21
43,INKTOMICORP_06_08_1998-EX-10.14-SOFTWARE HOSTING AGREEMENT,FrequencyPrior,5,1.0,0.23809523809523808,21
43,INKTOMICORP_06_08_1998-EX-10.14-SOFTWARE HOSTING AGREEMENT,FrequencyPrior,10,0.8,0.38095238095238093,21
43,ATMOSENERGYCORP_11_22_2002-EX-10.17-TRANSPORTATION SERVICE AGREEMENT,FrequencyPrior,3,1.0,0.10344827586206896,29
43,ATMOSENERGYCORP_11_22_2002-EX-10.17-TRANSPORTATION SERVICE AGREEMENT,FrequencyPrior,5,1.0,0.1724137931034483,29
43,ATMOSENERGYCORP_11_22_2002-EX-10.17-TRANSPORTATION SERVICE AGREEMENT,FrequencyPrior,10,1.0,0.3448275862068966,29
43,WARNERCHILCOTTPLC_12_31_2003-EX-4.36-DEVELOPMENT AGREEMENT,FrequencyPrior,3,1.0,0.09375,32
43,WARNERCHILCOTTPLC_12_31_2003-EX-4.36-DEVELOPMENT AGREEMENT,FrequencyPrior,5,1.0,0.15625,32
43,WARNERCHILCOTTPLC_12_31_2003-EX-4.36-DEVELOPMENT AGREEMENT,FrequencyPrior,10,1.0,0.3125,32
43,Cerus Corporation - FIRST AMEND TO SUPPLY AND MANUFACTURING AGREEMENT,FrequencyPrior,3,1.0,0.07894736842105263,38
43,Cerus Corporation - FIRST AMEND TO SUPPLY AND MANUFACTURING AGREEMENT,FrequencyPrior,5,1.0,0.13157894736842105,38
43,Cerus Corporation - FIRST AMEND TO SUPPLY AND MANUFACTURING AGREEMENT,FrequencyPrior,10,1.0,0.2631578947368421,38
43,AURASYSTEMSINC_06_16_2010-EX-10.25-STRATEGIC ALLIANCE AGREEMENT,FrequencyPrior,3,1.0,0.17647058823529413,17
43,AURASYSTEMSINC_06_16_2010-EX-10.25-STRATEGIC ALLIANCE AGREEMENT,FrequencyPrior,5,0.8,0.23529411764705882,17
43,AURASYSTEMSINC_06_16_2010-EX-10.25-STRATEGIC ALLIANCE AGREEMENT,FrequencyPrior,10,0.9,0.5294117647058824,17
43,MidwestEnergyEmissionsCorp_20080604_8-K_EX-10.2_3093976_EX-10.2_Content License Agreement,FrequencyPrior,3,1.0,0.13043478260869565,23
43,MidwestEnergyEmissionsCorp_20080604_8-K_EX-10.2_3093976_EX-10.2_Content License Agreement,FrequencyPrior,5,1.0,0.21739130434782608,23
43,MidwestEnergyEmissionsCorp_20080604_8-K_EX-10.2_3093976_EX-10.2_Content License Agreement,FrequencyPrior,10,0.9,0.391304347826087,23
43,HealthcentralCom_19991108_S-1A_EX-10.27_6623292_EX-10.27_Co-Branding Agreement,FrequencyPrior,3,1.0,0.15,20
43,HealthcentralCom_19991108_S-1A_EX-10.27_6623292_EX-10.27_Co-Branding Agreement,FrequencyPrior,5,1.0,0.25,20
43,HealthcentralCom_19991108_S-1A_EX-10.27_6623292_EX-10.27_Co-Branding Agreement,FrequencyPrior,10,1.0,0.5,20
43,GarrettMotionInc_20181001_8-K_EX-2.4_11364532_EX-2.4_Intellectual Property Agreement,FrequencyPrior,3,0.6666666666666666,0.08333333333333333,24
43,GarrettMotionInc_20181001_8-K_EX-2.4_11364532_EX-2.4_Intellectual Property Agreement,FrequencyPrior,5,0.8,0.16666666666666666,24
43,GarrettMotionInc_20181001_8-K_EX-2.4_11364532_EX-2.4_Intellectual Property Agreement,FrequencyPrior,10,0.7,0.2916666666666667,24
43,EmeraldHealthBioceuticalsInc_20200218_1-A_EX1A-6 MAT CTRCT_11987205_EX1A-6 MAT CTRCT_Development Agreement,FrequencyPrior,3,1.0,0.12,25
43,EmeraldHealthBioceuticalsInc_20200218_1-A_EX1A-6 MAT CTRCT_11987205_EX1A-6 MAT CTRCT_Development Agreement,FrequencyPrior,5,1.0,0.2,25
43,EmeraldHealthBioceuticalsInc_20200218_1-A_EX1A-6 MAT CTRCT_11987205_EX1A-6 MAT CTRCT_Development Agreement,FrequencyPrior,10,1.0,0.4,25
43,ON4COMMUNICATIONSINC_07_02_2009-EX-10.1-PROMOTION AGREEMENT,FrequencyPrior,3,1.0,0.08823529411764706,34
43,ON4COMMUNICATIONSINC_07_02_2009-EX-10.1-PROMOTION AGREEMENT,FrequencyPrior,5,1.0,0.14705882352941177,34
43,ON4COMMUNICATIONSINC_07_02_2009-EX-10.1-PROMOTION AGREEMENT,FrequencyPrior,10,1.0,0.29411764705882354,34
43,NANOPHASETECHNOLOGIESCORP_11_01_2005-EX-99.1-DISTRIBUTOR AGREEMENT,FrequencyPrior,3,1.0,0.15,20
43,NANOPHASETECHNOLOGIESCORP_11_01_2005-EX-99.1-DISTRIBUTOR AGREEMENT,FrequencyPrior,5,0.8,0.2,20
43,NANOPHASETECHNOLOGIESCORP_11_01_2005-EX-99.1-DISTRIBUTOR AGREEMENT,FrequencyPrior,10,0.9,0.45,20
43,KINGPHARMACEUTICALSINC_08_09_2006-EX-10.1-PROMOTION AGREEMENT,FrequencyPrior,3,1.0,0.14285714285714285,21
43,KINGPHARMACEUTICALSINC_08_09_2006-EX-10.1-PROMOTION AGREEMENT,FrequencyPrior,5,1.0,0.23809523809523808,21
43,KINGPHARMACEUTICALSINC_08_09_2006-EX-10.1-PROMOTION AGREEMENT,FrequencyPrior,10,0.9,0.42857142857142855,21
43,LOGANSROADHOUSEINC_03_27_1998-EX-10.17-SPONSORSHIP AGREEMENT,FrequencyPrior,3,1.0,0.1,30
43,LOGANSROADHOUSEINC_03_27_1998-EX-10.17-SPONSORSHIP AGREEMENT,FrequencyPrior,5,1.0,0.16666666666666666,30
43,LOGANSROADHOUSEINC_03_27_1998-EX-10.17-SPONSORSHIP AGREEMENT,FrequencyPrior,10,1.0,0.3333333333333333,30
43,"PHREESIA,INC_05_28_2019-EX-10.18-STRATEGIC ALLIANCE AGREEMENT",FrequencyPrior,3,1.0,0.14285714285714285,21
43,"PHREESIA,INC_05_28_2019-EX-10.18-STRATEGIC ALLIANCE AGREEMENT",FrequencyPrior,5,1.0,0.23809523809523808,21
43,"PHREESIA,INC_05_28_2019-EX-10.18-STRATEGIC ALLIANCE AGREEMENT",FrequencyPrior,10,0.8,0.38095238095238093,21
43,"KUBIENT,INC_07_02_2020-EX-10.14-MASTER SERVICES AGREEMENT_Part2",FrequencyPrior,3,0.6666666666666666,0.06060606060606061,33
43,"KUBIENT,INC_07_02_2020-EX-10.14-MASTER SERVICES AGREEMENT_Part2",FrequencyPrior,5,0.8,0.12121212121212122,33
43,"KUBIENT,INC_07_02_2020-EX-10.14-MASTER SERVICES AGREEMENT_Part2",FrequencyPrior,10,0.9,0.2727272727272727,33
43,HEALTHGATEDATACORP_11_24_1999-EX-10.1-HOSTING AND MANAGEMENT AGREEMENT (1),FrequencyPrior,3,0.6666666666666666,0.11764705882352941,17
43,HEALTHGATEDATACORP_11_24_1999-EX-10.1-HOSTING AND MANAGEMENT AGREEMENT (1),FrequencyPrior,5,0.8,0.23529411764705882,17
43,HEALTHGATEDATACORP_11_24_1999-EX-10.1-HOSTING AND MANAGEMENT AGREEMENT (1),FrequencyPrior,10,0.7,0.4117647058823529,17
43,"KNOWLABS,INC_08_15_2005-EX-10-INTELLECTUAL PROPERTY AGREEMENT",FrequencyPrior,3,1.0,0.0967741935483871,31
43,"KNOWLABS,INC_08_15_2005-EX-10-INTELLECTUAL PROPERTY AGREEMENT",FrequencyPrior,5,1.0,0.16129032258064516,31
43,"KNOWLABS,INC_08_15_2005-EX-10-INTELLECTUAL PROPERTY AGREEMENT",FrequencyPrior,10,0.9,0.2903225806451613,31
43,SigaTechnologiesInc_20190603_8-K_EX-10.1_11695818_EX-10.1_Promotion Agreement,FrequencyPrior,3,1.0,0.15789473684210525,19
43,SigaTechnologiesInc_20190603_8-K_EX-10.1_11695818_EX-10.1_Promotion Agreement,FrequencyPrior,5,1.0,0.2631578947368421,19
43,SigaTechnologiesInc_20190603_8-K_EX-10.1_11695818_EX-10.1_Promotion Agreement,FrequencyPrior,10,0.9,0.47368421052631576,19
43,PhoenixNewMediaLtd_20110421_F-1_EX-10.17_6958322_EX-10.17_Content License Agreement,FrequencyPrior,3,1.0,0.1111111111111111,27
43,PhoenixNewMediaLtd_20110421_F-1_EX-10.17_6958322_EX-10.17_Content License Agreement,FrequencyPrior,5,1.0,0.18518518518518517,27
43,PhoenixNewMediaLtd_20110421_F-1_EX-10.17_6958322_EX-10.17_Content License Agreement,FrequencyPrior,10,1.0,0.37037037037037035,27
43,"HEMISPHERX - Sales, Marketing, Distribution, and Supply Agreement",FrequencyPrior,3,1.0,0.13636363636363635,22
43,"HEMISPHERX - Sales, Marketing, Distribution, and Supply Agreement",FrequencyPrior,5,1.0,0.22727272727272727,22
43,"HEMISPHERX - Sales, Marketing, Distribution, and Supply Agreement",FrequencyPrior,10,0.9,0.4090909090909091,22
43,TRIZETTOGROUPINC_08_18_1999-EX-10.17-TECHNICAL INFRASTRUCTURE MAINTENANCE AGREEMENT,FrequencyPrior,3,1.0,0.10344827586206896,29
43,TRIZETTOGROUPINC_08_18_1999-EX-10.17-TECHNICAL INFRASTRUCTURE MAINTENANCE AGREEMENT,FrequencyPrior,5,1.0,0.1724137931034483,29
43,TRIZETTOGROUPINC_08_18_1999-EX-10.17-TECHNICAL INFRASTRUCTURE MAINTENANCE AGREEMENT,FrequencyPrior,10,1.0,0.3448275862068966,29
43,GluMobileInc_20070319_S-1A_EX-10.09_436630_EX-10.09_Content License Agreement4,FrequencyPrior,3,1.0,0.08333333333333333,36
43,GluMobileInc_20070319_S-1A_EX-10.09_436630_EX-10.09_Content License Agreement4,FrequencyPrior,5,1.0,0.1388888888888889,36
43,GluMobileInc_20070319_S-1A_EX-10.09_436630_EX-10.09_Content License Agreement4,FrequencyPrior,10,1.0,0.2777777777777778,36
43,EhaveInc_20190515_20-F_EX-4.44_11678816_EX-4.44_License Agreement_ Reseller Agreement,FrequencyPrior,3,1.0,0.16666666666666666,18
43,EhaveInc_20190515_20-F_EX-4.44_11678816_EX-4.44_License Agreement_ Reseller Agreement,FrequencyPrior,5,0.8,0.2222222222222222,18
43,EhaveInc_20190515_20-F_EX-4.44_11678816_EX-4.44_License Agreement_ Reseller Agreement,FrequencyPrior,10,0.7,0.3888888888888889,18
43,PHLVARIABLEINSURANCECOCT_08_17_2009-EX-10.1-STRATEGIC ALLIANCE AGREEMENT,FrequencyPrior,3,0.6666666666666666,0.07692307692307693,26
43,PHLVARIABLEINSURANCECOCT_08_17_2009-EX-10.1-STRATEGIC ALLIANCE AGREEMENT,FrequencyPrior,5,0.8,0.15384615384615385,26
43,PHLVARIABLEINSURANCECOCT_08_17_2009-EX-10.1-STRATEGIC ALLIANCE AGREEMENT,FrequencyPrior,10,0.9,0.34615384615384615,26
43,PfHospitalityGroupInc_20150923_10-12G_EX-10.1_9266710_EX-10.1_Franchise Agreement3,FrequencyPrior,3,0.6666666666666666,0.0625,32
43,PfHospitalityGroupInc_20150923_10-12G_EX-10.1_9266710_EX-10.1_Franchise Agreement3,FrequencyPrior,5,0.6,0.09375,32
43,PfHospitalityGroupInc_20150923_10-12G_EX-10.1_9266710_EX-10.1_Franchise Agreement3,FrequencyPrior,10,0.8,0.25,32
43,PapaJohnsInternationalInc_20190617_8-K_EX-10.1_11707365_EX-10.1_Endorsement Agreement,FrequencyPrior,3,1.0,0.15,20
43,PapaJohnsInternationalInc_20190617_8-K_EX-10.1_11707365_EX-10.1_Endorsement Agreement,FrequencyPrior,5,1.0,0.25,20
43,PapaJohnsInternationalInc_20190617_8-K_EX-10.1_11707365_EX-10.1_Endorsement Agreement,FrequencyPrior,10,0.8,0.4,20
43,InnerscopeHearingTechnologiesInc_20181109_8-K_EX-10.6_11419704_EX-10.6_Distributor Agreement,FrequencyPrior,3,1.0,0.125,24
43,InnerscopeHearingTechnologiesInc_20181109_8-K_EX-10.6_11419704_EX-10.6_Distributor Agreement,FrequencyPrior,5,1.0,0.20833333333333334,24
43,InnerscopeHearingTechnologiesInc_20181109_8-K_EX-10.6_11419704_EX-10.6_Distributor Agreement,FrequencyPrior,10,0.9,0.375,24
43,SENMIAOTECHNOLOGYLTD_02_19_2019-EX-10.5-Collaboration Agreement,FrequencyPrior,3,1.0,0.1111111111111111,27
43,SENMIAOTECHNOLOGYLTD_02_19_2019-EX-10.5-Collaboration Agreement,FrequencyPrior,5,0.8,0.14814814814814814,27
43,SENMIAOTECHNOLOGYLTD_02_19_2019-EX-10.5-Collaboration Agreement,FrequencyPrior,10,0.8,0.2962962962962963,27
43,LinkPlusCorp_20050802_8-K_EX-10_3240252_EX-10_Affiliate Agreement,FrequencyPrior,3,1.0,0.1111111111111111,27
43,LinkPlusCorp_20050802_8-K_EX-10_3240252_EX-10_Affiliate Agreement,FrequencyPrior,5,1.0,0.18518518518518517,27
43,LinkPlusCorp_20050802_8-K_EX-10_3240252_EX-10_Affiliate Agreement,FrequencyPrior,10,0.9,0.3333333333333333,27
43,GentechHoldingsInc_20190808_1-A_EX1A-6 MAT CTRCT_11776814_EX1A-6 MAT CTRCT_Distributor Agreement,FrequencyPrior,3,0.3333333333333333,0.043478260869565216,23
43,GentechHoldingsInc_20190808_1-A_EX1A-6 MAT CTRCT_11776814_EX1A-6 MAT CTRCT_Distributor Agreement,FrequencyPrior,5,0.4,0.08695652173913043,23
43,GentechHoldingsInc_20190808_1-A_EX1A-6 MAT CTRCT_11776814_EX1A-6 MAT CTRCT_Distributor Agreement,FrequencyPrior,10,0.7,0.30434782608695654,23
43,ElPolloLocoHoldingsInc_20200306_10-K_EX-10.16_12041700_EX-10.16_Development Agreement,FrequencyPrior,3,1.0,0.12,25
43,ElPolloLocoHoldingsInc_20200306_10-K_EX-10.16_12041700_EX-10.16_Development Agreement,FrequencyPrior,5,1.0,0.2,25
43,ElPolloLocoHoldingsInc_20200306_10-K_EX-10.16_12041700_EX-10.16_Development Agreement,FrequencyPrior,10,1.0,0.4,25
43,"XLITECHNOLOGIES,INC_12_11_2015-EX-10.1-Sponsorship Agreement",FrequencyPrior,3,1.0,0.09375,32
43,"XLITECHNOLOGIES,INC_12_11_2015-EX-10.1-Sponsorship Agreement",FrequencyPrior,5,1.0,0.15625,32
43,"XLITECHNOLOGIES,INC_12_11_2015-EX-10.1-Sponsorship Agreement",FrequencyPrior,10,0.9,0.28125,32
43,ImpresseCorp_20000322_S-1A_EX-10.11_5199234_EX-10.11_Co-Branding Agreement,FrequencyPrior,3,1.0,0.13043478260869565,23
43,ImpresseCorp_20000322_S-1A_EX-10.11_5199234_EX-10.11_Co-Branding Agreement,FrequencyPrior,5,1.0,0.21739130434782608,23
43,ImpresseCorp_20000322_S-1A_EX-10.11_5199234_EX-10.11_Co-Branding Agreement,FrequencyPrior,10,0.9,0.391304347826087,23
43,LECLANCHÉ S.A. - JOINT DEVELOPMENT AND MARKETING AGREEMENT,FrequencyPrior,3,1.0,0.10714285714285714,28
43,LECLANCHÉ S.A. - JOINT DEVELOPMENT AND MARKETING AGREEMENT,FrequencyPrior,5,1.0,0.17857142857142858,28
43,LECLANCHÉ S.A. - JOINT DEVELOPMENT AND MARKETING AGREEMENT,FrequencyPrior,10,1.0,0.35714285714285715,28
43,PREMIERBIOMEDICALINC_05_14_2020-EX-10.2-INTELLECTUAL PROPERTY AGREEMENT,FrequencyPrior,3,1.0,0.09375,32
43,PREMIERBIOMEDICALINC_05_14_2020-EX-10.2-INTELLECTUAL PROPERTY AGREEMENT,FrequencyPrior,5,1.0,0.15625,32
43,PREMIERBIOMEDICALINC_05_14_2020-EX-10.2-INTELLECTUAL PROPERTY AGREEMENT,FrequencyPrior,10,0.9,0.28125,32
43,"SPRINGBANKPHARMACEUTICALS,INC_04_08_2020-EX-99.A-JOINT FILING AGREEMENT",FrequencyPrior,3,1.0,0.08333333333333333,36
43,"SPRINGBANKPHARMACEUTICALS,INC_04_08_2020-EX-99.A-JOINT FILING AGREEMENT",FrequencyPrior,5,1.0,0.1388888888888889,36
43,"SPRINGBANKPHARMACEUTICALS,INC_04_08_2020-EX-99.A-JOINT FILING AGREEMENT",FrequencyPrior,10,1.0,0.2777777777777778,36
43,Apollo Endosurgery - Manufacturing and Supply Agreement,FrequencyPrior,3,1.0,0.125,24
43,Apollo Endosurgery - Manufacturing and Supply Agreement,FrequencyPrior,5,1.0,0.20833333333333334,24
43,Apollo Endosurgery - Manufacturing and Supply Agreement,FrequencyPrior,10,1.0,0.4166666666666667,24
43,UsioInc_20040428_SB-2_EX-10.11_1723988_EX-10.11_Affiliate Agreement 2,FrequencyPrior,3,0.6666666666666666,0.08695652173913043,23
43,UsioInc_20040428_SB-2_EX-10.11_1723988_EX-10.11_Affiliate Agreement 2,FrequencyPrior,5,0.8,0.17391304347826086,23
43,UsioInc_20040428_SB-2_EX-10.11_1723988_EX-10.11_Affiliate Agreement 2,FrequencyPrior,10,0.8,0.34782608695652173,23
43,N2KINC_10_16_1997-EX-10.16-SPONSORSHIP AGREEMENT,FrequencyPrior,3,1.0,0.13636363636363635,22
43,N2KINC_10_16_1997-EX-10.16-SPONSORSHIP AGREEMENT,FrequencyPrior,5,1.0,0.22727272727272727,22
43,N2KINC_10_16_1997-EX-10.16-SPONSORSHIP AGREEMENT,FrequencyPrior,10,0.8,0.36363636363636365,22
43,LohaCompanyltd_20191209_F-1_EX-10.16_11917878_EX-10.16_Supply Agreement,FrequencyPrior,3,1.0,0.08823529411764706,34
43,LohaCompanyltd_20191209_F-1_EX-10.16_11917878_EX-10.16_Supply Agreement,FrequencyPrior,5,1.0,0.14705882352941177,34
43,LohaCompanyltd_20191209_F-1_EX-10.16_11917878_EX-10.16_Supply Agreement,FrequencyPrior,10,1.0,0.29411764705882354,34
43,"GIGGLESN_HUGS,INC_06_23_2016-EX-10.2-STRATEGIC ALLIANCE AGREEMENT",FrequencyPrior,3,0.6666666666666666,0.06451612903225806,31
43,"GIGGLESN_HUGS,INC_06_23_2016-EX-10.2-STRATEGIC ALLIANCE AGREEMENT",FrequencyPrior,5,0.8,0.12903225806451613,31
43,"GIGGLESN_HUGS,INC_06_23_2016-EX-10.2-STRATEGIC ALLIANCE AGREEMENT",FrequencyPrior,10,0.9,0.2903225806451613,31
43,"BLUEROCKRESIDENTIALGROWTHREIT,INC_06_01_2016-EX-1.1-AGENCY AGREEMENT",FrequencyPrior,3,1.0,0.09090909090909091,33
43,"BLUEROCKRESIDENTIALGROWTHREIT,INC_06_01_2016-EX-1.1-AGENCY AGREEMENT",FrequencyPrior,5,1.0,0.15151515151515152,33
43,"BLUEROCKRESIDENTIALGROWTHREIT,INC_06_01_2016-EX-1.1-AGENCY AGREEMENT",FrequencyPrior,10,1.0,0.30303030303030304,33
43,CardlyticsInc_20180112_S-1_EX-10.16_11002987_EX-10.16_Maintenance Agreement3,FrequencyPrior,3,1.0,0.08108108108108109,37
43,CardlyticsInc_20180112_S-1_EX-10.16_11002987_EX-10.16_Maintenance Agreement3,FrequencyPrior,5,1.0,0.13513513513513514,37
43,CardlyticsInc_20180112_S-1_EX-10.16_11002987_EX-10.16_Maintenance Agreement3,FrequencyPrior,10,1.0,0.2702702702702703,37
43,"FIDELITYNATIONALINFORMATIONSERVICES,INC_08_05_2009-EX-10.3-INTELLECTUAL PROPERTY AGREEMENT",FrequencyPrior,3,0.6666666666666666,0.07692307692307693,26
43,"FIDELITYNATIONALINFORMATIONSERVICES,INC_08_05_2009-EX-10.3-INTELLECTUAL PROPERTY AGREEMENT",FrequencyPrior,5,0.8,0.15384615384615385,26
43,"FIDELITYNATIONALINFORMATIONSERVICES,INC_08_05_2009-EX-10.3-INTELLECTUAL PROPERTY AGREEMENT",FrequencyPrior,10,0.6,0.23076923076923078,26
43,BLACKBOXSTOCKSINC_08_05_2014-EX-10.1-DISTRIBUTOR AGREEMENT,FrequencyPrior,3,1.0,0.125,24
43,BLACKBOXSTOCKSINC_08_05_2014-EX-10.1-DISTRIBUTOR AGREEMENT,FrequencyPrior,5,1.0,0.20833333333333334,24
43,BLACKBOXSTOCKSINC_08_05_2014-EX-10.1-DISTRIBUTOR AGREEMENT,FrequencyPrior,10,1.0,0.4166666666666667,24
43,ParatekPharmaceuticalsInc_20170505_10-KA_EX-10.29_10323872_EX-10.29_Outsourcing Agreement,FrequencyPrior,3,0.6666666666666666,0.10526315789473684,19
43,ParatekPharmaceuticalsInc_20170505_10-KA_EX-10.29_10323872_EX-10.29_Outsourcing Agreement,FrequencyPrior,5,0.8,0.21052631578947367,19
43,ParatekPharmaceuticalsInc_20170505_10-KA_EX-10.29_10323872_EX-10.29_Outsourcing Agreement,FrequencyPrior,10,0.9,0.47368421052631576,19
43,FEDERATEDGOVERNMENTINCOMESECURITIESINC_04_28_2020-EX-99.SERV AGREE-SERVICES AGREEMENT_SECONDAMENDMENT,FrequencyPrior,3,1.0,0.08333333333333333,36
43,FEDERATEDGOVERNMENTINCOMESECURITIESINC_04_28_2020-EX-99.SERV AGREE-SERVICES AGREEMENT_SECONDAMENDMENT,FrequencyPrior,5,1.0,0.1388888888888889,36
43,FEDERATEDGOVERNMENTINCOMESECURITIESINC_04_28_2020-EX-99.SERV AGREE-SERVICES AGREEMENT_SECONDAMENDMENT,FrequencyPrior,10,1.0,0.2777777777777778,36
43,ENTERPRISEPRODUCTSPARTNERSLP_07_08_1998-EX-10.3-TRANSPORTATION CONTRACT,FrequencyPrior,3,0.6666666666666666,0.08,25
43,ENTERPRISEPRODUCTSPARTNERSLP_07_08_1998-EX-10.3-TRANSPORTATION CONTRACT,FrequencyPrior,5,0.8,0.16,25
43,ENTERPRISEPRODUCTSPARTNERSLP_07_08_1998-EX-10.3-TRANSPORTATION CONTRACT,FrequencyPrior,10,0.9,0.36,25
43,LegacyEducationAllianceInc_20141110_8-K_EX-10.9_8828866_EX-10.9_Endorsement Agreement,FrequencyPrior,3,1.0,0.12,25
43,LegacyEducationAllianceInc_20141110_8-K_EX-10.9_8828866_EX-10.9_Endorsement Agreement,FrequencyPrior,5,1.0,0.2,25
43,LegacyEducationAllianceInc_20141110_8-K_EX-10.9_8828866_EX-10.9_Endorsement Agreement,FrequencyPrior,10,1.0,0.4,25
43,AIRTECHINTERNATIONALGROUPINC_05_08_2000-EX-10.4-FRANCHISE AGREEMENT,FrequencyPrior,3,0.6666666666666666,0.1,20
43,AIRTECHINTERNATIONALGROUPINC_05_08_2000-EX-10.4-FRANCHISE AGREEMENT,FrequencyPrior,5,0.8,0.2,20
43,AIRTECHINTERNATIONALGROUPINC_05_08_2000-EX-10.4-FRANCHISE AGREEMENT,FrequencyPrior,10,0.9,0.45,20
43,ImineCorp_20180725_S-1_EX-10.5_11275970_EX-10.5_Distributor Agreement,FrequencyPrior,3,1.0,0.12,25
43,ImineCorp_20180725_S-1_EX-10.5_11275970_EX-10.5_Distributor Agreement,FrequencyPrior,5,1.0,0.2,25
43,ImineCorp_20180725_S-1_EX-10.5_11275970_EX-10.5_Distributor Agreement,FrequencyPrior,10,1.0,0.4,25
43,ELECTRAMECCANICA VEHICLES CORP. - Manufacturing Agreement,FrequencyPrior,3,1.0,0.12,25
43,ELECTRAMECCANICA VEHICLES CORP. - Manufacturing Agreement,FrequencyPrior,5,1.0,0.2,25
43,ELECTRAMECCANICA VEHICLES CORP. - Manufacturing Agreement,FrequencyPrior,10,0.9,0.36,25
43,FEDERATEDGOVERNMENTINCOMESECURITIESINC_04_28_2020-EX-99.SERV AGREE-SERVICES AGREEMENT,FrequencyPrior,3,1.0,0.09090909090909091,33
43,FEDERATEDGOVERNMENTINCOMESECURITIESINC_04_28_2020-EX-99.SERV AGREE-SERVICES AGREEMENT,FrequencyPrior,5,1.0,0.15151515151515152,33
43,FEDERATEDGOVERNMENTINCOMESECURITIESINC_04_28_2020-EX-99.SERV AGREE-SERVICES AGREEMENT,FrequencyPrior,10,1.0,0.30303030303030304,33
43,"OMINTO,INC_03_29_2004-EX-10-RESELLER AGREEMENT",FrequencyPrior,3,1.0,0.12,25
43,"OMINTO,INC_03_29_2004-EX-10-RESELLER AGREEMENT",FrequencyPrior,5,1.0,0.2,25
43,"OMINTO,INC_03_29_2004-EX-10-RESELLER AGREEMENT",FrequencyPrior,10,0.9,0.36,25
43,UAGHINC_04_14_2004-EX-10.18-MAINTENANCE AGREEMENT,FrequencyPrior,3,1.0,0.10714285714285714,28
43,UAGHINC_04_14_2004-EX-10.18-MAINTENANCE AGREEMENT,FrequencyPrior,5,1.0,0.17857142857142858,28
43,UAGHINC_04_14_2004-EX-10.18-MAINTENANCE AGREEMENT,FrequencyPrior,10,1.0,0.35714285714285715,28
43,ACCURAYINC_09_01_2010-EX-10.31-DISTRIBUTOR AGREEMENT,FrequencyPrior,3,1.0,0.10714285714285714,28
43,ACCURAYINC_09_01_2010-EX-10.31-DISTRIBUTOR AGREEMENT,FrequencyPrior,5,1.0,0.17857142857142858,28
43,ACCURAYINC_09_01_2010-EX-10.31-DISTRIBUTOR AGREEMENT,FrequencyPrior,10,1.0,0.35714285714285715,28
43,SalesforcecomInc_20171122_10-Q_EX-10.1_10961535_EX-10.1_Reseller Agreement,FrequencyPrior,3,1.0,0.08333333333333333,36
43,SalesforcecomInc_20171122_10-Q_EX-10.1_10961535_EX-10.1_Reseller Agreement,FrequencyPrior,5,1.0,0.1388888888888889,36
43,SalesforcecomInc_20171122_10-Q_EX-10.1_10961535_EX-10.1_Reseller Agreement,FrequencyPrior,10,1.0,0.2777777777777778,36
43,VERICELCORP_08_06_2019-EX-10.10-SUPPLY AGREEMENT,FrequencyPrior,3,1.0,0.15,20
43,VERICELCORP_08_06_2019-EX-10.10-SUPPLY AGREEMENT,FrequencyPrior,5,0.8,0.2,20
43,VERICELCORP_08_06_2019-EX-10.10-SUPPLY AGREEMENT,FrequencyPrior,10,0.8,0.4,20
44,ZONDWINDSYSTEMPARTNERSLTDSERIES85-B_04_03_2006-EX-10-MANAGEMENT AND MAINTENANCE AGREEMENT,TextOnly,3,1.0,0.07894736842105263,38
44,ZONDWINDSYSTEMPARTNERSLTDSERIES85-B_04_03_2006-EX-10-MANAGEMENT AND MAINTENANCE AGREEMENT,TextOnly,5,1.0,0.13157894736842105,38
44,ZONDWINDSYSTEMPARTNERSLTDSERIES85-B_04_03_2006-EX-10-MANAGEMENT AND MAINTENANCE AGREEMENT,TextOnly,10,1.0,0.2631578947368421,38
44,IdeanomicsInc_20151124_8-K_EX-10.2_9354744_EX-10.2_Content License Agreement,TextOnly,3,1.0,0.10344827586206896,29
44,IdeanomicsInc_20151124_8-K_EX-10.2_9354744_EX-10.2_Content License Agreement,TextOnly,5,1.0,0.1724137931034483,29
44,IdeanomicsInc_20151124_8-K_EX-10.2_9354744_EX-10.2_Content License Agreement,TextOnly,10,1.0,0.3448275862068966,29
44,VERSOTECHNOLOGIESINC_12_28_2007-EX-99.3-INTELLECTUAL PROPERTY AGREEMENT,TextOnly,3,1.0,0.08333333333333333,36
44,VERSOTECHNOLOGIESINC_12_28_2007-EX-99.3-INTELLECTUAL PROPERTY AGREEMENT,TextOnly,5,1.0,0.1388888888888889,36
44,VERSOTECHNOLOGIESINC_12_28_2007-EX-99.3-INTELLECTUAL PROPERTY AGREEMENT,TextOnly,10,1.0,0.2777777777777778,36
44,PcquoteComInc_19990721_S-1A_EX-10.11_6377149_EX-10.11_Co-Branding Agreement1,TextOnly,3,1.0,0.09090909090909091,33
44,PcquoteComInc_19990721_S-1A_EX-10.11_6377149_EX-10.11_Co-Branding Agreement1,TextOnly,5,1.0,0.15151515151515152,33
44,PcquoteComInc_19990721_S-1A_EX-10.11_6377149_EX-10.11_Co-Branding Agreement1,TextOnly,10,1.0,0.30303030303030304,33
44,MERCATAINC_03_09_2000-EX-10.21-SPONSORSHIP AGREEMENT,TextOnly,3,1.0,0.08823529411764706,34
44,MERCATAINC_03_09_2000-EX-10.21-SPONSORSHIP AGREEMENT,TextOnly,5,1.0,0.14705882352941177,34
44,MERCATAINC_03_09_2000-EX-10.21-SPONSORSHIP AGREEMENT,TextOnly,10,1.0,0.29411764705882354,34
44,SFGFINANCIALCORP_05_12_2009-EX-10.1-SOFTWARE LICENSE AND MAINTENANCE AGREEMENT,TextOnly,3,1.0,0.11538461538461539,26
44,SFGFINANCIALCORP_05_12_2009-EX-10.1-SOFTWARE LICENSE AND MAINTENANCE AGREEMENT,TextOnly,5,1.0,0.19230769230769232,26
44,SFGFINANCIALCORP_05_12_2009-EX-10.1-SOFTWARE LICENSE AND MAINTENANCE AGREEMENT,TextOnly,10,1.0,0.38461538461538464,26
44,MOSSIMOINC_04_14_2000-EX-10.14-ENDORSEMENT AGREEMENT,TextOnly,3,1.0,0.125,24
44,MOSSIMOINC_04_14_2000-EX-10.14-ENDORSEMENT AGREEMENT,TextOnly,5,1.0,0.20833333333333334,24
44,MOSSIMOINC_04_14_2000-EX-10.14-ENDORSEMENT AGREEMENT,TextOnly,10,0.9,0.375,24
44,"IPAYMENT,INC_05_14_2007-EX-10.1-SPONSORSHIP AGREEMENT",TextOnly,3,1.0,0.1111111111111111,27
44,"IPAYMENT,INC_05_14_2007-EX-10.1-SPONSORSHIP AGREEMENT",TextOnly,5,1.0,0.18518518518518517,27
44,"IPAYMENT,INC_05_14_2007-EX-10.1-SPONSORSHIP AGREEMENT",TextOnly,10,1.0,0.37037037037037035,27
44,FUSIONPHARMACEUTICALSINC_06_05_2020-EX-10.17-Supply Agreement - FUSION,TextOnly,3,1.0,0.11538461538461539,26
44,FUSIONPHARMACEUTICALSINC_06_05_2020-EX-10.17-Supply Agreement - FUSION,TextOnly,5,1.0,0.19230769230769232,26
44,FUSIONPHARMACEUTICALSINC_06_05_2020-EX-10.17-Supply Agreement - FUSION,TextOnly,10,0.9,0.34615384615384615,26
44,EuromediaHoldingsCorp_20070215_10SB12G_EX-10.B(01)_525118_EX-10.B(01)_Content License Agreement,TextOnly,3,0.6666666666666666,0.08333333333333333,24
44,EuromediaHoldingsCorp_20070215_10SB12G_EX-10.B(01)_525118_EX-10.B(01)_Content License Agreement,TextOnly,5,0.8,0.16666666666666666,24
44,EuromediaHoldingsCorp_20070215_10SB12G_EX-10.B(01)_525118_EX-10.B(01)_Content License Agreement,TextOnly,10,0.9,0.375,24
44,EbixInc_20010515_10-Q_EX-10.3_4049767_EX-10.3_Co-Branding Agreement,TextOnly,3,1.0,0.13043478260869565,23
44,EbixInc_20010515_10-Q_EX-10.3_4049767_EX-10.3_Co-Branding Agreement,TextOnly,5,1.0,0.21739130434782608,23
44,EbixInc_20010515_10-Q_EX-10.3_4049767_EX-10.3_Co-Branding Agreement,TextOnly,10,1.0,0.43478260869565216,23
44,PharmagenInc_20120803_8-KA_EX-10.1_7693204_EX-10.1_Endorsement Agreement,TextOnly,3,1.0,0.1,30
44,PharmagenInc_20120803_8-KA_EX-10.1_7693204_EX-10.1_Endorsement Agreement,TextOnly,5,1.0,0.16666666666666666,30
44,PharmagenInc_20120803_8-KA_EX-10.1_7693204_EX-10.1_Endorsement Agreement,TextOnly,10,1.0,0.3333333333333333,30
44,PLAYAHOTELS_RESORTSNV_03_14_2017-EX-10.22-STRATEGIC ALLIANCE AGREEMENT (Hyatt Ziva Cancun),TextOnly,3,1.0,0.08571428571428572,35
44,PLAYAHOTELS_RESORTSNV_03_14_2017-EX-10.22-STRATEGIC ALLIANCE AGREEMENT (Hyatt Ziva Cancun),TextOnly,5,1.0,0.14285714285714285,35
44,PLAYAHOTELS_RESORTSNV_03_14_2017-EX-10.22-STRATEGIC ALLIANCE AGREEMENT (Hyatt Ziva Cancun),TextOnly,10,1.0,0.2857142857142857,35
44,SteelVaultCorp_20081224_10-K_EX-10.16_3074935_EX-10.16_Affiliate Agreement,TextOnly,3,1.0,0.10714285714285714,28
44,SteelVaultCorp_20081224_10-K_EX-10.16_3074935_EX-10.16_Affiliate Agreement,TextOnly,5,1.0,0.17857142857142858,28
44,SteelVaultCorp_20081224_10-K_EX-10.16_3074935_EX-10.16_Affiliate Agreement,TextOnly,10,1.0,0.35714285714285715,28
44,NeuroboPharmaceuticalsInc_20190903_S-4_EX-10.36_11802165_EX-10.36_Manufacturing Agreement_ Supply Agreement,TextOnly,3,1.0,0.08823529411764706,34
44,NeuroboPharmaceuticalsInc_20190903_S-4_EX-10.36_11802165_EX-10.36_Manufacturing Agreement_ Supply Agreement,TextOnly,5,1.0,0.14705882352941177,34
44,NeuroboPharmaceuticalsInc_20190903_S-4_EX-10.36_11802165_EX-10.36_Manufacturing Agreement_ Supply Agreement,TextOnly,10,1.0,0.29411764705882354,34
44,EcoScienceSolutionsInc_20180406_8-K_EX-10.1_11135398_EX-10.1_Sponsorship Agreement,TextOnly,3,1.0,0.09375,32
44,EcoScienceSolutionsInc_20180406_8-K_EX-10.1_11135398_EX-10.1_Sponsorship Agreement,TextOnly,5,1.0,0.15625,32
44,EcoScienceSolutionsInc_20180406_8-K_EX-10.1_11135398_EX-10.1_Sponsorship Agreement,TextOnly,10,1.0,0.3125,32
44,PANDIONTHERAPEUTICSHOLDCOLLC_05_22_2020-EX-10.17-CONSULTING AGREEMENT,TextOnly,3,1.0,0.11538461538461539,26
44,PANDIONTHERAPEUTICSHOLDCOLLC_05_22_2020-EX-10.17-CONSULTING AGREEMENT,TextOnly,5,1.0,0.19230769230769232,26
44,PANDIONTHERAPEUTICSHOLDCOLLC_05_22_2020-EX-10.17-CONSULTING AGREEMENT,TextOnly,10,1.0,0.38461538461538464,26
44,TRICITYBANKSHARESCORP_05_15_1998-EX-10-OUTSOURCING AGREEMENT,TextOnly,3,1.0,0.13636363636363635,22
44,TRICITYBANKSHARESCORP_05_15_1998-EX-10-OUTSOURCING AGREEMENT,TextOnly,5,1.0,0.22727272727272727,22
44,TRICITYBANKSHARESCORP_05_15_1998-EX-10-OUTSOURCING AGREEMENT,TextOnly,10,1.0,0.45454545454545453,22
44,CybergyHoldingsInc_20140520_10-Q_EX-10.27_8605784_EX-10.27_Affiliate Agreement,TextOnly,3,1.0,0.11538461538461539,26
44,CybergyHoldingsInc_20140520_10-Q_EX-10.27_8605784_EX-10.27_Affiliate Agreement,TextOnly,5,1.0,0.19230769230769232,26
44,CybergyHoldingsInc_20140520_10-Q_EX-10.27_8605784_EX-10.27_Affiliate Agreement,TextOnly,10,0.9,0.34615384615384615,26
44,RUBIOSRESTAURANTSINC_03_31_2008-EX-10.75-SPONSORSHIP AGREEMENT,TextOnly,3,1.0,0.10714285714285714,28
44,RUBIOSRESTAURANTSINC_03_31_2008-EX-10.75-SPONSORSHIP AGREEMENT,TextOnly,5,1.0,0.17857142857142858,28
44,RUBIOSRESTAURANTSINC_03_31_2008-EX-10.75-SPONSORSHIP AGREEMENT,TextOnly,10,1.0,0.35714285714285715,28
44,CHAPARRALRESOURCESINC_03_30_2000-EX-10.66-TRANSPORTATION CONTRACT,TextOnly,3,1.0,0.0967741935483871,31
44,CHAPARRALRESOURCESINC_03_30_2000-EX-10.66-TRANSPORTATION CONTRACT,TextOnly,5,1.0,0.16129032258064516,31
44,CHAPARRALRESOURCESINC_03_30_2000-EX-10.66-TRANSPORTATION CONTRACT,TextOnly,10,1.0,0.3225806451612903,31
44,GluMobileInc_20070319_S-1A_EX-10.09_436630_EX-10.09_Content License Agreement3,TextOnly,3,1.0,0.08333333333333333,36
44,GluMobileInc_20070319_S-1A_EX-10.09_436630_EX-10.09_Content License Agreement3,TextOnly,5,1.0,0.1388888888888889,36
44,GluMobileInc_20070319_S-1A_EX-10.09_436630_EX-10.09_Content License Agreement3,TextOnly,10,1.0,0.2777777777777778,36
44,INTRICONCORP_03_10_2009-EX-10.22-Strategic Alliance Agreement,TextOnly,3,1.0,0.125,24
44,INTRICONCORP_03_10_2009-EX-10.22-Strategic Alliance Agreement,TextOnly,5,1.0,0.20833333333333334,24
44,INTRICONCORP_03_10_2009-EX-10.22-Strategic Alliance Agreement,TextOnly,10,0.9,0.375,24
44,DigitalCinemaDestinationsCorp_20111220_S-1_EX-10.10_7346719_EX-10.10_Affiliate Agreement,TextOnly,3,1.0,0.23076923076923078,13
44,DigitalCinemaDestinationsCorp_20111220_S-1_EX-10.10_7346719_EX-10.10_Affiliate Agreement,TextOnly,5,0.6,0.23076923076923078,13
44,DigitalCinemaDestinationsCorp_20111220_S-1_EX-10.10_7346719_EX-10.10_Affiliate Agreement,TextOnly,10,0.7,0.5384615384615384,13
44,KENTUCKYUTILITIESCO_03_25_2003-EX-10.65-TRANSPORTATION AGREEMENT,TextOnly,3,1.0,0.0967741935483871,31
44,KENTUCKYUTILITIESCO_03_25_2003-EX-10.65-TRANSPORTATION AGREEMENT,TextOnly,5,1.0,0.16129032258064516,31
44,KENTUCKYUTILITIESCO_03_25_2003-EX-10.65-TRANSPORTATION AGREEMENT,TextOnly,10,1.0,0.3225806451612903,31
44,CHINARECYCLINGENERGYCORP_11_14_2013-EX-10.6-Cooperation Agreement,TextOnly,3,1.0,0.08823529411764706,34
44,CHINARECYCLINGENERGYCORP_11_14_2013-EX-10.6-Cooperation Agreement,TextOnly,5,1.0,0.14705882352941177,34
44,CHINARECYCLINGENERGYCORP_11_14_2013-EX-10.6-Cooperation Agreement,TextOnly,10,1.0,0.29411764705882354,34
44,ELANDIAINTERNATIONALINC_04_25_2007-EX-10.21-Outsourcing Agreement,TextOnly,3,0.6666666666666666,0.07692307692307693,26
44,ELANDIAINTERNATIONALINC_04_25_2007-EX-10.21-Outsourcing Agreement,TextOnly,5,0.8,0.15384615384615385,26
44,ELANDIAINTERNATIONALINC_04_25_2007-EX-10.21-Outsourcing Agreement,TextOnly,10,0.9,0.34615384615384615,26
44,CENTRACKINTERNATIONALINC_10_29_1999-EX-10.3-WEB SITE HOSTING AGREEMENT,TextOnly,3,1.0,0.1,30
44,CENTRACKINTERNATIONALINC_10_29_1999-EX-10.3-WEB SITE HOSTING AGREEMENT,TextOnly,5,1.0,0.16666666666666666,30
44,CENTRACKINTERNATIONALINC_10_29_1999-EX-10.3-WEB SITE HOSTING AGREEMENT,TextOnly,10,1.0,0.3333333333333333,30
44,VertexEnergyInc_20200113_8-K_EX-10.1_11943624_EX-10.1_Marketing Agreement,TextOnly,3,1.0,0.11538461538461539,26
44,VertexEnergyInc_20200113_8-K_EX-10.1_11943624_EX-10.1_Marketing Agreement,TextOnly,5,1.0,0.19230769230769232,26
44,VertexEnergyInc_20200113_8-K_EX-10.1_11943624_EX-10.1_Marketing Agreement,TextOnly,10,1.0,0.38461538461538464,26
44,"CURAEGISTECHNOLOGIES,INC_05_26_2010-EX-1-CORPORATE SPONSORSHIP AGREEMENT",TextOnly,3,1.0,0.0967741935483871,31
44,"CURAEGISTECHNOLOGIES,INC_05_26_2010-EX-1-CORPORATE SPONSORSHIP AGREEMENT",TextOnly,5,1.0,0.16129032258064516,31
44,"CURAEGISTECHNOLOGIES,INC_05_26_2010-EX-1-CORPORATE SPONSORSHIP AGREEMENT",TextOnly,10,1.0,0.3225806451612903,31
44,ZtoExpressCaymanInc_20160930_F-1_EX-10.10_9752871_EX-10.10_Transportation Agreement,TextOnly,3,1.0,0.08823529411764706,34
44,ZtoExpressCaymanInc_20160930_F-1_EX-10.10_9752871_EX-10.10_Transportation Agreement,TextOnly,5,1.0,0.14705882352941177,34
44,ZtoExpressCaymanInc_20160930_F-1_EX-10.10_9752871_EX-10.10_Transportation Agreement,TextOnly,10,1.0,0.29411764705882354,34
44,VnueInc_20150914_8-K_EX-10.1_9259571_EX-10.1_Promotion Agreement,TextOnly,3,1.0,0.08571428571428572,35
44,VnueInc_20150914_8-K_EX-10.1_9259571_EX-10.1_Promotion Agreement,TextOnly,5,1.0,0.14285714285714285,35
44,VnueInc_20150914_8-K_EX-10.1_9259571_EX-10.1_Promotion Agreement,TextOnly,10,1.0,0.2857142857142857,35
44,"PHREESIA,INC_05_28_2019-EX-10.18-STRATEGIC ALLIANCE AGREEMENT",TextOnly,3,1.0,0.13636363636363635,22
44,"PHREESIA,INC_05_28_2019-EX-10.18-STRATEGIC ALLIANCE AGREEMENT",TextOnly,5,1.0,0.22727272727272727,22
44,"PHREESIA,INC_05_28_2019-EX-10.18-STRATEGIC ALLIANCE AGREEMENT",TextOnly,10,0.9,0.4090909090909091,22
44,PacificapEntertainmentHoldingsInc_20051115_8-KA_EX-1.01_4300894_EX-1.01_Content License Agreement,TextOnly,3,1.0,0.10714285714285714,28
44,PacificapEntertainmentHoldingsInc_20051115_8-KA_EX-1.01_4300894_EX-1.01_Content License Agreement,TextOnly,5,1.0,0.17857142857142858,28
44,PacificapEntertainmentHoldingsInc_20051115_8-KA_EX-1.01_4300894_EX-1.01_Content License Agreement,TextOnly,10,1.0,0.35714285714285715,28
44,"BELLICUMPHARMACEUTICALS,INC_05_07_2019-EX-10.1-Supply Agreement",TextOnly,3,1.0,0.12,25
44,"BELLICUMPHARMACEUTICALS,INC_05_07_2019-EX-10.1-Supply Agreement",TextOnly,5,1.0,0.2,25
44,"BELLICUMPHARMACEUTICALS,INC_05_07_2019-EX-10.1-Supply Agreement",TextOnly,10,1.0,0.4,25
44,WARNINGMANAGEMENTSERVICESINC_12_10_1999-EX-10-ENDORSEMENT AGREEMENT,TextOnly,3,1.0,0.13043478260869565,23
44,WARNINGMANAGEMENTSERVICESINC_12_10_1999-EX-10-ENDORSEMENT AGREEMENT,TextOnly,5,1.0,0.21739130434782608,23
44,WARNINGMANAGEMENTSERVICESINC_12_10_1999-EX-10-ENDORSEMENT AGREEMENT,TextOnly,10,1.0,0.43478260869565216,23
44,ALLISONTRANSMISSIONHOLDINGSINC_12_15_2014-EX-99.1-COOPERATION AGREEMENT,TextOnly,3,1.0,0.09090909090909091,33
44,ALLISONTRANSMISSIONHOLDINGSINC_12_15_2014-EX-99.1-COOPERATION AGREEMENT,TextOnly,5,1.0,0.15151515151515152,33
44,ALLISONTRANSMISSIONHOLDINGSINC_12_15_2014-EX-99.1-COOPERATION AGREEMENT,TextOnly,10,1.0,0.30303030303030304,33
44,SANDRIDGEENERGYINC_08_06_2009-EX-10.6-OPERATIONS AND MAINTENANCE AGREEMENT,TextOnly,3,1.0,0.10344827586206896,29
44,SANDRIDGEENERGYINC_08_06_2009-EX-10.6-OPERATIONS AND MAINTENANCE AGREEMENT,TextOnly,5,1.0,0.1724137931034483,29
44,SANDRIDGEENERGYINC_08_06_2009-EX-10.6-OPERATIONS AND MAINTENANCE AGREEMENT,TextOnly,10,1.0,0.3448275862068966,29
44,"OAKTREECAPITALGROUP,LLC_03_02_2020-EX-10.8-Services Agreement",TextOnly,3,1.0,0.09090909090909091,33
44,"OAKTREECAPITALGROUP,LLC_03_02_2020-EX-10.8-Services Agreement",TextOnly,5,1.0,0.15151515151515152,33
44,"OAKTREECAPITALGROUP,LLC_03_02_2020-EX-10.8-Services Agreement",TextOnly,10,1.0,0.30303030303030304,33
44,PhasebioPharmaceuticalsInc_20200330_10-K_EX-10.21_12086810_EX-10.21_Development Agreement,TextOnly,3,1.0,0.15,20
44,PhasebioPharmaceuticalsInc_20200330_10-K_EX-10.21_12086810_EX-10.21_Development Agreement,TextOnly,5,1.0,0.25,20
44,PhasebioPharmaceuticalsInc_20200330_10-K_EX-10.21_12086810_EX-10.21_Development Agreement,TextOnly,10,1.0,0.5,20
44,"XLITECHNOLOGIES,INC_12_11_2015-EX-10.1-Sponsorship Agreement",TextOnly,3,1.0,0.09090909090909091,33
44,"XLITECHNOLOGIES,INC_12_11_2015-EX-10.1-Sponsorship Agreement",TextOnly,5,1.0,0.15151515151515152,33
44,"XLITECHNOLOGIES,INC_12_11_2015-EX-10.1-Sponsorship Agreement",TextOnly,10,0.9,0.2727272727272727,33
44,"BLUEROCKRESIDENTIALGROWTHREIT,INC_06_01_2016-EX-1.1-AGENCY AGREEMENT",TextOnly,3,1.0,0.08823529411764706,34
44,"BLUEROCKRESIDENTIALGROWTHREIT,INC_06_01_2016-EX-1.1-AGENCY AGREEMENT",TextOnly,5,1.0,0.14705882352941177,34
44,"BLUEROCKRESIDENTIALGROWTHREIT,INC_06_01_2016-EX-1.1-AGENCY AGREEMENT",TextOnly,10,1.0,0.29411764705882354,34
44,GluMobileInc_20070319_S-1A_EX-10.09_436630_EX-10.09_Content License Agreement2,TextOnly,3,1.0,0.09375,32
44,GluMobileInc_20070319_S-1A_EX-10.09_436630_EX-10.09_Content License Agreement2,TextOnly,5,1.0,0.15625,32
44,GluMobileInc_20070319_S-1A_EX-10.09_436630_EX-10.09_Content License Agreement2,TextOnly,10,1.0,0.3125,32
44,AzulSa_20170303_F-1A_EX-10.3_9943903_EX-10.3_Maintenance Agreement2,TextOnly,3,1.0,0.08571428571428572,35
44,AzulSa_20170303_F-1A_EX-10.3_9943903_EX-10.3_Maintenance Agreement2,TextOnly,5,1.0,0.14285714285714285,35
44,AzulSa_20170303_F-1A_EX-10.3_9943903_EX-10.3_Maintenance Agreement2,TextOnly,10,1.0,0.2857142857142857,35
44,WPPPLC_04_30_2020-EX-4.28-SERVICE AGREEMENT,TextOnly,3,1.0,0.0967741935483871,31
44,WPPPLC_04_30_2020-EX-4.28-SERVICE AGREEMENT,TextOnly,5,1.0,0.16129032258064516,31
44,WPPPLC_04_30_2020-EX-4.28-SERVICE AGREEMENT,TextOnly,10,0.9,0.2903225806451613,31
44,NUVEEN - REMARKETING AGREEMENT,TextOnly,3,1.0,0.09375,32
44,NUVEEN - REMARKETING AGREEMENT,TextOnly,5,1.0,0.15625,32
44,NUVEEN - REMARKETING AGREEMENT,TextOnly,10,1.0,0.3125,32
44,DOMINIADVISORTRUST_02_18_2005-EX-99.(H)(2)-SPONSORSHIP AGREEMENT,TextOnly,3,1.0,0.09375,32
44,DOMINIADVISORTRUST_02_18_2005-EX-99.(H)(2)-SPONSORSHIP AGREEMENT,TextOnly,5,1.0,0.15625,32
44,DOMINIADVISORTRUST_02_18_2005-EX-99.(H)(2)-SPONSORSHIP AGREEMENT,TextOnly,10,1.0,0.3125,32
44,FEDERATEDGOVERNMENTINCOMESECURITIESINC_04_28_2020-EX-99.SERV AGREE-SERVICES AGREEMENT_POWEROF,TextOnly,3,1.0,0.08571428571428572,35
44,FEDERATEDGOVERNMENTINCOMESECURITIESINC_04_28_2020-EX-99.SERV AGREE-SERVICES AGREEMENT_POWEROF,TextOnly,5,1.0,0.14285714285714285,35
44,FEDERATEDGOVERNMENTINCOMESECURITIESINC_04_28_2020-EX-99.SERV AGREE-SERVICES AGREEMENT_POWEROF,TextOnly,10,1.0,0.2857142857142857,35
44,LejuHoldingsLtd_20140121_DRS (on F-1)_EX-10.26_8473102_EX-10.26_Content License Agreement1,TextOnly,3,1.0,0.11538461538461539,26
44,LejuHoldingsLtd_20140121_DRS (on F-1)_EX-10.26_8473102_EX-10.26_Content License Agreement1,TextOnly,5,1.0,0.19230769230769232,26
44,LejuHoldingsLtd_20140121_DRS (on F-1)_EX-10.26_8473102_EX-10.26_Content License Agreement1,TextOnly,10,1.0,0.38461538461538464,26
44,DRAGONSYSTEMSINC_01_08_1999-EX-10.17-OUTSOURCING AGREEMENT,TextOnly,3,1.0,0.09375,32
44,DRAGONSYSTEMSINC_01_08_1999-EX-10.17-OUTSOURCING AGREEMENT,TextOnly,5,1.0,0.15625,32
44,DRAGONSYSTEMSINC_01_08_1999-EX-10.17-OUTSOURCING AGREEMENT,TextOnly,10,1.0,0.3125,32
44,PfHospitalityGroupInc_20150923_10-12G_EX-10.1_9266710_EX-10.1_Franchise Agreement1,TextOnly,3,1.0,0.17647058823529413,17
44,PfHospitalityGroupInc_20150923_10-12G_EX-10.1_9266710_EX-10.1_Franchise Agreement1,TextOnly,5,1.0,0.29411764705882354,17
44,PfHospitalityGroupInc_20150923_10-12G_EX-10.1_9266710_EX-10.1_Franchise Agreement1,TextOnly,10,0.9,0.5294117647058824,17
44,VITAMINSHOPPECOMINC_09_13_1999-EX-10.26-SPONSORSHIP AGREEMENT,TextOnly,3,1.0,0.1,30
44,VITAMINSHOPPECOMINC_09_13_1999-EX-10.26-SPONSORSHIP AGREEMENT,TextOnly,5,1.0,0.16666666666666666,30
44,VITAMINSHOPPECOMINC_09_13_1999-EX-10.26-SPONSORSHIP AGREEMENT,TextOnly,10,1.0,0.3333333333333333,30
44,"CORALGOLDRESOURCES,LTD_05_28_2020-EX-4.1-CONSULTING AGREEMENT",TextOnly,3,1.0,0.11538461538461539,26
44,"CORALGOLDRESOURCES,LTD_05_28_2020-EX-4.1-CONSULTING AGREEMENT",TextOnly,5,1.0,0.19230769230769232,26
44,"CORALGOLDRESOURCES,LTD_05_28_2020-EX-4.1-CONSULTING AGREEMENT",TextOnly,10,0.9,0.34615384615384615,26
44,LOYALTYPOINTINC_11_16_2004-EX-10.2-RESELLER AGREEMENT,TextOnly,3,1.0,0.11538461538461539,26
44,LOYALTYPOINTINC_11_16_2004-EX-10.2-RESELLER AGREEMENT,TextOnly,5,1.0,0.19230769230769232,26
44,LOYALTYPOINTINC_11_16_2004-EX-10.2-RESELLER AGREEMENT,TextOnly,10,1.0,0.38461538461538464,26
44,"GALERATHERAPEUTICS,INC_02_14_2020-EX-99.A-JOINT FILING AGREEMENT",TextOnly,3,1.0,0.08108108108108109,37
44,"GALERATHERAPEUTICS,INC_02_14_2020-EX-99.A-JOINT FILING AGREEMENT",TextOnly,5,1.0,0.13513513513513514,37
44,"GALERATHERAPEUTICS,INC_02_14_2020-EX-99.A-JOINT FILING AGREEMENT",TextOnly,10,1.0,0.2702702702702703,37
44,INTERNATIONALFASTFOODCORP_04_04_1997-EX-99-FRANCHISE AGREEMENT,TextOnly,3,1.0,0.13043478260869565,23
44,INTERNATIONALFASTFOODCORP_04_04_1997-EX-99-FRANCHISE AGREEMENT,TextOnly,5,1.0,0.21739130434782608,23
44,INTERNATIONALFASTFOODCORP_04_04_1997-EX-99-FRANCHISE AGREEMENT,TextOnly,10,0.9,0.391304347826087,23
44,"OASYSMOBILE,INC_07_05_2001-EX-10.17-OUTSOURCING AGREEMENT",TextOnly,3,1.0,0.13043478260869565,23
44,"OASYSMOBILE,INC_07_05_2001-EX-10.17-OUTSOURCING AGREEMENT",TextOnly,5,1.0,0.21739130434782608,23
44,"OASYSMOBILE,INC_07_05_2001-EX-10.17-OUTSOURCING AGREEMENT",TextOnly,10,0.9,0.391304347826087,23
44,"FIDELITYNATIONALINFORMATIONSERVICES,INC_08_05_2009-EX-10.3-INTELLECTUAL PROPERTY AGREEMENT",TextOnly,3,1.0,0.1111111111111111,27
44,"FIDELITYNATIONALINFORMATIONSERVICES,INC_08_05_2009-EX-10.3-INTELLECTUAL PROPERTY AGREEMENT",TextOnly,5,1.0,0.18518518518518517,27
44,"FIDELITYNATIONALINFORMATIONSERVICES,INC_08_05_2009-EX-10.3-INTELLECTUAL PROPERTY AGREEMENT",TextOnly,10,1.0,0.37037037037037035,27
44,FuseMedicalInc_20190321_10-K_EX-10.43_11575454_EX-10.43_Distributor Agreement,TextOnly,3,1.0,0.1111111111111111,27
44,FuseMedicalInc_20190321_10-K_EX-10.43_11575454_EX-10.43_Distributor Agreement,TextOnly,5,1.0,0.18518518518518517,27
44,FuseMedicalInc_20190321_10-K_EX-10.43_11575454_EX-10.43_Distributor Agreement,TextOnly,10,1.0,0.37037037037037035,27
44,MOVADOGROUPINC_04_30_2003-EX-10.28-ENDORSEMENT AGREEMENT,TextOnly,3,1.0,0.08823529411764706,34
44,MOVADOGROUPINC_04_30_2003-EX-10.28-ENDORSEMENT AGREEMENT,TextOnly,5,1.0,0.14705882352941177,34
44,MOVADOGROUPINC_04_30_2003-EX-10.28-ENDORSEMENT AGREEMENT,TextOnly,10,1.0,0.29411764705882354,34
44,ICORECONNECTINC_10_13_2010-EX-7.1-Strategic Alliance Agreement,TextOnly,3,1.0,0.11538461538461539,26
44,ICORECONNECTINC_10_13_2010-EX-7.1-Strategic Alliance Agreement,TextOnly,5,1.0,0.19230769230769232,26
44,ICORECONNECTINC_10_13_2010-EX-7.1-Strategic Alliance Agreement,TextOnly,10,1.0,0.38461538461538464,26
44,UpjohnInc_20200121_10-12G_EX-2.6_11948692_EX-2.6_Manufacturing Agreement_ Supply Agreement,TextOnly,3,1.0,0.16666666666666666,18
44,UpjohnInc_20200121_10-12G_EX-2.6_11948692_EX-2.6_Manufacturing Agreement_ Supply Agreement,TextOnly,5,0.8,0.2222222222222222,18
44,UpjohnInc_20200121_10-12G_EX-2.6_11948692_EX-2.6_Manufacturing Agreement_ Supply Agreement,TextOnly,10,0.7,0.3888888888888889,18
44,VIOLINMEMORYINC_12_12_2012-EX-10.14-SPONSORSHIP AGREEMENT,TextOnly,3,1.0,0.11538461538461539,26
44,VIOLINMEMORYINC_12_12_2012-EX-10.14-SPONSORSHIP AGREEMENT,TextOnly,5,1.0,0.19230769230769232,26
44,VIOLINMEMORYINC_12_12_2012-EX-10.14-SPONSORSHIP AGREEMENT,TextOnly,10,0.9,0.34615384615384615,26
44,BizzingoInc_20120322_8-K_EX-10.17_7504499_EX-10.17_Endorsement Agreement,TextOnly,3,1.0,0.1111111111111111,27
44,BizzingoInc_20120322_8-K_EX-10.17_7504499_EX-10.17_Endorsement Agreement,TextOnly,5,0.8,0.14814814814814814,27
44,BizzingoInc_20120322_8-K_EX-10.17_7504499_EX-10.17_Endorsement Agreement,TextOnly,10,0.8,0.2962962962962963,27
44,OFGBANCORP_03_28_2007-EX-10.23-OUTSOURCING AGREEMENT,TextOnly,3,1.0,0.15789473684210525,19
44,OFGBANCORP_03_28_2007-EX-10.23-OUTSOURCING AGREEMENT,TextOnly,5,1.0,0.2631578947368421,19
44,OFGBANCORP_03_28_2007-EX-10.23-OUTSOURCING AGREEMENT,TextOnly,10,1.0,0.5263157894736842,19
44,STAMPSCOMINC_06_24_1999-EX-10.18-SPONSORSHIP AGREEMENT,TextOnly,3,1.0,0.125,24
44,STAMPSCOMINC_06_24_1999-EX-10.18-SPONSORSHIP AGREEMENT,TextOnly,5,1.0,0.20833333333333334,24
44,STAMPSCOMINC_06_24_1999-EX-10.18-SPONSORSHIP AGREEMENT,TextOnly,10,1.0,0.4166666666666667,24
44,KALLOINC_11_03_2011-EX-10.1-STRATEGIC ALLIANCE AGREEMENT,TextOnly,3,1.0,0.14285714285714285,21
44,KALLOINC_11_03_2011-EX-10.1-STRATEGIC ALLIANCE AGREEMENT,TextOnly,5,1.0,0.23809523809523808,21
44,KALLOINC_11_03_2011-EX-10.1-STRATEGIC ALLIANCE AGREEMENT,TextOnly,10,0.8,0.38095238095238093,21
44,MphaseTechnologiesInc_20030911_10-K_EX-10.15_1560667_EX-10.15_Co-Branding Agreement,TextOnly,3,1.0,0.1,30
44,MphaseTechnologiesInc_20030911_10-K_EX-10.15_1560667_EX-10.15_Co-Branding Agreement,TextOnly,5,1.0,0.16666666666666666,30
44,MphaseTechnologiesInc_20030911_10-K_EX-10.15_1560667_EX-10.15_Co-Branding Agreement,TextOnly,10,1.0,0.3333333333333333,30
44,PrudentialBancorpInc_20170606_8-K_EX-10.4_10474434_EX-10.4_Endorsement Agreement,TextOnly,3,1.0,0.08823529411764706,34
44,PrudentialBancorpInc_20170606_8-K_EX-10.4_10474434_EX-10.4_Endorsement Agreement,TextOnly,5,1.0,0.14705882352941177,34
44,PrudentialBancorpInc_20170606_8-K_EX-10.4_10474434_EX-10.4_Endorsement Agreement,TextOnly,10,1.0,0.29411764705882354,34
44,FreezeTagInc_20180411_8-K_EX-10.1_11139603_EX-10.1_Sponsorship Agreement,TextOnly,3,1.0,0.10714285714285714,28
44,FreezeTagInc_20180411_8-K_EX-10.1_11139603_EX-10.1_Sponsorship Agreement,TextOnly,5,1.0,0.17857142857142858,28
44,FreezeTagInc_20180411_8-K_EX-10.1_11139603_EX-10.1_Sponsorship Agreement,TextOnly,10,1.0,0.35714285714285715,28
44,WESTERN COPPER - NON-COMPETITION AGREEMENT,TextOnly,3,1.0,0.08823529411764706,34
44,WESTERN COPPER - NON-COMPETITION AGREEMENT,TextOnly,5,1.0,0.14705882352941177,34
44,WESTERN COPPER - NON-COMPETITION AGREEMENT,TextOnly,10,1.0,0.29411764705882354,34
44,Cerus Corporation - FIRST AMEND TO SUPPLY AND MANUFACTURING AGREEMENT,TextOnly,3,1.0,0.07692307692307693,39
44,Cerus Corporation - FIRST AMEND TO SUPPLY AND MANUFACTURING AGREEMENT,TextOnly,5,1.0,0.1282051282051282,39
44,Cerus Corporation - FIRST AMEND TO SUPPLY AND MANUFACTURING AGREEMENT,TextOnly,10,1.0,0.2564102564102564,39
44,AgapeAtpCorp_20191202_10-KA_EX-10.1_11911128_EX-10.1_Supply Agreement,TextOnly,3,1.0,0.14285714285714285,21
44,AgapeAtpCorp_20191202_10-KA_EX-10.1_11911128_EX-10.1_Supply Agreement,TextOnly,5,1.0,0.23809523809523808,21
44,AgapeAtpCorp_20191202_10-KA_EX-10.1_11911128_EX-10.1_Supply Agreement,TextOnly,10,1.0,0.47619047619047616,21
44,ImpresseCorp_20000322_S-1A_EX-10.11_5199234_EX-10.11_Co-Branding Agreement,TextOnly,3,1.0,0.125,24
44,ImpresseCorp_20000322_S-1A_EX-10.11_5199234_EX-10.11_Co-Branding Agreement,TextOnly,5,1.0,0.20833333333333334,24
44,ImpresseCorp_20000322_S-1A_EX-10.11_5199234_EX-10.11_Co-Branding Agreement,TextOnly,10,1.0,0.4166666666666667,24
44,OPERALTD_04_30_2020-EX-4.14-SERVICE AGREEMENT,TextOnly,3,1.0,0.09375,32
44,OPERALTD_04_30_2020-EX-4.14-SERVICE AGREEMENT,TextOnly,5,1.0,0.15625,32
44,OPERALTD_04_30_2020-EX-4.14-SERVICE AGREEMENT,TextOnly,10,1.0,0.3125,32
44,SMITHELECTRICVEHICLESCORP_04_04_2012-EX-10.26-FLEET MAINTENANCE AGREEMENT,TextOnly,3,1.0,0.10714285714285714,28
44,SMITHELECTRICVEHICLESCORP_04_04_2012-EX-10.26-FLEET MAINTENANCE AGREEMENT,TextOnly,5,1.0,0.17857142857142858,28
44,SMITHELECTRICVEHICLESCORP_04_04_2012-EX-10.26-FLEET MAINTENANCE AGREEMENT,TextOnly,10,1.0,0.35714285714285715,28
44,FerroglobePlc_20150624_F-4A_EX-10.20_9154746_EX-10.20_Outsourcing Agreement,TextOnly,3,1.0,0.0967741935483871,31
44,FerroglobePlc_20150624_F-4A_EX-10.20_9154746_EX-10.20_Outsourcing Agreement,TextOnly,5,1.0,0.16129032258064516,31
44,FerroglobePlc_20150624_F-4A_EX-10.20_9154746_EX-10.20_Outsourcing Agreement,TextOnly,10,1.0,0.3225806451612903,31
44,BONTONSTORESINC_04_20_2018-EX-99.3-AGENCY AGREEMENT,TextOnly,3,1.0,0.1,30
44,BONTONSTORESINC_04_20_2018-EX-99.3-AGENCY AGREEMENT,TextOnly,5,1.0,0.16666666666666666,30
44,BONTONSTORESINC_04_20_2018-EX-99.3-AGENCY AGREEMENT,TextOnly,10,1.0,0.3333333333333333,30
44,WestPharmaceuticalServicesInc_20200116_8-K_EX-10.1_11947529_EX-10.1_Supply Agreement,TextOnly,3,1.0,0.10344827586206896,29
44,WestPharmaceuticalServicesInc_20200116_8-K_EX-10.1_11947529_EX-10.1_Supply Agreement,TextOnly,5,1.0,0.1724137931034483,29
44,WestPharmaceuticalServicesInc_20200116_8-K_EX-10.1_11947529_EX-10.1_Supply Agreement,TextOnly,10,1.0,0.3448275862068966,29
44,"Magenta Therapeutics, Inc. - Master Development and Manufacturing Agreement",TextOnly,3,1.0,0.125,24
44,"Magenta Therapeutics, Inc. - Master Development and Manufacturing Agreement",TextOnly,5,1.0,0.20833333333333334,24
44,"Magenta Therapeutics, Inc. - Master Development and Manufacturing Agreement",TextOnly,10,1.0,0.4166666666666667,24
44,AlliedEsportsEntertainmentInc_20190815_8-K_EX-10.19_11788293_EX-10.19_Content License Agreement,TextOnly,3,1.0,0.13043478260869565,23
44,AlliedEsportsEntertainmentInc_20190815_8-K_EX-10.19_11788293_EX-10.19_Content License Agreement,TextOnly,5,1.0,0.21739130434782608,23
44,AlliedEsportsEntertainmentInc_20190815_8-K_EX-10.19_11788293_EX-10.19_Content License Agreement,TextOnly,10,1.0,0.43478260869565216,23
44,BellringBrandsInc_20190920_S-1_EX-10.12_11817081_EX-10.12_Manufacturing Agreement1,TextOnly,3,1.0,0.10344827586206896,29
44,BellringBrandsInc_20190920_S-1_EX-10.12_11817081_EX-10.12_Manufacturing Agreement1,TextOnly,5,1.0,0.1724137931034483,29
44,BellringBrandsInc_20190920_S-1_EX-10.12_11817081_EX-10.12_Manufacturing Agreement1,TextOnly,10,1.0,0.3448275862068966,29
44,"KIROMICBIOPHARMA,INC_04_08_2020-EX-10.28-JOINT VENTURE AGREEMENT",TextOnly,3,1.0,0.125,24
44,"KIROMICBIOPHARMA,INC_04_08_2020-EX-10.28-JOINT VENTURE AGREEMENT",TextOnly,5,1.0,0.20833333333333334,24
44,"KIROMICBIOPHARMA,INC_04_08_2020-EX-10.28-JOINT VENTURE AGREEMENT",TextOnly,10,0.9,0.375,24
44,LOOKSMARTLTD_07_20_2012-EX-99.(D)(I)-SPONSORSHIP AGREEMENT,TextOnly,3,1.0,0.08823529411764706,34
44,LOOKSMARTLTD_07_20_2012-EX-99.(D)(I)-SPONSORSHIP AGREEMENT,TextOnly,5,1.0,0.14705882352941177,34
44,LOOKSMARTLTD_07_20_2012-EX-99.(D)(I)-SPONSORSHIP AGREEMENT,TextOnly,10,1.0,0.29411764705882354,34
44,"DRIVENDELIVERIES,INC_05_22_2020-EX-10.4-CONSULTING AGREEMENT",TextOnly,3,1.0,0.11538461538461539,26
44,"DRIVENDELIVERIES,INC_05_22_2020-EX-10.4-CONSULTING AGREEMENT",TextOnly,5,1.0,0.19230769230769232,26
44,"DRIVENDELIVERIES,INC_05_22_2020-EX-10.4-CONSULTING AGREEMENT",TextOnly,10,0.9,0.34615384615384615,26
44,TubeMediaCorp_20060310_8-K_EX-10.1_513921_EX-10.1_Affiliate Agreement,TextOnly,3,1.0,0.1875,16
44,TubeMediaCorp_20060310_8-K_EX-10.1_513921_EX-10.1_Affiliate Agreement,TextOnly,5,1.0,0.3125,16
44,TubeMediaCorp_20060310_8-K_EX-10.1_513921_EX-10.1_Affiliate Agreement,TextOnly,10,1.0,0.625,16
44,HealthcentralCom_19991108_S-1A_EX-10.27_6623292_EX-10.27_Co-Branding Agreement,TextOnly,3,1.0,0.14285714285714285,21
44,HealthcentralCom_19991108_S-1A_EX-10.27_6623292_EX-10.27_Co-Branding Agreement,TextOnly,5,1.0,0.23809523809523808,21
44,HealthcentralCom_19991108_S-1A_EX-10.27_6623292_EX-10.27_Co-Branding Agreement,TextOnly,10,1.0,0.47619047619047616,21
44,BravatekSolutionsInc_20170418_8-K_EX-10.1_10205739_EX-10.1_Reseller Agreement,TextOnly,3,1.0,0.10344827586206896,29
44,BravatekSolutionsInc_20170418_8-K_EX-10.1_10205739_EX-10.1_Reseller Agreement,TextOnly,5,1.0,0.1724137931034483,29
44,BravatekSolutionsInc_20170418_8-K_EX-10.1_10205739_EX-10.1_Reseller Agreement,TextOnly,10,1.0,0.3448275862068966,29
44,SLOVAKWIRELESSFINANCECOBV_03_28_2001-EX-4.(B)(II).3-Maintenance and support contract for SICAP(R) modules,TextOnly,3,1.0,0.09090909090909091,33
44,SLOVAKWIRELESSFINANCECOBV_03_28_2001-EX-4.(B)(II).3-Maintenance and support contract for SICAP(R) modules,TextOnly,5,1.0,0.15151515151515152,33
44,SLOVAKWIRELESSFINANCECOBV_03_28_2001-EX-4.(B)(II).3-Maintenance and support contract for SICAP(R) modules,TextOnly,10,1.0,0.30303030303030304,33
44,LUCIDINC_04_15_2011-EX-10.9-DISTRIBUTOR AGREEMENT,TextOnly,3,1.0,0.10344827586206896,29
44,LUCIDINC_04_15_2011-EX-10.9-DISTRIBUTOR AGREEMENT,TextOnly,5,1.0,0.1724137931034483,29
44,LUCIDINC_04_15_2011-EX-10.9-DISTRIBUTOR AGREEMENT,TextOnly,10,1.0,0.3448275862068966,29
44,AudibleInc_20001113_10-Q_EX-10.32_2599586_EX-10.32_Co-Branding Agreement_ Marketing Agreement_ Investment Distribution Agreement,TextOnly,3,1.0,0.15,20
44,AudibleInc_20001113_10-Q_EX-10.32_2599586_EX-10.32_Co-Branding Agreement_ Marketing Agreement_ Investment Distribution Agreement,TextOnly,5,0.8,0.2,20
44,AudibleInc_20001113_10-Q_EX-10.32_2599586_EX-10.32_Co-Branding Agreement_ Marketing Agreement_ Investment Distribution Agreement,TextOnly,10,0.9,0.45,20
44,FLOTEKINDUSTRIESINCCN_05_09_2019-EX-10.1-SUPPLY AGREEMENT,TextOnly,3,1.0,0.1,30
44,FLOTEKINDUSTRIESINCCN_05_09_2019-EX-10.1-SUPPLY AGREEMENT,TextOnly,5,1.0,0.16666666666666666,30
44,FLOTEKINDUSTRIESINCCN_05_09_2019-EX-10.1-SUPPLY AGREEMENT,TextOnly,10,1.0,0.3333333333333333,30
44,SPARKLINGSPRINGWATERHOLDINGSLTD_07_03_2002-EX-10.13-SOFTWARE LICENSE AND MAINTENANCE AGREEMENT,TextOnly,3,1.0,0.12,25
44,SPARKLINGSPRINGWATERHOLDINGSLTD_07_03_2002-EX-10.13-SOFTWARE LICENSE AND MAINTENANCE AGREEMENT,TextOnly,5,1.0,0.2,25
44,SPARKLINGSPRINGWATERHOLDINGSLTD_07_03_2002-EX-10.13-SOFTWARE LICENSE AND MAINTENANCE AGREEMENT,TextOnly,10,1.0,0.4,25
44,GULFSOUTHMEDICALSUPPLYINC_12_24_1997-EX-4-AFFILIATE AGREEMENT,TextOnly,3,1.0,0.08108108108108109,37
44,GULFSOUTHMEDICALSUPPLYINC_12_24_1997-EX-4-AFFILIATE AGREEMENT,TextOnly,5,1.0,0.13513513513513514,37
44,GULFSOUTHMEDICALSUPPLYINC_12_24_1997-EX-4-AFFILIATE AGREEMENT,TextOnly,10,1.0,0.2702702702702703,37
44,"ADMA BioManufacturing, LLC - Amendment #3 to Manufacturing Agreement",TextOnly,3,1.0,0.09090909090909091,33
44,"ADMA BioManufacturing, LLC - Amendment #3 to Manufacturing Agreement",TextOnly,5,1.0,0.15151515151515152,33
44,"ADMA BioManufacturing, LLC - Amendment #3 to Manufacturing Agreement",TextOnly,10,1.0,0.30303030303030304,33
44,"CERES,INC_01_25_2012-EX-10.20-Collaboration Agreement",TextOnly,3,1.0,0.13636363636363635,22
44,"CERES,INC_01_25_2012-EX-10.20-Collaboration Agreement",TextOnly,5,1.0,0.22727272727272727,22
44,"CERES,INC_01_25_2012-EX-10.20-Collaboration Agreement",TextOnly,10,0.9,0.4090909090909091,22
44,"HOSPITALITYINVESTORSTRUST,INC_04_07_2014-EX-10.26-FRANCHISE AGREEMENT",TextOnly,3,1.0,0.12,25
44,"HOSPITALITYINVESTORSTRUST,INC_04_07_2014-EX-10.26-FRANCHISE AGREEMENT",TextOnly,5,1.0,0.2,25
44,"HOSPITALITYINVESTORSTRUST,INC_04_07_2014-EX-10.26-FRANCHISE AGREEMENT",TextOnly,10,1.0,0.4,25
44,"NETGEAR,INC_04_21_2003-EX-10.16-DISTRIBUTOR AGREEMENT",TextOnly,3,1.0,0.125,24
44,"NETGEAR,INC_04_21_2003-EX-10.16-DISTRIBUTOR AGREEMENT",TextOnly,5,0.8,0.16666666666666666,24
44,"NETGEAR,INC_04_21_2003-EX-10.16-DISTRIBUTOR AGREEMENT",TextOnly,10,0.9,0.375,24
44,"MEETGROUP,INC_06_29_2017-EX-10.1-COOPERATION AGREEMENT",TextOnly,3,1.0,0.08823529411764706,34
44,"MEETGROUP,INC_06_29_2017-EX-10.1-COOPERATION AGREEMENT",TextOnly,5,1.0,0.14705882352941177,34
44,"MEETGROUP,INC_06_29_2017-EX-10.1-COOPERATION AGREEMENT",TextOnly,10,1.0,0.29411764705882354,34
44,IDREAMSKYTECHNOLOGYLTD_07_03_2014-EX-10.39-Cooperation Agreement on Mobile Game Business,TextOnly,3,1.0,0.1,30
44,IDREAMSKYTECHNOLOGYLTD_07_03_2014-EX-10.39-Cooperation Agreement on Mobile Game Business,TextOnly,5,1.0,0.16666666666666666,30
44,IDREAMSKYTECHNOLOGYLTD_07_03_2014-EX-10.39-Cooperation Agreement on Mobile Game Business,TextOnly,10,1.0,0.3333333333333333,30
44,LIMEENERGYCO_09_09_1999-EX-10-DISTRIBUTOR AGREEMENT,TextOnly,3,0.6666666666666666,0.09523809523809523,21
44,LIMEENERGYCO_09_09_1999-EX-10-DISTRIBUTOR AGREEMENT,TextOnly,5,0.8,0.19047619047619047,21
44,LIMEENERGYCO_09_09_1999-EX-10-DISTRIBUTOR AGREEMENT,TextOnly,10,0.8,0.38095238095238093,21
44,"MACY_S,INC_05_11_2020-EX-99.4-JOINT FILING AGREEMENT",TextOnly,3,1.0,0.07894736842105263,38
44,"MACY_S,INC_05_11_2020-EX-99.4-JOINT FILING AGREEMENT",TextOnly,5,1.0,0.13157894736842105,38
44,"MACY_S,INC_05_11_2020-EX-99.4-JOINT FILING AGREEMENT",TextOnly,10,1.0,0.2631578947368421,38
44,QuantumGroupIncFl_20090120_8-K_EX-99.2_3672910_EX-99.2_Hosting Agreement,TextOnly,3,1.0,0.12,25
44,QuantumGroupIncFl_20090120_8-K_EX-99.2_3672910_EX-99.2_Hosting Agreement,TextOnly,5,0.8,0.16,25
44,QuantumGroupIncFl_20090120_8-K_EX-99.2_3672910_EX-99.2_Hosting Agreement,TextOnly,10,0.9,0.36,25
44,GlobalTechnologiesGroupInc_20050928_10KSB_EX-10.9_4148808_EX-10.9_Content License Agreement,TextOnly,3,1.0,0.10714285714285714,28
44,GlobalTechnologiesGroupInc_20050928_10KSB_EX-10.9_4148808_EX-10.9_Content License Agreement,TextOnly,5,1.0,0.17857142857142858,28
44,GlobalTechnologiesGroupInc_20050928_10KSB_EX-10.9_4148808_EX-10.9_Content License Agreement,TextOnly,10,1.0,0.35714285714285715,28
44,"GWG HOLDINGS, INC. - ORDERLY MARKETING AGREEMENT",TextOnly,3,1.0,0.08571428571428572,35
44,"GWG HOLDINGS, INC. - ORDERLY MARKETING AGREEMENT",TextOnly,5,1.0,0.14285714285714285,35
44,"GWG HOLDINGS, INC. - ORDERLY MARKETING AGREEMENT",TextOnly,10,1.0,0.2857142857142857,35
44,ArconicRolledProductsCorp_20191217_10-12B_EX-2.7_11923804_EX-2.7_Trademark License Agreement,TextOnly,3,1.0,0.1111111111111111,27
44,ArconicRolledProductsCorp_20191217_10-12B_EX-2.7_11923804_EX-2.7_Trademark License Agreement,TextOnly,5,0.8,0.14814814814814814,27
44,ArconicRolledProductsCorp_20191217_10-12B_EX-2.7_11923804_EX-2.7_Trademark License Agreement,TextOnly,10,0.9,0.3333333333333333,27
44,"SPOKHOLDINGS,INC_06_19_2020-EX-10.1-COOPERATION AGREEMENT",TextOnly,3,1.0,0.08571428571428572,35
44,"SPOKHOLDINGS,INC_06_19_2020-EX-10.1-COOPERATION AGREEMENT",TextOnly,5,1.0,0.14285714285714285,35
44,"SPOKHOLDINGS,INC_06_19_2020-EX-10.1-COOPERATION AGREEMENT",TextOnly,10,1.0,0.2857142857142857,35
44,"INTELLIGENTHIGHWAYSOLUTIONS,INC_01_18_2018-EX-10.1-Strategic Alliance Agreement",TextOnly,3,1.0,0.10344827586206896,29
44,"INTELLIGENTHIGHWAYSOLUTIONS,INC_01_18_2018-EX-10.1-Strategic Alliance Agreement",TextOnly,5,1.0,0.1724137931034483,29
44,"INTELLIGENTHIGHWAYSOLUTIONS,INC_01_18_2018-EX-10.1-Strategic Alliance Agreement",TextOnly,10,1.0,0.3448275862068966,29
44,PlayboyEnterprisesInc_20090220_10-QA_EX-10.2_4091580_EX-10.2_Content License Agreement_ Marketing Agreement_ Sales-Purchase Agreement1,TextOnly,3,1.0,0.1875,16
44,PlayboyEnterprisesInc_20090220_10-QA_EX-10.2_4091580_EX-10.2_Content License Agreement_ Marketing Agreement_ Sales-Purchase Agreement1,TextOnly,5,1.0,0.3125,16
44,PlayboyEnterprisesInc_20090220_10-QA_EX-10.2_4091580_EX-10.2_Content License Agreement_ Marketing Agreement_ Sales-Purchase Agreement1,TextOnly,10,0.7,0.4375,16
44,NETGROCERINC_07_31_1998-EX-10.15-SPONSORSHIP AGREEMENT,TextOnly,3,1.0,0.1111111111111111,27
44,NETGROCERINC_07_31_1998-EX-10.15-SPONSORSHIP AGREEMENT,TextOnly,5,1.0,0.18518518518518517,27
44,NETGROCERINC_07_31_1998-EX-10.15-SPONSORSHIP AGREEMENT,TextOnly,10,1.0,0.37037037037037035,27
44,CHERRYHILLMORTGAGEINVESTMENTCORP_09_26_2013-EX-10.1-Strategic Alliance Agreement,TextOnly,3,1.0,0.08571428571428572,35
44,CHERRYHILLMORTGAGEINVESTMENTCORP_09_26_2013-EX-10.1-Strategic Alliance Agreement,TextOnly,5,1.0,0.14285714285714285,35
44,CHERRYHILLMORTGAGEINVESTMENTCORP_09_26_2013-EX-10.1-Strategic Alliance Agreement,TextOnly,10,1.0,0.2857142857142857,35
44,"VAXCYTE,INC_05_22_2020-EX-10.19-SUPPLY AGREEMENT",TextOnly,3,1.0,0.11538461538461539,26
44,"VAXCYTE,INC_05_22_2020-EX-10.19-SUPPLY AGREEMENT",TextOnly,5,1.0,0.19230769230769232,26
44,"VAXCYTE,INC_05_22_2020-EX-10.19-SUPPLY AGREEMENT",TextOnly,10,0.9,0.34615384615384615,26
44,"VNUE,INC_07_10_2015-EX-10.1-SPONSORSHIP AGREEMENT",TextOnly,3,1.0,0.1,30
44,"VNUE,INC_07_10_2015-EX-10.1-SPONSORSHIP AGREEMENT",TextOnly,5,1.0,0.16666666666666666,30
44,"VNUE,INC_07_10_2015-EX-10.1-SPONSORSHIP AGREEMENT",TextOnly,10,1.0,0.3333333333333333,30
44,TcPipelinesLp_20160226_10-K_EX-99.12_9454048_EX-99.12_Transportation Agreement,TextOnly,3,1.0,0.08823529411764706,34
44,TcPipelinesLp_20160226_10-K_EX-99.12_9454048_EX-99.12_Transportation Agreement,TextOnly,5,1.0,0.14705882352941177,34
44,TcPipelinesLp_20160226_10-K_EX-99.12_9454048_EX-99.12_Transportation Agreement,TextOnly,10,1.0,0.29411764705882354,34
44,PROFOUNDMEDICALCORP_08_29_2019-EX-4.5-SUPPLY AGREEMENT,TextOnly,3,1.0,0.1111111111111111,27
44,PROFOUNDMEDICALCORP_08_29_2019-EX-4.5-SUPPLY AGREEMENT,TextOnly,5,1.0,0.18518518518518517,27
44,PROFOUNDMEDICALCORP_08_29_2019-EX-4.5-SUPPLY AGREEMENT,TextOnly,10,1.0,0.37037037037037035,27
44,CardlyticsInc_20180112_S-1_EX-10.16_11002987_EX-10.16_Maintenance Agreement3,TextOnly,3,1.0,0.07894736842105263,38
44,CardlyticsInc_20180112_S-1_EX-10.16_11002987_EX-10.16_Maintenance Agreement3,TextOnly,5,1.0,0.13157894736842105,38
44,CardlyticsInc_20180112_S-1_EX-10.16_11002987_EX-10.16_Maintenance Agreement3,TextOnly,10,1.0,0.2631578947368421,38
44,"NETGEAR,INC_04_21_2003-EX-10.16- AMENDMENT #2 TO THE DISTRIBUTION AGREEMENT",TextOnly,3,1.0,0.07894736842105263,38
44,"NETGEAR,INC_04_21_2003-EX-10.16- AMENDMENT #2 TO THE DISTRIBUTION AGREEMENT",TextOnly,5,1.0,0.13157894736842105,38
44,"NETGEAR,INC_04_21_2003-EX-10.16- AMENDMENT #2 TO THE DISTRIBUTION AGREEMENT",TextOnly,10,1.0,0.2631578947368421,38
44,BNCMORTGAGEINC_05_17_1999-EX-10.4-LICENSING AND WEB SITE HOSTING AGREEMENT,TextOnly,3,1.0,0.1,30
44,BNCMORTGAGEINC_05_17_1999-EX-10.4-LICENSING AND WEB SITE HOSTING AGREEMENT,TextOnly,5,1.0,0.16666666666666666,30
44,BNCMORTGAGEINC_05_17_1999-EX-10.4-LICENSING AND WEB SITE HOSTING AGREEMENT,TextOnly,10,0.9,0.3,30
44,"BABCOCK_WILCOXENTERPRISES,INC_08_04_2015-EX-10.17-INTELLECTUAL PROPERTY AGREEMENT between THE BABCOCK _ WILCOX COMPANY and BABCOCK _ WILCOX ENTERPRISES, INC.",TextOnly,3,0.6666666666666666,0.08,25
44,"BABCOCK_WILCOXENTERPRISES,INC_08_04_2015-EX-10.17-INTELLECTUAL PROPERTY AGREEMENT between THE BABCOCK _ WILCOX COMPANY and BABCOCK _ WILCOX ENTERPRISES, INC.",TextOnly,5,0.8,0.16,25
44,"BABCOCK_WILCOXENTERPRISES,INC_08_04_2015-EX-10.17-INTELLECTUAL PROPERTY AGREEMENT between THE BABCOCK _ WILCOX COMPANY and BABCOCK _ WILCOX ENTERPRISES, INC.",TextOnly,10,0.9,0.36,25
44,"HC2HOLDINGS,INC_05_14_2020-EX-10.1-COOPERATION AGREEMENT",TextOnly,3,1.0,0.08823529411764706,34
44,"HC2HOLDINGS,INC_05_14_2020-EX-10.1-COOPERATION AGREEMENT",TextOnly,5,1.0,0.14705882352941177,34
44,"HC2HOLDINGS,INC_05_14_2020-EX-10.1-COOPERATION AGREEMENT",TextOnly,10,1.0,0.29411764705882354,34
44,"MARSHALLHOLDINGSINTERNATIONAL,INC_04_14_2004-EX-10.15-ENDORSEMENT AGREEMENT",TextOnly,3,1.0,0.09090909090909091,33
44,"MARSHALLHOLDINGSINTERNATIONAL,INC_04_14_2004-EX-10.15-ENDORSEMENT AGREEMENT",TextOnly,5,1.0,0.15151515151515152,33
44,"MARSHALLHOLDINGSINTERNATIONAL,INC_04_14_2004-EX-10.15-ENDORSEMENT AGREEMENT",TextOnly,10,1.0,0.30303030303030304,33
44,GRANTIERRAENERGYINC_05_07_2012-EX-10.6-TRANSPORTATION CONTRACT,TextOnly,3,1.0,0.10344827586206896,29
44,GRANTIERRAENERGYINC_05_07_2012-EX-10.6-TRANSPORTATION CONTRACT,TextOnly,5,1.0,0.1724137931034483,29
44,GRANTIERRAENERGYINC_05_07_2012-EX-10.6-TRANSPORTATION CONTRACT,TextOnly,10,1.0,0.3448275862068966,29
44,SoupmanInc_20150814_8-K_EX-10.1_9230148_EX-10.1_Franchise Agreement1,TextOnly,3,1.0,0.25,12
44,SoupmanInc_20150814_8-K_EX-10.1_9230148_EX-10.1_Franchise Agreement1,TextOnly,5,1.0,0.4166666666666667,12
44,SoupmanInc_20150814_8-K_EX-10.1_9230148_EX-10.1_Franchise Agreement1,TextOnly,10,0.8,0.6666666666666666,12
44,"GIGGLESN_HUGS,INC_06_23_2016-EX-10.2-STRATEGIC ALLIANCE AGREEMENT",TextOnly,3,1.0,0.09375,32
44,"GIGGLESN_HUGS,INC_06_23_2016-EX-10.2-STRATEGIC ALLIANCE AGREEMENT",TextOnly,5,1.0,0.15625,32
44,"GIGGLESN_HUGS,INC_06_23_2016-EX-10.2-STRATEGIC ALLIANCE AGREEMENT",TextOnly,10,1.0,0.3125,32
44,LECLANCHÉ S.A. - JOINT DEVELOPMENT AND MARKETING AGREEMENT,TextOnly,3,1.0,0.10344827586206896,29
44,LECLANCHÉ S.A. - JOINT DEVELOPMENT AND MARKETING AGREEMENT,TextOnly,5,1.0,0.1724137931034483,29
44,LECLANCHÉ S.A. - JOINT DEVELOPMENT AND MARKETING AGREEMENT,TextOnly,10,1.0,0.3448275862068966,29
44,SimplicityEsportsGamingCompany_20181130_8-K_EX-10.1_11444071_EX-10.1_Franchise Agreement,TextOnly,3,1.0,0.13043478260869565,23
44,SimplicityEsportsGamingCompany_20181130_8-K_EX-10.1_11444071_EX-10.1_Franchise Agreement,TextOnly,5,1.0,0.21739130434782608,23
44,SimplicityEsportsGamingCompany_20181130_8-K_EX-10.1_11444071_EX-10.1_Franchise Agreement,TextOnly,10,0.9,0.391304347826087,23
44,IMPCOTECHNOLOGIESINC_04_15_2003-EX-10.65-JOINT VENTURE AGREEMENT,TextOnly,3,1.0,0.10714285714285714,28
44,IMPCOTECHNOLOGIESINC_04_15_2003-EX-10.65-JOINT VENTURE AGREEMENT,TextOnly,5,1.0,0.17857142857142858,28
44,IMPCOTECHNOLOGIESINC_04_15_2003-EX-10.65-JOINT VENTURE AGREEMENT,TextOnly,10,1.0,0.35714285714285715,28
44,ADAPTIMMUNETHERAPEUTICSPLC_04_06_2017-EX-10.11-STRATEGIC ALLIANCE AGREEMENT,TextOnly,3,1.0,0.13636363636363635,22
44,ADAPTIMMUNETHERAPEUTICSPLC_04_06_2017-EX-10.11-STRATEGIC ALLIANCE AGREEMENT,TextOnly,5,1.0,0.22727272727272727,22
44,ADAPTIMMUNETHERAPEUTICSPLC_04_06_2017-EX-10.11-STRATEGIC ALLIANCE AGREEMENT,TextOnly,10,1.0,0.45454545454545453,22
44,ZONDWINDSYSTEMPARTNERSLTDSERIES85-B_04_03_2006-EX-10-MANAGEMENT AND MAINTENANCE AGREEMENT,TextPlusLayout,3,1.0,0.07894736842105263,38
44,ZONDWINDSYSTEMPARTNERSLTDSERIES85-B_04_03_2006-EX-10-MANAGEMENT AND MAINTENANCE AGREEMENT,TextPlusLayout,5,1.0,0.13157894736842105,38
44,ZONDWINDSYSTEMPARTNERSLTDSERIES85-B_04_03_2006-EX-10-MANAGEMENT AND MAINTENANCE AGREEMENT,TextPlusLayout,10,1.0,0.2631578947368421,38
44,IdeanomicsInc_20151124_8-K_EX-10.2_9354744_EX-10.2_Content License Agreement,TextPlusLayout,3,1.0,0.10344827586206896,29
44,IdeanomicsInc_20151124_8-K_EX-10.2_9354744_EX-10.2_Content License Agreement,TextPlusLayout,5,1.0,0.1724137931034483,29
44,IdeanomicsInc_20151124_8-K_EX-10.2_9354744_EX-10.2_Content License Agreement,TextPlusLayout,10,1.0,0.3448275862068966,29
44,VERSOTECHNOLOGIESINC_12_28_2007-EX-99.3-INTELLECTUAL PROPERTY AGREEMENT,TextPlusLayout,3,1.0,0.08333333333333333,36
44,VERSOTECHNOLOGIESINC_12_28_2007-EX-99.3-INTELLECTUAL PROPERTY AGREEMENT,TextPlusLayout,5,1.0,0.1388888888888889,36
44,VERSOTECHNOLOGIESINC_12_28_2007-EX-99.3-INTELLECTUAL PROPERTY AGREEMENT,TextPlusLayout,10,1.0,0.2777777777777778,36
44,PcquoteComInc_19990721_S-1A_EX-10.11_6377149_EX-10.11_Co-Branding Agreement1,TextPlusLayout,3,1.0,0.09090909090909091,33
44,PcquoteComInc_19990721_S-1A_EX-10.11_6377149_EX-10.11_Co-Branding Agreement1,TextPlusLayout,5,1.0,0.15151515151515152,33
44,PcquoteComInc_19990721_S-1A_EX-10.11_6377149_EX-10.11_Co-Branding Agreement1,TextPlusLayout,10,1.0,0.30303030303030304,33
44,MERCATAINC_03_09_2000-EX-10.21-SPONSORSHIP AGREEMENT,TextPlusLayout,3,1.0,0.08823529411764706,34
44,MERCATAINC_03_09_2000-EX-10.21-SPONSORSHIP AGREEMENT,TextPlusLayout,5,1.0,0.14705882352941177,34
44,MERCATAINC_03_09_2000-EX-10.21-SPONSORSHIP AGREEMENT,TextPlusLayout,10,1.0,0.29411764705882354,34
44,SFGFINANCIALCORP_05_12_2009-EX-10.1-SOFTWARE LICENSE AND MAINTENANCE AGREEMENT,TextPlusLayout,3,1.0,0.11538461538461539,26
44,SFGFINANCIALCORP_05_12_2009-EX-10.1-SOFTWARE LICENSE AND MAINTENANCE AGREEMENT,TextPlusLayout,5,0.8,0.15384615384615385,26
44,SFGFINANCIALCORP_05_12_2009-EX-10.1-SOFTWARE LICENSE AND MAINTENANCE AGREEMENT,TextPlusLayout,10,0.9,0.34615384615384615,26
44,MOSSIMOINC_04_14_2000-EX-10.14-ENDORSEMENT AGREEMENT,TextPlusLayout,3,1.0,0.125,24
44,MOSSIMOINC_04_14_2000-EX-10.14-ENDORSEMENT AGREEMENT,TextPlusLayout,5,0.8,0.16666666666666666,24
44,MOSSIMOINC_04_14_2000-EX-10.14-ENDORSEMENT AGREEMENT,TextPlusLayout,10,0.8,0.3333333333333333,24
44,"IPAYMENT,INC_05_14_2007-EX-10.1-SPONSORSHIP AGREEMENT",TextPlusLayout,3,1.0,0.1111111111111111,27
44,"IPAYMENT,INC_05_14_2007-EX-10.1-SPONSORSHIP AGREEMENT",TextPlusLayout,5,1.0,0.18518518518518517,27
44,"IPAYMENT,INC_05_14_2007-EX-10.1-SPONSORSHIP AGREEMENT",TextPlusLayout,10,1.0,0.37037037037037035,27
44,FUSIONPHARMACEUTICALSINC_06_05_2020-EX-10.17-Supply Agreement - FUSION,TextPlusLayout,3,1.0,0.11538461538461539,26
44,FUSIONPHARMACEUTICALSINC_06_05_2020-EX-10.17-Supply Agreement - FUSION,TextPlusLayout,5,1.0,0.19230769230769232,26
44,FUSIONPHARMACEUTICALSINC_06_05_2020-EX-10.17-Supply Agreement - FUSION,TextPlusLayout,10,1.0,0.38461538461538464,26
44,EuromediaHoldingsCorp_20070215_10SB12G_EX-10.B(01)_525118_EX-10.B(01)_Content License Agreement,TextPlusLayout,3,0.6666666666666666,0.08333333333333333,24
44,EuromediaHoldingsCorp_20070215_10SB12G_EX-10.B(01)_525118_EX-10.B(01)_Content License Agreement,TextPlusLayout,5,0.8,0.16666666666666666,24
44,EuromediaHoldingsCorp_20070215_10SB12G_EX-10.B(01)_525118_EX-10.B(01)_Content License Agreement,TextPlusLayout,10,0.9,0.375,24
44,EbixInc_20010515_10-Q_EX-10.3_4049767_EX-10.3_Co-Branding Agreement,TextPlusLayout,3,1.0,0.13043478260869565,23
44,EbixInc_20010515_10-Q_EX-10.3_4049767_EX-10.3_Co-Branding Agreement,TextPlusLayout,5,1.0,0.21739130434782608,23
44,EbixInc_20010515_10-Q_EX-10.3_4049767_EX-10.3_Co-Branding Agreement,TextPlusLayout,10,0.8,0.34782608695652173,23
44,PharmagenInc_20120803_8-KA_EX-10.1_7693204_EX-10.1_Endorsement Agreement,TextPlusLayout,3,1.0,0.1,30
44,PharmagenInc_20120803_8-KA_EX-10.1_7693204_EX-10.1_Endorsement Agreement,TextPlusLayout,5,1.0,0.16666666666666666,30
44,PharmagenInc_20120803_8-KA_EX-10.1_7693204_EX-10.1_Endorsement Agreement,TextPlusLayout,10,1.0,0.3333333333333333,30
44,PLAYAHOTELS_RESORTSNV_03_14_2017-EX-10.22-STRATEGIC ALLIANCE AGREEMENT (Hyatt Ziva Cancun),TextPlusLayout,3,1.0,0.08571428571428572,35
44,PLAYAHOTELS_RESORTSNV_03_14_2017-EX-10.22-STRATEGIC ALLIANCE AGREEMENT (Hyatt Ziva Cancun),TextPlusLayout,5,1.0,0.14285714285714285,35
44,PLAYAHOTELS_RESORTSNV_03_14_2017-EX-10.22-STRATEGIC ALLIANCE AGREEMENT (Hyatt Ziva Cancun),TextPlusLayout,10,1.0,0.2857142857142857,35
44,SteelVaultCorp_20081224_10-K_EX-10.16_3074935_EX-10.16_Affiliate Agreement,TextPlusLayout,3,1.0,0.10714285714285714,28
44,SteelVaultCorp_20081224_10-K_EX-10.16_3074935_EX-10.16_Affiliate Agreement,TextPlusLayout,5,1.0,0.17857142857142858,28
44,SteelVaultCorp_20081224_10-K_EX-10.16_3074935_EX-10.16_Affiliate Agreement,TextPlusLayout,10,1.0,0.35714285714285715,28
44,NeuroboPharmaceuticalsInc_20190903_S-4_EX-10.36_11802165_EX-10.36_Manufacturing Agreement_ Supply Agreement,TextPlusLayout,3,1.0,0.08823529411764706,34
44,NeuroboPharmaceuticalsInc_20190903_S-4_EX-10.36_11802165_EX-10.36_Manufacturing Agreement_ Supply Agreement,TextPlusLayout,5,1.0,0.14705882352941177,34
44,NeuroboPharmaceuticalsInc_20190903_S-4_EX-10.36_11802165_EX-10.36_Manufacturing Agreement_ Supply Agreement,TextPlusLayout,10,0.9,0.2647058823529412,34
44,EcoScienceSolutionsInc_20180406_8-K_EX-10.1_11135398_EX-10.1_Sponsorship Agreement,TextPlusLayout,3,1.0,0.09375,32
44,EcoScienceSolutionsInc_20180406_8-K_EX-10.1_11135398_EX-10.1_Sponsorship Agreement,TextPlusLayout,5,1.0,0.15625,32
44,EcoScienceSolutionsInc_20180406_8-K_EX-10.1_11135398_EX-10.1_Sponsorship Agreement,TextPlusLayout,10,1.0,0.3125,32
44,PANDIONTHERAPEUTICSHOLDCOLLC_05_22_2020-EX-10.17-CONSULTING AGREEMENT,TextPlusLayout,3,1.0,0.11538461538461539,26
44,PANDIONTHERAPEUTICSHOLDCOLLC_05_22_2020-EX-10.17-CONSULTING AGREEMENT,TextPlusLayout,5,0.8,0.15384615384615385,26
44,PANDIONTHERAPEUTICSHOLDCOLLC_05_22_2020-EX-10.17-CONSULTING AGREEMENT,TextPlusLayout,10,0.7,0.2692307692307692,26
44,TRICITYBANKSHARESCORP_05_15_1998-EX-10-OUTSOURCING AGREEMENT,TextPlusLayout,3,1.0,0.13636363636363635,22
44,TRICITYBANKSHARESCORP_05_15_1998-EX-10-OUTSOURCING AGREEMENT,TextPlusLayout,5,1.0,0.22727272727272727,22
44,TRICITYBANKSHARESCORP_05_15_1998-EX-10-OUTSOURCING AGREEMENT,TextPlusLayout,10,0.9,0.4090909090909091,22
44,CybergyHoldingsInc_20140520_10-Q_EX-10.27_8605784_EX-10.27_Affiliate Agreement,TextPlusLayout,3,1.0,0.11538461538461539,26
44,CybergyHoldingsInc_20140520_10-Q_EX-10.27_8605784_EX-10.27_Affiliate Agreement,TextPlusLayout,5,1.0,0.19230769230769232,26
44,CybergyHoldingsInc_20140520_10-Q_EX-10.27_8605784_EX-10.27_Affiliate Agreement,TextPlusLayout,10,1.0,0.38461538461538464,26
44,RUBIOSRESTAURANTSINC_03_31_2008-EX-10.75-SPONSORSHIP AGREEMENT,TextPlusLayout,3,1.0,0.10714285714285714,28
44,RUBIOSRESTAURANTSINC_03_31_2008-EX-10.75-SPONSORSHIP AGREEMENT,TextPlusLayout,5,1.0,0.17857142857142858,28
44,RUBIOSRESTAURANTSINC_03_31_2008-EX-10.75-SPONSORSHIP AGREEMENT,TextPlusLayout,10,0.9,0.32142857142857145,28
44,CHAPARRALRESOURCESINC_03_30_2000-EX-10.66-TRANSPORTATION CONTRACT,TextPlusLayout,3,1.0,0.0967741935483871,31
44,CHAPARRALRESOURCESINC_03_30_2000-EX-10.66-TRANSPORTATION CONTRACT,TextPlusLayout,5,1.0,0.16129032258064516,31
44,CHAPARRALRESOURCESINC_03_30_2000-EX-10.66-TRANSPORTATION CONTRACT,TextPlusLayout,10,1.0,0.3225806451612903,31
44,GluMobileInc_20070319_S-1A_EX-10.09_436630_EX-10.09_Content License Agreement3,TextPlusLayout,3,1.0,0.08333333333333333,36
44,GluMobileInc_20070319_S-1A_EX-10.09_436630_EX-10.09_Content License Agreement3,TextPlusLayout,5,1.0,0.1388888888888889,36
44,GluMobileInc_20070319_S-1A_EX-10.09_436630_EX-10.09_Content License Agreement3,TextPlusLayout,10,1.0,0.2777777777777778,36
44,INTRICONCORP_03_10_2009-EX-10.22-Strategic Alliance Agreement,TextPlusLayout,3,1.0,0.125,24
44,INTRICONCORP_03_10_2009-EX-10.22-Strategic Alliance Agreement,TextPlusLayout,5,1.0,0.20833333333333334,24
44,INTRICONCORP_03_10_2009-EX-10.22-Strategic Alliance Agreement,TextPlusLayout,10,1.0,0.4166666666666667,24
44,DigitalCinemaDestinationsCorp_20111220_S-1_EX-10.10_7346719_EX-10.10_Affiliate Agreement,TextPlusLayout,3,0.6666666666666666,0.15384615384615385,13
44,DigitalCinemaDestinationsCorp_20111220_S-1_EX-10.10_7346719_EX-10.10_Affiliate Agreement,TextPlusLayout,5,0.8,0.3076923076923077,13
44,DigitalCinemaDestinationsCorp_20111220_S-1_EX-10.10_7346719_EX-10.10_Affiliate Agreement,TextPlusLayout,10,0.6,0.46153846153846156,13
44,KENTUCKYUTILITIESCO_03_25_2003-EX-10.65-TRANSPORTATION AGREEMENT,TextPlusLayout,3,1.0,0.0967741935483871,31
44,KENTUCKYUTILITIESCO_03_25_2003-EX-10.65-TRANSPORTATION AGREEMENT,TextPlusLayout,5,1.0,0.16129032258064516,31
44,KENTUCKYUTILITIESCO_03_25_2003-EX-10.65-TRANSPORTATION AGREEMENT,TextPlusLayout,10,1.0,0.3225806451612903,31
44,CHINARECYCLINGENERGYCORP_11_14_2013-EX-10.6-Cooperation Agreement,TextPlusLayout,3,1.0,0.08823529411764706,34
44,CHINARECYCLINGENERGYCORP_11_14_2013-EX-10.6-Cooperation Agreement,TextPlusLayout,5,1.0,0.14705882352941177,34
44,CHINARECYCLINGENERGYCORP_11_14_2013-EX-10.6-Cooperation Agreement,TextPlusLayout,10,1.0,0.29411764705882354,34
44,ELANDIAINTERNATIONALINC_04_25_2007-EX-10.21-Outsourcing Agreement,TextPlusLayout,3,0.6666666666666666,0.07692307692307693,26
44,ELANDIAINTERNATIONALINC_04_25_2007-EX-10.21-Outsourcing Agreement,TextPlusLayout,5,0.8,0.15384615384615385,26
44,ELANDIAINTERNATIONALINC_04_25_2007-EX-10.21-Outsourcing Agreement,TextPlusLayout,10,0.8,0.3076923076923077,26
44,CENTRACKINTERNATIONALINC_10_29_1999-EX-10.3-WEB SITE HOSTING AGREEMENT,TextPlusLayout,3,1.0,0.1,30
44,CENTRACKINTERNATIONALINC_10_29_1999-EX-10.3-WEB SITE HOSTING AGREEMENT,TextPlusLayout,5,1.0,0.16666666666666666,30
44,CENTRACKINTERNATIONALINC_10_29_1999-EX-10.3-WEB SITE HOSTING AGREEMENT,TextPlusLayout,10,1.0,0.3333333333333333,30
44,VertexEnergyInc_20200113_8-K_EX-10.1_11943624_EX-10.1_Marketing Agreement,TextPlusLayout,3,1.0,0.11538461538461539,26
44,VertexEnergyInc_20200113_8-K_EX-10.1_11943624_EX-10.1_Marketing Agreement,TextPlusLayout,5,1.0,0.19230769230769232,26
44,VertexEnergyInc_20200113_8-K_EX-10.1_11943624_EX-10.1_Marketing Agreement,TextPlusLayout,10,0.9,0.34615384615384615,26
44,"CURAEGISTECHNOLOGIES,INC_05_26_2010-EX-1-CORPORATE SPONSORSHIP AGREEMENT",TextPlusLayout,3,1.0,0.0967741935483871,31
44,"CURAEGISTECHNOLOGIES,INC_05_26_2010-EX-1-CORPORATE SPONSORSHIP AGREEMENT",TextPlusLayout,5,1.0,0.16129032258064516,31
44,"CURAEGISTECHNOLOGIES,INC_05_26_2010-EX-1-CORPORATE SPONSORSHIP AGREEMENT",TextPlusLayout,10,0.9,0.2903225806451613,31
44,ZtoExpressCaymanInc_20160930_F-1_EX-10.10_9752871_EX-10.10_Transportation Agreement,TextPlusLayout,3,1.0,0.08823529411764706,34
44,ZtoExpressCaymanInc_20160930_F-1_EX-10.10_9752871_EX-10.10_Transportation Agreement,TextPlusLayout,5,1.0,0.14705882352941177,34
44,ZtoExpressCaymanInc_20160930_F-1_EX-10.10_9752871_EX-10.10_Transportation Agreement,TextPlusLayout,10,1.0,0.29411764705882354,34
44,VnueInc_20150914_8-K_EX-10.1_9259571_EX-10.1_Promotion Agreement,TextPlusLayout,3,1.0,0.08571428571428572,35
44,VnueInc_20150914_8-K_EX-10.1_9259571_EX-10.1_Promotion Agreement,TextPlusLayout,5,1.0,0.14285714285714285,35
44,VnueInc_20150914_8-K_EX-10.1_9259571_EX-10.1_Promotion Agreement,TextPlusLayout,10,1.0,0.2857142857142857,35
44,"PHREESIA,INC_05_28_2019-EX-10.18-STRATEGIC ALLIANCE AGREEMENT",TextPlusLayout,3,1.0,0.13636363636363635,22
44,"PHREESIA,INC_05_28_2019-EX-10.18-STRATEGIC ALLIANCE AGREEMENT",TextPlusLayout,5,1.0,0.22727272727272727,22
44,"PHREESIA,INC_05_28_2019-EX-10.18-STRATEGIC ALLIANCE AGREEMENT",TextPlusLayout,10,0.6,0.2727272727272727,22
44,PacificapEntertainmentHoldingsInc_20051115_8-KA_EX-1.01_4300894_EX-1.01_Content License Agreement,TextPlusLayout,3,1.0,0.10714285714285714,28
44,PacificapEntertainmentHoldingsInc_20051115_8-KA_EX-1.01_4300894_EX-1.01_Content License Agreement,TextPlusLayout,5,0.8,0.14285714285714285,28
44,PacificapEntertainmentHoldingsInc_20051115_8-KA_EX-1.01_4300894_EX-1.01_Content License Agreement,TextPlusLayout,10,0.9,0.32142857142857145,28
44,"BELLICUMPHARMACEUTICALS,INC_05_07_2019-EX-10.1-Supply Agreement",TextPlusLayout,3,1.0,0.12,25
44,"BELLICUMPHARMACEUTICALS,INC_05_07_2019-EX-10.1-Supply Agreement",TextPlusLayout,5,1.0,0.2,25
44,"BELLICUMPHARMACEUTICALS,INC_05_07_2019-EX-10.1-Supply Agreement",TextPlusLayout,10,1.0,0.4,25
44,WARNINGMANAGEMENTSERVICESINC_12_10_1999-EX-10-ENDORSEMENT AGREEMENT,TextPlusLayout,3,1.0,0.13043478260869565,23
44,WARNINGMANAGEMENTSERVICESINC_12_10_1999-EX-10-ENDORSEMENT AGREEMENT,TextPlusLayout,5,1.0,0.21739130434782608,23
44,WARNINGMANAGEMENTSERVICESINC_12_10_1999-EX-10-ENDORSEMENT AGREEMENT,TextPlusLayout,10,0.9,0.391304347826087,23
44,ALLISONTRANSMISSIONHOLDINGSINC_12_15_2014-EX-99.1-COOPERATION AGREEMENT,TextPlusLayout,3,1.0,0.09090909090909091,33
44,ALLISONTRANSMISSIONHOLDINGSINC_12_15_2014-EX-99.1-COOPERATION AGREEMENT,TextPlusLayout,5,1.0,0.15151515151515152,33
44,ALLISONTRANSMISSIONHOLDINGSINC_12_15_2014-EX-99.1-COOPERATION AGREEMENT,TextPlusLayout,10,1.0,0.30303030303030304,33
44,SANDRIDGEENERGYINC_08_06_2009-EX-10.6-OPERATIONS AND MAINTENANCE AGREEMENT,TextPlusLayout,3,1.0,0.10344827586206896,29
44,SANDRIDGEENERGYINC_08_06_2009-EX-10.6-OPERATIONS AND MAINTENANCE AGREEMENT,TextPlusLayout,5,1.0,0.1724137931034483,29
44,SANDRIDGEENERGYINC_08_06_2009-EX-10.6-OPERATIONS AND MAINTENANCE AGREEMENT,TextPlusLayout,10,1.0,0.3448275862068966,29
44,"OAKTREECAPITALGROUP,LLC_03_02_2020-EX-10.8-Services Agreement",TextPlusLayout,3,1.0,0.09090909090909091,33
44,"OAKTREECAPITALGROUP,LLC_03_02_2020-EX-10.8-Services Agreement",TextPlusLayout,5,1.0,0.15151515151515152,33
44,"OAKTREECAPITALGROUP,LLC_03_02_2020-EX-10.8-Services Agreement",TextPlusLayout,10,1.0,0.30303030303030304,33
44,PhasebioPharmaceuticalsInc_20200330_10-K_EX-10.21_12086810_EX-10.21_Development Agreement,TextPlusLayout,3,1.0,0.15,20
44,PhasebioPharmaceuticalsInc_20200330_10-K_EX-10.21_12086810_EX-10.21_Development Agreement,TextPlusLayout,5,1.0,0.25,20
44,PhasebioPharmaceuticalsInc_20200330_10-K_EX-10.21_12086810_EX-10.21_Development Agreement,TextPlusLayout,10,0.9,0.45,20
44,"XLITECHNOLOGIES,INC_12_11_2015-EX-10.1-Sponsorship Agreement",TextPlusLayout,3,1.0,0.09090909090909091,33
44,"XLITECHNOLOGIES,INC_12_11_2015-EX-10.1-Sponsorship Agreement",TextPlusLayout,5,1.0,0.15151515151515152,33
44,"XLITECHNOLOGIES,INC_12_11_2015-EX-10.1-Sponsorship Agreement",TextPlusLayout,10,0.9,0.2727272727272727,33
44,"BLUEROCKRESIDENTIALGROWTHREIT,INC_06_01_2016-EX-1.1-AGENCY AGREEMENT",TextPlusLayout,3,1.0,0.08823529411764706,34
44,"BLUEROCKRESIDENTIALGROWTHREIT,INC_06_01_2016-EX-1.1-AGENCY AGREEMENT",TextPlusLayout,5,1.0,0.14705882352941177,34
44,"BLUEROCKRESIDENTIALGROWTHREIT,INC_06_01_2016-EX-1.1-AGENCY AGREEMENT",TextPlusLayout,10,1.0,0.29411764705882354,34
44,GluMobileInc_20070319_S-1A_EX-10.09_436630_EX-10.09_Content License Agreement2,TextPlusLayout,3,1.0,0.09375,32
44,GluMobileInc_20070319_S-1A_EX-10.09_436630_EX-10.09_Content License Agreement2,TextPlusLayout,5,1.0,0.15625,32
44,GluMobileInc_20070319_S-1A_EX-10.09_436630_EX-10.09_Content License Agreement2,TextPlusLayout,10,0.9,0.28125,32
44,AzulSa_20170303_F-1A_EX-10.3_9943903_EX-10.3_Maintenance Agreement2,TextPlusLayout,3,1.0,0.08571428571428572,35
44,AzulSa_20170303_F-1A_EX-10.3_9943903_EX-10.3_Maintenance Agreement2,TextPlusLayout,5,1.0,0.14285714285714285,35
44,AzulSa_20170303_F-1A_EX-10.3_9943903_EX-10.3_Maintenance Agreement2,TextPlusLayout,10,1.0,0.2857142857142857,35
44,WPPPLC_04_30_2020-EX-4.28-SERVICE AGREEMENT,TextPlusLayout,3,1.0,0.0967741935483871,31
44,WPPPLC_04_30_2020-EX-4.28-SERVICE AGREEMENT,TextPlusLayout,5,1.0,0.16129032258064516,31
44,WPPPLC_04_30_2020-EX-4.28-SERVICE AGREEMENT,TextPlusLayout,10,1.0,0.3225806451612903,31
44,NUVEEN - REMARKETING AGREEMENT,TextPlusLayout,3,1.0,0.09375,32
44,NUVEEN - REMARKETING AGREEMENT,TextPlusLayout,5,1.0,0.15625,32
44,NUVEEN - REMARKETING AGREEMENT,TextPlusLayout,10,1.0,0.3125,32
44,DOMINIADVISORTRUST_02_18_2005-EX-99.(H)(2)-SPONSORSHIP AGREEMENT,TextPlusLayout,3,1.0,0.09375,32
44,DOMINIADVISORTRUST_02_18_2005-EX-99.(H)(2)-SPONSORSHIP AGREEMENT,TextPlusLayout,5,1.0,0.15625,32
44,DOMINIADVISORTRUST_02_18_2005-EX-99.(H)(2)-SPONSORSHIP AGREEMENT,TextPlusLayout,10,1.0,0.3125,32
44,FEDERATEDGOVERNMENTINCOMESECURITIESINC_04_28_2020-EX-99.SERV AGREE-SERVICES AGREEMENT_POWEROF,TextPlusLayout,3,1.0,0.08571428571428572,35
44,FEDERATEDGOVERNMENTINCOMESECURITIESINC_04_28_2020-EX-99.SERV AGREE-SERVICES AGREEMENT_POWEROF,TextPlusLayout,5,1.0,0.14285714285714285,35
44,FEDERATEDGOVERNMENTINCOMESECURITIESINC_04_28_2020-EX-99.SERV AGREE-SERVICES AGREEMENT_POWEROF,TextPlusLayout,10,1.0,0.2857142857142857,35
44,LejuHoldingsLtd_20140121_DRS (on F-1)_EX-10.26_8473102_EX-10.26_Content License Agreement1,TextPlusLayout,3,1.0,0.11538461538461539,26
44,LejuHoldingsLtd_20140121_DRS (on F-1)_EX-10.26_8473102_EX-10.26_Content License Agreement1,TextPlusLayout,5,1.0,0.19230769230769232,26
44,LejuHoldingsLtd_20140121_DRS (on F-1)_EX-10.26_8473102_EX-10.26_Content License Agreement1,TextPlusLayout,10,1.0,0.38461538461538464,26
44,DRAGONSYSTEMSINC_01_08_1999-EX-10.17-OUTSOURCING AGREEMENT,TextPlusLayout,3,1.0,0.09375,32
44,DRAGONSYSTEMSINC_01_08_1999-EX-10.17-OUTSOURCING AGREEMENT,TextPlusLayout,5,1.0,0.15625,32
44,DRAGONSYSTEMSINC_01_08_1999-EX-10.17-OUTSOURCING AGREEMENT,TextPlusLayout,10,1.0,0.3125,32
44,PfHospitalityGroupInc_20150923_10-12G_EX-10.1_9266710_EX-10.1_Franchise Agreement1,TextPlusLayout,3,0.6666666666666666,0.11764705882352941,17
44,PfHospitalityGroupInc_20150923_10-12G_EX-10.1_9266710_EX-10.1_Franchise Agreement1,TextPlusLayout,5,0.8,0.23529411764705882,17
44,PfHospitalityGroupInc_20150923_10-12G_EX-10.1_9266710_EX-10.1_Franchise Agreement1,TextPlusLayout,10,0.8,0.47058823529411764,17
44,VITAMINSHOPPECOMINC_09_13_1999-EX-10.26-SPONSORSHIP AGREEMENT,TextPlusLayout,3,1.0,0.1,30
44,VITAMINSHOPPECOMINC_09_13_1999-EX-10.26-SPONSORSHIP AGREEMENT,TextPlusLayout,5,1.0,0.16666666666666666,30
44,VITAMINSHOPPECOMINC_09_13_1999-EX-10.26-SPONSORSHIP AGREEMENT,TextPlusLayout,10,1.0,0.3333333333333333,30
44,"CORALGOLDRESOURCES,LTD_05_28_2020-EX-4.1-CONSULTING AGREEMENT",TextPlusLayout,3,1.0,0.11538461538461539,26
44,"CORALGOLDRESOURCES,LTD_05_28_2020-EX-4.1-CONSULTING AGREEMENT",TextPlusLayout,5,1.0,0.19230769230769232,26
44,"CORALGOLDRESOURCES,LTD_05_28_2020-EX-4.1-CONSULTING AGREEMENT",TextPlusLayout,10,1.0,0.38461538461538464,26
44,LOYALTYPOINTINC_11_16_2004-EX-10.2-RESELLER AGREEMENT,TextPlusLayout,3,1.0,0.11538461538461539,26
44,LOYALTYPOINTINC_11_16_2004-EX-10.2-RESELLER AGREEMENT,TextPlusLayout,5,1.0,0.19230769230769232,26
44,LOYALTYPOINTINC_11_16_2004-EX-10.2-RESELLER AGREEMENT,TextPlusLayout,10,1.0,0.38461538461538464,26
44,"GALERATHERAPEUTICS,INC_02_14_2020-EX-99.A-JOINT FILING AGREEMENT",TextPlusLayout,3,1.0,0.08108108108108109,37
44,"GALERATHERAPEUTICS,INC_02_14_2020-EX-99.A-JOINT FILING AGREEMENT",TextPlusLayout,5,1.0,0.13513513513513514,37
44,"GALERATHERAPEUTICS,INC_02_14_2020-EX-99.A-JOINT FILING AGREEMENT",TextPlusLayout,10,1.0,0.2702702702702703,37
44,INTERNATIONALFASTFOODCORP_04_04_1997-EX-99-FRANCHISE AGREEMENT,TextPlusLayout,3,1.0,0.13043478260869565,23
44,INTERNATIONALFASTFOODCORP_04_04_1997-EX-99-FRANCHISE AGREEMENT,TextPlusLayout,5,1.0,0.21739130434782608,23
44,INTERNATIONALFASTFOODCORP_04_04_1997-EX-99-FRANCHISE AGREEMENT,TextPlusLayout,10,0.9,0.391304347826087,23
44,"OASYSMOBILE,INC_07_05_2001-EX-10.17-OUTSOURCING AGREEMENT",TextPlusLayout,3,1.0,0.13043478260869565,23
44,"OASYSMOBILE,INC_07_05_2001-EX-10.17-OUTSOURCING AGREEMENT",TextPlusLayout,5,1.0,0.21739130434782608,23
44,"OASYSMOBILE,INC_07_05_2001-EX-10.17-OUTSOURCING AGREEMENT",TextPlusLayout,10,0.9,0.391304347826087,23
44,"FIDELITYNATIONALINFORMATIONSERVICES,INC_08_05_2009-EX-10.3-INTELLECTUAL PROPERTY AGREEMENT",TextPlusLayout,3,1.0,0.1111111111111111,27
44,"FIDELITYNATIONALINFORMATIONSERVICES,INC_08_05_2009-EX-10.3-INTELLECTUAL PROPERTY AGREEMENT",TextPlusLayout,5,1.0,0.18518518518518517,27
44,"FIDELITYNATIONALINFORMATIONSERVICES,INC_08_05_2009-EX-10.3-INTELLECTUAL PROPERTY AGREEMENT",TextPlusLayout,10,1.0,0.37037037037037035,27
44,FuseMedicalInc_20190321_10-K_EX-10.43_11575454_EX-10.43_Distributor Agreement,TextPlusLayout,3,1.0,0.1111111111111111,27
44,FuseMedicalInc_20190321_10-K_EX-10.43_11575454_EX-10.43_Distributor Agreement,TextPlusLayout,5,1.0,0.18518518518518517,27
44,FuseMedicalInc_20190321_10-K_EX-10.43_11575454_EX-10.43_Distributor Agreement,TextPlusLayout,10,1.0,0.37037037037037035,27
44,MOVADOGROUPINC_04_30_2003-EX-10.28-ENDORSEMENT AGREEMENT,TextPlusLayout,3,1.0,0.08823529411764706,34
44,MOVADOGROUPINC_04_30_2003-EX-10.28-ENDORSEMENT AGREEMENT,TextPlusLayout,5,1.0,0.14705882352941177,34
44,MOVADOGROUPINC_04_30_2003-EX-10.28-ENDORSEMENT AGREEMENT,TextPlusLayout,10,1.0,0.29411764705882354,34
44,ICORECONNECTINC_10_13_2010-EX-7.1-Strategic Alliance Agreement,TextPlusLayout,3,1.0,0.11538461538461539,26
44,ICORECONNECTINC_10_13_2010-EX-7.1-Strategic Alliance Agreement,TextPlusLayout,5,1.0,0.19230769230769232,26
44,ICORECONNECTINC_10_13_2010-EX-7.1-Strategic Alliance Agreement,TextPlusLayout,10,1.0,0.38461538461538464,26
44,UpjohnInc_20200121_10-12G_EX-2.6_11948692_EX-2.6_Manufacturing Agreement_ Supply Agreement,TextPlusLayout,3,0.6666666666666666,0.1111111111111111,18
44,UpjohnInc_20200121_10-12G_EX-2.6_11948692_EX-2.6_Manufacturing Agreement_ Supply Agreement,TextPlusLayout,5,0.8,0.2222222222222222,18
44,UpjohnInc_20200121_10-12G_EX-2.6_11948692_EX-2.6_Manufacturing Agreement_ Supply Agreement,TextPlusLayout,10,0.6,0.3333333333333333,18
44,VIOLINMEMORYINC_12_12_2012-EX-10.14-SPONSORSHIP AGREEMENT,TextPlusLayout,3,1.0,0.11538461538461539,26
44,VIOLINMEMORYINC_12_12_2012-EX-10.14-SPONSORSHIP AGREEMENT,TextPlusLayout,5,1.0,0.19230769230769232,26
44,VIOLINMEMORYINC_12_12_2012-EX-10.14-SPONSORSHIP AGREEMENT,TextPlusLayout,10,1.0,0.38461538461538464,26
44,BizzingoInc_20120322_8-K_EX-10.17_7504499_EX-10.17_Endorsement Agreement,TextPlusLayout,3,1.0,0.1111111111111111,27
44,BizzingoInc_20120322_8-K_EX-10.17_7504499_EX-10.17_Endorsement Agreement,TextPlusLayout,5,0.8,0.14814814814814814,27
44,BizzingoInc_20120322_8-K_EX-10.17_7504499_EX-10.17_Endorsement Agreement,TextPlusLayout,10,0.8,0.2962962962962963,27
44,OFGBANCORP_03_28_2007-EX-10.23-OUTSOURCING AGREEMENT,TextPlusLayout,3,1.0,0.15789473684210525,19
44,OFGBANCORP_03_28_2007-EX-10.23-OUTSOURCING AGREEMENT,TextPlusLayout,5,0.6,0.15789473684210525,19
44,OFGBANCORP_03_28_2007-EX-10.23-OUTSOURCING AGREEMENT,TextPlusLayout,10,0.7,0.3684210526315789,19
44,STAMPSCOMINC_06_24_1999-EX-10.18-SPONSORSHIP AGREEMENT,TextPlusLayout,3,1.0,0.125,24
44,STAMPSCOMINC_06_24_1999-EX-10.18-SPONSORSHIP AGREEMENT,TextPlusLayout,5,1.0,0.20833333333333334,24
44,STAMPSCOMINC_06_24_1999-EX-10.18-SPONSORSHIP AGREEMENT,TextPlusLayout,10,0.9,0.375,24
44,KALLOINC_11_03_2011-EX-10.1-STRATEGIC ALLIANCE AGREEMENT,TextPlusLayout,3,1.0,0.14285714285714285,21
44,KALLOINC_11_03_2011-EX-10.1-STRATEGIC ALLIANCE AGREEMENT,TextPlusLayout,5,1.0,0.23809523809523808,21
44,KALLOINC_11_03_2011-EX-10.1-STRATEGIC ALLIANCE AGREEMENT,TextPlusLayout,10,0.8,0.38095238095238093,21
44,MphaseTechnologiesInc_20030911_10-K_EX-10.15_1560667_EX-10.15_Co-Branding Agreement,TextPlusLayout,3,1.0,0.1,30
44,MphaseTechnologiesInc_20030911_10-K_EX-10.15_1560667_EX-10.15_Co-Branding Agreement,TextPlusLayout,5,0.8,0.13333333333333333,30
44,MphaseTechnologiesInc_20030911_10-K_EX-10.15_1560667_EX-10.15_Co-Branding Agreement,TextPlusLayout,10,0.9,0.3,30
44,PrudentialBancorpInc_20170606_8-K_EX-10.4_10474434_EX-10.4_Endorsement Agreement,TextPlusLayout,3,1.0,0.08823529411764706,34
44,PrudentialBancorpInc_20170606_8-K_EX-10.4_10474434_EX-10.4_Endorsement Agreement,TextPlusLayout,5,1.0,0.14705882352941177,34
44,PrudentialBancorpInc_20170606_8-K_EX-10.4_10474434_EX-10.4_Endorsement Agreement,TextPlusLayout,10,1.0,0.29411764705882354,34
44,FreezeTagInc_20180411_8-K_EX-10.1_11139603_EX-10.1_Sponsorship Agreement,TextPlusLayout,3,1.0,0.10714285714285714,28
44,FreezeTagInc_20180411_8-K_EX-10.1_11139603_EX-10.1_Sponsorship Agreement,TextPlusLayout,5,1.0,0.17857142857142858,28
44,FreezeTagInc_20180411_8-K_EX-10.1_11139603_EX-10.1_Sponsorship Agreement,TextPlusLayout,10,0.9,0.32142857142857145,28
44,WESTERN COPPER - NON-COMPETITION AGREEMENT,TextPlusLayout,3,1.0,0.08823529411764706,34
44,WESTERN COPPER - NON-COMPETITION AGREEMENT,TextPlusLayout,5,1.0,0.14705882352941177,34
44,WESTERN COPPER - NON-COMPETITION AGREEMENT,TextPlusLayout,10,1.0,0.29411764705882354,34
44,Cerus Corporation - FIRST AMEND TO SUPPLY AND MANUFACTURING AGREEMENT,TextPlusLayout,3,1.0,0.07692307692307693,39
44,Cerus Corporation - FIRST AMEND TO SUPPLY AND MANUFACTURING AGREEMENT,TextPlusLayout,5,1.0,0.1282051282051282,39
44,Cerus Corporation - FIRST AMEND TO SUPPLY AND MANUFACTURING AGREEMENT,TextPlusLayout,10,1.0,0.2564102564102564,39
44,AgapeAtpCorp_20191202_10-KA_EX-10.1_11911128_EX-10.1_Supply Agreement,TextPlusLayout,3,1.0,0.14285714285714285,21
44,AgapeAtpCorp_20191202_10-KA_EX-10.1_11911128_EX-10.1_Supply Agreement,TextPlusLayout,5,1.0,0.23809523809523808,21
44,AgapeAtpCorp_20191202_10-KA_EX-10.1_11911128_EX-10.1_Supply Agreement,TextPlusLayout,10,0.7,0.3333333333333333,21
44,ImpresseCorp_20000322_S-1A_EX-10.11_5199234_EX-10.11_Co-Branding Agreement,TextPlusLayout,3,1.0,0.125,24
44,ImpresseCorp_20000322_S-1A_EX-10.11_5199234_EX-10.11_Co-Branding Agreement,TextPlusLayout,5,1.0,0.20833333333333334,24
44,ImpresseCorp_20000322_S-1A_EX-10.11_5199234_EX-10.11_Co-Branding Agreement,TextPlusLayout,10,1.0,0.4166666666666667,24
44,OPERALTD_04_30_2020-EX-4.14-SERVICE AGREEMENT,TextPlusLayout,3,1.0,0.09375,32
44,OPERALTD_04_30_2020-EX-4.14-SERVICE AGREEMENT,TextPlusLayout,5,1.0,0.15625,32
44,OPERALTD_04_30_2020-EX-4.14-SERVICE AGREEMENT,TextPlusLayout,10,0.9,0.28125,32
44,SMITHELECTRICVEHICLESCORP_04_04_2012-EX-10.26-FLEET MAINTENANCE AGREEMENT,TextPlusLayout,3,1.0,0.10714285714285714,28
44,SMITHELECTRICVEHICLESCORP_04_04_2012-EX-10.26-FLEET MAINTENANCE AGREEMENT,TextPlusLayout,5,1.0,0.17857142857142858,28
44,SMITHELECTRICVEHICLESCORP_04_04_2012-EX-10.26-FLEET MAINTENANCE AGREEMENT,TextPlusLayout,10,0.9,0.32142857142857145,28
44,FerroglobePlc_20150624_F-4A_EX-10.20_9154746_EX-10.20_Outsourcing Agreement,TextPlusLayout,3,1.0,0.0967741935483871,31
44,FerroglobePlc_20150624_F-4A_EX-10.20_9154746_EX-10.20_Outsourcing Agreement,TextPlusLayout,5,1.0,0.16129032258064516,31
44,FerroglobePlc_20150624_F-4A_EX-10.20_9154746_EX-10.20_Outsourcing Agreement,TextPlusLayout,10,1.0,0.3225806451612903,31
44,BONTONSTORESINC_04_20_2018-EX-99.3-AGENCY AGREEMENT,TextPlusLayout,3,1.0,0.1,30
44,BONTONSTORESINC_04_20_2018-EX-99.3-AGENCY AGREEMENT,TextPlusLayout,5,1.0,0.16666666666666666,30
44,BONTONSTORESINC_04_20_2018-EX-99.3-AGENCY AGREEMENT,TextPlusLayout,10,1.0,0.3333333333333333,30
44,WestPharmaceuticalServicesInc_20200116_8-K_EX-10.1_11947529_EX-10.1_Supply Agreement,TextPlusLayout,3,1.0,0.10344827586206896,29
44,WestPharmaceuticalServicesInc_20200116_8-K_EX-10.1_11947529_EX-10.1_Supply Agreement,TextPlusLayout,5,1.0,0.1724137931034483,29
44,WestPharmaceuticalServicesInc_20200116_8-K_EX-10.1_11947529_EX-10.1_Supply Agreement,TextPlusLayout,10,0.9,0.3103448275862069,29
44,"Magenta Therapeutics, Inc. - Master Development and Manufacturing Agreement",TextPlusLayout,3,1.0,0.125,24
44,"Magenta Therapeutics, Inc. - Master Development and Manufacturing Agreement",TextPlusLayout,5,1.0,0.20833333333333334,24
44,"Magenta Therapeutics, Inc. - Master Development and Manufacturing Agreement",TextPlusLayout,10,0.8,0.3333333333333333,24
44,AlliedEsportsEntertainmentInc_20190815_8-K_EX-10.19_11788293_EX-10.19_Content License Agreement,TextPlusLayout,3,1.0,0.13043478260869565,23
44,AlliedEsportsEntertainmentInc_20190815_8-K_EX-10.19_11788293_EX-10.19_Content License Agreement,TextPlusLayout,5,1.0,0.21739130434782608,23
44,AlliedEsportsEntertainmentInc_20190815_8-K_EX-10.19_11788293_EX-10.19_Content License Agreement,TextPlusLayout,10,0.9,0.391304347826087,23
44,BellringBrandsInc_20190920_S-1_EX-10.12_11817081_EX-10.12_Manufacturing Agreement1,TextPlusLayout,3,1.0,0.10344827586206896,29
44,BellringBrandsInc_20190920_S-1_EX-10.12_11817081_EX-10.12_Manufacturing Agreement1,TextPlusLayout,5,1.0,0.1724137931034483,29
44,BellringBrandsInc_20190920_S-1_EX-10.12_11817081_EX-10.12_Manufacturing Agreement1,TextPlusLayout,10,1.0,0.3448275862068966,29
44,"KIROMICBIOPHARMA,INC_04_08_2020-EX-10.28-JOINT VENTURE AGREEMENT",TextPlusLayout,3,1.0,0.125,24
44,"KIROMICBIOPHARMA,INC_04_08_2020-EX-10.28-JOINT VENTURE AGREEMENT",TextPlusLayout,5,1.0,0.20833333333333334,24
44,"KIROMICBIOPHARMA,INC_04_08_2020-EX-10.28-JOINT VENTURE AGREEMENT",TextPlusLayout,10,0.9,0.375,24
44,LOOKSMARTLTD_07_20_2012-EX-99.(D)(I)-SPONSORSHIP AGREEMENT,TextPlusLayout,3,1.0,0.08823529411764706,34
44,LOOKSMARTLTD_07_20_2012-EX-99.(D)(I)-SPONSORSHIP AGREEMENT,TextPlusLayout,5,1.0,0.14705882352941177,34
44,LOOKSMARTLTD_07_20_2012-EX-99.(D)(I)-SPONSORSHIP AGREEMENT,TextPlusLayout,10,1.0,0.29411764705882354,34
44,"DRIVENDELIVERIES,INC_05_22_2020-EX-10.4-CONSULTING AGREEMENT",TextPlusLayout,3,0.6666666666666666,0.07692307692307693,26
44,"DRIVENDELIVERIES,INC_05_22_2020-EX-10.4-CONSULTING AGREEMENT",TextPlusLayout,5,0.8,0.15384615384615385,26
44,"DRIVENDELIVERIES,INC_05_22_2020-EX-10.4-CONSULTING AGREEMENT",TextPlusLayout,10,0.9,0.34615384615384615,26
44,TubeMediaCorp_20060310_8-K_EX-10.1_513921_EX-10.1_Affiliate Agreement,TextPlusLayout,3,0.6666666666666666,0.125,16
44,TubeMediaCorp_20060310_8-K_EX-10.1_513921_EX-10.1_Affiliate Agreement,TextPlusLayout,5,0.8,0.25,16
44,TubeMediaCorp_20060310_8-K_EX-10.1_513921_EX-10.1_Affiliate Agreement,TextPlusLayout,10,0.7,0.4375,16
44,HealthcentralCom_19991108_S-1A_EX-10.27_6623292_EX-10.27_Co-Branding Agreement,TextPlusLayout,3,1.0,0.14285714285714285,21
44,HealthcentralCom_19991108_S-1A_EX-10.27_6623292_EX-10.27_Co-Branding Agreement,TextPlusLayout,5,1.0,0.23809523809523808,21
44,HealthcentralCom_19991108_S-1A_EX-10.27_6623292_EX-10.27_Co-Branding Agreement,TextPlusLayout,10,1.0,0.47619047619047616,21
44,BravatekSolutionsInc_20170418_8-K_EX-10.1_10205739_EX-10.1_Reseller Agreement,TextPlusLayout,3,1.0,0.10344827586206896,29
44,BravatekSolutionsInc_20170418_8-K_EX-10.1_10205739_EX-10.1_Reseller Agreement,TextPlusLayout,5,1.0,0.1724137931034483,29
44,BravatekSolutionsInc_20170418_8-K_EX-10.1_10205739_EX-10.1_Reseller Agreement,TextPlusLayout,10,1.0,0.3448275862068966,29
44,SLOVAKWIRELESSFINANCECOBV_03_28_2001-EX-4.(B)(II).3-Maintenance and support contract for SICAP(R) modules,TextPlusLayout,3,1.0,0.09090909090909091,33
44,SLOVAKWIRELESSFINANCECOBV_03_28_2001-EX-4.(B)(II).3-Maintenance and support contract for SICAP(R) modules,TextPlusLayout,5,1.0,0.15151515151515152,33
44,SLOVAKWIRELESSFINANCECOBV_03_28_2001-EX-4.(B)(II).3-Maintenance and support contract for SICAP(R) modules,TextPlusLayout,10,1.0,0.30303030303030304,33
44,LUCIDINC_04_15_2011-EX-10.9-DISTRIBUTOR AGREEMENT,TextPlusLayout,3,1.0,0.10344827586206896,29
44,LUCIDINC_04_15_2011-EX-10.9-DISTRIBUTOR AGREEMENT,TextPlusLayout,5,1.0,0.1724137931034483,29
44,LUCIDINC_04_15_2011-EX-10.9-DISTRIBUTOR AGREEMENT,TextPlusLayout,10,1.0,0.3448275862068966,29
44,AudibleInc_20001113_10-Q_EX-10.32_2599586_EX-10.32_Co-Branding Agreement_ Marketing Agreement_ Investment Distribution Agreement,TextPlusLayout,3,1.0,0.15,20
44,AudibleInc_20001113_10-Q_EX-10.32_2599586_EX-10.32_Co-Branding Agreement_ Marketing Agreement_ Investment Distribution Agreement,TextPlusLayout,5,1.0,0.25,20
44,AudibleInc_20001113_10-Q_EX-10.32_2599586_EX-10.32_Co-Branding Agreement_ Marketing Agreement_ Investment Distribution Agreement,TextPlusLayout,10,0.8,0.4,20
44,FLOTEKINDUSTRIESINCCN_05_09_2019-EX-10.1-SUPPLY AGREEMENT,TextPlusLayout,3,1.0,0.1,30
44,FLOTEKINDUSTRIESINCCN_05_09_2019-EX-10.1-SUPPLY AGREEMENT,TextPlusLayout,5,1.0,0.16666666666666666,30
44,FLOTEKINDUSTRIESINCCN_05_09_2019-EX-10.1-SUPPLY AGREEMENT,TextPlusLayout,10,1.0,0.3333333333333333,30
44,SPARKLINGSPRINGWATERHOLDINGSLTD_07_03_2002-EX-10.13-SOFTWARE LICENSE AND MAINTENANCE AGREEMENT,TextPlusLayout,3,1.0,0.12,25
44,SPARKLINGSPRINGWATERHOLDINGSLTD_07_03_2002-EX-10.13-SOFTWARE LICENSE AND MAINTENANCE AGREEMENT,TextPlusLayout,5,1.0,0.2,25
44,SPARKLINGSPRINGWATERHOLDINGSLTD_07_03_2002-EX-10.13-SOFTWARE LICENSE AND MAINTENANCE AGREEMENT,TextPlusLayout,10,1.0,0.4,25
44,GULFSOUTHMEDICALSUPPLYINC_12_24_1997-EX-4-AFFILIATE AGREEMENT,TextPlusLayout,3,1.0,0.08108108108108109,37
44,GULFSOUTHMEDICALSUPPLYINC_12_24_1997-EX-4-AFFILIATE AGREEMENT,TextPlusLayout,5,1.0,0.13513513513513514,37
44,GULFSOUTHMEDICALSUPPLYINC_12_24_1997-EX-4-AFFILIATE AGREEMENT,TextPlusLayout,10,1.0,0.2702702702702703,37
44,"ADMA BioManufacturing, LLC - Amendment #3 to Manufacturing Agreement",TextPlusLayout,3,1.0,0.09090909090909091,33
44,"ADMA BioManufacturing, LLC - Amendment #3 to Manufacturing Agreement",TextPlusLayout,5,1.0,0.15151515151515152,33
44,"ADMA BioManufacturing, LLC - Amendment #3 to Manufacturing Agreement",TextPlusLayout,10,1.0,0.30303030303030304,33
44,"CERES,INC_01_25_2012-EX-10.20-Collaboration Agreement",TextPlusLayout,3,1.0,0.13636363636363635,22
44,"CERES,INC_01_25_2012-EX-10.20-Collaboration Agreement",TextPlusLayout,5,1.0,0.22727272727272727,22
44,"CERES,INC_01_25_2012-EX-10.20-Collaboration Agreement",TextPlusLayout,10,0.9,0.4090909090909091,22
44,"HOSPITALITYINVESTORSTRUST,INC_04_07_2014-EX-10.26-FRANCHISE AGREEMENT",TextPlusLayout,3,0.6666666666666666,0.08,25
44,"HOSPITALITYINVESTORSTRUST,INC_04_07_2014-EX-10.26-FRANCHISE AGREEMENT",TextPlusLayout,5,0.8,0.16,25
44,"HOSPITALITYINVESTORSTRUST,INC_04_07_2014-EX-10.26-FRANCHISE AGREEMENT",TextPlusLayout,10,0.9,0.36,25
44,"NETGEAR,INC_04_21_2003-EX-10.16-DISTRIBUTOR AGREEMENT",TextPlusLayout,3,1.0,0.125,24
44,"NETGEAR,INC_04_21_2003-EX-10.16-DISTRIBUTOR AGREEMENT",TextPlusLayout,5,1.0,0.20833333333333334,24
44,"NETGEAR,INC_04_21_2003-EX-10.16-DISTRIBUTOR AGREEMENT",TextPlusLayout,10,0.9,0.375,24
44,"MEETGROUP,INC_06_29_2017-EX-10.1-COOPERATION AGREEMENT",TextPlusLayout,3,1.0,0.08823529411764706,34
44,"MEETGROUP,INC_06_29_2017-EX-10.1-COOPERATION AGREEMENT",TextPlusLayout,5,1.0,0.14705882352941177,34
44,"MEETGROUP,INC_06_29_2017-EX-10.1-COOPERATION AGREEMENT",TextPlusLayout,10,1.0,0.29411764705882354,34
44,IDREAMSKYTECHNOLOGYLTD_07_03_2014-EX-10.39-Cooperation Agreement on Mobile Game Business,TextPlusLayout,3,1.0,0.1,30
44,IDREAMSKYTECHNOLOGYLTD_07_03_2014-EX-10.39-Cooperation Agreement on Mobile Game Business,TextPlusLayout,5,1.0,0.16666666666666666,30
44,IDREAMSKYTECHNOLOGYLTD_07_03_2014-EX-10.39-Cooperation Agreement on Mobile Game Business,TextPlusLayout,10,1.0,0.3333333333333333,30
44,LIMEENERGYCO_09_09_1999-EX-10-DISTRIBUTOR AGREEMENT,TextPlusLayout,3,0.6666666666666666,0.09523809523809523,21
44,LIMEENERGYCO_09_09_1999-EX-10-DISTRIBUTOR AGREEMENT,TextPlusLayout,5,0.8,0.19047619047619047,21
44,LIMEENERGYCO_09_09_1999-EX-10-DISTRIBUTOR AGREEMENT,TextPlusLayout,10,0.7,0.3333333333333333,21
44,"MACY_S,INC_05_11_2020-EX-99.4-JOINT FILING AGREEMENT",TextPlusLayout,3,1.0,0.07894736842105263,38
44,"MACY_S,INC_05_11_2020-EX-99.4-JOINT FILING AGREEMENT",TextPlusLayout,5,1.0,0.13157894736842105,38
44,"MACY_S,INC_05_11_2020-EX-99.4-JOINT FILING AGREEMENT",TextPlusLayout,10,1.0,0.2631578947368421,38
44,QuantumGroupIncFl_20090120_8-K_EX-99.2_3672910_EX-99.2_Hosting Agreement,TextPlusLayout,3,1.0,0.12,25
44,QuantumGroupIncFl_20090120_8-K_EX-99.2_3672910_EX-99.2_Hosting Agreement,TextPlusLayout,5,1.0,0.2,25
44,QuantumGroupIncFl_20090120_8-K_EX-99.2_3672910_EX-99.2_Hosting Agreement,TextPlusLayout,10,0.8,0.32,25
44,GlobalTechnologiesGroupInc_20050928_10KSB_EX-10.9_4148808_EX-10.9_Content License Agreement,TextPlusLayout,3,1.0,0.10714285714285714,28
44,GlobalTechnologiesGroupInc_20050928_10KSB_EX-10.9_4148808_EX-10.9_Content License Agreement,TextPlusLayout,5,0.8,0.14285714285714285,28
44,GlobalTechnologiesGroupInc_20050928_10KSB_EX-10.9_4148808_EX-10.9_Content License Agreement,TextPlusLayout,10,0.9,0.32142857142857145,28
44,"GWG HOLDINGS, INC. - ORDERLY MARKETING AGREEMENT",TextPlusLayout,3,1.0,0.08571428571428572,35
44,"GWG HOLDINGS, INC. - ORDERLY MARKETING AGREEMENT",TextPlusLayout,5,1.0,0.14285714285714285,35
44,"GWG HOLDINGS, INC. - ORDERLY MARKETING AGREEMENT",TextPlusLayout,10,1.0,0.2857142857142857,35
44,ArconicRolledProductsCorp_20191217_10-12B_EX-2.7_11923804_EX-2.7_Trademark License Agreement,TextPlusLayout,3,1.0,0.1111111111111111,27
44,ArconicRolledProductsCorp_20191217_10-12B_EX-2.7_11923804_EX-2.7_Trademark License Agreement,TextPlusLayout,5,0.8,0.14814814814814814,27
44,ArconicRolledProductsCorp_20191217_10-12B_EX-2.7_11923804_EX-2.7_Trademark License Agreement,TextPlusLayout,10,0.9,0.3333333333333333,27
44,"SPOKHOLDINGS,INC_06_19_2020-EX-10.1-COOPERATION AGREEMENT",TextPlusLayout,3,1.0,0.08571428571428572,35
44,"SPOKHOLDINGS,INC_06_19_2020-EX-10.1-COOPERATION AGREEMENT",TextPlusLayout,5,1.0,0.14285714285714285,35
44,"SPOKHOLDINGS,INC_06_19_2020-EX-10.1-COOPERATION AGREEMENT",TextPlusLayout,10,1.0,0.2857142857142857,35
44,"INTELLIGENTHIGHWAYSOLUTIONS,INC_01_18_2018-EX-10.1-Strategic Alliance Agreement",TextPlusLayout,3,1.0,0.10344827586206896,29
44,"INTELLIGENTHIGHWAYSOLUTIONS,INC_01_18_2018-EX-10.1-Strategic Alliance Agreement",TextPlusLayout,5,1.0,0.1724137931034483,29
44,"INTELLIGENTHIGHWAYSOLUTIONS,INC_01_18_2018-EX-10.1-Strategic Alliance Agreement",TextPlusLayout,10,1.0,0.3448275862068966,29
44,PlayboyEnterprisesInc_20090220_10-QA_EX-10.2_4091580_EX-10.2_Content License Agreement_ Marketing Agreement_ Sales-Purchase Agreement1,TextPlusLayout,3,1.0,0.1875,16
44,PlayboyEnterprisesInc_20090220_10-QA_EX-10.2_4091580_EX-10.2_Content License Agreement_ Marketing Agreement_ Sales-Purchase Agreement1,TextPlusLayout,5,1.0,0.3125,16
44,PlayboyEnterprisesInc_20090220_10-QA_EX-10.2_4091580_EX-10.2_Content License Agreement_ Marketing Agreement_ Sales-Purchase Agreement1,TextPlusLayout,10,0.8,0.5,16
44,NETGROCERINC_07_31_1998-EX-10.15-SPONSORSHIP AGREEMENT,TextPlusLayout,3,1.0,0.1111111111111111,27
44,NETGROCERINC_07_31_1998-EX-10.15-SPONSORSHIP AGREEMENT,TextPlusLayout,5,1.0,0.18518518518518517,27
44,NETGROCERINC_07_31_1998-EX-10.15-SPONSORSHIP AGREEMENT,TextPlusLayout,10,1.0,0.37037037037037035,27
44,CHERRYHILLMORTGAGEINVESTMENTCORP_09_26_2013-EX-10.1-Strategic Alliance Agreement,TextPlusLayout,3,1.0,0.08571428571428572,35
44,CHERRYHILLMORTGAGEINVESTMENTCORP_09_26_2013-EX-10.1-Strategic Alliance Agreement,TextPlusLayout,5,1.0,0.14285714285714285,35
44,CHERRYHILLMORTGAGEINVESTMENTCORP_09_26_2013-EX-10.1-Strategic Alliance Agreement,TextPlusLayout,10,1.0,0.2857142857142857,35
44,"VAXCYTE,INC_05_22_2020-EX-10.19-SUPPLY AGREEMENT",TextPlusLayout,3,1.0,0.11538461538461539,26
44,"VAXCYTE,INC_05_22_2020-EX-10.19-SUPPLY AGREEMENT",TextPlusLayout,5,1.0,0.19230769230769232,26
44,"VAXCYTE,INC_05_22_2020-EX-10.19-SUPPLY AGREEMENT",TextPlusLayout,10,1.0,0.38461538461538464,26
44,"VNUE,INC_07_10_2015-EX-10.1-SPONSORSHIP AGREEMENT",TextPlusLayout,3,1.0,0.1,30
44,"VNUE,INC_07_10_2015-EX-10.1-SPONSORSHIP AGREEMENT",TextPlusLayout,5,1.0,0.16666666666666666,30
44,"VNUE,INC_07_10_2015-EX-10.1-SPONSORSHIP AGREEMENT",TextPlusLayout,10,1.0,0.3333333333333333,30
44,TcPipelinesLp_20160226_10-K_EX-99.12_9454048_EX-99.12_Transportation Agreement,TextPlusLayout,3,1.0,0.08823529411764706,34
44,TcPipelinesLp_20160226_10-K_EX-99.12_9454048_EX-99.12_Transportation Agreement,TextPlusLayout,5,1.0,0.14705882352941177,34
44,TcPipelinesLp_20160226_10-K_EX-99.12_9454048_EX-99.12_Transportation Agreement,TextPlusLayout,10,1.0,0.29411764705882354,34
44,PROFOUNDMEDICALCORP_08_29_2019-EX-4.5-SUPPLY AGREEMENT,TextPlusLayout,3,1.0,0.1111111111111111,27
44,PROFOUNDMEDICALCORP_08_29_2019-EX-4.5-SUPPLY AGREEMENT,TextPlusLayout,5,1.0,0.18518518518518517,27
44,PROFOUNDMEDICALCORP_08_29_2019-EX-4.5-SUPPLY AGREEMENT,TextPlusLayout,10,1.0,0.37037037037037035,27
44,CardlyticsInc_20180112_S-1_EX-10.16_11002987_EX-10.16_Maintenance Agreement3,TextPlusLayout,3,1.0,0.07894736842105263,38
44,CardlyticsInc_20180112_S-1_EX-10.16_11002987_EX-10.16_Maintenance Agreement3,TextPlusLayout,5,1.0,0.13157894736842105,38
44,CardlyticsInc_20180112_S-1_EX-10.16_11002987_EX-10.16_Maintenance Agreement3,TextPlusLayout,10,1.0,0.2631578947368421,38
44,"NETGEAR,INC_04_21_2003-EX-10.16- AMENDMENT #2 TO THE DISTRIBUTION AGREEMENT",TextPlusLayout,3,1.0,0.07894736842105263,38
44,"NETGEAR,INC_04_21_2003-EX-10.16- AMENDMENT #2 TO THE DISTRIBUTION AGREEMENT",TextPlusLayout,5,1.0,0.13157894736842105,38
44,"NETGEAR,INC_04_21_2003-EX-10.16- AMENDMENT #2 TO THE DISTRIBUTION AGREEMENT",TextPlusLayout,10,1.0,0.2631578947368421,38
44,BNCMORTGAGEINC_05_17_1999-EX-10.4-LICENSING AND WEB SITE HOSTING AGREEMENT,TextPlusLayout,3,1.0,0.1,30
44,BNCMORTGAGEINC_05_17_1999-EX-10.4-LICENSING AND WEB SITE HOSTING AGREEMENT,TextPlusLayout,5,1.0,0.16666666666666666,30
44,BNCMORTGAGEINC_05_17_1999-EX-10.4-LICENSING AND WEB SITE HOSTING AGREEMENT,TextPlusLayout,10,0.9,0.3,30
44,"BABCOCK_WILCOXENTERPRISES,INC_08_04_2015-EX-10.17-INTELLECTUAL PROPERTY AGREEMENT between THE BABCOCK _ WILCOX COMPANY and BABCOCK _ WILCOX ENTERPRISES, INC.",TextPlusLayout,3,1.0,0.12,25
44,"BABCOCK_WILCOXENTERPRISES,INC_08_04_2015-EX-10.17-INTELLECTUAL PROPERTY AGREEMENT between THE BABCOCK _ WILCOX COMPANY and BABCOCK _ WILCOX ENTERPRISES, INC.",TextPlusLayout,5,1.0,0.2,25
44,"BABCOCK_WILCOXENTERPRISES,INC_08_04_2015-EX-10.17-INTELLECTUAL PROPERTY AGREEMENT between THE BABCOCK _ WILCOX COMPANY and BABCOCK _ WILCOX ENTERPRISES, INC.",TextPlusLayout,10,1.0,0.4,25
44,"HC2HOLDINGS,INC_05_14_2020-EX-10.1-COOPERATION AGREEMENT",TextPlusLayout,3,1.0,0.08823529411764706,34
44,"HC2HOLDINGS,INC_05_14_2020-EX-10.1-COOPERATION AGREEMENT",TextPlusLayout,5,1.0,0.14705882352941177,34
44,"HC2HOLDINGS,INC_05_14_2020-EX-10.1-COOPERATION AGREEMENT",TextPlusLayout,10,1.0,0.29411764705882354,34
44,"MARSHALLHOLDINGSINTERNATIONAL,INC_04_14_2004-EX-10.15-ENDORSEMENT AGREEMENT",TextPlusLayout,3,1.0,0.09090909090909091,33
44,"MARSHALLHOLDINGSINTERNATIONAL,INC_04_14_2004-EX-10.15-ENDORSEMENT AGREEMENT",TextPlusLayout,5,0.8,0.12121212121212122,33
44,"MARSHALLHOLDINGSINTERNATIONAL,INC_04_14_2004-EX-10.15-ENDORSEMENT AGREEMENT",TextPlusLayout,10,0.8,0.24242424242424243,33
44,GRANTIERRAENERGYINC_05_07_2012-EX-10.6-TRANSPORTATION CONTRACT,TextPlusLayout,3,1.0,0.10344827586206896,29
44,GRANTIERRAENERGYINC_05_07_2012-EX-10.6-TRANSPORTATION CONTRACT,TextPlusLayout,5,1.0,0.1724137931034483,29
44,GRANTIERRAENERGYINC_05_07_2012-EX-10.6-TRANSPORTATION CONTRACT,TextPlusLayout,10,1.0,0.3448275862068966,29
44,SoupmanInc_20150814_8-K_EX-10.1_9230148_EX-10.1_Franchise Agreement1,TextPlusLayout,3,0.6666666666666666,0.16666666666666666,12
44,SoupmanInc_20150814_8-K_EX-10.1_9230148_EX-10.1_Franchise Agreement1,TextPlusLayout,5,0.8,0.3333333333333333,12
44,SoupmanInc_20150814_8-K_EX-10.1_9230148_EX-10.1_Franchise Agreement1,TextPlusLayout,10,0.8,0.6666666666666666,12
44,"GIGGLESN_HUGS,INC_06_23_2016-EX-10.2-STRATEGIC ALLIANCE AGREEMENT",TextPlusLayout,3,1.0,0.09375,32
44,"GIGGLESN_HUGS,INC_06_23_2016-EX-10.2-STRATEGIC ALLIANCE AGREEMENT",TextPlusLayout,5,1.0,0.15625,32
44,"GIGGLESN_HUGS,INC_06_23_2016-EX-10.2-STRATEGIC ALLIANCE AGREEMENT",TextPlusLayout,10,1.0,0.3125,32
44,LECLANCHÉ S.A. - JOINT DEVELOPMENT AND MARKETING AGREEMENT,TextPlusLayout,3,1.0,0.10344827586206896,29
44,LECLANCHÉ S.A. - JOINT DEVELOPMENT AND MARKETING AGREEMENT,TextPlusLayout,5,1.0,0.1724137931034483,29
44,LECLANCHÉ S.A. - JOINT DEVELOPMENT AND MARKETING AGREEMENT,TextPlusLayout,10,1.0,0.3448275862068966,29
44,SimplicityEsportsGamingCompany_20181130_8-K_EX-10.1_11444071_EX-10.1_Franchise Agreement,TextPlusLayout,3,1.0,0.13043478260869565,23
44,SimplicityEsportsGamingCompany_20181130_8-K_EX-10.1_11444071_EX-10.1_Franchise Agreement,TextPlusLayout,5,1.0,0.21739130434782608,23
44,SimplicityEsportsGamingCompany_20181130_8-K_EX-10.1_11444071_EX-10.1_Franchise Agreement,TextPlusLayout,10,0.9,0.391304347826087,23
44,IMPCOTECHNOLOGIESINC_04_15_2003-EX-10.65-JOINT VENTURE AGREEMENT,TextPlusLayout,3,1.0,0.10714285714285714,28
44,IMPCOTECHNOLOGIESINC_04_15_2003-EX-10.65-JOINT VENTURE AGREEMENT,TextPlusLayout,5,1.0,0.17857142857142858,28
44,IMPCOTECHNOLOGIESINC_04_15_2003-EX-10.65-JOINT VENTURE AGREEMENT,TextPlusLayout,10,1.0,0.35714285714285715,28
44,ADAPTIMMUNETHERAPEUTICSPLC_04_06_2017-EX-10.11-STRATEGIC ALLIANCE AGREEMENT,TextPlusLayout,3,1.0,0.13636363636363635,22
44,ADAPTIMMUNETHERAPEUTICSPLC_04_06_2017-EX-10.11-STRATEGIC ALLIANCE AGREEMENT,TextPlusLayout,5,0.8,0.18181818181818182,22
44,ADAPTIMMUNETHERAPEUTICSPLC_04_06_2017-EX-10.11-STRATEGIC ALLIANCE AGREEMENT,TextPlusLayout,10,0.9,0.4090909090909091,22
44,ZONDWINDSYSTEMPARTNERSLTDSERIES85-B_04_03_2006-EX-10-MANAGEMENT AND MAINTENANCE AGREEMENT,FrequencyPrior,3,1.0,0.07894736842105263,38
44,ZONDWINDSYSTEMPARTNERSLTDSERIES85-B_04_03_2006-EX-10-MANAGEMENT AND MAINTENANCE AGREEMENT,FrequencyPrior,5,1.0,0.13157894736842105,38
44,ZONDWINDSYSTEMPARTNERSLTDSERIES85-B_04_03_2006-EX-10-MANAGEMENT AND MAINTENANCE AGREEMENT,FrequencyPrior,10,1.0,0.2631578947368421,38
44,IdeanomicsInc_20151124_8-K_EX-10.2_9354744_EX-10.2_Content License Agreement,FrequencyPrior,3,1.0,0.10344827586206896,29
44,IdeanomicsInc_20151124_8-K_EX-10.2_9354744_EX-10.2_Content License Agreement,FrequencyPrior,5,1.0,0.1724137931034483,29
44,IdeanomicsInc_20151124_8-K_EX-10.2_9354744_EX-10.2_Content License Agreement,FrequencyPrior,10,1.0,0.3448275862068966,29
44,VERSOTECHNOLOGIESINC_12_28_2007-EX-99.3-INTELLECTUAL PROPERTY AGREEMENT,FrequencyPrior,3,1.0,0.08333333333333333,36
44,VERSOTECHNOLOGIESINC_12_28_2007-EX-99.3-INTELLECTUAL PROPERTY AGREEMENT,FrequencyPrior,5,1.0,0.1388888888888889,36
44,VERSOTECHNOLOGIESINC_12_28_2007-EX-99.3-INTELLECTUAL PROPERTY AGREEMENT,FrequencyPrior,10,1.0,0.2777777777777778,36
44,PcquoteComInc_19990721_S-1A_EX-10.11_6377149_EX-10.11_Co-Branding Agreement1,FrequencyPrior,3,1.0,0.09090909090909091,33
44,PcquoteComInc_19990721_S-1A_EX-10.11_6377149_EX-10.11_Co-Branding Agreement1,FrequencyPrior,5,1.0,0.15151515151515152,33
44,PcquoteComInc_19990721_S-1A_EX-10.11_6377149_EX-10.11_Co-Branding Agreement1,FrequencyPrior,10,1.0,0.30303030303030304,33
44,MERCATAINC_03_09_2000-EX-10.21-SPONSORSHIP AGREEMENT,FrequencyPrior,3,1.0,0.08823529411764706,34
44,MERCATAINC_03_09_2000-EX-10.21-SPONSORSHIP AGREEMENT,FrequencyPrior,5,1.0,0.14705882352941177,34
44,MERCATAINC_03_09_2000-EX-10.21-SPONSORSHIP AGREEMENT,FrequencyPrior,10,1.0,0.29411764705882354,34
44,SFGFINANCIALCORP_05_12_2009-EX-10.1-SOFTWARE LICENSE AND MAINTENANCE AGREEMENT,FrequencyPrior,3,1.0,0.11538461538461539,26
44,SFGFINANCIALCORP_05_12_2009-EX-10.1-SOFTWARE LICENSE AND MAINTENANCE AGREEMENT,FrequencyPrior,5,1.0,0.19230769230769232,26
44,SFGFINANCIALCORP_05_12_2009-EX-10.1-SOFTWARE LICENSE AND MAINTENANCE AGREEMENT,FrequencyPrior,10,0.9,0.34615384615384615,26
44,MOSSIMOINC_04_14_2000-EX-10.14-ENDORSEMENT AGREEMENT,FrequencyPrior,3,1.0,0.125,24
44,MOSSIMOINC_04_14_2000-EX-10.14-ENDORSEMENT AGREEMENT,FrequencyPrior,5,1.0,0.20833333333333334,24
44,MOSSIMOINC_04_14_2000-EX-10.14-ENDORSEMENT AGREEMENT,FrequencyPrior,10,0.8,0.3333333333333333,24
44,"IPAYMENT,INC_05_14_2007-EX-10.1-SPONSORSHIP AGREEMENT",FrequencyPrior,3,1.0,0.1111111111111111,27
44,"IPAYMENT,INC_05_14_2007-EX-10.1-SPONSORSHIP AGREEMENT",FrequencyPrior,5,1.0,0.18518518518518517,27
44,"IPAYMENT,INC_05_14_2007-EX-10.1-SPONSORSHIP AGREEMENT",FrequencyPrior,10,1.0,0.37037037037037035,27
44,FUSIONPHARMACEUTICALSINC_06_05_2020-EX-10.17-Supply Agreement - FUSION,FrequencyPrior,3,1.0,0.11538461538461539,26
44,FUSIONPHARMACEUTICALSINC_06_05_2020-EX-10.17-Supply Agreement - FUSION,FrequencyPrior,5,1.0,0.19230769230769232,26
44,FUSIONPHARMACEUTICALSINC_06_05_2020-EX-10.17-Supply Agreement - FUSION,FrequencyPrior,10,0.9,0.34615384615384615,26
44,EuromediaHoldingsCorp_20070215_10SB12G_EX-10.B(01)_525118_EX-10.B(01)_Content License Agreement,FrequencyPrior,3,0.6666666666666666,0.08333333333333333,24
44,EuromediaHoldingsCorp_20070215_10SB12G_EX-10.B(01)_525118_EX-10.B(01)_Content License Agreement,FrequencyPrior,5,0.6,0.125,24
44,EuromediaHoldingsCorp_20070215_10SB12G_EX-10.B(01)_525118_EX-10.B(01)_Content License Agreement,FrequencyPrior,10,0.8,0.3333333333333333,24
44,EbixInc_20010515_10-Q_EX-10.3_4049767_EX-10.3_Co-Branding Agreement,FrequencyPrior,3,1.0,0.13043478260869565,23
44,EbixInc_20010515_10-Q_EX-10.3_4049767_EX-10.3_Co-Branding Agreement,FrequencyPrior,5,1.0,0.21739130434782608,23
44,EbixInc_20010515_10-Q_EX-10.3_4049767_EX-10.3_Co-Branding Agreement,FrequencyPrior,10,0.9,0.391304347826087,23
44,PharmagenInc_20120803_8-KA_EX-10.1_7693204_EX-10.1_Endorsement Agreement,FrequencyPrior,3,1.0,0.1,30
44,PharmagenInc_20120803_8-KA_EX-10.1_7693204_EX-10.1_Endorsement Agreement,FrequencyPrior,5,1.0,0.16666666666666666,30
44,PharmagenInc_20120803_8-KA_EX-10.1_7693204_EX-10.1_Endorsement Agreement,FrequencyPrior,10,1.0,0.3333333333333333,30
44,PLAYAHOTELS_RESORTSNV_03_14_2017-EX-10.22-STRATEGIC ALLIANCE AGREEMENT (Hyatt Ziva Cancun),FrequencyPrior,3,1.0,0.08571428571428572,35
44,PLAYAHOTELS_RESORTSNV_03_14_2017-EX-10.22-STRATEGIC ALLIANCE AGREEMENT (Hyatt Ziva Cancun),FrequencyPrior,5,1.0,0.14285714285714285,35
44,PLAYAHOTELS_RESORTSNV_03_14_2017-EX-10.22-STRATEGIC ALLIANCE AGREEMENT (Hyatt Ziva Cancun),FrequencyPrior,10,1.0,0.2857142857142857,35
44,SteelVaultCorp_20081224_10-K_EX-10.16_3074935_EX-10.16_Affiliate Agreement,FrequencyPrior,3,1.0,0.10714285714285714,28
44,SteelVaultCorp_20081224_10-K_EX-10.16_3074935_EX-10.16_Affiliate Agreement,FrequencyPrior,5,0.8,0.14285714285714285,28
44,SteelVaultCorp_20081224_10-K_EX-10.16_3074935_EX-10.16_Affiliate Agreement,FrequencyPrior,10,0.9,0.32142857142857145,28
44,NeuroboPharmaceuticalsInc_20190903_S-4_EX-10.36_11802165_EX-10.36_Manufacturing Agreement_ Supply Agreement,FrequencyPrior,3,1.0,0.08823529411764706,34
44,NeuroboPharmaceuticalsInc_20190903_S-4_EX-10.36_11802165_EX-10.36_Manufacturing Agreement_ Supply Agreement,FrequencyPrior,5,1.0,0.14705882352941177,34
44,NeuroboPharmaceuticalsInc_20190903_S-4_EX-10.36_11802165_EX-10.36_Manufacturing Agreement_ Supply Agreement,FrequencyPrior,10,1.0,0.29411764705882354,34
44,EcoScienceSolutionsInc_20180406_8-K_EX-10.1_11135398_EX-10.1_Sponsorship Agreement,FrequencyPrior,3,1.0,0.09375,32
44,EcoScienceSolutionsInc_20180406_8-K_EX-10.1_11135398_EX-10.1_Sponsorship Agreement,FrequencyPrior,5,1.0,0.15625,32
44,EcoScienceSolutionsInc_20180406_8-K_EX-10.1_11135398_EX-10.1_Sponsorship Agreement,FrequencyPrior,10,1.0,0.3125,32
44,PANDIONTHERAPEUTICSHOLDCOLLC_05_22_2020-EX-10.17-CONSULTING AGREEMENT,FrequencyPrior,3,1.0,0.11538461538461539,26
44,PANDIONTHERAPEUTICSHOLDCOLLC_05_22_2020-EX-10.17-CONSULTING AGREEMENT,FrequencyPrior,5,1.0,0.19230769230769232,26
44,PANDIONTHERAPEUTICSHOLDCOLLC_05_22_2020-EX-10.17-CONSULTING AGREEMENT,FrequencyPrior,10,0.9,0.34615384615384615,26
44,TRICITYBANKSHARESCORP_05_15_1998-EX-10-OUTSOURCING AGREEMENT,FrequencyPrior,3,1.0,0.13636363636363635,22
44,TRICITYBANKSHARESCORP_05_15_1998-EX-10-OUTSOURCING AGREEMENT,FrequencyPrior,5,1.0,0.22727272727272727,22
44,TRICITYBANKSHARESCORP_05_15_1998-EX-10-OUTSOURCING AGREEMENT,FrequencyPrior,10,0.9,0.4090909090909091,22
44,CybergyHoldingsInc_20140520_10-Q_EX-10.27_8605784_EX-10.27_Affiliate Agreement,FrequencyPrior,3,1.0,0.11538461538461539,26
44,CybergyHoldingsInc_20140520_10-Q_EX-10.27_8605784_EX-10.27_Affiliate Agreement,FrequencyPrior,5,1.0,0.19230769230769232,26
44,CybergyHoldingsInc_20140520_10-Q_EX-10.27_8605784_EX-10.27_Affiliate Agreement,FrequencyPrior,10,0.9,0.34615384615384615,26
44,RUBIOSRESTAURANTSINC_03_31_2008-EX-10.75-SPONSORSHIP AGREEMENT,FrequencyPrior,3,1.0,0.10714285714285714,28
44,RUBIOSRESTAURANTSINC_03_31_2008-EX-10.75-SPONSORSHIP AGREEMENT,FrequencyPrior,5,1.0,0.17857142857142858,28
44,RUBIOSRESTAURANTSINC_03_31_2008-EX-10.75-SPONSORSHIP AGREEMENT,FrequencyPrior,10,1.0,0.35714285714285715,28
44,CHAPARRALRESOURCESINC_03_30_2000-EX-10.66-TRANSPORTATION CONTRACT,FrequencyPrior,3,1.0,0.0967741935483871,31
44,CHAPARRALRESOURCESINC_03_30_2000-EX-10.66-TRANSPORTATION CONTRACT,FrequencyPrior,5,1.0,0.16129032258064516,31
44,CHAPARRALRESOURCESINC_03_30_2000-EX-10.66-TRANSPORTATION CONTRACT,FrequencyPrior,10,1.0,0.3225806451612903,31
44,GluMobileInc_20070319_S-1A_EX-10.09_436630_EX-10.09_Content License Agreement3,FrequencyPrior,3,1.0,0.08333333333333333,36
44,GluMobileInc_20070319_S-1A_EX-10.09_436630_EX-10.09_Content License Agreement3,FrequencyPrior,5,1.0,0.1388888888888889,36
44,GluMobileInc_20070319_S-1A_EX-10.09_436630_EX-10.09_Content License Agreement3,FrequencyPrior,10,1.0,0.2777777777777778,36
44,INTRICONCORP_03_10_2009-EX-10.22-Strategic Alliance Agreement,FrequencyPrior,3,1.0,0.125,24
44,INTRICONCORP_03_10_2009-EX-10.22-Strategic Alliance Agreement,FrequencyPrior,5,1.0,0.20833333333333334,24
44,INTRICONCORP_03_10_2009-EX-10.22-Strategic Alliance Agreement,FrequencyPrior,10,1.0,0.4166666666666667,24
44,DigitalCinemaDestinationsCorp_20111220_S-1_EX-10.10_7346719_EX-10.10_Affiliate Agreement,FrequencyPrior,3,1.0,0.23076923076923078,13
44,DigitalCinemaDestinationsCorp_20111220_S-1_EX-10.10_7346719_EX-10.10_Affiliate Agreement,FrequencyPrior,5,0.8,0.3076923076923077,13
44,DigitalCinemaDestinationsCorp_20111220_S-1_EX-10.10_7346719_EX-10.10_Affiliate Agreement,FrequencyPrior,10,0.6,0.46153846153846156,13
44,KENTUCKYUTILITIESCO_03_25_2003-EX-10.65-TRANSPORTATION AGREEMENT,FrequencyPrior,3,1.0,0.0967741935483871,31
44,KENTUCKYUTILITIESCO_03_25_2003-EX-10.65-TRANSPORTATION AGREEMENT,FrequencyPrior,5,1.0,0.16129032258064516,31
44,KENTUCKYUTILITIESCO_03_25_2003-EX-10.65-TRANSPORTATION AGREEMENT,FrequencyPrior,10,1.0,0.3225806451612903,31
44,CHINARECYCLINGENERGYCORP_11_14_2013-EX-10.6-Cooperation Agreement,FrequencyPrior,3,1.0,0.08823529411764706,34
44,CHINARECYCLINGENERGYCORP_11_14_2013-EX-10.6-Cooperation Agreement,FrequencyPrior,5,1.0,0.14705882352941177,34
44,CHINARECYCLINGENERGYCORP_11_14_2013-EX-10.6-Cooperation Agreement,FrequencyPrior,10,1.0,0.29411764705882354,34
44,ELANDIAINTERNATIONALINC_04_25_2007-EX-10.21-Outsourcing Agreement,FrequencyPrior,3,0.6666666666666666,0.07692307692307693,26
44,ELANDIAINTERNATIONALINC_04_25_2007-EX-10.21-Outsourcing Agreement,FrequencyPrior,5,0.8,0.15384615384615385,26
44,ELANDIAINTERNATIONALINC_04_25_2007-EX-10.21-Outsourcing Agreement,FrequencyPrior,10,0.8,0.3076923076923077,26
44,CENTRACKINTERNATIONALINC_10_29_1999-EX-10.3-WEB SITE HOSTING AGREEMENT,FrequencyPrior,3,1.0,0.1,30
44,CENTRACKINTERNATIONALINC_10_29_1999-EX-10.3-WEB SITE HOSTING AGREEMENT,FrequencyPrior,5,1.0,0.16666666666666666,30
44,CENTRACKINTERNATIONALINC_10_29_1999-EX-10.3-WEB SITE HOSTING AGREEMENT,FrequencyPrior,10,1.0,0.3333333333333333,30
44,VertexEnergyInc_20200113_8-K_EX-10.1_11943624_EX-10.1_Marketing Agreement,FrequencyPrior,3,1.0,0.11538461538461539,26
44,VertexEnergyInc_20200113_8-K_EX-10.1_11943624_EX-10.1_Marketing Agreement,FrequencyPrior,5,1.0,0.19230769230769232,26
44,VertexEnergyInc_20200113_8-K_EX-10.1_11943624_EX-10.1_Marketing Agreement,FrequencyPrior,10,1.0,0.38461538461538464,26
44,"CURAEGISTECHNOLOGIES,INC_05_26_2010-EX-1-CORPORATE SPONSORSHIP AGREEMENT",FrequencyPrior,3,1.0,0.0967741935483871,31
44,"CURAEGISTECHNOLOGIES,INC_05_26_2010-EX-1-CORPORATE SPONSORSHIP AGREEMENT",FrequencyPrior,5,1.0,0.16129032258064516,31
44,"CURAEGISTECHNOLOGIES,INC_05_26_2010-EX-1-CORPORATE SPONSORSHIP AGREEMENT",FrequencyPrior,10,1.0,0.3225806451612903,31
44,ZtoExpressCaymanInc_20160930_F-1_EX-10.10_9752871_EX-10.10_Transportation Agreement,FrequencyPrior,3,1.0,0.08823529411764706,34
44,ZtoExpressCaymanInc_20160930_F-1_EX-10.10_9752871_EX-10.10_Transportation Agreement,FrequencyPrior,5,1.0,0.14705882352941177,34
44,ZtoExpressCaymanInc_20160930_F-1_EX-10.10_9752871_EX-10.10_Transportation Agreement,FrequencyPrior,10,0.9,0.2647058823529412,34
44,VnueInc_20150914_8-K_EX-10.1_9259571_EX-10.1_Promotion Agreement,FrequencyPrior,3,1.0,0.08571428571428572,35
44,VnueInc_20150914_8-K_EX-10.1_9259571_EX-10.1_Promotion Agreement,FrequencyPrior,5,1.0,0.14285714285714285,35
44,VnueInc_20150914_8-K_EX-10.1_9259571_EX-10.1_Promotion Agreement,FrequencyPrior,10,1.0,0.2857142857142857,35
44,"PHREESIA,INC_05_28_2019-EX-10.18-STRATEGIC ALLIANCE AGREEMENT",FrequencyPrior,3,1.0,0.13636363636363635,22
44,"PHREESIA,INC_05_28_2019-EX-10.18-STRATEGIC ALLIANCE AGREEMENT",FrequencyPrior,5,1.0,0.22727272727272727,22
44,"PHREESIA,INC_05_28_2019-EX-10.18-STRATEGIC ALLIANCE AGREEMENT",FrequencyPrior,10,0.9,0.4090909090909091,22
44,PacificapEntertainmentHoldingsInc_20051115_8-KA_EX-1.01_4300894_EX-1.01_Content License Agreement,FrequencyPrior,3,1.0,0.10714285714285714,28
44,PacificapEntertainmentHoldingsInc_20051115_8-KA_EX-1.01_4300894_EX-1.01_Content License Agreement,FrequencyPrior,5,1.0,0.17857142857142858,28
44,PacificapEntertainmentHoldingsInc_20051115_8-KA_EX-1.01_4300894_EX-1.01_Content License Agreement,FrequencyPrior,10,1.0,0.35714285714285715,28
44,"BELLICUMPHARMACEUTICALS,INC_05_07_2019-EX-10.1-Supply Agreement",FrequencyPrior,3,1.0,0.12,25
44,"BELLICUMPHARMACEUTICALS,INC_05_07_2019-EX-10.1-Supply Agreement",FrequencyPrior,5,1.0,0.2,25
44,"BELLICUMPHARMACEUTICALS,INC_05_07_2019-EX-10.1-Supply Agreement",FrequencyPrior,10,1.0,0.4,25
44,WARNINGMANAGEMENTSERVICESINC_12_10_1999-EX-10-ENDORSEMENT AGREEMENT,FrequencyPrior,3,1.0,0.13043478260869565,23
44,WARNINGMANAGEMENTSERVICESINC_12_10_1999-EX-10-ENDORSEMENT AGREEMENT,FrequencyPrior,5,0.8,0.17391304347826086,23
44,WARNINGMANAGEMENTSERVICESINC_12_10_1999-EX-10-ENDORSEMENT AGREEMENT,FrequencyPrior,10,0.9,0.391304347826087,23
44,ALLISONTRANSMISSIONHOLDINGSINC_12_15_2014-EX-99.1-COOPERATION AGREEMENT,FrequencyPrior,3,1.0,0.09090909090909091,33
44,ALLISONTRANSMISSIONHOLDINGSINC_12_15_2014-EX-99.1-COOPERATION AGREEMENT,FrequencyPrior,5,1.0,0.15151515151515152,33
44,ALLISONTRANSMISSIONHOLDINGSINC_12_15_2014-EX-99.1-COOPERATION AGREEMENT,FrequencyPrior,10,0.9,0.2727272727272727,33
44,SANDRIDGEENERGYINC_08_06_2009-EX-10.6-OPERATIONS AND MAINTENANCE AGREEMENT,FrequencyPrior,3,1.0,0.10344827586206896,29
44,SANDRIDGEENERGYINC_08_06_2009-EX-10.6-OPERATIONS AND MAINTENANCE AGREEMENT,FrequencyPrior,5,1.0,0.1724137931034483,29
44,SANDRIDGEENERGYINC_08_06_2009-EX-10.6-OPERATIONS AND MAINTENANCE AGREEMENT,FrequencyPrior,10,1.0,0.3448275862068966,29
44,"OAKTREECAPITALGROUP,LLC_03_02_2020-EX-10.8-Services Agreement",FrequencyPrior,3,1.0,0.09090909090909091,33
44,"OAKTREECAPITALGROUP,LLC_03_02_2020-EX-10.8-Services Agreement",FrequencyPrior,5,1.0,0.15151515151515152,33
44,"OAKTREECAPITALGROUP,LLC_03_02_2020-EX-10.8-Services Agreement",FrequencyPrior,10,1.0,0.30303030303030304,33
44,PhasebioPharmaceuticalsInc_20200330_10-K_EX-10.21_12086810_EX-10.21_Development Agreement,FrequencyPrior,3,1.0,0.15,20
44,PhasebioPharmaceuticalsInc_20200330_10-K_EX-10.21_12086810_EX-10.21_Development Agreement,FrequencyPrior,5,1.0,0.25,20
44,PhasebioPharmaceuticalsInc_20200330_10-K_EX-10.21_12086810_EX-10.21_Development Agreement,FrequencyPrior,10,0.8,0.4,20
44,"XLITECHNOLOGIES,INC_12_11_2015-EX-10.1-Sponsorship Agreement",FrequencyPrior,3,1.0,0.09090909090909091,33
44,"XLITECHNOLOGIES,INC_12_11_2015-EX-10.1-Sponsorship Agreement",FrequencyPrior,5,1.0,0.15151515151515152,33
44,"XLITECHNOLOGIES,INC_12_11_2015-EX-10.1-Sponsorship Agreement",FrequencyPrior,10,0.9,0.2727272727272727,33
44,"BLUEROCKRESIDENTIALGROWTHREIT,INC_06_01_2016-EX-1.1-AGENCY AGREEMENT",FrequencyPrior,3,1.0,0.08823529411764706,34
44,"BLUEROCKRESIDENTIALGROWTHREIT,INC_06_01_2016-EX-1.1-AGENCY AGREEMENT",FrequencyPrior,5,1.0,0.14705882352941177,34
44,"BLUEROCKRESIDENTIALGROWTHREIT,INC_06_01_2016-EX-1.1-AGENCY AGREEMENT",FrequencyPrior,10,1.0,0.29411764705882354,34
44,GluMobileInc_20070319_S-1A_EX-10.09_436630_EX-10.09_Content License Agreement2,FrequencyPrior,3,1.0,0.09375,32
44,GluMobileInc_20070319_S-1A_EX-10.09_436630_EX-10.09_Content License Agreement2,FrequencyPrior,5,1.0,0.15625,32
44,GluMobileInc_20070319_S-1A_EX-10.09_436630_EX-10.09_Content License Agreement2,FrequencyPrior,10,1.0,0.3125,32
44,AzulSa_20170303_F-1A_EX-10.3_9943903_EX-10.3_Maintenance Agreement2,FrequencyPrior,3,1.0,0.08571428571428572,35
44,AzulSa_20170303_F-1A_EX-10.3_9943903_EX-10.3_Maintenance Agreement2,FrequencyPrior,5,1.0,0.14285714285714285,35
44,AzulSa_20170303_F-1A_EX-10.3_9943903_EX-10.3_Maintenance Agreement2,FrequencyPrior,10,1.0,0.2857142857142857,35
44,WPPPLC_04_30_2020-EX-4.28-SERVICE AGREEMENT,FrequencyPrior,3,1.0,0.0967741935483871,31
44,WPPPLC_04_30_2020-EX-4.28-SERVICE AGREEMENT,FrequencyPrior,5,0.8,0.12903225806451613,31
44,WPPPLC_04_30_2020-EX-4.28-SERVICE AGREEMENT,FrequencyPrior,10,0.8,0.25806451612903225,31
44,NUVEEN - REMARKETING AGREEMENT,FrequencyPrior,3,1.0,0.09375,32
44,NUVEEN - REMARKETING AGREEMENT,FrequencyPrior,5,1.0,0.15625,32
44,NUVEEN - REMARKETING AGREEMENT,FrequencyPrior,10,1.0,0.3125,32
44,DOMINIADVISORTRUST_02_18_2005-EX-99.(H)(2)-SPONSORSHIP AGREEMENT,FrequencyPrior,3,1.0,0.09375,32
44,DOMINIADVISORTRUST_02_18_2005-EX-99.(H)(2)-SPONSORSHIP AGREEMENT,FrequencyPrior,5,1.0,0.15625,32
44,DOMINIADVISORTRUST_02_18_2005-EX-99.(H)(2)-SPONSORSHIP AGREEMENT,FrequencyPrior,10,1.0,0.3125,32
44,FEDERATEDGOVERNMENTINCOMESECURITIESINC_04_28_2020-EX-99.SERV AGREE-SERVICES AGREEMENT_POWEROF,FrequencyPrior,3,1.0,0.08571428571428572,35
44,FEDERATEDGOVERNMENTINCOMESECURITIESINC_04_28_2020-EX-99.SERV AGREE-SERVICES AGREEMENT_POWEROF,FrequencyPrior,5,1.0,0.14285714285714285,35
44,FEDERATEDGOVERNMENTINCOMESECURITIESINC_04_28_2020-EX-99.SERV AGREE-SERVICES AGREEMENT_POWEROF,FrequencyPrior,10,1.0,0.2857142857142857,35
44,LejuHoldingsLtd_20140121_DRS (on F-1)_EX-10.26_8473102_EX-10.26_Content License Agreement1,FrequencyPrior,3,1.0,0.11538461538461539,26
44,LejuHoldingsLtd_20140121_DRS (on F-1)_EX-10.26_8473102_EX-10.26_Content License Agreement1,FrequencyPrior,5,0.8,0.15384615384615385,26
44,LejuHoldingsLtd_20140121_DRS (on F-1)_EX-10.26_8473102_EX-10.26_Content License Agreement1,FrequencyPrior,10,0.9,0.34615384615384615,26
44,DRAGONSYSTEMSINC_01_08_1999-EX-10.17-OUTSOURCING AGREEMENT,FrequencyPrior,3,1.0,0.09375,32
44,DRAGONSYSTEMSINC_01_08_1999-EX-10.17-OUTSOURCING AGREEMENT,FrequencyPrior,5,1.0,0.15625,32
44,DRAGONSYSTEMSINC_01_08_1999-EX-10.17-OUTSOURCING AGREEMENT,FrequencyPrior,10,1.0,0.3125,32
44,PfHospitalityGroupInc_20150923_10-12G_EX-10.1_9266710_EX-10.1_Franchise Agreement1,FrequencyPrior,3,1.0,0.17647058823529413,17
44,PfHospitalityGroupInc_20150923_10-12G_EX-10.1_9266710_EX-10.1_Franchise Agreement1,FrequencyPrior,5,0.8,0.23529411764705882,17
44,PfHospitalityGroupInc_20150923_10-12G_EX-10.1_9266710_EX-10.1_Franchise Agreement1,FrequencyPrior,10,0.7,0.4117647058823529,17
44,VITAMINSHOPPECOMINC_09_13_1999-EX-10.26-SPONSORSHIP AGREEMENT,FrequencyPrior,3,1.0,0.1,30
44,VITAMINSHOPPECOMINC_09_13_1999-EX-10.26-SPONSORSHIP AGREEMENT,FrequencyPrior,5,1.0,0.16666666666666666,30
44,VITAMINSHOPPECOMINC_09_13_1999-EX-10.26-SPONSORSHIP AGREEMENT,FrequencyPrior,10,1.0,0.3333333333333333,30
44,"CORALGOLDRESOURCES,LTD_05_28_2020-EX-4.1-CONSULTING AGREEMENT",FrequencyPrior,3,1.0,0.11538461538461539,26
44,"CORALGOLDRESOURCES,LTD_05_28_2020-EX-4.1-CONSULTING AGREEMENT",FrequencyPrior,5,1.0,0.19230769230769232,26
44,"CORALGOLDRESOURCES,LTD_05_28_2020-EX-4.1-CONSULTING AGREEMENT",FrequencyPrior,10,0.8,0.3076923076923077,26
44,LOYALTYPOINTINC_11_16_2004-EX-10.2-RESELLER AGREEMENT,FrequencyPrior,3,1.0,0.11538461538461539,26
44,LOYALTYPOINTINC_11_16_2004-EX-10.2-RESELLER AGREEMENT,FrequencyPrior,5,1.0,0.19230769230769232,26
44,LOYALTYPOINTINC_11_16_2004-EX-10.2-RESELLER AGREEMENT,FrequencyPrior,10,1.0,0.38461538461538464,26
44,"GALERATHERAPEUTICS,INC_02_14_2020-EX-99.A-JOINT FILING AGREEMENT",FrequencyPrior,3,1.0,0.08108108108108109,37
44,"GALERATHERAPEUTICS,INC_02_14_2020-EX-99.A-JOINT FILING AGREEMENT",FrequencyPrior,5,1.0,0.13513513513513514,37
44,"GALERATHERAPEUTICS,INC_02_14_2020-EX-99.A-JOINT FILING AGREEMENT",FrequencyPrior,10,1.0,0.2702702702702703,37
44,INTERNATIONALFASTFOODCORP_04_04_1997-EX-99-FRANCHISE AGREEMENT,FrequencyPrior,3,1.0,0.13043478260869565,23
44,INTERNATIONALFASTFOODCORP_04_04_1997-EX-99-FRANCHISE AGREEMENT,FrequencyPrior,5,1.0,0.21739130434782608,23
44,INTERNATIONALFASTFOODCORP_04_04_1997-EX-99-FRANCHISE AGREEMENT,FrequencyPrior,10,0.8,0.34782608695652173,23
44,"OASYSMOBILE,INC_07_05_2001-EX-10.17-OUTSOURCING AGREEMENT",FrequencyPrior,3,0.6666666666666666,0.08695652173913043,23
44,"OASYSMOBILE,INC_07_05_2001-EX-10.17-OUTSOURCING AGREEMENT",FrequencyPrior,5,0.8,0.17391304347826086,23
44,"OASYSMOBILE,INC_07_05_2001-EX-10.17-OUTSOURCING AGREEMENT",FrequencyPrior,10,0.9,0.391304347826087,23
44,"FIDELITYNATIONALINFORMATIONSERVICES,INC_08_05_2009-EX-10.3-INTELLECTUAL PROPERTY AGREEMENT",FrequencyPrior,3,0.6666666666666666,0.07407407407407407,27
44,"FIDELITYNATIONALINFORMATIONSERVICES,INC_08_05_2009-EX-10.3-INTELLECTUAL PROPERTY AGREEMENT",FrequencyPrior,5,0.8,0.14814814814814814,27
44,"FIDELITYNATIONALINFORMATIONSERVICES,INC_08_05_2009-EX-10.3-INTELLECTUAL PROPERTY AGREEMENT",FrequencyPrior,10,0.8,0.2962962962962963,27
44,FuseMedicalInc_20190321_10-K_EX-10.43_11575454_EX-10.43_Distributor Agreement,FrequencyPrior,3,1.0,0.1111111111111111,27
44,FuseMedicalInc_20190321_10-K_EX-10.43_11575454_EX-10.43_Distributor Agreement,FrequencyPrior,5,1.0,0.18518518518518517,27
44,FuseMedicalInc_20190321_10-K_EX-10.43_11575454_EX-10.43_Distributor Agreement,FrequencyPrior,10,1.0,0.37037037037037035,27
44,MOVADOGROUPINC_04_30_2003-EX-10.28-ENDORSEMENT AGREEMENT,FrequencyPrior,3,1.0,0.08823529411764706,34
44,MOVADOGROUPINC_04_30_2003-EX-10.28-ENDORSEMENT AGREEMENT,FrequencyPrior,5,1.0,0.14705882352941177,34
44,MOVADOGROUPINC_04_30_2003-EX-10.28-ENDORSEMENT AGREEMENT,FrequencyPrior,10,1.0,0.29411764705882354,34
44,ICORECONNECTINC_10_13_2010-EX-7.1-Strategic Alliance Agreement,FrequencyPrior,3,1.0,0.11538461538461539,26
44,ICORECONNECTINC_10_13_2010-EX-7.1-Strategic Alliance Agreement,FrequencyPrior,5,1.0,0.19230769230769232,26
44,ICORECONNECTINC_10_13_2010-EX-7.1-Strategic Alliance Agreement,FrequencyPrior,10,1.0,0.38461538461538464,26
44,UpjohnInc_20200121_10-12G_EX-2.6_11948692_EX-2.6_Manufacturing Agreement_ Supply Agreement,FrequencyPrior,3,0.3333333333333333,0.05555555555555555,18
44,UpjohnInc_20200121_10-12G_EX-2.6_11948692_EX-2.6_Manufacturing Agreement_ Supply Agreement,FrequencyPrior,5,0.6,0.16666666666666666,18
44,UpjohnInc_20200121_10-12G_EX-2.6_11948692_EX-2.6_Manufacturing Agreement_ Supply Agreement,FrequencyPrior,10,0.7,0.3888888888888889,18
44,VIOLINMEMORYINC_12_12_2012-EX-10.14-SPONSORSHIP AGREEMENT,FrequencyPrior,3,1.0,0.11538461538461539,26
44,VIOLINMEMORYINC_12_12_2012-EX-10.14-SPONSORSHIP AGREEMENT,FrequencyPrior,5,1.0,0.19230769230769232,26
44,VIOLINMEMORYINC_12_12_2012-EX-10.14-SPONSORSHIP AGREEMENT,FrequencyPrior,10,0.8,0.3076923076923077,26
44,BizzingoInc_20120322_8-K_EX-10.17_7504499_EX-10.17_Endorsement Agreement,FrequencyPrior,3,0.6666666666666666,0.07407407407407407,27
44,BizzingoInc_20120322_8-K_EX-10.17_7504499_EX-10.17_Endorsement Agreement,FrequencyPrior,5,0.8,0.14814814814814814,27
44,BizzingoInc_20120322_8-K_EX-10.17_7504499_EX-10.17_Endorsement Agreement,FrequencyPrior,10,0.9,0.3333333333333333,27
44,OFGBANCORP_03_28_2007-EX-10.23-OUTSOURCING AGREEMENT,FrequencyPrior,3,1.0,0.15789473684210525,19
44,OFGBANCORP_03_28_2007-EX-10.23-OUTSOURCING AGREEMENT,FrequencyPrior,5,1.0,0.2631578947368421,19
44,OFGBANCORP_03_28_2007-EX-10.23-OUTSOURCING AGREEMENT,FrequencyPrior,10,0.8,0.42105263157894735,19
44,STAMPSCOMINC_06_24_1999-EX-10.18-SPONSORSHIP AGREEMENT,FrequencyPrior,3,1.0,0.125,24
44,STAMPSCOMINC_06_24_1999-EX-10.18-SPONSORSHIP AGREEMENT,FrequencyPrior,5,1.0,0.20833333333333334,24
44,STAMPSCOMINC_06_24_1999-EX-10.18-SPONSORSHIP AGREEMENT,FrequencyPrior,10,1.0,0.4166666666666667,24
44,KALLOINC_11_03_2011-EX-10.1-STRATEGIC ALLIANCE AGREEMENT,FrequencyPrior,3,1.0,0.14285714285714285,21
44,KALLOINC_11_03_2011-EX-10.1-STRATEGIC ALLIANCE AGREEMENT,FrequencyPrior,5,0.8,0.19047619047619047,21
44,KALLOINC_11_03_2011-EX-10.1-STRATEGIC ALLIANCE AGREEMENT,FrequencyPrior,10,0.8,0.38095238095238093,21
44,MphaseTechnologiesInc_20030911_10-K_EX-10.15_1560667_EX-10.15_Co-Branding Agreement,FrequencyPrior,3,1.0,0.1,30
44,MphaseTechnologiesInc_20030911_10-K_EX-10.15_1560667_EX-10.15_Co-Branding Agreement,FrequencyPrior,5,1.0,0.16666666666666666,30
44,MphaseTechnologiesInc_20030911_10-K_EX-10.15_1560667_EX-10.15_Co-Branding Agreement,FrequencyPrior,10,1.0,0.3333333333333333,30
44,PrudentialBancorpInc_20170606_8-K_EX-10.4_10474434_EX-10.4_Endorsement Agreement,FrequencyPrior,3,1.0,0.08823529411764706,34
44,PrudentialBancorpInc_20170606_8-K_EX-10.4_10474434_EX-10.4_Endorsement Agreement,FrequencyPrior,5,1.0,0.14705882352941177,34
44,PrudentialBancorpInc_20170606_8-K_EX-10.4_10474434_EX-10.4_Endorsement Agreement,FrequencyPrior,10,0.9,0.2647058823529412,34
44,FreezeTagInc_20180411_8-K_EX-10.1_11139603_EX-10.1_Sponsorship Agreement,FrequencyPrior,3,1.0,0.10714285714285714,28
44,FreezeTagInc_20180411_8-K_EX-10.1_11139603_EX-10.1_Sponsorship Agreement,FrequencyPrior,5,1.0,0.17857142857142858,28
44,FreezeTagInc_20180411_8-K_EX-10.1_11139603_EX-10.1_Sponsorship Agreement,FrequencyPrior,10,1.0,0.35714285714285715,28
44,WESTERN COPPER - NON-COMPETITION AGREEMENT,FrequencyPrior,3,1.0,0.08823529411764706,34
44,WESTERN COPPER - NON-COMPETITION AGREEMENT,FrequencyPrior,5,1.0,0.14705882352941177,34
44,WESTERN COPPER - NON-COMPETITION AGREEMENT,FrequencyPrior,10,1.0,0.29411764705882354,34
44,Cerus Corporation - FIRST AMEND TO SUPPLY AND MANUFACTURING AGREEMENT,FrequencyPrior,3,1.0,0.07692307692307693,39
44,Cerus Corporation - FIRST AMEND TO SUPPLY AND MANUFACTURING AGREEMENT,FrequencyPrior,5,1.0,0.1282051282051282,39
44,Cerus Corporation - FIRST AMEND TO SUPPLY AND MANUFACTURING AGREEMENT,FrequencyPrior,10,1.0,0.2564102564102564,39
44,AgapeAtpCorp_20191202_10-KA_EX-10.1_11911128_EX-10.1_Supply Agreement,FrequencyPrior,3,1.0,0.14285714285714285,21
44,AgapeAtpCorp_20191202_10-KA_EX-10.1_11911128_EX-10.1_Supply Agreement,FrequencyPrior,5,1.0,0.23809523809523808,21
44,AgapeAtpCorp_20191202_10-KA_EX-10.1_11911128_EX-10.1_Supply Agreement,FrequencyPrior,10,1.0,0.47619047619047616,21
44,ImpresseCorp_20000322_S-1A_EX-10.11_5199234_EX-10.11_Co-Branding Agreement,FrequencyPrior,3,1.0,0.125,24
44,ImpresseCorp_20000322_S-1A_EX-10.11_5199234_EX-10.11_Co-Branding Agreement,FrequencyPrior,5,1.0,0.20833333333333334,24
44,ImpresseCorp_20000322_S-1A_EX-10.11_5199234_EX-10.11_Co-Branding Agreement,FrequencyPrior,10,0.9,0.375,24
44,OPERALTD_04_30_2020-EX-4.14-SERVICE AGREEMENT,FrequencyPrior,3,1.0,0.09375,32
44,OPERALTD_04_30_2020-EX-4.14-SERVICE AGREEMENT,FrequencyPrior,5,1.0,0.15625,32
44,OPERALTD_04_30_2020-EX-4.14-SERVICE AGREEMENT,FrequencyPrior,10,1.0,0.3125,32
44,SMITHELECTRICVEHICLESCORP_04_04_2012-EX-10.26-FLEET MAINTENANCE AGREEMENT,FrequencyPrior,3,1.0,0.10714285714285714,28
44,SMITHELECTRICVEHICLESCORP_04_04_2012-EX-10.26-FLEET MAINTENANCE AGREEMENT,FrequencyPrior,5,1.0,0.17857142857142858,28
44,SMITHELECTRICVEHICLESCORP_04_04_2012-EX-10.26-FLEET MAINTENANCE AGREEMENT,FrequencyPrior,10,1.0,0.35714285714285715,28
44,FerroglobePlc_20150624_F-4A_EX-10.20_9154746_EX-10.20_Outsourcing Agreement,FrequencyPrior,3,1.0,0.0967741935483871,31
44,FerroglobePlc_20150624_F-4A_EX-10.20_9154746_EX-10.20_Outsourcing Agreement,FrequencyPrior,5,1.0,0.16129032258064516,31
44,FerroglobePlc_20150624_F-4A_EX-10.20_9154746_EX-10.20_Outsourcing Agreement,FrequencyPrior,10,1.0,0.3225806451612903,31
44,BONTONSTORESINC_04_20_2018-EX-99.3-AGENCY AGREEMENT,FrequencyPrior,3,1.0,0.1,30
44,BONTONSTORESINC_04_20_2018-EX-99.3-AGENCY AGREEMENT,FrequencyPrior,5,1.0,0.16666666666666666,30
44,BONTONSTORESINC_04_20_2018-EX-99.3-AGENCY AGREEMENT,FrequencyPrior,10,0.9,0.3,30
44,WestPharmaceuticalServicesInc_20200116_8-K_EX-10.1_11947529_EX-10.1_Supply Agreement,FrequencyPrior,3,1.0,0.10344827586206896,29
44,WestPharmaceuticalServicesInc_20200116_8-K_EX-10.1_11947529_EX-10.1_Supply Agreement,FrequencyPrior,5,1.0,0.1724137931034483,29
44,WestPharmaceuticalServicesInc_20200116_8-K_EX-10.1_11947529_EX-10.1_Supply Agreement,FrequencyPrior,10,1.0,0.3448275862068966,29
44,"Magenta Therapeutics, Inc. - Master Development and Manufacturing Agreement",FrequencyPrior,3,1.0,0.125,24
44,"Magenta Therapeutics, Inc. - Master Development and Manufacturing Agreement",FrequencyPrior,5,1.0,0.20833333333333334,24
44,"Magenta Therapeutics, Inc. - Master Development and Manufacturing Agreement",FrequencyPrior,10,1.0,0.4166666666666667,24
44,AlliedEsportsEntertainmentInc_20190815_8-K_EX-10.19_11788293_EX-10.19_Content License Agreement,FrequencyPrior,3,1.0,0.13043478260869565,23
44,AlliedEsportsEntertainmentInc_20190815_8-K_EX-10.19_11788293_EX-10.19_Content License Agreement,FrequencyPrior,5,1.0,0.21739130434782608,23
44,AlliedEsportsEntertainmentInc_20190815_8-K_EX-10.19_11788293_EX-10.19_Content License Agreement,FrequencyPrior,10,1.0,0.43478260869565216,23
44,BellringBrandsInc_20190920_S-1_EX-10.12_11817081_EX-10.12_Manufacturing Agreement1,FrequencyPrior,3,1.0,0.10344827586206896,29
44,BellringBrandsInc_20190920_S-1_EX-10.12_11817081_EX-10.12_Manufacturing Agreement1,FrequencyPrior,5,1.0,0.1724137931034483,29
44,BellringBrandsInc_20190920_S-1_EX-10.12_11817081_EX-10.12_Manufacturing Agreement1,FrequencyPrior,10,1.0,0.3448275862068966,29
44,"KIROMICBIOPHARMA,INC_04_08_2020-EX-10.28-JOINT VENTURE AGREEMENT",FrequencyPrior,3,1.0,0.125,24
44,"KIROMICBIOPHARMA,INC_04_08_2020-EX-10.28-JOINT VENTURE AGREEMENT",FrequencyPrior,5,1.0,0.20833333333333334,24
44,"KIROMICBIOPHARMA,INC_04_08_2020-EX-10.28-JOINT VENTURE AGREEMENT",FrequencyPrior,10,0.9,0.375,24
44,LOOKSMARTLTD_07_20_2012-EX-99.(D)(I)-SPONSORSHIP AGREEMENT,FrequencyPrior,3,1.0,0.08823529411764706,34
44,LOOKSMARTLTD_07_20_2012-EX-99.(D)(I)-SPONSORSHIP AGREEMENT,FrequencyPrior,5,1.0,0.14705882352941177,34
44,LOOKSMARTLTD_07_20_2012-EX-99.(D)(I)-SPONSORSHIP AGREEMENT,FrequencyPrior,10,1.0,0.29411764705882354,34
44,"DRIVENDELIVERIES,INC_05_22_2020-EX-10.4-CONSULTING AGREEMENT",FrequencyPrior,3,1.0,0.11538461538461539,26
44,"DRIVENDELIVERIES,INC_05_22_2020-EX-10.4-CONSULTING AGREEMENT",FrequencyPrior,5,0.8,0.15384615384615385,26
44,"DRIVENDELIVERIES,INC_05_22_2020-EX-10.4-CONSULTING AGREEMENT",FrequencyPrior,10,0.8,0.3076923076923077,26
44,TubeMediaCorp_20060310_8-K_EX-10.1_513921_EX-10.1_Affiliate Agreement,FrequencyPrior,3,1.0,0.1875,16
44,TubeMediaCorp_20060310_8-K_EX-10.1_513921_EX-10.1_Affiliate Agreement,FrequencyPrior,5,1.0,0.3125,16
44,TubeMediaCorp_20060310_8-K_EX-10.1_513921_EX-10.1_Affiliate Agreement,FrequencyPrior,10,1.0,0.625,16
44,HealthcentralCom_19991108_S-1A_EX-10.27_6623292_EX-10.27_Co-Branding Agreement,FrequencyPrior,3,1.0,0.14285714285714285,21
44,HealthcentralCom_19991108_S-1A_EX-10.27_6623292_EX-10.27_Co-Branding Agreement,FrequencyPrior,5,1.0,0.23809523809523808,21
44,HealthcentralCom_19991108_S-1A_EX-10.27_6623292_EX-10.27_Co-Branding Agreement,FrequencyPrior,10,1.0,0.47619047619047616,21
44,BravatekSolutionsInc_20170418_8-K_EX-10.1_10205739_EX-10.1_Reseller Agreement,FrequencyPrior,3,1.0,0.10344827586206896,29
44,BravatekSolutionsInc_20170418_8-K_EX-10.1_10205739_EX-10.1_Reseller Agreement,FrequencyPrior,5,1.0,0.1724137931034483,29
44,BravatekSolutionsInc_20170418_8-K_EX-10.1_10205739_EX-10.1_Reseller Agreement,FrequencyPrior,10,1.0,0.3448275862068966,29
44,SLOVAKWIRELESSFINANCECOBV_03_28_2001-EX-4.(B)(II).3-Maintenance and support contract for SICAP(R) modules,FrequencyPrior,3,1.0,0.09090909090909091,33
44,SLOVAKWIRELESSFINANCECOBV_03_28_2001-EX-4.(B)(II).3-Maintenance and support contract for SICAP(R) modules,FrequencyPrior,5,1.0,0.15151515151515152,33
44,SLOVAKWIRELESSFINANCECOBV_03_28_2001-EX-4.(B)(II).3-Maintenance and support contract for SICAP(R) modules,FrequencyPrior,10,1.0,0.30303030303030304,33
44,LUCIDINC_04_15_2011-EX-10.9-DISTRIBUTOR AGREEMENT,FrequencyPrior,3,1.0,0.10344827586206896,29
44,LUCIDINC_04_15_2011-EX-10.9-DISTRIBUTOR AGREEMENT,FrequencyPrior,5,1.0,0.1724137931034483,29
44,LUCIDINC_04_15_2011-EX-10.9-DISTRIBUTOR AGREEMENT,FrequencyPrior,10,1.0,0.3448275862068966,29
44,AudibleInc_20001113_10-Q_EX-10.32_2599586_EX-10.32_Co-Branding Agreement_ Marketing Agreement_ Investment Distribution Agreement,FrequencyPrior,3,1.0,0.15,20
44,AudibleInc_20001113_10-Q_EX-10.32_2599586_EX-10.32_Co-Branding Agreement_ Marketing Agreement_ Investment Distribution Agreement,FrequencyPrior,5,1.0,0.25,20
44,AudibleInc_20001113_10-Q_EX-10.32_2599586_EX-10.32_Co-Branding Agreement_ Marketing Agreement_ Investment Distribution Agreement,FrequencyPrior,10,0.7,0.35,20
44,FLOTEKINDUSTRIESINCCN_05_09_2019-EX-10.1-SUPPLY AGREEMENT,FrequencyPrior,3,1.0,0.1,30
44,FLOTEKINDUSTRIESINCCN_05_09_2019-EX-10.1-SUPPLY AGREEMENT,FrequencyPrior,5,1.0,0.16666666666666666,30
44,FLOTEKINDUSTRIESINCCN_05_09_2019-EX-10.1-SUPPLY AGREEMENT,FrequencyPrior,10,1.0,0.3333333333333333,30
44,SPARKLINGSPRINGWATERHOLDINGSLTD_07_03_2002-EX-10.13-SOFTWARE LICENSE AND MAINTENANCE AGREEMENT,FrequencyPrior,3,1.0,0.12,25
44,SPARKLINGSPRINGWATERHOLDINGSLTD_07_03_2002-EX-10.13-SOFTWARE LICENSE AND MAINTENANCE AGREEMENT,FrequencyPrior,5,1.0,0.2,25
44,SPARKLINGSPRINGWATERHOLDINGSLTD_07_03_2002-EX-10.13-SOFTWARE LICENSE AND MAINTENANCE AGREEMENT,FrequencyPrior,10,0.9,0.36,25
44,GULFSOUTHMEDICALSUPPLYINC_12_24_1997-EX-4-AFFILIATE AGREEMENT,FrequencyPrior,3,1.0,0.08108108108108109,37
44,GULFSOUTHMEDICALSUPPLYINC_12_24_1997-EX-4-AFFILIATE AGREEMENT,FrequencyPrior,5,1.0,0.13513513513513514,37
44,GULFSOUTHMEDICALSUPPLYINC_12_24_1997-EX-4-AFFILIATE AGREEMENT,FrequencyPrior,10,1.0,0.2702702702702703,37
44,"ADMA BioManufacturing, LLC - Amendment #3 to Manufacturing Agreement",FrequencyPrior,3,1.0,0.09090909090909091,33
44,"ADMA BioManufacturing, LLC - Amendment #3 to Manufacturing Agreement",FrequencyPrior,5,1.0,0.15151515151515152,33
44,"ADMA BioManufacturing, LLC - Amendment #3 to Manufacturing Agreement",FrequencyPrior,10,0.9,0.2727272727272727,33
44,"CERES,INC_01_25_2012-EX-10.20-Collaboration Agreement",FrequencyPrior,3,1.0,0.13636363636363635,22
44,"CERES,INC_01_25_2012-EX-10.20-Collaboration Agreement",FrequencyPrior,5,1.0,0.22727272727272727,22
44,"CERES,INC_01_25_2012-EX-10.20-Collaboration Agreement",FrequencyPrior,10,0.9,0.4090909090909091,22
44,"HOSPITALITYINVESTORSTRUST,INC_04_07_2014-EX-10.26-FRANCHISE AGREEMENT",FrequencyPrior,3,1.0,0.12,25
44,"HOSPITALITYINVESTORSTRUST,INC_04_07_2014-EX-10.26-FRANCHISE AGREEMENT",FrequencyPrior,5,1.0,0.2,25
44,"HOSPITALITYINVESTORSTRUST,INC_04_07_2014-EX-10.26-FRANCHISE AGREEMENT",FrequencyPrior,10,0.9,0.36,25
44,"NETGEAR,INC_04_21_2003-EX-10.16-DISTRIBUTOR AGREEMENT",FrequencyPrior,3,1.0,0.125,24
44,"NETGEAR,INC_04_21_2003-EX-10.16-DISTRIBUTOR AGREEMENT",FrequencyPrior,5,0.8,0.16666666666666666,24
44,"NETGEAR,INC_04_21_2003-EX-10.16-DISTRIBUTOR AGREEMENT",FrequencyPrior,10,0.9,0.375,24
44,"MEETGROUP,INC_06_29_2017-EX-10.1-COOPERATION AGREEMENT",FrequencyPrior,3,1.0,0.08823529411764706,34
44,"MEETGROUP,INC_06_29_2017-EX-10.1-COOPERATION AGREEMENT",FrequencyPrior,5,1.0,0.14705882352941177,34
44,"MEETGROUP,INC_06_29_2017-EX-10.1-COOPERATION AGREEMENT",FrequencyPrior,10,0.9,0.2647058823529412,34
44,IDREAMSKYTECHNOLOGYLTD_07_03_2014-EX-10.39-Cooperation Agreement on Mobile Game Business,FrequencyPrior,3,1.0,0.1,30
44,IDREAMSKYTECHNOLOGYLTD_07_03_2014-EX-10.39-Cooperation Agreement on Mobile Game Business,FrequencyPrior,5,1.0,0.16666666666666666,30
44,IDREAMSKYTECHNOLOGYLTD_07_03_2014-EX-10.39-Cooperation Agreement on Mobile Game Business,FrequencyPrior,10,0.9,0.3,30
44,LIMEENERGYCO_09_09_1999-EX-10-DISTRIBUTOR AGREEMENT,FrequencyPrior,3,0.6666666666666666,0.09523809523809523,21
44,LIMEENERGYCO_09_09_1999-EX-10-DISTRIBUTOR AGREEMENT,FrequencyPrior,5,0.6,0.14285714285714285,21
44,LIMEENERGYCO_09_09_1999-EX-10-DISTRIBUTOR AGREEMENT,FrequencyPrior,10,0.7,0.3333333333333333,21
44,"MACY_S,INC_05_11_2020-EX-99.4-JOINT FILING AGREEMENT",FrequencyPrior,3,1.0,0.07894736842105263,38
44,"MACY_S,INC_05_11_2020-EX-99.4-JOINT FILING AGREEMENT",FrequencyPrior,5,1.0,0.13157894736842105,38
44,"MACY_S,INC_05_11_2020-EX-99.4-JOINT FILING AGREEMENT",FrequencyPrior,10,1.0,0.2631578947368421,38
44,QuantumGroupIncFl_20090120_8-K_EX-99.2_3672910_EX-99.2_Hosting Agreement,FrequencyPrior,3,1.0,0.12,25
44,QuantumGroupIncFl_20090120_8-K_EX-99.2_3672910_EX-99.2_Hosting Agreement,FrequencyPrior,5,1.0,0.2,25
44,QuantumGroupIncFl_20090120_8-K_EX-99.2_3672910_EX-99.2_Hosting Agreement,FrequencyPrior,10,1.0,0.4,25
44,GlobalTechnologiesGroupInc_20050928_10KSB_EX-10.9_4148808_EX-10.9_Content License Agreement,FrequencyPrior,3,1.0,0.10714285714285714,28
44,GlobalTechnologiesGroupInc_20050928_10KSB_EX-10.9_4148808_EX-10.9_Content License Agreement,FrequencyPrior,5,1.0,0.17857142857142858,28
44,GlobalTechnologiesGroupInc_20050928_10KSB_EX-10.9_4148808_EX-10.9_Content License Agreement,FrequencyPrior,10,1.0,0.35714285714285715,28
44,"GWG HOLDINGS, INC. - ORDERLY MARKETING AGREEMENT",FrequencyPrior,3,1.0,0.08571428571428572,35
44,"GWG HOLDINGS, INC. - ORDERLY MARKETING AGREEMENT",FrequencyPrior,5,1.0,0.14285714285714285,35
44,"GWG HOLDINGS, INC. - ORDERLY MARKETING AGREEMENT",FrequencyPrior,10,1.0,0.2857142857142857,35
44,ArconicRolledProductsCorp_20191217_10-12B_EX-2.7_11923804_EX-2.7_Trademark License Agreement,FrequencyPrior,3,0.6666666666666666,0.07407407407407407,27
44,ArconicRolledProductsCorp_20191217_10-12B_EX-2.7_11923804_EX-2.7_Trademark License Agreement,FrequencyPrior,5,0.8,0.14814814814814814,27
44,ArconicRolledProductsCorp_20191217_10-12B_EX-2.7_11923804_EX-2.7_Trademark License Agreement,FrequencyPrior,10,0.9,0.3333333333333333,27
44,"SPOKHOLDINGS,INC_06_19_2020-EX-10.1-COOPERATION AGREEMENT",FrequencyPrior,3,1.0,0.08571428571428572,35
44,"SPOKHOLDINGS,INC_06_19_2020-EX-10.1-COOPERATION AGREEMENT",FrequencyPrior,5,1.0,0.14285714285714285,35
44,"SPOKHOLDINGS,INC_06_19_2020-EX-10.1-COOPERATION AGREEMENT",FrequencyPrior,10,1.0,0.2857142857142857,35
44,"INTELLIGENTHIGHWAYSOLUTIONS,INC_01_18_2018-EX-10.1-Strategic Alliance Agreement",FrequencyPrior,3,1.0,0.10344827586206896,29
44,"INTELLIGENTHIGHWAYSOLUTIONS,INC_01_18_2018-EX-10.1-Strategic Alliance Agreement",FrequencyPrior,5,1.0,0.1724137931034483,29
44,"INTELLIGENTHIGHWAYSOLUTIONS,INC_01_18_2018-EX-10.1-Strategic Alliance Agreement",FrequencyPrior,10,1.0,0.3448275862068966,29
44,PlayboyEnterprisesInc_20090220_10-QA_EX-10.2_4091580_EX-10.2_Content License Agreement_ Marketing Agreement_ Sales-Purchase Agreement1,FrequencyPrior,3,1.0,0.1875,16
44,PlayboyEnterprisesInc_20090220_10-QA_EX-10.2_4091580_EX-10.2_Content License Agreement_ Marketing Agreement_ Sales-Purchase Agreement1,FrequencyPrior,5,0.8,0.25,16
44,PlayboyEnterprisesInc_20090220_10-QA_EX-10.2_4091580_EX-10.2_Content License Agreement_ Marketing Agreement_ Sales-Purchase Agreement1,FrequencyPrior,10,0.7,0.4375,16
44,NETGROCERINC_07_31_1998-EX-10.15-SPONSORSHIP AGREEMENT,FrequencyPrior,3,1.0,0.1111111111111111,27
44,NETGROCERINC_07_31_1998-EX-10.15-SPONSORSHIP AGREEMENT,FrequencyPrior,5,1.0,0.18518518518518517,27
44,NETGROCERINC_07_31_1998-EX-10.15-SPONSORSHIP AGREEMENT,FrequencyPrior,10,1.0,0.37037037037037035,27
44,CHERRYHILLMORTGAGEINVESTMENTCORP_09_26_2013-EX-10.1-Strategic Alliance Agreement,FrequencyPrior,3,1.0,0.08571428571428572,35
44,CHERRYHILLMORTGAGEINVESTMENTCORP_09_26_2013-EX-10.1-Strategic Alliance Agreement,FrequencyPrior,5,1.0,0.14285714285714285,35
44,CHERRYHILLMORTGAGEINVESTMENTCORP_09_26_2013-EX-10.1-Strategic Alliance Agreement,FrequencyPrior,10,1.0,0.2857142857142857,35
44,"VAXCYTE,INC_05_22_2020-EX-10.19-SUPPLY AGREEMENT",FrequencyPrior,3,1.0,0.11538461538461539,26
44,"VAXCYTE,INC_05_22_2020-EX-10.19-SUPPLY AGREEMENT",FrequencyPrior,5,1.0,0.19230769230769232,26
44,"VAXCYTE,INC_05_22_2020-EX-10.19-SUPPLY AGREEMENT",FrequencyPrior,10,1.0,0.38461538461538464,26
44,"VNUE,INC_07_10_2015-EX-10.1-SPONSORSHIP AGREEMENT",FrequencyPrior,3,1.0,0.1,30
44,"VNUE,INC_07_10_2015-EX-10.1-SPONSORSHIP AGREEMENT",FrequencyPrior,5,1.0,0.16666666666666666,30
44,"VNUE,INC_07_10_2015-EX-10.1-SPONSORSHIP AGREEMENT",FrequencyPrior,10,1.0,0.3333333333333333,30
44,TcPipelinesLp_20160226_10-K_EX-99.12_9454048_EX-99.12_Transportation Agreement,FrequencyPrior,3,1.0,0.08823529411764706,34
44,TcPipelinesLp_20160226_10-K_EX-99.12_9454048_EX-99.12_Transportation Agreement,FrequencyPrior,5,1.0,0.14705882352941177,34
44,TcPipelinesLp_20160226_10-K_EX-99.12_9454048_EX-99.12_Transportation Agreement,FrequencyPrior,10,1.0,0.29411764705882354,34
44,PROFOUNDMEDICALCORP_08_29_2019-EX-4.5-SUPPLY AGREEMENT,FrequencyPrior,3,1.0,0.1111111111111111,27
44,PROFOUNDMEDICALCORP_08_29_2019-EX-4.5-SUPPLY AGREEMENT,FrequencyPrior,5,1.0,0.18518518518518517,27
44,PROFOUNDMEDICALCORP_08_29_2019-EX-4.5-SUPPLY AGREEMENT,FrequencyPrior,10,1.0,0.37037037037037035,27
44,CardlyticsInc_20180112_S-1_EX-10.16_11002987_EX-10.16_Maintenance Agreement3,FrequencyPrior,3,1.0,0.07894736842105263,38
44,CardlyticsInc_20180112_S-1_EX-10.16_11002987_EX-10.16_Maintenance Agreement3,FrequencyPrior,5,1.0,0.13157894736842105,38
44,CardlyticsInc_20180112_S-1_EX-10.16_11002987_EX-10.16_Maintenance Agreement3,FrequencyPrior,10,1.0,0.2631578947368421,38
44,"NETGEAR,INC_04_21_2003-EX-10.16- AMENDMENT #2 TO THE DISTRIBUTION AGREEMENT",FrequencyPrior,3,1.0,0.07894736842105263,38
44,"NETGEAR,INC_04_21_2003-EX-10.16- AMENDMENT #2 TO THE DISTRIBUTION AGREEMENT",FrequencyPrior,5,1.0,0.13157894736842105,38
44,"NETGEAR,INC_04_21_2003-EX-10.16- AMENDMENT #2 TO THE DISTRIBUTION AGREEMENT",FrequencyPrior,10,1.0,0.2631578947368421,38
44,BNCMORTGAGEINC_05_17_1999-EX-10.4-LICENSING AND WEB SITE HOSTING AGREEMENT,FrequencyPrior,3,1.0,0.1,30
44,BNCMORTGAGEINC_05_17_1999-EX-10.4-LICENSING AND WEB SITE HOSTING AGREEMENT,FrequencyPrior,5,1.0,0.16666666666666666,30
44,BNCMORTGAGEINC_05_17_1999-EX-10.4-LICENSING AND WEB SITE HOSTING AGREEMENT,FrequencyPrior,10,1.0,0.3333333333333333,30
44,"BABCOCK_WILCOXENTERPRISES,INC_08_04_2015-EX-10.17-INTELLECTUAL PROPERTY AGREEMENT between THE BABCOCK _ WILCOX COMPANY and BABCOCK _ WILCOX ENTERPRISES, INC.",FrequencyPrior,3,0.3333333333333333,0.04,25
44,"BABCOCK_WILCOXENTERPRISES,INC_08_04_2015-EX-10.17-INTELLECTUAL PROPERTY AGREEMENT between THE BABCOCK _ WILCOX COMPANY and BABCOCK _ WILCOX ENTERPRISES, INC.",FrequencyPrior,5,0.6,0.12,25
44,"BABCOCK_WILCOXENTERPRISES,INC_08_04_2015-EX-10.17-INTELLECTUAL PROPERTY AGREEMENT between THE BABCOCK _ WILCOX COMPANY and BABCOCK _ WILCOX ENTERPRISES, INC.",FrequencyPrior,10,0.8,0.32,25
44,"HC2HOLDINGS,INC_05_14_2020-EX-10.1-COOPERATION AGREEMENT",FrequencyPrior,3,1.0,0.08823529411764706,34
44,"HC2HOLDINGS,INC_05_14_2020-EX-10.1-COOPERATION AGREEMENT",FrequencyPrior,5,1.0,0.14705882352941177,34
44,"HC2HOLDINGS,INC_05_14_2020-EX-10.1-COOPERATION AGREEMENT",FrequencyPrior,10,0.9,0.2647058823529412,34
44,"MARSHALLHOLDINGSINTERNATIONAL,INC_04_14_2004-EX-10.15-ENDORSEMENT AGREEMENT",FrequencyPrior,3,1.0,0.09090909090909091,33
44,"MARSHALLHOLDINGSINTERNATIONAL,INC_04_14_2004-EX-10.15-ENDORSEMENT AGREEMENT",FrequencyPrior,5,1.0,0.15151515151515152,33
44,"MARSHALLHOLDINGSINTERNATIONAL,INC_04_14_2004-EX-10.15-ENDORSEMENT AGREEMENT",FrequencyPrior,10,1.0,0.30303030303030304,33
44,GRANTIERRAENERGYINC_05_07_2012-EX-10.6-TRANSPORTATION CONTRACT,FrequencyPrior,3,1.0,0.10344827586206896,29
44,GRANTIERRAENERGYINC_05_07_2012-EX-10.6-TRANSPORTATION CONTRACT,FrequencyPrior,5,1.0,0.1724137931034483,29
44,GRANTIERRAENERGYINC_05_07_2012-EX-10.6-TRANSPORTATION CONTRACT,FrequencyPrior,10,0.9,0.3103448275862069,29
44,SoupmanInc_20150814_8-K_EX-10.1_9230148_EX-10.1_Franchise Agreement1,FrequencyPrior,3,1.0,0.25,12
44,SoupmanInc_20150814_8-K_EX-10.1_9230148_EX-10.1_Franchise Agreement1,FrequencyPrior,5,0.8,0.3333333333333333,12
44,SoupmanInc_20150814_8-K_EX-10.1_9230148_EX-10.1_Franchise Agreement1,FrequencyPrior,10,0.5,0.4166666666666667,12
44,"GIGGLESN_HUGS,INC_06_23_2016-EX-10.2-STRATEGIC ALLIANCE AGREEMENT",FrequencyPrior,3,1.0,0.09375,32
44,"GIGGLESN_HUGS,INC_06_23_2016-EX-10.2-STRATEGIC ALLIANCE AGREEMENT",FrequencyPrior,5,0.8,0.125,32
44,"GIGGLESN_HUGS,INC_06_23_2016-EX-10.2-STRATEGIC ALLIANCE AGREEMENT",FrequencyPrior,10,0.8,0.25,32
44,LECLANCHÉ S.A. - JOINT DEVELOPMENT AND MARKETING AGREEMENT,FrequencyPrior,3,1.0,0.10344827586206896,29
44,LECLANCHÉ S.A. - JOINT DEVELOPMENT AND MARKETING AGREEMENT,FrequencyPrior,5,1.0,0.1724137931034483,29
44,LECLANCHÉ S.A. - JOINT DEVELOPMENT AND MARKETING AGREEMENT,FrequencyPrior,10,0.9,0.3103448275862069,29
44,SimplicityEsportsGamingCompany_20181130_8-K_EX-10.1_11444071_EX-10.1_Franchise Agreement,FrequencyPrior,3,1.0,0.13043478260869565,23
44,SimplicityEsportsGamingCompany_20181130_8-K_EX-10.1_11444071_EX-10.1_Franchise Agreement,FrequencyPrior,5,1.0,0.21739130434782608,23
44,SimplicityEsportsGamingCompany_20181130_8-K_EX-10.1_11444071_EX-10.1_Franchise Agreement,FrequencyPrior,10,0.9,0.391304347826087,23
44,IMPCOTECHNOLOGIESINC_04_15_2003-EX-10.65-JOINT VENTURE AGREEMENT,FrequencyPrior,3,1.0,0.10714285714285714,28
44,IMPCOTECHNOLOGIESINC_04_15_2003-EX-10.65-JOINT VENTURE AGREEMENT,FrequencyPrior,5,1.0,0.17857142857142858,28
44,IMPCOTECHNOLOGIESINC_04_15_2003-EX-10.65-JOINT VENTURE AGREEMENT,FrequencyPrior,10,1.0,0.35714285714285715,28
44,ADAPTIMMUNETHERAPEUTICSPLC_04_06_2017-EX-10.11-STRATEGIC ALLIANCE AGREEMENT,FrequencyPrior,3,1.0,0.13636363636363635,22
44,ADAPTIMMUNETHERAPEUTICSPLC_04_06_2017-EX-10.11-STRATEGIC ALLIANCE AGREEMENT,FrequencyPrior,5,1.0,0.22727272727272727,22
44,ADAPTIMMUNETHERAPEUTICSPLC_04_06_2017-EX-10.11-STRATEGIC ALLIANCE AGREEMENT,FrequencyPrior,10,0.9,0.4090909090909091,22
