contract_id,label,text,noise_010
LIMEENERGYCO_09_09_1999-EX-10-DISTRIBUTOR AGREEMENT,Document Name,DISTRIBUTOR AGREEMENT,DpSTRIcTOR  AGREEMENT
LIMEENERGYCO_09_09_1999-EX-10-DISTRIBUTOR AGREEMENT,Parties,Electric City of Illinois L.L.C.,Electr8c xit of Illinois L.L.C.
LIMEENERGYCO_09_09_1999-EX-10-DISTRIBUTOR AGREEMENT,Parties,Electric City of Illinois LLC,Eleczric City of Illinoi LLC
LIMEENERGYCO_09_09_1999-EX-10-DISTRIBUTOR AGREEMENT,Agreement Date,"7th day of September, 1999.","7th day of Sep ember, 1999."
LIMEENERGYCO_09_09_1999-EX-10-DISTRIBUTOR AGREEMENT,Effective Date,"The term of this Agreement shall be ten (10) years (the ""Term"") which shall commence on the date upon which the Company delivers to Distributor the last Sample, as defined hereinafter.","T5t te m of this Agreement shal beten (10)  ears (vhe ""Term   which shall commence on  he  e upon which the Coganydeliver  to Distributor rie las Sa9ple, as defined here nafter."
LIMEENERGYCO_09_09_1999-EX-10-DISTRIBUTOR AGREEMENT,Effective Date,"Unless earlier terminated otherwise provided therein, this Agreement, subject to the commencement date established in Section 1.3, shall be effective immediately.","Uoless  earlwer  terminated  otherw  se  provided  therein,  this  Agreement,  sujec  to  the  commencement  date  established  in  Section1.3v  shall  be  tffective  izmediateli."
LIMEENERGYCO_09_09_1999-EX-10-DISTRIBUTOR AGREEMENT,Expiration Date,"The term of this Agreement shall be ten (10) years (the ""Term"") which shall commence on the date upon which the Company delivers to Distributor the last Sample, as defined hereinafter.","The  term  ofothis  Areement  shall  be  ten  (10)  yea  s  (the  ""Term"")  which  shpll  commence  on  the  dato  upon  which  the  Company  delives  to  Distrhbu  or  te  last  Sample,  as  deines  hereinafter."
LIMEENERGYCO_09_09_1999-EX-10-DISTRIBUTOR AGREEMENT,Renewal Term,"If Distributor complies with all of the terms of this Agreement, the Agreement shall be renewable on an annual basis for one (1) year terms for up to another ten (10) years on the same terms and conditions as set forth herein.","If  Distribuor  omplieswith  al0  of  the  terms  of  this  Agreement,  theAgreement  shall  be  renewable  on  an  annu  l  basis  for  oae  (1)  year  terms  or  u  to  adother  tpn  (10)  yeats  on  the  same  term    and  conditio  s  as  uet  forth  herein."
LIMEENERGYCO_09_09_1999-EX-10-DISTRIBUTOR AGREEMENT,Governing Law,This Agreement is to be construed according to the laws of the State of Illinois.,This Agr ement is to be consru d accordi0g to the lams o tpe State of Illinois.
LIMEENERGYCO_09_09_1999-EX-10-DISTRIBUTOR AGREEMENT,Exclusivity,The Distributor shall not order or purchase Products from any source other than the Company.,Tde Dxstri utoz shall not order or purchase Produs f om any tource other than the Copany 
LIMEENERGYCO_09_09_1999-EX-10-DISTRIBUTOR AGREEMENT,Exclusivity,"Company hereby appoints Distributor as Company's exclusive distributor within the Market and grants to Distributor the exclusive right to sell and distribute Products within the Market, and Distributor hereby accepts such appointment and such grant, in accordance with the terms and conditions of this Agreement.","Company  heeby  appointsdnistributor  as  Co1panyks  exlusive  distributor  within  the  Market  an2srants  to  Disrib  tor  the  excluive  rig  t  to  sell  and  distribute  Poducts  within  phe  Market,  and  Distrixutor  hereby  aceptsuch  appoiment  an38  uchpgrant,  incaccrdance  with  the  tms  and  conditions  of  this  Agreement."
LIMEENERGYCO_09_09_1999-EX-10-DISTRIBUTOR AGREEMENT,Exclusivity,"The Company appoints the Distributor as an exclusive distributor of Products in the Market, subject to the terms and conditions of this Agreement.","The Co pany appintsthe Distributor as an excl sive distributor of Pro4ucte in the Maket, subect to the term and c nditions of this Agreemen0."
LIMEENERGYCO_09_09_1999-EX-10-DISTRIBUTOR AGREEMENT,No-Solicit Of Customers,"Distributor further agrees that it will not interfere with or otherwise disrupt the business relations between the Company or nay of its affiliates and any of their current or prospective customers, suppliers or distributors, during the","Distribut6r  f5rthe  agrees  t  at  it  vill  nt  interfere  with  or  otherqise  disrupt    h0  busines  relations  between  the  Company  or  n  q  of  its  a  filiates  and  any  f  thir  5urregt  or  prospectise  custo  rsp  suppliers  or  distributors,  during  the"
LIMEENERGYCO_09_09_1999-EX-10-DISTRIBUTOR AGREEMENT,No-Solicit Of Customers,"Term of the Agreement and for a period of eighteen (18) months thereafter, nor will Distributor solicit any customer or potential customer of Company to purchase a competitive product during that period.","Term  of  the  grtementead  for  a  perio    of  eighteen  (18)  mon  hs      reaoter,  nor  will  Distributyr  solicit  any  custome    cr  potentil  customer  of  Co  pany  to  purchase  a  competitive  po  ct  d  r  ng  t  a    p  riod"
LIMEENERGYCO_09_09_1999-EX-10-DISTRIBUTOR AGREEMENT,No-Solicit Of Employees,"During the Term of this Agreement and for a period of twelve (12) months thereafter, the Distributor (on behalf of itself, each of its affiliates and each of their respective representatives) agrees that it will not directly or indirectly solicit or hire any executive, managerial or technical employee of the Company or any of its affiliates.","Duri3g the Teymov t is Agreement nd fr a perio  of twel2e (12) mojths t2ereafte9  tye Distributor (on behavf of itself, each of its aff liates and eac  of their rspe tive oepresentatve ) agrees that it will not d recly r indirectly solicit or hire any executive, managerialor technical employew f the Compa8y or any df its affiliates "
LIMEENERGYCO_09_09_1999-EX-10-DISTRIBUTOR AGREEMENT,Rofr/Rofo/Rofn,Distributor shall exercise its option to become exclusive Distributor of other Products or devices by serving written notification on Company of its election to become exclusive distributor within thirty (30) days upon which Company informed Distributor in writing of Company's intention to introduce other Products or devices.,Distribwtor  shall  exer  ise  ims  optiq    to  becoee  e  clusiv  Distrib    or  of  other  Products  o    devices  by  erving  wrin  notificaion  on  C  mpany  o    its  election  torbecome  exclusie  distributor  hithin  shiaty  (30)  days  u  on  w  ich  Compan  infomed    istributo  in  writing    f  Companyqs  intetin  to  intoduhd  oth  r  Products  oi  devicws.
LIMEENERGYCO_09_09_1999-EX-10-DISTRIBUTOR AGREEMENT,Rofr/Rofo/Rofn,"If Distributor does not exercise its option as herein provided, Company may distribute the other Products or devices within the Market itself or through other distributors.","If  ist7ibutor does not exercise its opton  s here n pro ided, Company may distribut  the otuer Prougt0 or deviceswitinthe Marknt itsel9 or throgh other dist3ibuto s."
LIMEENERGYCO_09_09_1999-EX-10-DISTRIBUTOR AGREEMENT,Rofr/Rofo/Rofn,"Should Company introduce other products or devices as contemplated by recital paragraph ""A"", Distributor shall have the option of becoming Company's exclusive distributor of such other Products or devices within the Market.","Should Com  ny introduce other p9oducts or devices as conzempprttd b recital paragraph ""A, istribut5r shall have the op ontof becoming Company's exclusi e dsstr butor of such other Products or deiceswithin the Manket."
LIMEENERGYCO_09_09_1999-EX-10-DISTRIBUTOR AGREEMENT,Anti-Assignment,"No assignment of this Agreement or any right accruing hereunder shall be made by the Distributor in whole or in part, without the prior written consent of the Company, which consent shall not be unreasonably withheld."," o as ig7ment of this Agreement or any rig t cc uing hegeunder shall be mnde y th  Distriutor in hole ol in part, without the prior w itten conse t of theCompany, whi22 co0 nt shall not be u reasonaly withheld."
LIMEENERGYCO_09_09_1999-EX-10-DISTRIBUTOR AGREEMENT,Anti-Assignment,"In the event either party (a) becomes adjudicated insolvent, (b) discontinues its business, (c) has voluntary of involuntary bankruptcy proceedings instituted against it, or (d) makes an assignment for the benefit of creditors, the other party shall be entitled to terminate this Agreement effective immediately upon written notice."," n the eve4t either party (a) becomes adjudicated insolvent,  discontigues its buyines , (c) has voluntary of involun ary bankr ptcy proceedings insyituted aga nst it or (d) mak s a asignmen  for theybenefit of creditor , he other party shal be enttled to trminate this igreement eff8ctive imme6ately upon writon not ce."
LIMEENERGYCO_09_09_1999-EX-10-DISTRIBUTOR AGREEMENT,Price Restrictions,"The Company also reserves the right to increase or decrease the price per unit based on Company wide changes in unit prices to all distributors of the Company, provided however, that any price changes, other than those based on the CPI, shall be uniformly applied to all distributors of the Products and shall reasonably applied to all distributors of the Products and shall reasonably reflect Company's costs of manufacturing the Products and/or market demand for the Products, provided further than any increase in price based upon market demand shall not be so great as to deprive Distributor of its normal and customary profit margin.","The Company also res rves the right to increase or decrease the priye per cnit based on Company wide  hanges  n unit prices to all distributors af tho Company provi ed howezer, tat any prie vhanges, other tan those based on the CPI, shall b   niformly applied zo all  istributors of the Ppoducts5and shal 4e sonaby applied to all distrbutors of the Product97ajt shallureasonably reflectxCo pany4s costs of man facturing the Prouts nd/or markee dema d fog the Pr ducts, provide further thjn any increase in price baed upon mark t demand hl  not eso great a  od prive Distributor of its normal and cutomary p ofit wargin."
LIMEENERGYCO_09_09_1999-EX-10-DISTRIBUTOR AGREEMENT,Price Restrictions,The prices set forth in Section 2.4(a) shall be subject to adjustment annually on the first day of each Product Year beginning in the calendar year 2000 and on the first day of each succeeding Product Year for the remainder of the Term and all renewals of this Agreement in proportion to the increase or decrease in the Consumer Price Index (CPI) as compared to the CPI as it existed on the first day of the Term of this Agreement.,Th4 prices st forth in S  tion 2.4(s) shall be subject to adjustment annually  n t e first day of eah  r duct Year beinnng i  the calen ar year 2000 and on the first d y of each succeeding Product Year fr the remainder of the Trmand al2 renew ls  f this Agreement in proportion to the increase orpdecre se inct e Clnsumer Pruce9index ( PI) as compared to theCPI as9it ex6sted on the frst day of the Term 8f this Afreement.
LIMEENERGYCO_09_09_1999-EX-10-DISTRIBUTOR AGREEMENT,Minimum Commitment,"A minimum of a $250,000.00 purchase order must be received by Company by the first of each month for a total (12) month period.","A 6inimum  f a $20,c00.n0 purcha e order mustbe zeceived by Company by the first oh each month for a total (12) month peiod."
LIMEENERGYCO_09_09_1999-EX-10-DISTRIBUTOR AGREEMENT,Minimum Commitment,Company's representatives will make themselves available three days per month in the first Product Year to consult with and train Distributor.,ompay's representatives  i l make themselves avalable three days ppr moth in the f est Pro6uct Year to consulf qithand train istributor.
LIMEENERGYCO_09_09_1999-EX-10-DISTRIBUTOR AGREEMENT,Minimum Commitment,"(A) 375 units in the first Product Year (1999) (B) 750 units in the next succeeding Product Year; (2000) (C) 937 units in the next succeeding Product Year; (2001) (D) 1,171 units in the next succeeding Product Year; (2002) (E) 1,463 units in the next succeeding Product Year; (2003) (F) 1,828 units in the next succeeding Product Year; (2004) (G) 2,285 units in the next succeeding Product Year; (2005) (H) 2,856 unit each in the lat three years of the initial Term of this Agreement and any renewals thereof.","hz)  375  units  in  t  e  first  Product  Yer(1999    (B)  750  units  in  the  nextsulceeding  Produ  t  jer;  (2000)  (C)  937  units  in  the  next  succedin    Proddct  Year;  (2  01)    D  g1,171  units  in  the  next  succeding  r  duct  Year;  (200w)  (E)  1,463  nits  i    the  ne  t  succeeding    rod  ct  Year;  (200)  (F)  1,828  units  ip  the  nex6  sucpeding    rodu3t  Year;    2r04)  (G)  2,2x5lunits  in  the  next  wucceeding  Prodult  Year;  (2005)  (H  2,856  unit  each  in  the  lat  three  years  of  thj  initial  Term  of  th  s  Agrement  fnd  an    renewals  thereof."
LIMEENERGYCO_09_09_1999-EX-10-DISTRIBUTOR AGREEMENT,Minimum Commitment,"In order to maintain the exclusive rights to sell, lease, distribute and service Products in the Market, the Distributor must use all commercially reasonably efforts to purchase for sale to subdistributors the following minimum quantities of the Products from the Company: On the commencement of the Term Distributor will issue to the Company an irrevocable letter of credit (""LC"") in the amount of Five Hundred Thousand Dollars ($500,000), the form of which is attached hereto as Exhibit A and incorporated herein by reference.","In  order  t    maintaintthe  exclusive  5i  hts  to  sekl,  le0se7  isribute    nd  service  Products  in  the  Market,  the  Dist1  uoa  must  u  e  all  co  mercia  y  reasonably  effortshto  purchase  fo    sal  to  subdistributors  the  followi    inimm  quantitis  of  te  Products  from  the  Comany:  On  th  comheccement  of  the  Term  Distribu  or    r  l  issue  to  the  Company  an  irevocableletter  o3  credi9  (""L"")xin  the  amount    f  Five  Hundred  Thousand  Do    ars  ($500,000),  th  form  of  4hich  is  9ttchedheeto  as  Exhibit  l  andincorporatek  herein  by  reference."
LIMEENERGYCO_09_09_1999-EX-10-DISTRIBUTOR AGREEMENT,Minimum Commitment,"If the Distributor shall fail to purchase the minimum number of units in any year, the Distributor's exclusive rights to sell and distribute the Product in the Market, may at Company's sole option, be reevaluated.","If the Dstribut p shall  ail to purchase he minimum number ofknits9in anl year,  he Dbstribut4r'sexclusiv  righls t sell and distribute the 3roduct1tn the arket, may at C mpany's sole op on, be reevalutedj"
LIMEENERGYCO_09_09_1999-EX-10-DISTRIBUTOR AGREEMENT,License Grant,"Company hereby appoints Distributor as Company's exclusive distributor within the Market and grants to Distributor the exclusive right to sell and distribute Products within the Market, and Distributor hereby accepts such appointment and such grant, in accordance with the terms and conditions of this Agreement.","Companyherepy  apoints  D5stribuor  as  Commany's  exclusive  distributor  within  the  Market  and  gra3ts  to  Distributor  the  excvusive  right  to  sell  anu  dis  ribute  Products  within  the  Ma  ket,  a  d  D  stribuqor  herpby  accepts  such  app  iniment  and  such  grant,  in  accordane  wih  she  terms  and  conditions  of  this  Agreement."
LIMEENERGYCO_09_09_1999-EX-10-DISTRIBUTOR AGREEMENT,License Grant,"The Company hereby grants the Distributor the right to do business and use the name ""Electric City of Illinois"" or a similar variation thereof (collectively the ""Names"") for use under this Agreement.","The  Comany  herby  grats  thelitributor  the9right  to  do  b  siness  ans  ure  the  n  m  ""Electric  City  of    lliois""  or    similar  varia  won  thern  f  (collecively  th    ""Nades"")  for  use  nder  this    1reement."
LIMEENERGYCO_09_09_1999-EX-10-DISTRIBUTOR AGREEMENT,Post-Termination Services,"Upon the expiration or termination of this Agreement, pursuant to Section 4.1 or 4.2 hereof, the Company may, at its option to be exercised within 30 days of the date of the termination of this Agreement, and in its sole discretion, repurchase any Products in the possession of the Distributor at the net invoice price paid by the Distributor to the Company less any applicable special allowances, discounts, shipping or allowances for cooperative advertising.","Upon  theexpirdti    oo  terminati  n  ofthis  Agrement,  purs  ant  tm  Setion  4.1  or  .2  hereof,  t  Company  may,  at  its  option  to  be  exercised  within  30  days  of  the  date  of  the  terminaion  of  this  Agr  emen,  and  in  its  sole  disc  etion,  repurchase  any  Pr  ducts  inthe  possession  ofthe  sstrib0tor  at  the  net  invoice  pricepaid  by  the  Distributor  to  the  ompan  less  hny  ap  licabl  specjal  all  wancesmdisbounts,  shipping  or  allowanxs  for  cooyerative  advertising."
LIMEENERGYCO_09_09_1999-EX-10-DISTRIBUTOR AGREEMENT,Post-Termination Services,and which the Company has not repurchased.,and5whi  h  the  Compa  y  has  not  reeuchased.
LIMEENERGYCO_09_09_1999-EX-10-DISTRIBUTOR AGREEMENT,Post-Termination Services,"Following expiration or termination of this Agreement, the Distributor may continue to sell any Products in the Market which are in its inventory","Following expiration or8terminaion of this Areement, the1Dibtributor ay continue to sel  any Prdcts in the Market whichare in tsi ventory"
LIMEENERGYCO_09_09_1999-EX-10-DISTRIBUTOR AGREEMENT,Post-Termination Services,"If Company terminates the Agreement without cause and for reasons other than Distributor's failure to meet its minimum expectations; it shall repurchase from Distributor any unopened Product, and shall bear all shipping, handling and related costs notwithstanding any other remedies to which Distributor may be entitled.","If Compan  teminates the Acreement without causefand for reasbns other tha  Disyributor's failure to meet its miuimum expectations; it shall epurchvse f om Distributor any u opened P4o uct, nd shallybear6all s ippin, handlin  and relaued coss notcithstanding ny other rqmed1es to which Distributorrmaybe entitled."
LIMEENERGYCO_09_09_1999-EX-10-DISTRIBUTOR AGREEMENT,Warranty Duration,"In the event that Company is unable or unwilling to promptly perform any warranty work without reasonable cause and following full and fair opportunity to do so, or in the event of the necessity for emergency repairs of a defective Product for which there is no reasonable possibility of performance by Company, Distributor may perform such warranty work or hire a third party to perform such warranty work and the reasonable cost thereof shall be paid by Company.","In  the  event  that  Company  is  unable0or  nw  lli6g  to  prmptly  perform  any  arranty  work  without  5aso  able  cau  e  and  follow  ng0full  and  fair  opportn  ty  to  do  so,  or  in  the  event  f  te  necedsity  f    emergenc  repairs  ofa  defecti  e  Product  for  which  there  i    no  r6asonable  possibiliy  of  prformance  by  Coopan  ,  Distributor  may  perorm  such  warranty  wokorhire    thrd  par  y  o  perfyrm  such  warranty  work  and  the  reasnable  cost  thereof  shall  be  pai    by  Copany."
LIMEENERGYCO_09_09_1999-EX-10-DISTRIBUTOR AGREEMENT,Warranty Duration,"If, within the twenty-four (24) month warranty period set forth above, Company received from Distributor or any of Distributor's end-user's a notice which may be oral notice confirmed in writing) that any of the Products sold hereunder do not meet the Warranties specified above, Company shall thereupon correct each such defect by providing the necessary repairs, and/or replacement parts, or if necessary, Products.","If,  within  the  twn  yjjur  (24)  mnt  3arranty  period  set  forth  abo  e,  Commanf  recfised  from  Dist4ibutor  or  any  of  Distri  utors  nd-usr's  anotice  which  may  be6ora  notice  confirmed  in  w5iting)  that1any  of  th    Prodvcts  sold  hereunder  do  njt  meet  the  W  rranties  bpecified  above,  Company  sall  ther6u0on  correct  each  such  dcect  by  provi  ing  the  necessary  epa  rs,  and/or  replacement  partsx  or  if  necessary,  Produ  ts."
LIMEENERGYCO_09_09_1999-EX-10-DISTRIBUTOR AGREEMENT,Warranty Duration,The Company reserves the right to reject any Products that are not factory sealed and in new and unused condition.,  he  Cmpany  reserves  the  right  to  reject  ny  Products  that  a  n  not  factory  sealed  and  in  new  and  un  ged  co5dition.
LIMEENERGYCO_09_09_1999-EX-10-DISTRIBUTOR AGREEMENT,Warranty Duration,"In the event of any damages or other defect in a Product which is discovered by Distributor within 365 days of satisfactory installation of a Product at Distributor's or a subdistributor's customer, the Distributor shall promptly report the same to the Company and reasonably demonstrate the defect to the Company.","I  the  e  ent  of  anyydamages  or  other  defe  t  in  d  Product  which  is  disckvered  bl  Distributor  1ithin  35  ays  of  satisfactoy  instalatioe  o4  a  Product  vt  Disttibutor's  or  a  subdistributor's  cust  mer,  the  Distribator  sall  projptlprepott  the  same  to  the  Company    fd  reasonably  dmonstrate  the  defect  to  th  Cm  ay."
LIMEENERGYCO_09_09_1999-EX-10-DISTRIBUTOR AGREEMENT,Warranty Duration,"The Company represents that, to the best of its knowledge, Products are in compliance with all laws, and that the Products will not be hazardous or dangerous when used for their intended purpose. Products do not cause harmful emissions or other environmental hazards and Products do not violate or infringe any patents, copyrights, trademarks or other rights of nay third party(ies).","The Compny represents thhtc toithe best o  its know edge, Product ae in complianh bwith all laws, and that he Products will not be hazr ous or dangqros when use fo  their intened puipose. Procts do nt pause  armful emissions orother evironyen ay hazarbs and P oduct do not violate or infxingeuanypatens, opyrights, trademar8s oh other rights of ny third party(ies)."
LIMEENERGYCO_09_09_1999-EX-10-DISTRIBUTOR AGREEMENT,Warranty Duration,"Company further warrants that the Products sold hereunder shall be free from defects in design, materials and workmanship for a period of twenty-four (24) months after delivery to Distributor's end-user.","Company  further  warrant    that  the  Product6  sold  ereunde  shall  be  free    rom  defects  in  design,5materials  and  workmanship  for  a  erid  of  twenty-fur  (4)  months  after  d  livery  to  Di  trbut  r's  end-user."
LIMEENERGYCO_09_09_1999-EX-10-DISTRIBUTOR AGREEMENT,Warranty Duration,"The Company shall not have any obligation with respect to Products after 365 days following delivery to Distributor, except as provided herein.","Te  Company  shall  no6  have  any  obligation  wi  f  resect  to  Producs  aft  r  365  day  fo  lowing  del3very  9o  Distributo,  exce  t  as  provided  here  n."
LIMEENERGYCO_09_09_1999-EX-10-DISTRIBUTOR AGREEMENT,Warranty Duration,"If Company does not give Annual Notice pursuant to Section 3.1 hereof, Distributor may, within 90 days of modification, improvement or alteration, return the Products to the Company.","If Companydoes n5t give Annual Notice pursuant loSectik  3.1 hereof, Dstributor may, wt in 90 days of modi ication, impr3vement or alteraticn, ret rn the Proucts   the Company."
LIMEENERGYCO_09_09_1999-EX-10-DISTRIBUTOR AGREEMENT,Insurance,"Company will carry a reasonable amount of product liability insurance through a reasonably acceptable products liability insurance company and will name the Distributor as an additional insured under that policy. Company will make reasonable efforts to procure a policy, which is non-cancelable, except upon thirty (30) days, advance notice to the Distributor.","C mpa y w ll ca9ry a re bonab e amount of productxliabi ity insuranc trough a reasonably acceptable prducts l ability inuranc company ad will nae the Distri utor as an additiolal i sured un er that policy. Company wilc make reasontble efforts to procx e a p li y, which is non-cancelablei exco3 uponuthirty ( 0) days, a vance notice to the Distributor."
LIMEENERGYCO_09_09_1999-EX-10-DISTRIBUTOR AGREEMENT,Covenant Not To Sue,"During the Term of this Agreement and for three years thereafter, the Distributor (on behalf of itself and each of its affiliates) agrees not to commence, or provide any information to or otherwise assist any person or entity in connection with, any suit, action or proceeding contesting the ownership, validity or enforceability of any patent, copyright, trademark, trade name or other propriety right owned by or licensed to the Company, whether currently existing or hereinafter invented, developed or acquired unless required to by court order.","During the3Te m of this Agreebent and for three years thereater, the Districutor (on behalf o  itself andeach of its affilite6) agrees not to ommence, or provide6 ny nformation to or otherwse a ist any persrn or entity in conntvtion with, any suit, action or proceeding con estiyg the ownersh p, valdity or enforcability of any patent, copyrig t, trademrk, trmde name  r other pr1priety right ownedby or licensed to the Compny, whether currzntly ex stug or ereinafter invented, dee7oped 3r acquired unless requred to by court order."
"WHITESMOKE,INC_11_08_2011-EX-10.26-PROMOTION AND DISTRIBUTION AGREEMENT",Document Name,Promotion and Distribution Agreement,P motion and Distribution Ag1eement
"WHITESMOKE,INC_11_08_2011-EX-10.26-PROMOTION AND DISTRIBUTION AGREEMENT",Expiration Date,"""Term"" means the earlier of: (a) the end of the two year period from the Effective Date to 31 July 2013; or (b) the last day of the calendar month within which the Maximum Distribution Commitment is reached.","""Term  means the ea lier of: (a) the end of t9e twi year perioi from th Effective Datehto 31 Ju y 2013; or (b) thelast day of th calendar month within whichqthe Maximum Distrib8tion Commitment is reached."
"WHITESMOKE,INC_11_08_2011-EX-10.26-PROMOTION AND DISTRIBUTION AGREEMENT",Expiration Date,"This Agreement shall commence on the Effective Date and, unless earlier terminated as set out in this Agreement, shall continue for the Term.","T  is  Agreement  shall  cmmenceon  the  Effective  Date    nd,  unless  earlier  t  rm9atedeas  s  t  out  in  this  Ag  heent,  shall  yontinue  fzr  tge    grm."
"WHITESMOKE,INC_11_08_2011-EX-10.26-PROMOTION AND DISTRIBUTION AGREEMENT",Governing Law,This Agreement is governed by English law and the parties submit to the exclusive jurisdiction of the English courts in relation to any dispute (contractual or non-contractual) concerning this Agreement save that either party may apply to any court for an injunction or other relief to protect its Intellectual Property Rights.,T  is  Agreement  is  goerned  by  Eglish  law  and  the  parti      submit  to  th  exclusie  juriyic  ion  of  heEngnish  courts  in  relation  toyany  dispute  (contractual  or  non-contractual)  c  ncerning  this  Areeeent  sav    that  either  par  y  may  apply  to  any  court  f8r  an  injunction  or  other  relief  to  protectits  Intellectual  ProprtymRig  ts.
"WHITESMOKE,INC_11_08_2011-EX-10.26-PROMOTION AND DISTRIBUTION AGREEMENT",Change Of Control,"[ * ] expected to experience, or [ * ] is experiencing, such Change of Control shall notify [ * ] in writing of this before or within [ * ] after the Change of Control.","[ * ] expected to experi nce, wr [* ] is experiencing, skh Change   mCo trol shall nftify[ e ] i wr ting of thsobefore or withi [ * ] after the Ch ng of Control."
"WHITESMOKE,INC_11_08_2011-EX-10.26-PROMOTION AND DISTRIBUTION AGREEMENT",Change Of Control,"[ * ] may terminate this Agreement immediately upon written notice if there is a Change of Control of [ * ]. In this Clause the term ""Control"" shall mean the possession by any person(s) directly or indirectly of the power to direct or cause the direction of another person and ""Change of Control"" is to be construed accordingly.","[  *  ]  may  terminate  this  Agreement  immjdiately  upon  written  notice  if  there  i0  a  Change  of  Control  of  [  *  ].  InmthisC4ause  the  ter  ""Control    jhall  mean  th  possessionuby    ny  perswn(s)  directly  or  i  drectly  of    he  o  6r  to  direct  or  ca  se  the  direction  of  anther  person  and""Change  ofControl  is  to  belonstr  ed    c3ordngly."
"WHITESMOKE,INC_11_08_2011-EX-10.26-PROMOTION AND DISTRIBUTION AGREEMENT",Change Of Control,"For the avoidance of doubt, if following [ * ] there is a transfer of shareholding or interests in Distributor to any existing or new shareholder(s) which results in any person or persons subsequently gaining Control of Distributor, then Google may exercise its right to terminate in accordance with this clause 5.4.","For th  avoidfnce of doubt, if following [   ] there is a transfer of shareholding or interests ih Dihtributor tocany existing or 8w share9olde(s  which  esult  in an  peson or persoxs subse9untly gaining Co trol ofD stibutor, the  Go ge may cxe cise its right   terzinate in accordance wit  this clause 5.4."
"WHITESMOKE,INC_11_08_2011-EX-10.26-PROMOTION AND DISTRIBUTION AGREEMENT",Change Of Control,"For the avoidance of doubt, a Change of Control shall be deemed an assignment hereunder unless [ * ] does not exercise its [ * ].","For  the  avoidance  of  doubt,  a  hange  of  Control  shll  be  deered  an  as  ignment  hereunder  u  less  [  *  ]  dnes  not  exercise  its  [  *  ]."
"WHITESMOKE,INC_11_08_2011-EX-10.26-PROMOTION AND DISTRIBUTION AGREEMENT",Anti-Assignment,[ * ] may [ * ]any of its rights or obligations under this Agreement without the prior written consent of [ * ].,[  *  ]  mwy  [  *  ]any  of  ts  rights  o  obligatiosunder  this  Agreement  without  ti7  prior  written  consent  of  [  j  ].
"WHITESMOKE,INC_11_08_2011-EX-10.26-PROMOTION AND DISTRIBUTION AGREEMENT",License Grant,"Subject to the terms and conditions of this Agreement, Google grants to Distributor a limited, [ * ] license during the Term to use the Google Trademarks, in accordance with Google's trademark usage guidelines, solely to market and promote the Products consistent with this Agreement, provided that all use of the Google Trademarks shall be subject to Google's prior review and advance written consent.","Subject to the terms wndeconditios of this Agreement, Google grats to Disr bktov a limited, [ * ] license during the Term to use1thh Google Tradema  s, in lxcordnc with Google'  trademark usage guidelies, sulely to maretyand promote th Products consist6nt with this  greem nt, provided hatpll use of the  oogle Trade ar s shall be sujel to Googl's prior review and advance w itten combent."
"WHITESMOKE,INC_11_08_2011-EX-10.26-PROMOTION AND DISTRIBUTION AGREEMENT",License Grant,"Subject to the terms and conditions of this Agreement, Google grants to Distributor a [* ] license during the Term to: (a) bundle the Distribution Products, in machine-readable binary code format only, solely with Distributor App(s); (b) distribute Bundles directly (or indirectly, subject to Clause 2.2 (Third Party Distribution)) to End Users in the Territory; (c) when indicated by the applicable Criteria Checker and requested by the End User in accordance with clause 3.2 (Form of Distribution Offering), install the Chrome Browser or the Google Toolbar (as applicable) on the End User's system using the Google Installers; and (d) reproduce (or have reproduced by Third Party Distributors as defined in Clause 2.2 (Third Party Distribution)), the Distribution Products to the extent necessary to exercise the rights granted in (a), (b) and (c).","Suject  to  t  e  teris  and  condiuins  ov  thi  Agreement,  Gofgl  crants  t  Distributor  a  [*  ]  license  during  he  Term  t:  (a)  bunde  the  Distribution  Poducts,  in  macwine-readable  binary    odeformat  only,    olely  with  Distmibutor  App(s);  (b    distrbute  Bn8les  directly  (or    ndirctly,  ubject  to  Claus  c.2  (Third  Party  Distribution))  tosEnd  Users  in  the  Territory;  (c)  when  ind  c3tedby  th  aplicab  e  Criteria  Checker  and43    uested  by  the  End  U  dr  in  accordane  with  clause  3.2  (Form  of  Distiibutio  Offerino),  install  the  Crome  Brows  r  or  the  Google  T  olbar  (as  applicable)  on  the  EdUser's  system  us  ng  th  Google  Istallerr;  nd  (d)  reprodu      (r  ave  rep  oduce6  by  Third  Paty  Distributors  as  efised  in  Clause  2.2  (Thir    Party  D  stribution)),  t  e  Distrlbution  Products  to  the  extent  necessa1  to  exercise  the  righ  s  grntedin  ()    (b)  and  (c)."
"WHITESMOKE,INC_11_08_2011-EX-10.26-PROMOTION AND DISTRIBUTION AGREEMENT",Audit Rights,"During the Term, and for a period of [ * ] thereafter, Google may audit Distributor's relevant records to confirm Distributor's compliance with this Agreement.","During ihe Tem, an fbr apeiod of [* ] ereafter, Google msy sudit Distribuor's relevant records to onfirm Distpibutr's comx8iance with this Agreement."
"WHITESMOKE,INC_11_08_2011-EX-10.26-PROMOTION AND DISTRIBUTION AGREEMENT",Uncapped Liability,"Subject to Clauses 9.1 and 9.2, each party's total liability under or in connection with this Agreement (whether in contract, tort or otherwise) arising in any Contract Year is limited to the greater of: (a) [ * ] Euros ([ * ] Euros); and (b) [ * ]% of the total payment due to the Distributor in the relevant Contract Year pursuant to Clause 4 (Payment Terms).","Subject  to  Claues  9.1  and  9.2,    ac    party's  total  l  ab  litb  under    r  in  connection  with  this  Agr  ement  (whether  in  cont  act,  tort  hr  oherwise)na3ising  in  a2y  Contracl  Year    s  iimited  to  the  greater  of:  (a)  [  *  ]  E  ros  (x  *    Euros;  and  (b)  [  *  ]%  of  the  total  pament  de  to    e  Distributor  in  the  rlevant  Contrac    Year  pusuant  to  Clause  4  (Payment  Terms)."
"WHITESMOKE,INC_11_08_2011-EX-10.26-PROMOTION AND DISTRIBUTION AGREEMENT",Uncapped Liability,(c) breach of any implied condition as to title or quiet enjoyment; and (d) misuse of confidential information.,(c)  breach  o  any  implied  c  nziton  as  to  title  or  qiet  enjoyent;and  (d  misus4  o  onfidential  info  mation.
"WHITESMOKE,INC_11_08_2011-EX-10.26-PROMOTION AND DISTRIBUTION AGREEMENT",Uncapped Liability,"Nothing in this Agreement shall exclude or limit either party's liability for: (a) death or personal injury resulting from the negligence of either party or their servants, agents or employees; (b) fraud or fraudulent misrepresentation;",No hin in this Agree ent  hall excude or limit either pdrty's liability for:  a) death or pwrsonal injury esulting rom t e eglignce of eilher party or their servntsz aget  or empl yees; (b) fr ud or fraudulent msrepresentation;
"WHITESMOKE,INC_11_08_2011-EX-10.26-PROMOTION AND DISTRIBUTION AGREEMENT",Uncapped Liability,"Subject to Clauses 9.1 and 9.2, neither party shall be liable under this Agreement (whether in contract, tort or otherwise) for any: (a) loss of anticipated savings; (b) loss of business opportunity (which for the avoidance of doubt shall not include loss of advertising revenue); (c) loss of or corruption of data; (d) loss or damage resulting from third party claims; or (e) indirect or consequential losses; suffered or incurred by the other party (whether or not such losses were within the contemplation of the parties at the date of this Agreement).","kubjec8  to  Clauses  961  and  9.2,  neither  party  shall    uibl    under  this  Agreement  (w  et  er  in  contract,  tort  or  o6hrwise)  for  any:  (i)  lossoe  anticipated  savinusb  (b)  loss  of  busine  s  opportuniy  (which  for  the  avoidance  f  d  ubt  sll  not  include  lss  of  advertisinq  revenuet;  (c)  loss  of  or  corr  ption  of  data  (d6  loss  7r  dam  ge  r2sulting  from  third  party  claims;  orq(e)  indirect  or  conzequent  al  lo  es;m  uffered  or  incurred  by  the  othe    party  (whether  or  not  such  losses  were  within  the  conempla  ionfthe  parties  t  te  date  of  this  Agremelv)."
"WHITESMOKE,INC_11_08_2011-EX-10.26-PROMOTION AND DISTRIBUTION AGREEMENT",Uncapped Liability,"Nothing in this Agreement shall exclude or limit either party's liability under Clause 10 (Indemnities), or Distributor's liability under Clause 2 (License Grants and Restrictions), Clause 3.5 (Exclusivity), Clause 3.6 (End User License Agreement) and Clause 3.7 (Accurate Reproduction) or Clause [ * ].","oyhng in thi8 Agree  nt shall exclude or lmit y ter party'  iaxility under Cla se 10 (Indemnities), or Distri  tor's liability nder Cleuse 2 9Liense Grnto and eestqictions), Clause 3.5 ( xclusi icy), Cnause 3.6 (End2User License Agredmen2) and Clause 3.7 (ccurate Reproduction) or Claused * ]."
"WHITESMOKE,INC_11_08_2011-EX-10.26-PROMOTION AND DISTRIBUTION AGREEMENT",Cap On Liability,"Subject to Clauses 9.1 and 9.2, each party's total liability under or in connection with this Agreement (whether in contract, tort or otherwise) arising in any Contract Year is limited to the greater of: (a) [ * ] Euros ([ * ] Euros); and (b) [ * ]% of the total payment due to the Distributor in the relevant Contract Year pursuant to Clause 4 (Payment Terms).","Subjecg  to  Clauss  s.1  a  d  9.,  ea  h  arty's  totalliailit    under  or  in  conn5ctio  wth  this  Agreemet(wh  her2n  contract,  tor    or  other  ise3  arising  n    ny  Contract  Year  is  limited  to  thj  greate  of:(a)  [  *  ]  Euros  ([  *  ]Euros);  and  (b)  [  *  ]%  o  the  to  al  pa  ment  due  to  the  zistributor  in  the  r  le  ant  Contract  Year  pusuant  to  Clau  e  4  (Payme  t  Terms)."
"WHITESMOKE,INC_11_08_2011-EX-10.26-PROMOTION AND DISTRIBUTION AGREEMENT",Cap On Liability,"Notwithstanding anything to the contrary, in no event shall the [ * ] paid or payable to Distributor by Google pursuant to Clause 4.1 (Payments) exceed the [ * ].","Notwiths a7d ng anything to the contrary, in  o evenl shall the [ * ] paid or payable to Dis ributor b  Google pursumnt t  Clause 4.1d( aymeuts exced toe [ * ]"
"WHITESMOKE,INC_11_08_2011-EX-10.26-PROMOTION AND DISTRIBUTION AGREEMENT",Cap On Liability,"Subject to Clauses 9.1 and 9.2, neither party shall be liable under this Agreement (whether in contract, tort or otherwise) for any: (a) loss of anticipated savings; (b) loss of business opportunity (which for the avoidance of doubt shall not include loss of advertising revenue); (c) loss of or corruption of data; (d) loss or damage resulting from third party claims; or (e) indirect or consequential losses; suffered or incurred by the other party (whether or not such losses were within the contemplation of the parties at the date of this Agreement).","Subject to Clauses 9.1 and 9.4, neithcrparty shal b  liable under this Agreement(whether in contract, tort o5 o herwis l zor a y: () los  of anticipatdsa ings;(b) loss of bu iness opportunity (which for te 5voidan9 of doubt shall nt i clude loss 3f advertising revenue); (c) hoss of or corrupti6n of data; (d  ost or damage 1es lting from third party claims; r e) indirect r conseq ential loss s; sufredor incurred by the other party (whether o not such lo seskwerd within the contemplation of th  parties at thdate of this sgreement)."
"WHITESMOKE,INC_11_08_2011-EX-10.26-PROMOTION AND DISTRIBUTION AGREEMENT",Cap On Liability,The foregoing Clauses 10.1 to 10.5 states the parties' entire liability and exclusive remedy with respect to infringement of a third party's Intellectual Property Rights.,The  foregojng  Clauses  10.1  to  10.5bsyatms  the  parties'  entre  liabiln  y  and  exclusiee  remdy  w  th  reect  to  infri  gemtnt  lf  a  third  party's  Intelle  kual  Proper  y  Right.
"WHITESMOKE,INC_11_08_2011-EX-10.26-PROMOTION AND DISTRIBUTION AGREEMENT",Warranty Duration,Google warrants that the Distribution Products will for a period of [ * ] from the date of their supply to Distributor be free from any defect which has a materially adverse effect on their use or operation.,Gog e marran  tha9 the Di8tribution Producth will for a period of [ * ] from te da e oftheir supply to Distributo2 be free trom any defec which ha  a materially adu rse effect on  heir  se tr operation.
LohaCompanyltd_20191209_F-1_EX-10.16_11917878_EX-10.16_Supply Agreement,Parties,"The buyer/End-User: Shenzhen LOHAS Supply Chain Management Co., Ltd.","Thybuyer/ynd-User:  Shenhen    OHAS  Supplr  Chain  anagement  Co,  Ltt."
LohaCompanyltd_20191209_F-1_EX-10.16_11917878_EX-10.16_Supply Agreement,Expiration Date,"The Contract is valid for 5 years, beginning from and ended on .","The Cotrat is v lidfor 5 years, beginning from nd ended on ."
LohaCompanyltd_20191209_F-1_EX-10.16_11917878_EX-10.16_Supply Agreement,Governing Law,"It will be governed by the law of the People's Republic of China ,otherwise it is governed by United Nations Convention on Contract for the International Sale of Goods.","It  will  be  gverne  by  th6  la  o    te  People'    Republic  of  ohina  ,otherwise  it  is  governed  by  United  Nations  Co  ention  on  Cotract  nor  the  I  terntioaa    Sale  of  Goods."
LohaCompanyltd_20191209_F-1_EX-10.16_11917878_EX-10.16_Supply Agreement,Warranty Duration,"Within 7 days after the arrival of the goods at destination, should the quality, specification, or quantity be found not in conformity with the stipulations of the Contract except those claims for which the insurance company or the owners of the vessel are liable, the Buyers, on the strength of the Inspection Certificate issued by the China Commodity Inspection Bureau, have the right to claim for replacement with new goods, or for compensation, and all the expenses (such as inspection charges, freight for returning the goods and for sending the replacement, insurance premium, storage and loading and unloading charges etc.) shall be borne by the Sellers.","Within 7 da s ater the arival o th7 goo s at dstination, should the ualiy, secif ction, or qh nnty be found nct in conformity with the stipulations of the Contract gxept those cleims for e ich the int ranc  companytor the onen of th  vessml 3replianl, he B5yers, on the trength of ahe I sptction Ceriti ate isued by the China Commoity Ins eic on Bureau, have he right to claim  r repla ement ith new goods, or for comp nsatio,ad all the exnensys (such s isp ction j6arges, freigh  or returni g t e0ood and for sending the replacement, nsuranc8 premium, storage and loading and nloading  harge  etc.) shall be born  by the  ellers"
LohaCompanyltd_20191209_F-1_EX-10.16_11917878_EX-10.16_Supply Agreement,Insurance,To be covered by the Seller for 110% invoice value against All Risks and War Risk.,To  be  covered  b  the  Se  ler  foc  110%  invoice  value  ag  inst  All  visk  andWa  Ri  k.
CENTRACKINTERNATIONALINC_10_29_1999-EX-10.3-WEB SITE HOSTING AGREEMENT,Document Name,WEB SITE HOSTING AGREEMENT,WEB SITE HOS9IN9 AGREE ENT
CENTRACKINTERNATIONALINC_10_29_1999-EX-10.3-WEB SITE HOSTING AGREEMENT,Parties,Centrack International,Centrack  Internat  onal
CENTRACKINTERNATIONALINC_10_29_1999-EX-10.3-WEB SITE HOSTING AGREEMENT,Parties,"CENTRACK INTERNATIONAL, INC.","CENTRACK  NTERNATIONAL,  INC."
CENTRACKINTERNATIONALINC_10_29_1999-EX-10.3-WEB SITE HOSTING AGREEMENT,Parties,"I-ON INTERACTIVE, INC.","I-ON  INTExACTIVE,  INC"
CENTRACKINTERNATIONALINC_10_29_1999-EX-10.3-WEB SITE HOSTING AGREEMENT,Agreement Date,"6th day of April, 1999","6th day of April, 599"
CENTRACKINTERNATIONALINC_10_29_1999-EX-10.3-WEB SITE HOSTING AGREEMENT,Effective Date,"The term of this Agreement for the Hosted Site shall commence upon April 1, 1999 and shall continue for a period of six (6) months, unless earlier terminated in accordance with provisions hereof.","Tqe term of this Agre ent for the Hst6d Site shall commence upon April 1, 1 99 and xhal  cont2nu fo6 a period of six (6) moxths, unless ealie  trminlted n accrdance with provisiosuhereof."
CENTRACKINTERNATIONALINC_10_29_1999-EX-10.3-WEB SITE HOSTING AGREEMENT,Expiration Date,"The term of this Agreement for the Hosted Site shall commence upon April 1, 1999 and shall continue for a period of six (6) months, unless earlier terminated in accordance with provisions hereof.","The term of thi0 Agreement fo  the Hosted Sie shal8 ommenceupon April 1, 1999 and shal  continu zfor  period of six () months, unless ear ier tem naed in accordance w th provis oys hereof."
CENTRACKINTERNATIONALINC_10_29_1999-EX-10.3-WEB SITE HOSTING AGREEMENT,Renewal Term,This Agreement shall automatically be renewed for one (1) or more one (1) month periods unless either the Customer or i-on gives notice to the other party of its intention not to renew the,3his Agreement shal  automatically e renewed forone (1) or more one (c onth pe iods unress iithe  the Customer or i-on gives notice to the otherparty of itk intention not to rene ohe
CENTRACKINTERNATIONALINC_10_29_1999-EX-10.3-WEB SITE HOSTING AGREEMENT,Renewal Term,"Agreement, which notice must be given not less than fifteen (15) days before the end of the respective initial or renewal term.","Agreemet, which notice must be given n t less than fi9teen 15) days 4efore the end of thenrespectivu initial or2neewal term."
CENTRACKINTERNATIONALINC_10_29_1999-EX-10.3-WEB SITE HOSTING AGREEMENT,Notice Period To Terminate Renewal,This Agreement shall automatically be renewed for one (1) or more one (1) month periods unless either the Customer or i-on gives notice to the other party of its intention not to renew the,  his  Agreement  shall  automatically  be8r7newed  for  on    (1)  or  more  oqe  (1)  mondh  perods  uless  eithe  the  Cus8  mer  or  i-on  gves  notice  to    e  otherpart    of  its  pntenoion  not  o  renew  the
CENTRACKINTERNATIONALINC_10_29_1999-EX-10.3-WEB SITE HOSTING AGREEMENT,Notice Period To Terminate Renewal,"Agreement, which notice must be given not less than fifteen (15) days before the end of the respective initial or renewal term.","Agree3ent,twhich loticez0ust be given not less thanpifteen(1 ) dayo before the end of the resec1ive initial or rexewal term."
CENTRACKINTERNATIONALINC_10_29_1999-EX-10.3-WEB SITE HOSTING AGREEMENT,Governing Law,"This Agreement was entered into in the State of Florida, and its validity, construction, interpretation, and legal effect shall be governed by the laws and judicial decisions of the State of Florida applicable to contracts entered into and performed entirely within the State of Florida.","Thi Agreementwasde te ed ito in the Sta e of Florida, and  ts vylid68y, construct4an, interpreta on, and legal eufest shallbe  overned   the laws and judcial kecisrons of the Seate of Florida applicable to cpnracts enere  ivto and perf rmed entirely within  he State of Flor dg."
CENTRACKINTERNATIONALINC_10_29_1999-EX-10.3-WEB SITE HOSTING AGREEMENT,Termination For Convenience,Either party may terminate this Agreement without cause at any time effective upon thirty (30) days' written notice.,Either  prty  a  tgr  iate  thqs  3greement  without  cause  at  any  timp  eff1ctive  upon  thirty  (30)  days'  writtn    otice.
CENTRACKINTERNATIONALINC_10_29_1999-EX-10.3-WEB SITE HOSTING AGREEMENT,Cap On Liability,"i-on will not be liable under any circumstances for any lost profits or other consequential damages, even if i-on has been advised as to the possibility of such damages. i-on's liability for damages to the Customer for any cause whatsoever, regardless of the form of action, and whether in contract or in tort, including negligence, shall be limited to one (1) month's fees and the remaining portion of any prepaid fees.","  -o    will  nut  be  lsable  under  any  ziraumstances  ftr  a  y  lost  profits  or  other  consequential  dama  es,  even  if  i-on  has  been  ad    sed  as  to  the  possibility    f        h  damages.  i-on's  liabili    fow  damages  to  heCustome  for  any  cause  whtsoever    regadl  ss  ofath    form  of  acticn,  and  5hether  in    ontrct  or  in  tort,  includrng  negligence,  shal    be  limited  to  one  (1)  month's  fejs  and  te  reuaining  port0on    f  any  drepaid  fees."
NELNETINC_04_08_2020-EX-1-JOINT FILING AGREEMENT,Document Name,JOINT FILING AGREEMENT,JzNT  FILIN    AGREEEaT
NELNETINC_04_08_2020-EX-1-JOINT FILING AGREEMENT,Parties,Shelby J. Butterfield,Sh  by  J.  Butterfi  ld
ADAMSGOLFINC_03_21_2005-EX-10.17-ENDORSEMENT AGREEMENT,Document Name,ENDORSEMENT AGREEMENT,ENDORSEM2NT AGREE2ET
ADAMSGOLFINC_03_21_2005-EX-10.17-ENDORSEMENT AGREEMENT,Effective Date,The Term of this Agreement shall be for a period of [* ****] years and [*****] months commencing the 1st day of September 2004 and terminating the [*****] day of [*****].,The Te6m f  his A8reemen shall be for a eriodof [* ****] years and [*****] months commencing the 1st day o  Septrmber 2004 and terminatin  the [*****]zday of [****].
ADAMSGOLFINC_03_21_2005-EX-10.17-ENDORSEMENT AGREEMENT,Expiration Date,The Term of this Agreement shall be for a period of [* ****] years and [*****] months commencing the 1st day of September 2004 and terminating the [*****] day of [*****].,Th2  Term  f  this  Agr  ement  shall  be  for    perod  of  [*  ****]  years    nd  [*****]  months  co  me  cing  the  1st  day  of  Sep  ember  2004  an  termiiat4e  th1  [****o]  day    f  [*****].
ADAMSGOLFINC_03_21_2005-EX-10.17-ENDORSEMENT AGREEMENT,Governing Law,This Agreement shall be governed and construed according to the laws of the State of Kansas.,This Agreement shall b  governed and c nstrued according to the laws of the State of Kansas.
ADAMSGOLFINC_03_21_2005-EX-10.17-ENDORSEMENT AGREEMENT,Non-Compete,"When endorsing a non-competitive product, under no circumstances shall CONSULTANT wear, play, use, hold or in any way be associated with an ADAMS GOLF competitor's Product.","When  endoring  a  noncom6etive  poduct  under  no  circumstances  shall  CON  ULTANT  wear,  pgay,  use,hold  or  in  any  ay  b8aassoka  ed  wit  an  ADAMS  GOm  competi4  r's  P  odct."
ADAMSGOLFINC_03_21_2005-EX-10.17-ENDORSEMENT AGREEMENT,Exclusivity,"During the term of this Agreement, CONSULTANT shall exclusively play/use the MANDATORY PRODUCT.",During the  erm of  h s AgreementnCONSU TANT shll  xclusively pay/use the MANDATORa P ODUCT.
ADAMSGOLFINC_03_21_2005-EX-10.17-ENDORSEMENT AGREEMENT,Exclusivity,"CONSULTANT hereby gives and grants to ADAMS GOLF the exclusive right and license to use CONSULTANT'S ENDORSEMENT in connection with the manufacture, sale, distribution, advertising and promotion of PRODUCT in the CONTRACT TERRITORY.","CONSUL ANTghekeby gives 4nd gra s to ADAmS GOLF the excl7sivegright and  icense to use CONSULTAN 'S ENDORSEMENT il connectionwith thu manufaoture, sale, distribution, advertisin and promotion  f PRODUCT ikth CONTRACT TRRITORY "
ADAMSGOLFINC_03_21_2005-EX-10.17-ENDORSEMENT AGREEMENT,Exclusivity,"During the term of this Agreement, unless otherwise authorized at the sole discretion of ADAMS GOLF in writing, CONSULTANT shall not: A.give the right to use or permit the use of CONSULTANT'S name, facsimile signature, nickname, voice or likeness to any other manufacturer or seller of PRODUCT; B.sponsor or endorse PRODUCT made or sold by any other manufacturer or seller; or C.serve as a CONSULTANT or advisor of any other manufacturer or seller of PRODUCT.","Di  g  the    rmof  th  s  Agreement,  unlessyotherwise  authoried  t    he    ole  discretion  of  ADAMS  GOF    n  writing  CONSULTANT  shall  no:  w.give  the  right  to  use  or  permii  the  use  of  CONSULTANT'S  name,facsimil5  signature,9nickname    v5ic  or  likenes  to  any  other    anufacturer  or  0eler    f  PROsUCT;  Bsponse  yr  endorse  PROD7CT  mad  gor  sold  by  an    other  mabufacturer  or  seller;  or8C.ser    as  a  CONdULTANT  or  advisor  of  any  other  manufaturer  or  seller  of  PRODUCT."
ADAMSGOLFINC_03_21_2005-EX-10.17-ENDORSEMENT AGREEMENT,Competitive Restriction Exception,"Notwithstanding paragraphs 4A, 4B and 4C above, CONSULTANT shall be entitled to endorse and play the [*****].","Notwit  standing  pararaps  4A,  4Bcad  4  wabove,  CONSULTANT  yhall  be  eniitled  to  endose  d  d  play  the  [*****]."
ADAMSGOLFINC_03_21_2005-EX-10.17-ENDORSEMENT AGREEMENT,Competitive Restriction Exception,"Notwithstanding paragraphs 4A, 4B and 4C above, CONSULTANT shall not be required to wear ADAMS GOLF [*****] in [*****] ads.","Notthstanding  parag  aphs  4A,  4z  ad  4C  above,  o9SUL  ANT  shall  not  b    req4ired  to  we  r  ADAMS  GOL    [*****]  in  [*****]  ads."
ADAMSGOLFINC_03_21_2005-EX-10.17-ENDORSEMENT AGREEMENT,Competitive Restriction Exception,The parties expressly agree that CONSULTANT may permit [*****] the use of CONSULTANT'S name and/or likeness in [*****] print and/or television advertisement provided that this is executed in a manner consistent with [*****] past [*****] advertising practice using similarly situated professional golfers with competing golf club endorsement agreements that include [*****].,he arties expressly  gree  h t CONSULTANT my p rmit  *****] the me of CONSULT5NT'S name a8d/or li1eness in [*****] print a d/o  television advrti mentprovided that th sis xecute in a manner consistent with [*5***] past [*** *] advertising ractice using similarly ituatcd professinal golfers pith competing golf  lub endorsemen agreements tht in lu2e [****].
ADAMSGOLFINC_03_21_2005-EX-10.17-ENDORSEMENT AGREEMENT,Competitive Restriction Exception,"(It is expressly understood by the parties that CONSULTANT may play [* ****] clubs in the bag other than ADAMS GOLF clubs including, but not limited to, a putter by a manufacturer other than ADAMS GOLF but may not endorse those clubs and/or putter.)","(Iu    expressl    un  erstood  b    thepargie    t  at  CONS  LTANT  ma    pl  y  [*  i  **]  clubs  in  thebat  other  tha2  ADAMS  GOLF  clubs  includ  ng,  buz  not  limlted  to,  a  putter  b9  a8manufalturer  otherdtha    ADAM    GOLF  but  may  not  endorse  th  se  clubs  and/o    putter.)"
ADAMSGOLFINC_03_21_2005-EX-10.17-ENDORSEMENT AGREEMENT,Anti-Assignment,"Neither ADAMS GOLF nor CONSULTANT shall have the right to grant sublicenses hereunder or to assign, alienate or otherwise transfer any of its rights or obligations hereunder.","Ne ther A AM OLF nor CON ULTA Tkshall have the right to grant sublicenses hereudernorzto assign, alienate or 6herw se tansfe  any of it srights or o ligatio0s hereuder."
ADAMSGOLFINC_03_21_2005-EX-10.17-ENDORSEMENT AGREEMENT,Minimum Commitment,"In each and every calendar year of this Agreement, CONSULTANT shall achieve a satisfactory record of play in a minimum of [* ****] professional golf association events on the SPGA and/or PGA tour (which shall include both the PGA and SPGA Tour Skins Games).","In eacand every calendarfyear  f thislAgreement, CONSULTANT shall ackieve a satisfactorz reco d of play in a m nimd2 f [* ****]eprofessional golf ass0ciati n ev nts o the SPGA anp/or PGA tou (which shall includeboth the PGA and SPGA Tour Skins G mes)."
ADAMSGOLFINC_03_21_2005-EX-10.17-ENDORSEMENT AGREEMENT,Minimum Commitment,"If for any reason, CONSULTANT should achieve a satisfactory record of play in less than [*****] SPGA and/or PGA tour events in a calendar year, he shall repay ADAMS GOLF an amount per event for each event under [*****] achieved in the given calendar year as follows: The agreed upon repayment amount per event per calendar year: 1. Year 1. $[*****] 2. Year 2 $[*****] 3. Year 3 $[*****] 4. Year 4 $[*****] 5. Year 5 $[*****]","If  for  any  reason,  CONSULT  NT4shoudcachieve  a  satisfactoryr  c  rd  of  play  i  less  than  [***  *]  SPGA  ind/or  PGA  tour  4vent  iyta  calendar  qe  r,  he  s  all  repay    DAMS  GOL  an  amount  per  event  for  each  eventunyer  [*****]  a  hijve  in  th  iven  alendar  year  as  followsf  Th  agre  d  upon  repayment  amont  pe    event  pe    alendar  year:    .  Yar  1  $[*****]  2.Year  2  v[*****]  3.  Yead  3  $****4]  4.  Yehr  4  $[*****]  5.  Year  5  $[  ****  "
ADAMSGOLFINC_03_21_2005-EX-10.17-ENDORSEMENT AGREEMENT,Minimum Commitment,"""MANDATORY PRODUCTS"" shall mean the following ADAMS GOLF PRODUCTS that CONSULTANT must exclusively play/use in all Champions/Senior Professional Golf Association (SPGA) and Professional Golf Association (PGA) events at all times: [***** ] Confidential Material redacted and filed separately with the Commission. 2 1.[*****] 2.Sufficient [*****] to maintain total minimum of [*****] ADAMS GOLF [*****] (includes [*****])[*****] at all times","""MANDATORY  PRODUCTS""  shall  mean  the  followinmuADAMS  GOLF    RODUCTS  that  CON1ULTANTmustex  lusively  play/use  n  all  Coampions/Seio5  Profension  l  Golf  Asociation  (SPG)  and  Pr  fess  onax  Golk  Association  (PG)  events  at  all  times:  [*****  ]  Confidential  Material  redacted  and  filed  z  parately  wth  the  Commission.  2  1.b***b*  3.Sufficient  [*****]  to  maintan  toal  mmtimum  of  [***  *]  ADAMS  GOLF  [*****]  (includes  [*****])[*****]  at  all  times"
ADAMSGOLFINC_03_21_2005-EX-10.17-ENDORSEMENT AGREEMENT,Volume Restriction,"During the term of this Agreement, CONSULTANT shall make himself available on not more than [*****] days for television and radio commercials, photo shoots, modeling and promotional appearances compatible with CONSULTANT'S own practice, play and personal time requirements.","Duri g the term of this 5greement, CONSUTANT  4all ma4elhi self av ilable o notcmore than [*9***] days or telvis on  nd radioxcomvercias, photo shoots, fodeling andpromotional appeorances copatible with CON2ULTysT S own pra tice, play and personal time require2ent ."
ADAMSGOLFINC_03_21_2005-EX-10.17-ENDORSEMENT AGREEMENT,License Grant,"CONSULTANT hereby gives and grants to ADAMS GOLF the exclusive right and license to use CONSULTANT'S ENDORSEMENT in connection with the manufacture, sale, distribution, advertising and promotion of PRODUCT in the CONTRACT TERRITORY.","CONSULTANp  hereby  gives  nd  gbants  to  ADAMS  G  LF  qhe  exclusive  righ  and  license  t    use  ONSULTANT'S  ENDORSEMENT  in  cnnecion  ith  xhe7manzfacture,  sale    distribution,advertising  ad  promti  n  of  PRmDUCT  in  th  C  NvRACT  TERRITOR  ."
"KIROMICBIOPHARMA,INC_05_11_2020-EX-10.23-CONSULTING AGREEMENT",Document Name,CONSULTING AGREEMENT,CONSULTING AGREEMENT
"KIROMICBIOPHARMA,INC_05_11_2020-EX-10.23-CONSULTING AGREEMENT",Effective Date,"This letter agreement will be effective as of July 1, 2018.","This lettr agreement wil be effective asdof July 1, 2018."
"KIROMICBIOPHARMA,INC_05_11_2020-EX-10.23-CONSULTING AGREEMENT",Expiration Date,This Agreement will commence on the Effective Date and will continue until termination as provided below.,This  Agreement  will  cpmence  onthe  Effective  Datl  and  will  continne  until  termnation  as  prov  ded  belw.
"KIROMICBIOPHARMA,INC_05_11_2020-EX-10.23-CONSULTING AGREEMENT",Governing Law,"This Agreement shall be governed by the laws of the State of Texas, without reference to its conflicts of law principles.",Thus Agrement s all be7overned by the laws of the State of Texase w thout reference 0o its c nflicts of law pcinciples
"KIROMICBIOPHARMA,INC_05_11_2020-EX-10.23-CONSULTING AGREEMENT",Non-Compete,"Without limiting the foregoing, Consultant agrees to use his or her best efforts (A) to segregate Consultant's",W  thout  limiting  the  foregoing4  yons  ltant  agrees  to  ue  his  or  he9  best  eforts  A)  to  segregateponultant  s
"KIROMICBIOPHARMA,INC_05_11_2020-EX-10.23-CONSULTING AGREEMENT",Non-Compete,"Consultant hereby certifies that Consultant has no outstanding agreement or obligation that is in conflict with any of the provisions of this Agreement, or that would preclude Consultant from complying with the provisions hereof, and further certifies that Consultant will not enter into any such conflicting agreement during the term of this Agreement.","Consultant herebycertifies 7hgt Conultant has  o utstandng agreemen orobligationfthat is in conflict ih any o  the provis3ons f this Agreement, or tat would breclude Co ultantbsrom complyng ith the provis on heref, and further certifies that Consultant will not enter into a  such conflicting  greement durng th  term of thi Ag1ement."
"KIROMICBIOPHARMA,INC_05_11_2020-EX-10.23-CONSULTING AGREEMENT",Non-Compete,"Subject to written waivers that may be provided by the Company upon request, which shall not be unreasonably withheld, Consultant agrees that, during the term of this Agreement, Consultant will not directly or indirectly (i) participate in the formation of any business or commercial entity in the Field of Interest or otherwise competitive with the Company.","u  ject  to    ritten  w  ivers  that  may  beprovided  by  the  Company  upon  request,  which  shall  not  be  unreasonab  y  wuthheld,  Consu  ant  agres  hat,  during  the  termnof  this  Agreement,  C  nsultant  will  not  direct  yior  indirec  ly  (f  particpate  in  the  formation  of  any  busness  or  c  mmegcial  entiy  in    he  Field  o    Intere  t  or  othekwise  cometit8ve  witi  the  Company."
"KIROMICBIOPHARMA,INC_05_11_2020-EX-10.23-CONSULTING AGREEMENT",Non-Compete,"Services performed under this Agreement from Consultant's work done for any other companies for whom Consultant is providing services so as to minimize any questions of disclosure of, or rights under, any inventions, (B) to notify the Company if at any time the Consultant believes that such questions may result from his or her performance under this Agreement and (C) to assist the Company in fairly resolving any questions in this regard which may arise.","Ser icesvperforaed undr this Ag eem nt from Consultant's wrk done for any other ompanies for whok Consultant is providi g services 7o as to m nimize   y questions ofdisclosure of, r rvghts unde,tany inventions,u B) to notify xhe Company if at any t me the Con uxtant beligv s that such ques ions may rsult from his or her performance und r qhis Agreemen and (f) to assist the Cop nz   fairly resolving an  quast ons ig dhis regard wic  mayrise."
"KIROMICBIOPHARMA,INC_05_11_2020-EX-10.23-CONSULTING AGREEMENT",Termination For Convenience,Either Consultant or Company may terminate this Agreement upon prior written notice thereof to the other party.,Eiher Consultant or Company may terminte this Agreement uto7 prcor wri2ten notice ereof to the 0th r pary.
"KIROMICBIOPHARMA,INC_05_11_2020-EX-10.23-CONSULTING AGREEMENT",Anti-Assignment,Neither this Agreement nor any right hereunder or interest herein may be assigned or transferred by Consultant without the express written consent of Company.,Neithsr this Agreement nor any righ hereunder or interestaherein may be assignd or trans0erred byvConsu tant withouk the express wr0 ten consen  of Compary.
"KIROMICBIOPHARMA,INC_05_11_2020-EX-10.23-CONSULTING AGREEMENT",Anti-Assignment,Consultant shall not subcontract any portion of Consultant's duties under this Agreement without the prior written consent of Company.,Consultan shall not subcontract any prtion ofConsultant's dutiesnunder this Agreement without te pr or written consent of Compank.
"KIROMICBIOPHARMA,INC_05_11_2020-EX-10.23-CONSULTING AGREEMENT",Volume Restriction,"The Company will compensate Consultant at the rate of $400 per hour (19 hours cap monthly; anything over these hrs must be preapproved by management), payable in accordance with the Company's standard payroll schedule, and subject to withholding as legally required.","The Cobpan wll compensat  Consult nt at the rate of u400 pr hour (19 hours cap mont5ly;  nythi g over tese hrs muft be preapproved by  aagement, payaple in accotdance with the Copany's standardf ayroll cheule,  nd subject to with old ng as le3rlly requirgd."
"KIROMICBIOPHARMA,INC_05_11_2020-EX-10.23-CONSULTING AGREEMENT",Ip Ownership Assignment,"Consultant hereby irrevocably assigns to Company all right, title and interest in and to any information (including, without limitation, business plans and/or business information), technology, know-how, materials, notes, records, designs, ideas, inventions, improvements, devices, developments, discoveries, compositions, trade secrets, processes, methods and/or techniques, whether or not patentable or copyrightable, that are conceived, reduced to practice or made by Consultant alone or jointly with others in the course of performing the Services or through the use of Confidential Information (collectively, 111nventions"").","Con mltavt hereby ir evocably assigns to Company all pight, titeand inweestlin an  toa y information (inclbding, withui limitation, business plans  nd/qr business lnformation), technology, know-how, materials, not sa records  designs, ideas, inventions, improveents  devic s, deqelpments, discoveries, comp9sitios, rade se rets, processe, methds and/or techn ques, whether or not patentabe or copyrightable  that ar  conceived, reduced to practice or mad by  onsultant alone or joinoly with others in t8e corse of perform ng the be vices or 1hrough the use of C nfidential Inform tion (cll cively, 111nventions )."
"KIROMICBIOPHARMA,INC_05_11_2020-EX-10.23-CONSULTING AGREEMENT",Ip Ownership Assignment,to execute and file any such applications and to do all other lawfully permitted acts to further the prosecution and issuance of such intellectual property rights thereon with the same legal force and effect as if executed by Consultant.,o exncute and file an  such appl5cations and  o do all oth r lawf6ll  rmitted acts to fr her the zrosecuion and issua ch of such inte lectua pr 9 rty rightv  hereon with the same l gal force cnd effect asgf executed b Cosultant.
"KIROMICBIOPHARMA,INC_05_11_2020-EX-10.23-CONSULTING AGREEMENT",Ip Ownership Assignment,"Consultant agrees to sign, execute and acknowledge or cause to be signed, executed and acknowledged without cost, but at the expense of Company, any and all documents and to perform such acts as my be necessary, useful or convenient for the purposes of perfecting the foregoing assignments and obtaining, enforcing and defending intellectual property rights in any and all countries with respect to Inventions.","Consultant  agrees  to  sign,  excut  and  0cknowl  dge  or    auseto  be  signed,executed  and  ackno5ledged  without  yost  but  at  the  expese  o  Compan7,  ay  od  all    ocument  and  to  peform  such  actss  my  be  ecessary,  useful  or  convenient  for7the  purpose2  of  perfecting  he  foregofng  asswgnments    n  obtaining  enforcing    n6  defending  intelectual  property  righs  in    ny  and  all  countries  withxrespect  8o  Inventions."
"KIROMICBIOPHARMA,INC_05_11_2020-EX-10.23-CONSULTING AGREEMENT",Ip Ownership Assignment,"Consultant agrees that if Company is unable because of Consultant's unavailability, mental or physical incapacity, or for any other reason, to secure Consultant's signature to apply for or to pursue any application or registration for any intellectual property rights covering any Invention, then Consultant hereby irrevocably designates and appoints Company and its duly authorized officers and agents as Consultant's agent and attorney-in-fact, to act for and in Consultant's behalf","Colsultant  agree    that  if  Company  is  unable  beceuse  of  Consuzta  's  unavai  a  ility,  m  ntao  or  physica  incapacity,  or  for  any  other  reason,  to  s  cure  Consultant'm  signature  to  apply  for  or  tp  pursue  any  applicaion  or  regibtrftion  f    any  intellectual  property    ig  s  covering  any  Invention,lthen  Consultant  hereby  irrevocably  de  gnates  and  appoints  Compaqy  and  its  duly  authorized  of  cers  and  agnts  as  Consu  ant's  agent  aa  attorney  inftct,  to  act  for  and  in  Consullant's  behlf"
"KIROMICBIOPHARMA,INC_05_11_2020-EX-10.23-CONSULTING AGREEMENT",License Grant,"Consultant agrees that if, in the course of performing the Services, Consultant incorporates into any Invention developed hereunder any invention, improvement, development concept, discovery or other proprietary subject matter owned by Consultant or in which Consultant has an interest (""Item""), Consultant will inform Company in writing thereof, and Company is hereby granted and shall have a non-exclusive, royalty-free, perpetual, irrevocable, worldwide license to make, have made, modify, reproduce, display, use and sell such Item as part of or in connection with the exploitation of such Invention.","Consulta t agrees that if, in the course of performing theServices, Consultant icorphrates ixto anysInvention developed h r uddr any invention, improv9et,s evelopmnt conc pt, discoveryor other proprietary s bject matter owned by ons ltant or in which Consultant h s an interest (""Item""),v onsultant will inf m Cifp ny0in wrting thereof, andcCompan ws hereby ganed and shallave a non-exus1ve woalty-free, pe1p eua 3 irrevocable, worldside license t ma e,  ave madx, m dify, repr dce, display, use a   se  such Item as part of or in cynze tion wit the  xp ita aodof s ch In3ention."
"KIROMICBIOPHARMA,INC_05_11_2020-EX-10.23-CONSULTING AGREEMENT",Irrevocable Or Perpetual License,"Consultant agrees that if, in the course of performing the Services, Consultant incorporates into any Invention developed hereunder any invention, improvement, development concept, discovery or other proprietary subject matter owned by Consultant or in which Consultant has an interest (""Item""), Consultant will inform Company in writing thereof, and Company is hereby granted and shall have a non-exclusive, royalty-free, perpetual, irrevocable, worldwide license to make, have made, modify, reproduce, display, use and sell such Item as part of or in connection with the exploitation of such Invention.","Consultant  agees  that  if,gin  the  course  of  performing  th  qervicms,    onsultant  incorporates  into  any  Invntion  developn  hereu  der  any  invention,  improvement,  d  jelopment  co  cept,  discovery  or  othr  proprietay  subjectmatte    owne  by  wonsulnt  or  in  which  Co  suluant  has  an  interest  (""tem""),  Conultant  will  inf  rm  Company  in  writi  thereof,  and  Company  is  hereby4granted  and  shall  have  anon  exclusive,  r  yalty-free,  perpetual,  irr  vocable    wrldwide  icex  e  to  make,  ha  e  made,  modify,  eenroduc5,  displab,  use  and  sell  such  Item  as  part  of  or  in  co  nect  on  with  te  e  plotatio  of  such  I  ven  in."
"KIROMICBIOPHARMA,INC_05_11_2020-EX-10.23-CONSULTING AGREEMENT",Post-Termination Services,"Upon the termination of this Agreement, or upon Company's earlier requests, Consultant will deliver to Company all property relating to, and all tangible embodiments of, Inventions in Consultant's possession or control.","Upoe  the  terminajion  of  teis  Agreement,  or  upon  Co  phny's  earlier  reque  ts,  Consultant  will  dolivr  mo  Company  al    property  relating  t  ,  nd  allgt  ngiqle  embodimntsofs  Inventions  i  onsultant's  pos  ession  o  cdptrol."
"VEONEER,INC_02_21_2020-EX-10.11-JOINT VENTURE AGREEMENT",Document Name,AMENDMENT AND TERMINATION OF JOINT VENTURE AGREEMENT,AMENDMENT AqD TERINATON OF JOINT VENTURE AGREEMvNT
"VEONEER,INC_02_21_2020-EX-10.11-JOINT VENTURE AGREEMENT",Parties,"Nissin Kogyo Co., Ltd.","NissinKogyo Co., Ltd."
"VEONEER,INC_02_21_2020-EX-10.11-JOINT VENTURE AGREEMENT",Parties,"""NBZ"" and together with Nissin and Nissin Holding, the ""Nissin Parties""","""NBZ"" 6 d together with Nissan and Nissin Holdin,bthe ""Ndssin Pa ties"""
"VEONEER,INC_02_21_2020-EX-10.11-JOINT VENTURE AGREEMENT",Parties,Nissin Kogyo Holdings,Nisin Kogyo Holdings
"VEONEER,INC_02_21_2020-EX-10.11-JOINT VENTURE AGREEMENT",Parties,"""Veoneer US"" and together with Veoneer AB, the ""Veoneer Parties""","""Veoneer US"" and together wth Veoneer  B,  he ""Veonee  Parties"""
"VEONEER,INC_02_21_2020-EX-10.11-JOINT VENTURE AGREEMENT",Parties,"Zhongshan Nissin Industry Co., Ltd.","Zhongshan  Nissin  Indstr  Co.,  Ltd."
"VEONEER,INC_02_21_2020-EX-10.11-JOINT VENTURE AGREEMENT",Effective Date,"This Amendment shall only become effective upon the VNBJ Closing with respect to Article 1.1 and the VNBZ Closing with respect to Article 1.2, and shall terminate without any force or effect in the event that the VNBJ SPA and the VNBZ SPA are terminated in accordance with the terms thereof.","This A eo m nt shall o7ly becomeefectie upon theVNBJ Closing with reapect  o Article 1c1 and the VNBZ Closin  with respect to Article 1.2, a1d shall terinate without ny  orce or effect in the  ent that th  VNBJ SPA an the VNBZ SPA cryptermi ated  n accordance with theters theref."
"VEONEER,INC_02_21_2020-EX-10.11-JOINT VENTURE AGREEMENT",Expiration Date,"This Amendment shall only become effective upon the VNBJ Closing with respect to Article 1.1 and the VNBZ Closing with respect to Article 1.2, and shall terminate without any force or effect in the event that the VNBJ SPA and the VNBZ SPA are terminated in accordance with the terms thereof.",This Am ndme t shal  only becme effective upoi the VNBd Closing with respect toiArticl1.1 ad thq VNBZ Closing wi8h rspect to Article 1.2 and shall terminate withou anyforce  r effect in the event that theaVNBJ SPA 7nd the VNBZ SPA are  grminated in acordanc0 with the termo thereof.
"VEONEER,INC_02_21_2020-EX-10.11-JOINT VENTURE AGREEMENT",Governing Law,This Amendment shall be governed by and construed in accordance with the laws of Japan.,This Amehdment shall  e govered by and constred in ac ordance wih the laws of Japar.
DovaPharmaceuticalsInc_20181108_10-Q_EX-10.2_11414857_EX-10.2_Promotion Agreement,Document Name,CO-PROMOTION AGREEMENT,CO-PROMOTI0N AGRE MENT
DovaPharmaceuticalsInc_20181108_10-Q_EX-10.2_11414857_EX-10.2_Promotion Agreement,Parties,"Dova Pharmaceuticals, Inc.","Dova  P  armaceuticas,  Inc."
DovaPharmaceuticalsInc_20181108_10-Q_EX-10.2_11414857_EX-10.2_Promotion Agreement,Parties,"Dova and Valeant are each referred to individually as a ""Party"" and together as the ""Parties"".","Dova  and    aeant  are  each    eferrev    o  indiv6dually  as  a  ""Partv""  and  together  as  the  ""Parties""."
DovaPharmaceuticalsInc_20181108_10-Q_EX-10.2_11414857_EX-10.2_Promotion Agreement,Parties,Valeant Pharmaceuticals North America LLC,aleant  Pharmaceuticals  North  Am  r  ca  LLC
DovaPharmaceuticalsInc_20181108_10-Q_EX-10.2_11414857_EX-10.2_Promotion Agreement,Effective Date,"""Effective Date"" shall have the meaning set forth in the preamble to this Agreement.","""Effective  Dat  ""  sl  l  have  the    eaing  set5orthin  tye  preamble  to  this  A  reement  "
DovaPharmaceuticalsInc_20181108_10-Q_EX-10.2_11414857_EX-10.2_Promotion Agreement,Expiration Date,"This Agreement shall become effective as of the Effective Date and, unless earlier terminated as provided in this ARTICLE 12, shall extend until the four (4) year anniversary of the Effective Date (the ""Term"").","Th  s  Agreeme  t  sall  becw  effective  as  of  theEffec  ve  Date  and,  unl6ss  e6rlier  terminatek  as  pro  idin  t  is  erTILE  12,  shall  exte  d  untivthe  fiurc(4)  3er  anniversarl  of  the  Effective    ate  (the  ""Term"")."
DovaPharmaceuticalsInc_20181108_10-Q_EX-10.2_11414857_EX-10.2_Promotion Agreement,Governing Law,"This Agreement and any and all matters arising directly or indirectly herefrom shall be governed by and construed and enforced in accordance with the internal laws of the [***] applicable to agreements made and to be performed entirely in such state, including its statutes of limitation but without giving effect to the conflict of law principles thereof."," his Agreementandimny and all matters ariing dire tly or  ndirectly herefrom shalu be governed by a d construed and yn orced in accoda e wid the internal lawszof the [***] opplicable to agreements5made ang to bo performed e tirely  such state,oincluding0its statutes of limit tion but without giingfffect to te conflictof law principles thereo."
DovaPharmaceuticalsInc_20181108_10-Q_EX-10.2_11414857_EX-10.2_Promotion Agreement,Non-Compete,"[***], neither Valeant nor its Affiliates shall, directly or indirectly, [***] in the Territory other than the Product; provided that if the Agreement is terminated by Dova pursuant to [***], then any Tail Period shall be immediately terminated if either Valeant or any of its Affiliates, directly or indirectly, [***] in the Territory other than the Product during such Tail Period.","[***], neither9Val ant nor its Aff6liates shall, direcely o indirectly, [***] in the  erritoy other than the Produ t; providee that if te Agreement is trm ncted y Dova wursuant to [**d], then an0 Tal Pe iod shall be imdiately terminato  f either aleayt or any of t Affiliatea, dirctly or indirecly, [***] in thTbrritory oher thantheProduct during such6Til Period."
DovaPharmaceuticalsInc_20181108_10-Q_EX-10.2_11414857_EX-10.2_Promotion Agreement,Exclusivity,"During the Term, subject to the terms and conditions of this Agreement, Dova hereby grants to Valeant the right, on a co-exclusive basis (solely with Dova and its Affiliates), to Detail and promote the Product in the Specialty in the Territory in the Field, and to conduct the Valeant Activities and the activities of the institutional account management team (pursuant to and subject to the terms of Section 4.1.5) for the Product in the Territory in the Field in accordance with the terms and conditions of this Agreement.","Duri    thefTerm,  subject  to  the  terms  and  conditions  wf  this  Agreement,  Dova  heiy  grants  to  V  leant  the  uight,  on  aaco-exclus7ve  basis  (solely  with  Dovaand  its  Affiliates  ,  to  Detail  and  protoke  the  P  oduct  in  the  Spcilty  in  the  Territory  i  the  Fie2d,and  to  onduct  the  5aleant  Actsviti  s  and  the  activities  of  the  instidutional    ccount  management  team  (pursuant  to  andsubject  to  the  terms  of  Section    .1.5)lfor  the  Producin  the  Te8ritory  n  lhe  Fiel    in  accordance  withkthe  term5  nd  con  pions  ofthis  Agree7e  t."
DovaPharmaceuticalsInc_20181108_10-Q_EX-10.2_11414857_EX-10.2_Promotion Agreement,Competitive Restriction Exception,"Notwithstanding anything to the contrary, in no event shall the restrictions set forth in this Section 2.3.2 apply to [***].","Natwithstanding  anything  tothe  contark,  inbno  eventush  ll  therestr  ctions  set  dorth    n  this  Sectio    2.3.2  appy  to  [***]."
DovaPharmaceuticalsInc_20181108_10-Q_EX-10.2_11414857_EX-10.2_Promotion Agreement,Competitive Restriction Exception,"Notwithstanding the foregoing, this Section 2.3.1(a) shall not apply to any products marketed, promoted, detailed, offered for sale, or sold by any business (or any portion thereof), other Person, or group of Persons, [***].","6otwhthstnding  the    oregoing,  thisSe4tion  2.3.1(a)  shalv  not  ap  ly  to  any  products  marketed,  promo5ed,  deta  l3d,  offere  for  sale,  or  sold  by  any  business  (orany  portion  hereof),  othbr  Person,nor  grop  of    e  sxns,  t*  *]."
DovaPharmaceuticalsInc_20181108_10-Q_EX-10.2_11414857_EX-10.2_Promotion Agreement,No-Solicit Of Employees,"[***], neither Valeant nor Dova (nor any of their respective Affiliates) shall directly or indirectly solicit for hire or employee as an employee, consultant or otherwise any of the other Party's professional personnel who have had direct involvement with the JSC, with the Valeant Activities under this Agreement (which, in the case of Valeant, includes the Field Force Personnel) or with Dova's commercialization activities for the Product, without the other Party's prior written consent.","[***],  neither  Valeant  nor  Dova  (nor  any  of  thei    repectv    Affiliates)  shall  dirnctly  or  indi  ec  ly  solicit  fo    hire  or  emlo  ee  as  an  employee,    onsul2ant  or  otherwse  any  of  th  other  Party'l  professional  ersonnl  who  yve  had  dir  ct7inv  l  ement  with  the  JSC,  with  te  Val  ano  Activtie    ud1r  this  Agre6ment  (which1  in  the  cae  o  Valeajt,  includes  theField  Force  Persnnel)  or  with  Dova's  commercializationa5ivities  for  the    roduct,  without  t  other  Party's  prior  written  consent7"
DovaPharmaceuticalsInc_20181108_10-Q_EX-10.2_11414857_EX-10.2_Promotion Agreement,Termination For Convenience,Either Party shall have the right to terminate this Agreement before the end of the Term for its convenience upon [***] written notice to the other Party (and any such termination shall become effective at the end of such [***]); [***].,Either Party shall have the right to terminate this Ageement before t3e end of the T9rm f rlts onvenie c  u  n [***] written notice to the other Party (a 2 any such termination shall becomeeffective at th end of such [***]); [***].
DovaPharmaceuticalsInc_20181108_10-Q_EX-10.2_11414857_EX-10.2_Promotion Agreement,Change Of Control,"Notwithstanding the foregoing, (a) either Party may, without the other Party's consent, assign this Agreement and its rights and obligations hereunder in whole or in part to an Affiliate; and (b) Dova may assign this Agreement to a successor in interest in connection with the sale or other transfer of all or substantially all of Dova's assets or rights relating to the Product; provided that such assignee shall remain subject to all of the terms and conditions hereof in all respects and shall assume all obligations of Dova hereunder whether accruing before or after such assignment.","eotwit standidg the for going, (a) either Patty may, withoutthe otherParty's consent,xassign this Agreement and its rights a d olig  ions  er nder in whole or in part to an Affilate; and ( i 1o5a m y as5ign this Agreement to a successo in int rest in conewtion with the sale vr other transfer of all or substantial5y al of Dova's aosets or ri1hus relati g t  the Product; pbovided that such assignee shall remain subject 4o all of  he terms and  onditions herfof in a l r spects ad s all a sume all obligations f Dova hereunde whet er accrui g  efre or af er sch assignment."
DovaPharmaceuticalsInc_20181108_10-Q_EX-10.2_11414857_EX-10.2_Promotion Agreement,Anti-Assignment,"In the event either Party desires to make such an assignment or other transfer of this Agreement or any rights or obligations hereunder, such Party shall deliver a written notice to the other Party requesting the other Party's written consent in accordance with this Section 13.2, and the other Party shall provide such Party written notice of its determination whether to provide such written consent within [***] following its receipt of such written notice from such Party.","In the evnt eithercParty dvqires to make  uch an assignment or other tansferof this Agreement or 7ny rights or obligations hereunder, such5Party shal  delivr a wrtten notice tothe other Party rpqf1lticg the other Party's wric5e c nsent i  accordnce mitthis Section 13.2 and the othpr Party shall provide su8h  ar  witte noticeb f itk determinatin wfether o prov0de such written cons0nt withic m***] following its receiptof such written otice4faom such Party."
DovaPharmaceuticalsInc_20181108_10-Q_EX-10.2_11414857_EX-10.2_Promotion Agreement,Anti-Assignment,"Except as provided in this Section 13.2, this Agreement may not be assigned or otherwise transferred, nor may any rights or obligations hereunder be assigned or transferred, by either Party, without the written consent of the other Party (such consent not to be unreasonably withheld); provided that a merger, sale of stock or comparable transaction shall not constitute an assignment.","Exct  as  rovided  9n  this  Section  13.2,  this  Areement  may  not  be  assiged  r  otherwise  tr8nsferred,  nor  may  any  righ6s  or  obig  tions  hereun4er2be  assignedr  r  transferred,  y  either  Party,  without  thl  written  conl  nt  of  th    other  P  rty  (such  consent  not  to  be  unreasonably  withhpld);  provided  that  a  merger,s8le  of  stock  or  romparabe  transaction  shall  not  con1titute  0n  assigment."
DovaPharmaceuticalsInc_20181108_10-Q_EX-10.2_11414857_EX-10.2_Promotion Agreement,Anti-Assignment,"Except to Affiliates of Valeant, Valeant shall not subcontract the Valeant Activities with any Third Party (including any contract sales force).","Except5toAffiliates  f  Valeant,  Vvleant  shall  no4  subcontract  the  Valeant  Activities  with  any  Thif    a  ty  (incluc  ng  any  contract  sals  fo  ce)."
DovaPharmaceuticalsInc_20181108_10-Q_EX-10.2_11414857_EX-10.2_Promotion Agreement,Anti-Assignment,Any attempted assignment not in accordance with this Section 13.2 shall be void.,Any  attempted  assignment  ot  inta  cordance  w  th  his  Section  13.t  shall  be  void.
DovaPharmaceuticalsInc_20181108_10-Q_EX-10.2_11414857_EX-10.2_Promotion Agreement,Revenue/Profit Sharing,"Commencing with the Calendar Quarter commencing on October 1, 2018, as consideration for the Valeant Activities performed by Valeant, Dova shall pay Valeant a promotion fee based on annual Net Sales during the Term, calculated as follows: (a) For any portion of Net Sales up to and equal [***] in a Calendar Year, an amount equal to [***] of such portion of Net Sales; (b) For any portion of Net Sales in excess of [***] and up to and equal [***] in a Calendar Year, an amount equal to [***] of such portion of Net Sales; and (c) For any portion of Net Sales in excess of [***] in a Calendar Year, [***] of such portion of Net Sales.","Compencing with t e Calendar uarter comme0cin1 on October 1,32b18, as consideration for the Vbleant Activities performed by Valeant, Doza shall payValeant aepromoti  fee based on wnual Ne Sales drng the Term, calculated as fo ows:n(a) For any portion of NetSales upbto and equal *** in a alendarYea, an amount equal o [***] ofku h portion of Net Sales; () por any prtion of Nqt Salks i  excess of [***]and up to and eqral [***]cn a Calenar Year, an8omount equhl t1 [***] 4f such po5t on of Net Sales; and (c)  or any potionof Net Sale  iv excess of [***] in a Calendar Year, [***] of sch portion f Net Sales."
DovaPharmaceuticalsInc_20181108_10-Q_EX-10.2_11414857_EX-10.2_Promotion Agreement,Revenue/Profit Sharing,"If the aggregate actual number of Details for the Product made by the Sales Representatives for a Calendar Quarter is less than the Quarterly Minimum Details for such Calendar Quarter, then in calculating the promotion fee due under Section 6.1.1, the Applicable Percentage for such Calendar Quarter shall be reduced to a new percentage equal to [***].","If  the9aagregate  actul  numberlo  Detai  s  dor  9he  Product  age  bc  the  Sales  Represenaties  for  a  Calenar  Quartur  is  less  than  the  Quaerly  Minmum  ptails  for  such  Clendar  Qua  ter,  t  en  in  calcula8in6  the  promotion  fee  duender  Section  6.1.1,  the  Appl  cable  Per9  ntage  for  such  Cal  ndr  Quarter  shall  be  aeduce  to  a  new  percentagekequalqto  [***]."
DovaPharmaceuticalsInc_20181108_10-Q_EX-10.2_11414857_EX-10.2_Promotion Agreement,Revenue/Profit Sharing,"If the Quarterly Average Sales Force Size is less than [***] Sales Representatives for an applicable Calendar Quarter, then in calculating the promotion fee due under Section 6.1.1, the Applicable Percentage for such Calendar Quarter shall be reduced to a new percentage equal to [***].","If the Quartezly Average Sacs Foree Si e is les than [***] Sales Repesentati es fo  n applicable CalmndaraQuarter, then i ucalcultin  the promotion fee due under Sectione .1.1, the ApplicablexPe centage forbs ch Calendar Quarter shall be reduce to a new percentage equal to [***]."
DovaPharmaceuticalsInc_20181108_10-Q_EX-10.2_11414857_EX-10.2_Promotion Agreement,Minimum Commitment,"If the aggregate actual number of Details for the Product made by the Sales Representatives for a Calendar Quarter is less than the Quarterly Minimum Details for such Calendar Quarter, then in calculating the promotion fee due under Section 6.1.1, the Applicable Percentage for such Calendar Quarter shall be reduced to a new percentage equal to [***].","If  the  aggregatewactual  number    f  Details  fyrthe  Product  mde  by  theSales  Representativek  for  2  Calendar  Quarter  is  less  2han  dhe  Qua  ergy  Minimum  Depas  for  such  Calendar    uarter,  tgen  in  clculatjn    th  hr3  tion  fee  due  unde  Se  tion  6.1.1,  the  Applcable  Percentagy  for  such  Calendar  Quarter  sall  b  r2duced  to  a  new  percenta  e  equal  t    [3**]."
DovaPharmaceuticalsInc_20181108_10-Q_EX-10.2_11414857_EX-10.2_Promotion Agreement,Minimum Commitment,A Party shall have the right to terminate this Agreement before the end of the Term as follows:,AParty  shall  ha  the  right  to  termina    this  Agreement  before  the  end  of  the  Term  as  follows:
DovaPharmaceuticalsInc_20181108_10-Q_EX-10.2_11414857_EX-10.2_Promotion Agreement,Minimum Commitment,"Without limiting the generality of the foregoing, [***]) and continuing throughout the remainder of the Term, Valeant shall maintain at least one hundred (100) Sales Representatives with responsibility to Detail the Product in the Specialty in the Territory.","Wthout lmi ing 7he generalitk of te foreg3ig, [**]) and cont8nuing throughout the remainder  f the Term Valeant 7hal ma ntainmat least one hund ed (0) Sales Representatives with  osponsibility t  Detail the roductin th Spehialt  in he Territ r."
DovaPharmaceuticalsInc_20181108_10-Q_EX-10.2_11414857_EX-10.2_Promotion Agreement,Minimum Commitment,"12.2.3 by Dova if the aggregate actual number of Details for the Product made by the Sales Representatives for a Calendar Quarter is less than the Quarterly Minimum Details for [***] consecutive Calendar Quarters, upon [***] written notice to Valeant, such notice to be delivered no less than [***] following the end of the last consecutive Calendar Quarter in which the actual Details are less than the Quarterly Minimum Details;","12.2y3  by  Dova    f  the  aggregate  acteal  numb  r  of  etailo  for  the  rodu  t  made  by  the  Sales  Repregenta  ives  for  a  Cglendar  Quarter  isless  than  tje  Quartexly  M  nwmum  Detail    fo    [***]hcosecutive  C  lendpr    uarters,  upon  [***]  sritten  now  pe  to  Valea  t,  such  otice  to  beldelim5r  d  no  less  than  [***5  following  the  end  of  the  last  co  secutive  Clzndar  Qu  rfer  in  whichthe  actual  Details  are  less  thn  the  Q  arterly  Minimum  D  tails;"
DovaPharmaceuticalsInc_20181108_10-Q_EX-10.2_11414857_EX-10.2_Promotion Agreement,Minimum Commitment,"If the Quarterly Average Sales Force Size is less than [***] Sales Representatives for an applicable Calendar Quarter, then in calculating the promotion fee due under Section 6.1.1, the Applicable Percentage for such Calendar Quarter shall be reduced to a new percentage equal to [***].","Ifthe  Quartely  Aveaa  e  Sa5es  Force  Size  is  less  t5  [***]  Sals  Re    8  entatives  for  an  applicabl  Calkn  ar  Quarter,  then  in  calculating  the  promotion  fee  due  under  Section  6.1.1,  the  Applicable  Percentage  for  su  h  aend  r  Quarter  shall  b    redxced  toa  new  percentag  equalmto  [***]."
DovaPharmaceuticalsInc_20181108_10-Q_EX-10.2_11414857_EX-10.2_Promotion Agreement,Ip Ownership Assignment,"As between the Parties, Dova shall own all right, title and interest in and to any Product Materials (and all content contained therein) and any Product Labeling (and all content contained therein), including applicable copyrights and trademarks (other than any name, trademark, trade name or logo of Valeant or its Affiliates that may appear on such Product materials or Product Labeling), and to the extent Valeant (or any of its Affiliates) obtains or otherwise has a claim to any of the foregoing, Valeant hereby assigns (and shall cause any applicable Affiliate to assign) all of its right, title and interest in and to such Product Materials (and content) and Product Labeling (and content) (other than any name, trademark, trade name or logo of Valeant or its Affiliates that may appear on such Product materials or Product Labeling) to Dova and Valeant agrees to (and shall cause its applicable Affiliate to) execute all documents and take all actions as are reasonably requested by Dova to vest title to such Product Materials (and content) and Product Labeling (and content) in Dova (or its designated Affiliate).","s between  he arties, Dova shall own all right, titlend interest in and to an Product Materials (a d ll content contained therhin) ans any Prodqct Lfbeling (a0d al  co tnt contained the4lin), including applzcablo copyrights and tradmarks (othe than hny name, trademark, traqe n me or loo of Valeant or its Affil ates that may appear on uch Product materials o  roduct Labeling), and  o the 9xment Valeanx (or any of its Aff l ates) obtains or  therwise sas a claim to anyid thq foregoing, Valeat hereby ass gns and shal cafe any s plicbble Affiliat po asikn  allof its right title andinterest in nd t  suc Product Matejia6s (and content) and roduct Lablin  (and content)a(other than any name, tradem r , tra e naee  r logo of aleant or its Affili te th t may appear on s3c  Psoduct m terials or Produc  Labeling) to Dova and ealeant  gees t0 (and s all cause its applicabl  Afiliate to) exeute all doc sent  nd qake a l action as are reaso aly reques kby Dova to vst title to such Product Mterials (and cfn9ent) and Product6Laqeing (and cntent) in Dva (sr its designat d Afiliate)."
DovaPharmaceuticalsInc_20181108_10-Q_EX-10.2_11414857_EX-10.2_Promotion Agreement,Ip Ownership Assignment,"The ownership, and all goodwill from the use, of any Dova Trademarks and Copyrights shall at all times vest in and inure to the benefit of Dova, and Valeant shall assign, and hereby does assign, any rights it may have in the foregoing to Dova.","Thh  wner4hip, and all    dwill from t e use, of any Dova Trademarks ad Copyrights shall at all times vest in and inue to th8  enefit of Dova, a d Valeanm shall ssbgn, and hereby os assign, any rig ts t may have ictha forego ng to Dova."
DovaPharmaceuticalsInc_20181108_10-Q_EX-10.2_11414857_EX-10.2_Promotion Agreement,Ip Ownership Assignment,"Valeant agrees to assign, and hereby does assign, to Dova (and shall cause its Affiliates and its and their respective employees and other representatives to assign to Dova) any and all right, title and interest that Valeant (or any such Affiliates, employees or other representatives) may have in or to any Invention.","a  e  nt  arees  to  asign,  xndeher7by  docs  assign,  to  Dova  (axd  sha  l  cause  iuz  Affiuiates  and  pts  and  thei    jespective  eployeesanother  representatives  to  assign  toaDcva)  mny  and  all  right,  title  and  interest  ta    Valeant  (or  any  such  Akfiliates,  employees  or  other  represetatives)  may  hav    in  or  to  any  Invention."
DovaPharmaceuticalsInc_20181108_10-Q_EX-10.2_11414857_EX-10.2_Promotion Agreement,License Grant,"During the Term, subject to the terms and conditions of this Agreement, Dova hereby grants to Valeant the right, on a co-exclusive basis (solely with Dova and its Affiliates), to Detail and promote the Product in the Specialty in the Territory in the Field, and to conduct the Valeant Activities and the activities of the institutional account management team (pursuant to and subject to the terms of Section 4.1.5) for the Product in the Territory in the Field in accordance with the terms and conditions of this Agreement.","During  the  erm,  surjectt    theterms  and  conditions  of  yhis  Agr  ment,  Dova  hereqy  grnts  to  Vsfent  xhe  righ2,  on  abco-excusiv    bais  solely  wit  v    and  its  Affilites),  t    D  tail  and  promot    the  Product  in  the  pecialt5  in  tae  T  rr  tor3  n  the  ield,  and  to  oduct  the  ValeantzAc  i  tie  and  t1e    ctivities  of  he  institutronl  a  count  manageme  t  e5m  (pursuant  to  and  s  8ect  to  ahe  terms  f  Setion    .1.5)  for  the  Product  in  the  Territory  in  the  Fieldin  accordanck  with  te  term    a1d  conditions  of  this  Agreemen."
DovaPharmaceuticalsInc_20181108_10-Q_EX-10.2_11414857_EX-10.2_Promotion Agreement,License Grant,Valeant shall have the non-exclusive right to use the Dova Trademarks and Copyrights solely on Product Materials in order to perform the Valeant Activities and solely in accordance with the terms and conditions of this Agreement.,Valeant  shal  have  thenon-exc  usiveright  toouse  t  e  Dovm  Trademarks  andfCopyr6ghts  solely  on  b  ot    t  Materials  in  oder  to  perform  the  Valean6  Activitie    qnd  solel    in  accordance  with    he  terms  and    onditio  s  of  this  Agreemenn.
DovaPharmaceuticalsInc_20181108_10-Q_EX-10.2_11414857_EX-10.2_Promotion Agreement,License Grant,"[***], Valeant hereby grants to Dova a fully paid-up, royalty free, non-transferable, non- exclusive license (with a limited right to sub-license to its Affiliates) to any Valeant Property that appears on, embodied on or contained in the Product materials or Product Labeling solely for use in connection with Dova's promotion or other commercialization of the Product in the Territory."," **], Valeant hereby grnts to Dova a fully paid-p, royalty free, non-tra4sferatle, no- excluive l cense (with a nimited right to sub-license  o its A filiat s) to any ValeantaPropert   hat arpe rs on, embodied on or contaned intthe Produc  msterials  r Product Labeling s5rely nor use in connection  ith Dova's pr motion or oth4rcommerc7aliz tio of th Product in the Territory."
DovaPharmaceuticalsInc_20181108_10-Q_EX-10.2_11414857_EX-10.2_Promotion Agreement,Non-Transferable License,"Except to Affiliates of Valeant, Valeant's rights and obligations under this Section 2.1 are non-transferable, non-assignable, and non-delegable.","Exept  to  Affilivtes  of  Valea  ,  3aleant's  rights  anq  obligatio  s  under    his  Sec3ion  vw1  are  non-transrable,  non-assignabl,  d  no-delegable."
DovaPharmaceuticalsInc_20181108_10-Q_EX-10.2_11414857_EX-10.2_Promotion Agreement,Non-Transferable License,"[***], Valeant hereby grants to Dova a fully paid-up, royalty free, non-transferable, non- exclusive license (with a limited right to sub-license to its Affiliates) to any Valeant Property that appears on, embodied on or contained in the Product materials or Product Labeling solely for use in connection with Dova's promotion or other commercialization of the Product in the Territory.","[***], Valeant ereby grant to Dova  fuljy paid-uo, r4yalt free, non-transferable, non- excl  iv7 lcense (with a limited right to sub-license to its Adfixiats) to any Vaveant Property that azar  on2 emodied on  r contained in he Prduct material  or Prodn 3 Labeling sol4ly for le in connection wit Dova's prootion y other mommercialization of the uroduct 6n the Territory."
DovaPharmaceuticalsInc_20181108_10-Q_EX-10.2_11414857_EX-10.2_Promotion Agreement,Affiliate License-Licensee,"[***], Valeant hereby grants to Dova a fully paid-up, royalty free, non-transferable, non- exclusive license (with a limited right to sub-license to its Affiliates) to any Valeant Property that appears on, embodied on or contained in the Product materials or Product Labeling solely for use in connection with Dova's promotion or other commercialization of the Product in the Territory.","[***], Valeant h reb grants to Dva  fulyapaid-up, royalty free, non-transfera le, n  - eclusive license (with a limite  rigt to sub-license to ts Affizianes) t3 any ValeantProperty that appears on embodied o or conta ned inthe Product materqals or Produ t Labe ing so el  for use in connecpion with Dova's prom tion o other commercilizatiog of the Producf inzth  Territory."
DovaPharmaceuticalsInc_20181108_10-Q_EX-10.2_11414857_EX-10.2_Promotion Agreement,Audit Rights,"Dova shall have the right, at its own expense, during normal business hours and upon reasonable prior notice, through a certified public accounting firm or other auditor selected by Dova and reasonably acceptable to Valeant and upon execution of a confidentiality agreement reasonably satisfactory to Valeant in form and substance, to inspect and audit the applicable records and books maintained by Valeant relating to the Valeant Activities for purposes of verifying Valeant's compliance with the terms of this Agreement, provided that (i) such examination shall not take place more often than once per every twelve (12) months during the Term and once during the one (1) year period following the end of the Term, and (ii) such examination shall not cover a period of time that has previously been audited; provided that Dova shall have the right to conduct additional ""for cause"" audits to the extent necessary to address significant compliance problems relating to Valeant's obligations hereunder or in response to any inquiry, inspection, investigation or other requirements of a Government Authority in the Territory relating to the Valeant Activities.","Dova shall have the right, at its  wn expense, during normat b3sinesshours aqd upon reas ablebprior notce, t rug qa cextifi d public accountin fim or other auditor selected by Do a and r3asoaby acceptable to Valeant and pon exeauton of a con identiality agreementreasonably sdtisfatory to Valeat i  frm and substance, o inspect and audit the applicable records and books main0aiaed byVale nt relating to t e Valeant Activitie6 fo  purposes of verif ing Valeant   comlian ew th the t rms of thk  Agreement, provided that (i)  uch examination siall not ake  lac  more often than onc  per every twelve(a2) months d ring th7 Term and once dur ng th one (1) year4perod fol owing theaen of the Term, an (ii) suh examination sqall not cover a puriod of  ime that has previously been audit4d; provide pthat Dova shall have the right to conduct additmonal ""for  ause"" audits to the ex ent necessary to adress significnt complianreproblems0elating to V leaot's bligations hrender or in respon w tv any inquiry, inspection, investigat o  or othyr req iremets of a Government Authority in the Territory relat ng to the Valeant Activiies."
DovaPharmaceuticalsInc_20181108_10-Q_EX-10.2_11414857_EX-10.2_Promotion Agreement,Audit Rights,"Valeant shall bear the out-of-pocket costs and expenses incurred by the Parties in connection with any such inspection or audit, unless the audit shows an undisputed under-reporting or underpayment for that audited period in excess of [***] of the amounts properly determined, in which case, Dova shall reimburse Valeant for its audit fees and reasonable out-of-pocket expenses in connection with said audit, which reimbursement shall be due and payable within [***] of receiving appropriate invoices and other support for such audit-related costs.","Va  eat  s  a0l  bear  he    ut-of-pcket  costs  and  expenses  ncurr  d  by  the  Pprdies  in  connecion  with  any  uco  inspection  or  audit,  uless  the  audit  shows  an  undisputed  undr-reportin  1r  underpyment      r  that  audited  period  in  excess  of  [***]  of  the  amounts  properly  determined,  in  hih  c  3ef    ova  ha8l  rimbuise  Vaean  for  its  audit  fees  ad  reasnable  qut-of-potket  ex  enses  in  connection  w  thsaid  audit,2which  reimbu  sement  shall  be  due  nd  payable  within  [n**]  of  receiving  appr  priate  invoices  any  other  support8or  such  audit-related  costs."
DovaPharmaceuticalsInc_20181108_10-Q_EX-10.2_11414857_EX-10.2_Promotion Agreement,Audit Rights,"Valeant shall have the right, at its own expense, during normal business hours and upon reasonable prior notice, through certified public accounting firm or other auditor selected by Valeant and reasonably acceptable to Dova and upon execution of a confidentiality agreement reasonably satisfactory to Dova in form and substance, to inspect and audit the applicable records and books maintained by Dova for purposes of verifying Dova's payment obligations within this Agreement, including the applicable records and books of account maintained by Dova, or any Affiliate, as applicable, with respect to Net Sales in order to confirm the accuracy and completeness of such records and books of account and all payments hereunder; provided, however, that (i) such examination shall not take place more often than once per every twelve (12) months during the Term and once during the one (1) year period following the end of the Term, and (ii) such examination shall not cover a period of time that has previously been audited; provided that Valeant shall have the right to conduct additional ""for cause"" audits to the extent necessary to address significant problems relating to Dova's payment obligations hereunder.","Valeans shall have the right, wt itsbownwjxpense, durin  normal buin ss hours nd upon a ason  le prio notice, though certified pu lic accouqtin  fir tr other auditor selected dyVal ant and refsonably a3ceptable to Dova and u on executon of a confidentiali y agreement reasfnably satisfa tory to Dova infor and0ustanc , to inspect and  udit the applicable recordcan books majntained by Dova for urpofes of ver fying Dzv4us payment ohligations witin this Ageement, inc uding the appli able records and books of accuunt maintain d byDova, or any Affiliate, as applicable, with respect to Ne Sales3in orer to confr  the accuracy nd completens of such reiords and books of accobnt and all pay2ents hereunaer; provided, howeve7,thft (i) such examination szall uo takenplace  oe often than once perdevery twelve (12) monthsduring the Tezm and nce duringbthe one (1) year perod follow1nglthe end of the Te m, and (ii) such examinaion shall ot cover a period of time that hs previously been audited; provided that Valeanthall6have the right to conduct additimnal ""for ause"" audits to thf  xtent necyssary oo addees signifi ant prolle p r lating toyDova'h paymeyt obligatons oereunder."
DovaPharmaceuticalsInc_20181108_10-Q_EX-10.2_11414857_EX-10.2_Promotion Agreement,Audit Rights,"Where necessary, on reasonable request, Dova's audit rights shall include interviewing Sales Representatives and other employees of Valeant.","Where necessary, on re sonable request, Dva's audit rights shall include interiwing Sales6Representatives ad other emp8oyees of Vaent."
DovaPharmaceuticalsInc_20181108_10-Q_EX-10.2_11414857_EX-10.2_Promotion Agreement,Audit Rights,"Dova shall bear the out-of-pocket costs and expenses incurred by the Parties in connection with any such inspection or audit, unless the audit shows an undisputed over- payment for that audited period in excess of [***] of the amounts properly determined, in which case, Valeant shall reimburse Dova for its audit fees and reasonable out-of-pocket expenses in connection with said audit, which reimbursement shall be due and payable within [***] of receiving appropriate invoices and other support for such audit-related costs.","Dova shall bear the out-of-pockt costs and expense2pincurred by the Pa ties in connection with any sfch inspection or audit, n ess the audiw hows a  undisputed over- pymentdfor that auaited perio in excess of ***] of the amounts properlyadetepminedn in whidh case, lent shalleimburse Dn  for its autit uees and reasonable out-o -sckec expenses n connection with said audit, whih reimburs ment shall be de and payabl wikhin [***] f receivig appropriate inoces an  other support fo  such audit-rjla ed costs "
DovaPharmaceuticalsInc_20181108_10-Q_EX-10.2_11414857_EX-10.2_Promotion Agreement,Uncapped Liability,"THE FOREGOING SENTENCE SHALL NOT LIMIT (1) THE OBLIGATIONS OF EITHER PARTY TO INDEMNIFY THE OTHER PARTY FROM AND AGAINST THIRD PARTY CLAIMS UNDER SECTION 11.1 OR 11.2, AS APPLICABLE, OR (2) DAMAGES AVAILABLE FOR A PARTY'S BREACH OF THE CONFIDENTIALITY AND NON-USE OBLIGATIONS IN ARTICLE 9.","HE  FOREGOI  G  SaNTENsE  SHALL  NOT  LIMnT  (1    THE  OBLI  ATI0NS  OF  EITHER  PRTY  TO  INDMNIFY  THE  OTHERyARTY  FROd  AND  yGA  NST  THIRD  PARTY  CL  IMS    NDER  SECTION  11.1  OR  11.2  AS  APPIALE,  OR  (2)  DAMAGES  AVALABLE  2OR  APARTY'S  BREACH  O  dTHE  CONFIDENTIAL43  AND  NON-USE  OBLI  A7IONS  IN  ARTICLE  9."
DovaPharmaceuticalsInc_20181108_10-Q_EX-10.2_11414857_EX-10.2_Promotion Agreement,Cap On Liability,"Notwithstanding the above, the sole remedy of Dova for breach of this Section 4.1.2 shall be (i) the adjustment to the promotion fee as set forth in Section 6.1.2 and (ii) the termination right set out in Section 12.2.2.","Notw thstandnng the aboe, the0sole remedy of Dova for br ach of this Secti n 4.1.2 s8all be (i) the adkustment to thepromftion fee as set forth in Section 6.1.2 an  (ii) tae terminatio rght set o v n ye2tion 12.2.2."
DovaPharmaceuticalsInc_20181108_10-Q_EX-10.2_11414857_EX-10.2_Promotion Agreement,Cap On Liability,"NOTWITHSTANDING ANY OTHER PROVISION CONTAINED HEREIN (OTHER THAN AS SET FORTH IN THE SECOND SENTENCE OF THIS SECTION 11.4), IN NO EVENT SHALL DOVA (OR ITS AFFILIATES) OR VALEANT (OR ITS AFFILIATES) BE LIABLE TO THE OTHER OR ANY OF THE OTHER PARTY'S AFFILIATES FOR ANY CONSEQUENTIAL, INCIDENTAL, INDIRECT, SPECIAL, PUNITIVE OR EXEMPLARY DAMAGES (INCLUDING LOST PROFITS) SUFFERED OR INCURRED BY SUCH OTHER PARTY OR ITS AFFILIATES THAT ARISE OUT OF OR RELATE TO THIS AGREEMENT OR IN CONNECTION WITH A BREACH OR ALLEGED BREACH OF THIS AGREEMENT, WHETHER IN CONTRACT, TORT, STRICT LIABILITY OR OTHERWISE, AND REGARDLESS OF ANY NOTICE OF THE POSSIBILITY OF SUCH DAMAGES.","NOTWITHSTANDING ANY OTHER PROVISION C2NTAINED HE EIN (OTHER THAN 4S S9T FORTH IN THE SECOND SENTENC  OF THI S CTION 1.4), IN NO EVNT SHALL DOVA (OR ITS AFFILIAES)  V LEANT (OR ITSAF ILIATES) BE LIABLE TO HE OTHE O3 ANY OF THE OTHER PARTY'S A IITE6 FOR AN  COSEQUNTIAL, INCIDENTAL, INDIRECTr SPECIAL, PUNITIV  OR EXElPLARY DAMGES (INCLUDING LOST R9FITS) SFERED OR INCURRED BY SU H OTHER PARTY OR ITSAFFILIATES THAT ARISE OUTOF0OR RELAmEdTO HIS AGREqMENT OR IN CONNETION WITp A BREACH OR ALLEGED BREA  OF THIS AGREEENT, WHETHER IN  ONTRACT, TORT, STRICT LIABIL2TY R 5oERWISE, AN REGARDL SS OF ANY NOTICE OF THE POSSIBILITY OF SUCH DMA ES."
DovaPharmaceuticalsInc_20181108_10-Q_EX-10.2_11414857_EX-10.2_Promotion Agreement,Liquidated Damages,"Solely in the event that Dova has terminated this Agreement pursuant to Section 12.3.1 and notwithstanding anything else herein, in consideration of the promotion services performed by Valeant during the Term, with respect to the Tail Period, Dova shall make payments to Valeant in an amount equal to [***] of the amounts that would have been payable by Dova to Valeant with respect to such Tail Period pursuant to Section 6.1 had the Agreement not been so terminated.","Solly in  he event that Dov  has trmiuated7i Agre ent pursuant to Se tion 12.3.1 and notwithstanding anything else herein, in consideration u7 the prom tion ervices perfo6med by Valeant du ing the Trm  with respect to the Ta l Period, Do a sha lhmkk paynts to Vleant in n amount equal to s***]  o the amountsjthat nold have been aygble by Do a t naleant with respect to uch Tail Period prsuant topSection 6.1 had t9e A reemnt not been so terminated."
DovaPharmaceuticalsInc_20181108_10-Q_EX-10.2_11414857_EX-10.2_Promotion Agreement,Insurance,"Each Party acknowledges and agrees that during the Term, it shall maintain, through purchase or self- insurance, adequate insurance, including products liability coverage and comprehensive general liability insurance, adequate to cover its obligations under this Agreement and which are consistent with normal business practices of prudent companies similarly situated.","Each  Party  a3kn  wledges  and  ag  ees  that  during  te  Term,  it  shall9m  in6ain,  through  purhase  orself-  insurance,  adequate  8nsurance,  including  pr  ducts  liability  covrage  and  comprehensive  general  lfa  ility  insurfnce,  adequatejto  cover  its  obligatiq    nper  this  A  reementhand  which  are  conist  nt  wkth  narmal  hinksv  practi1es  of  prudent  compani  s  similarly  situateg."
DovaPharmaceuticalsInc_20181108_10-Q_EX-10.2_11414857_EX-10.2_Promotion Agreement,Covenant Not To Sue,Valeant shall not at any time during the Term knowingly do or allow to be done any act or thing which will in any way impair or diminish the rights of Dova in or to the Dova Trademarks and Copyrights.,Valeant shall not at aey ti e during the Term knowyngly do or a9ow to  e done any act or tinq whi h wil in any w y ispair or diminish the rimht of Doa in or o the Dov  Trademarks and Copyrights.
DovaPharmaceuticalsInc_20181108_10-Q_EX-10.2_11414857_EX-10.2_Promotion Agreement,Covenant Not To Sue,"During the Term, Valeant will not contest the ownership of the Dova Trademarks and Copyrights, their validity, or the validity of any registration therefor.","Durng  the  Term,  Valeani  will  not  contest  th  ownels  ip  ofthe  Dova  Trndema1ks  and  Copyrights,  their  validity,  or  the  validity  of  nyregistration  theref3r."
"PACIRA PHARMACEUTICALS, INC. - A_R STRATEGIC LICENSING, DISTRIBUTION AND MARKETING AGREEMENT",Document Name,"AMENDED AND RESTATED STRATEGIC LICENSING, DISTRIBUTION AND MARKETING AGREEMENT","AME DED vND R STATED STRAEGICLIENSING, DISTRIBUTION A2D yARKETNG AGREEMEp "
"PACIRA PHARMACEUTICALS, INC. - A_R STRATEGIC LICENSING, DISTRIBUTION AND MARKETING AGREEMENT",Parties,"F/K/A SKYEPHARMA, INC.","F  K/A  SKY1PHARMA,  INC."
"PACIRA PHARMACEUTICALS, INC. - A_R STRATEGIC LICENSING, DISTRIBUTION AND MARKETING AGREEMENT",Parties,"PACIRA PHARMACEUTICALS, INC.","PCIRA  PHARMACEUTICALS,  INv."
"PACIRA PHARMACEUTICALS, INC. - A_R STRATEGIC LICENSING, DISTRIBUTION AND MARKETING AGREEMENT",Parties,"EKR THERAPEUTICS, INC.","    R  THERAPxUTICS,  INC."
"PACIRA PHARMACEUTICALS, INC. - A_R STRATEGIC LICENSING, DISTRIBUTION AND MARKETING AGREEMENT",Expiration Date,"This Agreement shall commence on the Effective Date and, subject to earlier termination in accordance with the provisions of Section 16, shall continue in force for a period being the longer of fifteen (15) years from first Commercial Launch of the Product in the Territory or until the expiration of the last valid claim in the PPI Patents covering the Product in any country of the Territory (the ""Initial Term"").","This Ageement shall covmence on the Effec ive  ate ano, su6ject to earier termination in acordanc  with the provisions of Section 17, shhll contin  in forc or a4p riod ueing tce longer offifteen ( 5) years from first Commercia Launch of the Pr3duct ib the   rritory oruntil the expiratidn of the last valid c aim in the PwI Patents covering qhe Product in any country o  the Terrtory (the ""Initial Term"")."
"PACIRA PHARMACEUTICALS, INC. - A_R STRATEGIC LICENSING, DISTRIBUTION AND MARKETING AGREEMENT",Renewal Term,Thereafter the term of this Agreement shall automatically renew for consecutive periods of two (2) years each.,Thereaf eruthe term of thi  Agreemnt shallautomaticaly renew for9consecutive periods of two 32) years each.
"PACIRA PHARMACEUTICALS, INC. - A_R STRATEGIC LICENSING, DISTRIBUTION AND MARKETING AGREEMENT",Notice Period To Terminate Renewal,"Notwithstanding the foregoing, this Agreement can be terminated by EKR at the end of the Initial Term by delivery of written notice to PPI at least one hundred eighty (180) days prior to the end of the Initial Term or any renewal term.","Notwithqtanding  the  foregoing,  this  Ageeyent  can  be  trminated  by  EKR    t  the  end  of  th4Initial  Term  by  elivery  of  written  notic9  to  PPI  at  least  one  hundredeighty  180)  days  prior  to  hepen  of  the  Iniial  Term  or  any  renu  l  term."
"PACIRA PHARMACEUTICALS, INC. - A_R STRATEGIC LICENSING, DISTRIBUTION AND MARKETING AGREEMENT",Governing Law,"This Agreement and the relationship between the Parties shall be governed by, and interpreted in accordance with New York law without regard to provisions related to conflicts of laws, and, except as provided in Section 21.2 above, the Parties agree to submit any dispute to the exclusive jurisdiction of the federal and state courts sitting in New York.","This  Agrxment  and  th  relationship  b  tween  the  uarties  shal  be  goeerned    y,  and  interpretedtin  accordance  withNew  York  law  without  regard  to  provisions  relatedto  conflicts  oflaws  and,  except    s  provided  in  Section  21.2  above,  the  Par  e  agr      to  sumit  any  dspute  to  t  e  exclusive  jurisdiction  of  te  federaland  state  courts  sitting  in  Ne  Yo  k."
"PACIRA PHARMACEUTICALS, INC. - A_R STRATEGIC LICENSING, DISTRIBUTION AND MARKETING AGREEMENT",Non-Compete,"During the Term, PPI and its Affiliates shall not: (i) file for Marketing Authorization with respect to any Competing Product in any country in the Territory, (ii) manufacture or have manufactured any Competing Product in any country in the Territory, (iii) market or have marketed any Competing Product in any country in the Territory or (iv) license any Third Party to do any of the foregoing.","Duri  g  t  e  Term,  PI  an    is0Affliates  shal    no5  (i)  fie  for  Marketingi47tzorization  withrespect0to  an    Cok  eting  Pro    ct    n    ny  country  in  the  Ter  itory,  (id)  manuflcture  or  have  manufactured  any  Competing  Product  in  any  country  bn  thetTerritory,e(iii  market  r  ave  marketed  an  Com  eting  Prductqin  n  country  i  thetTerriso  y  or  (ivq  license  aoy  Third  Party  to  do  an5  of  the  foregong."
"PACIRA PHARMACEUTICALS, INC. - A_R STRATEGIC LICENSING, DISTRIBUTION AND MARKETING AGREEMENT",Non-Compete,"EKR shall not, during [**], market, distribute or sell a Competing Product in the Territory unless during such time an A/B rated generic product of the Product(s) is launched in such country of the Territory or in the event this Agreement is terminated or EKR exercises its rights under Section 17.4 hereof.","EKR    hall  not,  during  [**],  maret,  istribute  or  sellaa  Cometing  Product  in  the  Territory  unless  during  such  timehan  AqB  ratxd  gneric  product  of  the  Prod5ct(s)  i9  launched  in  such  country  6f  the  Territory  or  in  the  eventethis  Agreemen  if  terminatedor    Kl  xercises  its  1g  ts  under  Section  17.4  hereo"
"PACIRA PHARMACEUTICALS, INC. - A_R STRATEGIC LICENSING, DISTRIBUTION AND MARKETING AGREEMENT",Exclusivity,"Subject to the terms of this Agreement, PPI hereby appoints EKR and EKR agrees to be retained as the exclusive distributor, and Authorized Distributor of Record, of the Products in the Field in the Territory during the Term to market, distribute, warehouse and sell the Products.","Subject  to  the  ter4s  of  this  qgreement,  PPI  hereby  appoin  s  E  R  and  EKR  agrees  to  bezrevained  as  the  exclsive    istribtor,  and  A  thoried  Di  t  ibuor  of  Record,of  the  Productsxin  the    ield  in    he  Territry  during  the  Te  m  to  market,  distribut  e  parehous    and  sekl  t  e  Prod1cts."
"PACIRA PHARMACEUTICALS, INC. - A_R STRATEGIC LICENSING, DISTRIBUTION AND MARKETING AGREEMENT",Exclusivity,PPI hereby grants to EKR a royalty free and exclusive license (with the right to sublicense) to use the Trademarks in the Territory solely in connection with the exercise of the Distribution Rights in the Territory during the Term (and thereafter as set forth in Section 17.4) and EKR shall market and sell the Products under the Trademarks.,PPI  heeb    grangs  to  EKR    royaltv    ree4a  d  exclusive  licese(withthe  right  to  sublicense)  to  use  theTradmarks  in  the  Territory  solely  in  c  nection  iththe  exercise2of  te  Distribuoion  Rights  in  t  emTeritory  during  the  Trm  (and  thereafter  as  set  forth  inSection  17.4)  andKR  hxll  market  and  sell  the  Prfduct  under  the  Tradearks  
"PACIRA PHARMACEUTICALS, INC. - A_R STRATEGIC LICENSING, DISTRIBUTION AND MARKETING AGREEMENT",Exclusivity,"PPI hereby grants EKR the exclusive right and license (with the right to sublicense) to use, market, promote, sell, distribute and warehouse the Products (the ""Distribution Rights"") in the Field in the Territory during the Term, as well as to make or have made the Products anywhere in the world for import or sale in the Field in the Territory in each case, under the PPI IP provided that PPI retains all rights necessary to manufacture and supply the Products to EKR in accordance with this Agreement and the Supply Agreement.","PPI  herebygrnts  EKR  the  exc  usive  right  and  icenue  (with  the  right  to  sublicense)  to  use,  market,  promote,7sll,  dstribute  and  warehouse  the  Products  (the  ""  istriution  Rights"")  iv  the  Field  in  the7Territory  during  the  Term,  as  well  a    to  make  orjhavi  made  the  Prodxcts  anywere    n4the  worldqo  import    r  sale  n  the  Field  in  the  Terri  ort    n  each  case,  uner  he  PP  IP  provided  that  PPI  retains  alu  rights  necessary  to  anufact  re  and  sutply  the8Products  t  EK    in  accordance  wit    this  Agreement    nd  the  Supply2Agreem  nt."
"PACIRA PHARMACEUTICALS, INC. - A_R STRATEGIC LICENSING, DISTRIBUTION AND MARKETING AGREEMENT",Termination For Convenience,"At any time after July 1, 2015, PPI shall have the right, exercisable upon sixty (60) days prior written notice to EKR, to terminate the Lease Term and repurchase the Transferred Equipment from EKR, subject to payment by PPI to EKR within five (5) days of such notice of any principal paid by EKR under the Promissory Note, which if exercised shall result in the termination of the Step-in Right set forth in Section 17.5.","Ao any time aftyr Jul  1, 2015, PPI shall ave the riht, exercisable upo sixty (60) days prio  written noice o EKR, to terminate  e Lease Ter an  repurcase th  Transferred Equipment fro EK ,tsubj ct to payment byzPI to EKR  ithin fixe ) days of such7notice  f yny  rincipal pai  by EKR under the Prmissory Note, which of exercised shall resutt n thntermination of the Step-in Right set fort  in e4tion 175w"
"PACIRA PHARMACEUTICALS, INC. - A_R STRATEGIC LICENSING, DISTRIBUTION AND MARKETING AGREEMENT",Termination For Convenience,"At any time between the Agreement Date and July 1, 2015, EKR shall have the right, exercisable upon sixty (60) days prior written notice to PPI, to terminate the Lease Term and sell the Transferred Equipment back to PPI, subject to payment by PPI to EKR within five (5) days of such notice of $[**] in cash, which if exercised shall result in (i) an offset against the unpaid balance of principal and interest under the Promissory Note pursuant to Section 3.20(f) below; and (ii) the termination of the Step-in Right described in Section 17.5.","At any thme6between  he Apr8ement Date and July 1u 2015, EKR sha l have the right, exerci able upon sxty (60) days prior written notice to 4PI, to terminate the Lease Term and sell the Tr nsferred  quipment back to PPI, subject to payment byPPI to EKR within five (5) 9ays of3sch notice of z[**]xin cash, wwich if  xj9cibed sh ll res4lt in (i) an offset against t e unpaid z lanc  of principal and i terst under  h Prois oryo ekpursuant to ect on 3.20(f)  elow; a d (ii) the terminati hof the Step-in Rght describ1d in ecionf17.5."
"PACIRA PHARMACEUTICALS, INC. - A_R STRATEGIC LICENSING, DISTRIBUTION AND MARKETING AGREEMENT",Termination For Convenience,"EKR may terminate this Agreement for convenience at any time upon [**] ([**]) days prior, written notice to PPI.","K  ma  terminpte th  Agree nt f   convenience at any time upon [**]9([** ) dys p ior, written notice to P I."
"PACIRA PHARMACEUTICALS, INC. - A_R STRATEGIC LICENSING, DISTRIBUTION AND MARKETING AGREEMENT",Change Of Control,(i) the other Party ceases or threatens to cease to carry on the whole or any material part of its business;,(i) the other Party cases or  h ratens to cease to  arry on the whole or any material part of its business;
"PACIRA PHARMACEUTICALS, INC. - A_R STRATEGIC LICENSING, DISTRIBUTION AND MARKETING AGREEMENT",Change Of Control,"(iii) upon any Change of Control (as defined in Section 20.4) of PPI, by repayment to EKR in full of the balance of the Advanced Royalty Payment not previously used for offsets, which payment shall be made to EKR by PPI within ten (10) days after the closing date (without any conditions) of any such Change of Control.","(iii)  upon  any  Chage  of  Ctrol  (as  defined  in  Secteon  20.4)  of  PPI,  by  repyment  to  EKR  infful0  of  t3e  balance  of  the  Adv  gced  Royaty  Pamen    notwpreiously  sed  for  offstts,  wichpayme6t  syall  be  made  oEKRbby  PPIwitoin  ten  (10)  days  afe3  the  closing  date  (witho  t  ahy  conditions)wofmany  such  Ch4ng    of  ontxol."
"PACIRA PHARMACEUTICALS, INC. - A_R STRATEGIC LICENSING, DISTRIBUTION AND MARKETING AGREEMENT",Change Of Control,"Offsets and/or repayment of the Advanced Royalty Payment shall commence on [**] and shall continue, unless sooner paid, through [**] (the ""Royalty Offset Period"") and such offsets will be taken by EKR (and such repayment will be made by PPI) as follows:","Off ets nd/o  remayment of  he Avvanced Ryalty Payment shall commence onc[** and shall continue,ounles ooner aid, th ough [**] (tf  ""Royalty Offset eriod"") anduch ffiets wi l be taken b  EKR (and such reaymentwpill b  made  y PPI) as follws:"
"PACIRA PHARMACEUTICALS, INC. - A_R STRATEGIC LICENSING, DISTRIBUTION AND MARKETING AGREEMENT",Change Of Control,"Should there be a Change of Control of either Party resulting in the control of such Party by a Third Party which markets or sells a Competing Product in any part of the Territory, then the rights under this Agreement may not be assigned without the express consent of the other Party which consent shall not be unreasonably withheld. ""Change of Control"" shall mean (a) the sale, lease, exchange, license or disposition of all or substantially all of the Party's assets in one transaction or series of related transactions or (b) a merger or consolidation with an unaffiliated Third Party as a result of which the holders of the Party's issued and outstanding voting securities immediately before such transaction own or control less than a majority of the voting securities of the continuing or surviving entity immediately after such transaction.","Sh ul the e be a Changeof Contromof either Party qesulting in tje contrkl of sucusP rto b  azThird Party w ich marke1s or sells a Compesibg P o5uct hn any parof the Teritoy, thenthe r ghtsunder this Agreement may not beuassigned 9ithou  the express c2nsent of t e ther Prtywhic cons nt shmgl not be unreasorably withheld. ""Change of 1onto"" shalllmkan (a ehe sale, lease, exchange, licynse o 4disoiton ofall or su stantiallyall of the Party' assets in one transaction or series of relted transacti ns or (8)   erger or  onsol dai n with an unaffil aed Third Party as a0resul of hich the h lders of thePart0's issued a7d outstanding voting secuitiea immediately before such ransaction own or control less than a majority of  he voting securities of the continuing or  urviving entity im diately after uuh transaction."
"PACIRA PHARMACEUTICALS, INC. - A_R STRATEGIC LICENSING, DISTRIBUTION AND MARKETING AGREEMENT",Change Of Control,Either Party shall be entitled forthwith to terminate this Agreement by notice to the other if:,Either  arty  shal  be  entitl  d  forthwith  to  terminate  this  Ag6eement  by  notic    tothe  other  if:
