contract_id,label,text
"WHITESMOKE,INC_11_08_2011-EX-10.26-PROMOTION AND DISTRIBUTION AGREEMENT",Document Name,Promotion and Distribution Agreement
"WHITESMOKE,INC_11_08_2011-EX-10.26-PROMOTION AND DISTRIBUTION AGREEMENT",Expiration Date,"""Term"" means the earlier of: (a) the end of the two year period from the Effective Date to 31 July 2013; or (b) the last day of the calendar month within which the Maximum Distribution Commitment is reached."
"WHITESMOKE,INC_11_08_2011-EX-10.26-PROMOTION AND DISTRIBUTION AGREEMENT",Expiration Date,"This Agreement shall commence on the Effective Date and, unless earlier terminated as set out in this Agreement, shall continue for the Term."
"WHITESMOKE,INC_11_08_2011-EX-10.26-PROMOTION AND DISTRIBUTION AGREEMENT",Governing Law,This Agreement is governed by English law and the parties submit to the exclusive jurisdiction of the English courts in relation to any dispute (contractual or non-contractual) concerning this Agreement save that either party may apply to any court for an injunction or other relief to protect its Intellectual Property Rights.
"WHITESMOKE,INC_11_08_2011-EX-10.26-PROMOTION AND DISTRIBUTION AGREEMENT",Change Of Control,"[ * ] expected to experience, or [ * ] is experiencing, such Change of Control shall notify [ * ] in writing of this before or within [ * ] after the Change of Control."
"WHITESMOKE,INC_11_08_2011-EX-10.26-PROMOTION AND DISTRIBUTION AGREEMENT",Change Of Control,"[ * ] may terminate this Agreement immediately upon written notice if there is a Change of Control of [ * ]. In this Clause the term ""Control"" shall mean the possession by any person(s) directly or indirectly of the power to direct or cause the direction of another person and ""Change of Control"" is to be construed accordingly."
"WHITESMOKE,INC_11_08_2011-EX-10.26-PROMOTION AND DISTRIBUTION AGREEMENT",Change Of Control,"For the avoidance of doubt, if following [ * ] there is a transfer of shareholding or interests in Distributor to any existing or new shareholder(s) which results in any person or persons subsequently gaining Control of Distributor, then Google may exercise its right to terminate in accordance with this clause 5.4."
"WHITESMOKE,INC_11_08_2011-EX-10.26-PROMOTION AND DISTRIBUTION AGREEMENT",Change Of Control,"For the avoidance of doubt, a Change of Control shall be deemed an assignment hereunder unless [ * ] does not exercise its [ * ]."
"WHITESMOKE,INC_11_08_2011-EX-10.26-PROMOTION AND DISTRIBUTION AGREEMENT",Anti-Assignment,[ * ] may [ * ]any of its rights or obligations under this Agreement without the prior written consent of [ * ].
"WHITESMOKE,INC_11_08_2011-EX-10.26-PROMOTION AND DISTRIBUTION AGREEMENT",License Grant,"Subject to the terms and conditions of this Agreement, Google grants to Distributor a limited, [ * ] license during the Term to use the Google Trademarks, in accordance with Google's trademark usage guidelines, solely to market and promote the Products consistent with this Agreement, provided that all use of the Google Trademarks shall be subject to Google's prior review and advance written consent."
"WHITESMOKE,INC_11_08_2011-EX-10.26-PROMOTION AND DISTRIBUTION AGREEMENT",License Grant,"Subject to the terms and conditions of this Agreement, Google grants to Distributor a [* ] license during the Term to: (a) bundle the Distribution Products, in machine-readable binary code format only, solely with Distributor App(s); (b) distribute Bundles directly (or indirectly, subject to Clause 2.2 (Third Party Distribution)) to End Users in the Territory; (c) when indicated by the applicable Criteria Checker and requested by the End User in accordance with clause 3.2 (Form of Distribution Offering), install the Chrome Browser or the Google Toolbar (as applicable) on the End User's system using the Google Installers; and (d) reproduce (or have reproduced by Third Party Distributors as defined in Clause 2.2 (Third Party Distribution)), the Distribution Products to the extent necessary to exercise the rights granted in (a), (b) and (c)."
"WHITESMOKE,INC_11_08_2011-EX-10.26-PROMOTION AND DISTRIBUTION AGREEMENT",Audit Rights,"During the Term, and for a period of [ * ] thereafter, Google may audit Distributor's relevant records to confirm Distributor's compliance with this Agreement."
"WHITESMOKE,INC_11_08_2011-EX-10.26-PROMOTION AND DISTRIBUTION AGREEMENT",Uncapped Liability,"Subject to Clauses 9.1 and 9.2, each party's total liability under or in connection with this Agreement (whether in contract, tort or otherwise) arising in any Contract Year is limited to the greater of: (a) [ * ] Euros ([ * ] Euros); and (b) [ * ]% of the total payment due to the Distributor in the relevant Contract Year pursuant to Clause 4 (Payment Terms)."
"WHITESMOKE,INC_11_08_2011-EX-10.26-PROMOTION AND DISTRIBUTION AGREEMENT",Uncapped Liability,(c) breach of any implied condition as to title or quiet enjoyment; and (d) misuse of confidential information.
"WHITESMOKE,INC_11_08_2011-EX-10.26-PROMOTION AND DISTRIBUTION AGREEMENT",Uncapped Liability,"Nothing in this Agreement shall exclude or limit either party's liability for: (a) death or personal injury resulting from the negligence of either party or their servants, agents or employees; (b) fraud or fraudulent misrepresentation;"
"WHITESMOKE,INC_11_08_2011-EX-10.26-PROMOTION AND DISTRIBUTION AGREEMENT",Uncapped Liability,"Subject to Clauses 9.1 and 9.2, neither party shall be liable under this Agreement (whether in contract, tort or otherwise) for any: (a) loss of anticipated savings; (b) loss of business opportunity (which for the avoidance of doubt shall not include loss of advertising revenue); (c) loss of or corruption of data; (d) loss or damage resulting from third party claims; or (e) indirect or consequential losses; suffered or incurred by the other party (whether or not such losses were within the contemplation of the parties at the date of this Agreement)."
"WHITESMOKE,INC_11_08_2011-EX-10.26-PROMOTION AND DISTRIBUTION AGREEMENT",Uncapped Liability,"Nothing in this Agreement shall exclude or limit either party's liability under Clause 10 (Indemnities), or Distributor's liability under Clause 2 (License Grants and Restrictions), Clause 3.5 (Exclusivity), Clause 3.6 (End User License Agreement) and Clause 3.7 (Accurate Reproduction) or Clause [ * ]."
"WHITESMOKE,INC_11_08_2011-EX-10.26-PROMOTION AND DISTRIBUTION AGREEMENT",Cap On Liability,"Subject to Clauses 9.1 and 9.2, each party's total liability under or in connection with this Agreement (whether in contract, tort or otherwise) arising in any Contract Year is limited to the greater of: (a) [ * ] Euros ([ * ] Euros); and (b) [ * ]% of the total payment due to the Distributor in the relevant Contract Year pursuant to Clause 4 (Payment Terms)."
"WHITESMOKE,INC_11_08_2011-EX-10.26-PROMOTION AND DISTRIBUTION AGREEMENT",Cap On Liability,"Notwithstanding anything to the contrary, in no event shall the [ * ] paid or payable to Distributor by Google pursuant to Clause 4.1 (Payments) exceed the [ * ]."
"WHITESMOKE,INC_11_08_2011-EX-10.26-PROMOTION AND DISTRIBUTION AGREEMENT",Cap On Liability,"Subject to Clauses 9.1 and 9.2, neither party shall be liable under this Agreement (whether in contract, tort or otherwise) for any: (a) loss of anticipated savings; (b) loss of business opportunity (which for the avoidance of doubt shall not include loss of advertising revenue); (c) loss of or corruption of data; (d) loss or damage resulting from third party claims; or (e) indirect or consequential losses; suffered or incurred by the other party (whether or not such losses were within the contemplation of the parties at the date of this Agreement)."
"WHITESMOKE,INC_11_08_2011-EX-10.26-PROMOTION AND DISTRIBUTION AGREEMENT",Cap On Liability,The foregoing Clauses 10.1 to 10.5 states the parties' entire liability and exclusive remedy with respect to infringement of a third party's Intellectual Property Rights.
"WHITESMOKE,INC_11_08_2011-EX-10.26-PROMOTION AND DISTRIBUTION AGREEMENT",Warranty Duration,Google warrants that the Distribution Products will for a period of [ * ] from the date of their supply to Distributor be free from any defect which has a materially adverse effect on their use or operation.
LohaCompanyltd_20191209_F-1_EX-10.16_11917878_EX-10.16_Supply Agreement,Parties,"The buyer/End-User: Shenzhen LOHAS Supply Chain Management Co., Ltd."
LohaCompanyltd_20191209_F-1_EX-10.16_11917878_EX-10.16_Supply Agreement,Expiration Date,"The Contract is valid for 5 years, beginning from and ended on ."
LohaCompanyltd_20191209_F-1_EX-10.16_11917878_EX-10.16_Supply Agreement,Governing Law,"It will be governed by the law of the People's Republic of China ,otherwise it is governed by United Nations Convention on Contract for the International Sale of Goods."
LohaCompanyltd_20191209_F-1_EX-10.16_11917878_EX-10.16_Supply Agreement,Warranty Duration,"Within 7 days after the arrival of the goods at destination, should the quality, specification, or quantity be found not in conformity with the stipulations of the Contract except those claims for which the insurance company or the owners of the vessel are liable, the Buyers, on the strength of the Inspection Certificate issued by the China Commodity Inspection Bureau, have the right to claim for replacement with new goods, or for compensation, and all the expenses (such as inspection charges, freight for returning the goods and for sending the replacement, insurance premium, storage and loading and unloading charges etc.) shall be borne by the Sellers."
LohaCompanyltd_20191209_F-1_EX-10.16_11917878_EX-10.16_Supply Agreement,Insurance,To be covered by the Seller for 110% invoice value against All Risks and War Risk.
NELNETINC_04_08_2020-EX-1-JOINT FILING AGREEMENT,Document Name,JOINT FILING AGREEMENT
NELNETINC_04_08_2020-EX-1-JOINT FILING AGREEMENT,Parties,Shelby J. Butterfield
ADAMSGOLFINC_03_21_2005-EX-10.17-ENDORSEMENT AGREEMENT,Document Name,ENDORSEMENT AGREEMENT
ADAMSGOLFINC_03_21_2005-EX-10.17-ENDORSEMENT AGREEMENT,Effective Date,The Term of this Agreement shall be for a period of [* ****] years and [*****] months commencing the 1st day of September 2004 and terminating the [*****] day of [*****].
ADAMSGOLFINC_03_21_2005-EX-10.17-ENDORSEMENT AGREEMENT,Expiration Date,The Term of this Agreement shall be for a period of [* ****] years and [*****] months commencing the 1st day of September 2004 and terminating the [*****] day of [*****].
ADAMSGOLFINC_03_21_2005-EX-10.17-ENDORSEMENT AGREEMENT,Governing Law,This Agreement shall be governed and construed according to the laws of the State of Kansas.
ADAMSGOLFINC_03_21_2005-EX-10.17-ENDORSEMENT AGREEMENT,Non-Compete,"When endorsing a non-competitive product, under no circumstances shall CONSULTANT wear, play, use, hold or in any way be associated with an ADAMS GOLF competitor's Product."
ADAMSGOLFINC_03_21_2005-EX-10.17-ENDORSEMENT AGREEMENT,Exclusivity,"During the term of this Agreement, CONSULTANT shall exclusively play/use the MANDATORY PRODUCT."
ADAMSGOLFINC_03_21_2005-EX-10.17-ENDORSEMENT AGREEMENT,Exclusivity,"CONSULTANT hereby gives and grants to ADAMS GOLF the exclusive right and license to use CONSULTANT'S ENDORSEMENT in connection with the manufacture, sale, distribution, advertising and promotion of PRODUCT in the CONTRACT TERRITORY."
ADAMSGOLFINC_03_21_2005-EX-10.17-ENDORSEMENT AGREEMENT,Exclusivity,"During the term of this Agreement, unless otherwise authorized at the sole discretion of ADAMS GOLF in writing, CONSULTANT shall not: A.give the right to use or permit the use of CONSULTANT'S name, facsimile signature, nickname, voice or likeness to any other manufacturer or seller of PRODUCT; B.sponsor or endorse PRODUCT made or sold by any other manufacturer or seller; or C.serve as a CONSULTANT or advisor of any other manufacturer or seller of PRODUCT."
ADAMSGOLFINC_03_21_2005-EX-10.17-ENDORSEMENT AGREEMENT,Competitive Restriction Exception,"Notwithstanding paragraphs 4A, 4B and 4C above, CONSULTANT shall be entitled to endorse and play the [*****]."
ADAMSGOLFINC_03_21_2005-EX-10.17-ENDORSEMENT AGREEMENT,Competitive Restriction Exception,"Notwithstanding paragraphs 4A, 4B and 4C above, CONSULTANT shall not be required to wear ADAMS GOLF [*****] in [*****] ads."
ADAMSGOLFINC_03_21_2005-EX-10.17-ENDORSEMENT AGREEMENT,Competitive Restriction Exception,The parties expressly agree that CONSULTANT may permit [*****] the use of CONSULTANT'S name and/or likeness in [*****] print and/or television advertisement provided that this is executed in a manner consistent with [*****] past [*****] advertising practice using similarly situated professional golfers with competing golf club endorsement agreements that include [*****].
ADAMSGOLFINC_03_21_2005-EX-10.17-ENDORSEMENT AGREEMENT,Competitive Restriction Exception,"(It is expressly understood by the parties that CONSULTANT may play [* ****] clubs in the bag other than ADAMS GOLF clubs including, but not limited to, a putter by a manufacturer other than ADAMS GOLF but may not endorse those clubs and/or putter.)"
ADAMSGOLFINC_03_21_2005-EX-10.17-ENDORSEMENT AGREEMENT,Anti-Assignment,"Neither ADAMS GOLF nor CONSULTANT shall have the right to grant sublicenses hereunder or to assign, alienate or otherwise transfer any of its rights or obligations hereunder."
ADAMSGOLFINC_03_21_2005-EX-10.17-ENDORSEMENT AGREEMENT,Minimum Commitment,"In each and every calendar year of this Agreement, CONSULTANT shall achieve a satisfactory record of play in a minimum of [* ****] professional golf association events on the SPGA and/or PGA tour (which shall include both the PGA and SPGA Tour Skins Games)."
ADAMSGOLFINC_03_21_2005-EX-10.17-ENDORSEMENT AGREEMENT,Minimum Commitment,"If for any reason, CONSULTANT should achieve a satisfactory record of play in less than [*****] SPGA and/or PGA tour events in a calendar year, he shall repay ADAMS GOLF an amount per event for each event under [*****] achieved in the given calendar year as follows: The agreed upon repayment amount per event per calendar year: 1. Year 1. $[*****] 2. Year 2 $[*****] 3. Year 3 $[*****] 4. Year 4 $[*****] 5. Year 5 $[*****]"
ADAMSGOLFINC_03_21_2005-EX-10.17-ENDORSEMENT AGREEMENT,Minimum Commitment,"""MANDATORY PRODUCTS"" shall mean the following ADAMS GOLF PRODUCTS that CONSULTANT must exclusively play/use in all Champions/Senior Professional Golf Association (SPGA) and Professional Golf Association (PGA) events at all times: [***** ] Confidential Material redacted and filed separately with the Commission. 2 1.[*****] 2.Sufficient [*****] to maintain total minimum of [*****] ADAMS GOLF [*****] (includes [*****])[*****] at all times"
ADAMSGOLFINC_03_21_2005-EX-10.17-ENDORSEMENT AGREEMENT,Volume Restriction,"During the term of this Agreement, CONSULTANT shall make himself available on not more than [*****] days for television and radio commercials, photo shoots, modeling and promotional appearances compatible with CONSULTANT'S own practice, play and personal time requirements."
ADAMSGOLFINC_03_21_2005-EX-10.17-ENDORSEMENT AGREEMENT,License Grant,"CONSULTANT hereby gives and grants to ADAMS GOLF the exclusive right and license to use CONSULTANT'S ENDORSEMENT in connection with the manufacture, sale, distribution, advertising and promotion of PRODUCT in the CONTRACT TERRITORY."
"KIROMICBIOPHARMA,INC_05_11_2020-EX-10.23-CONSULTING AGREEMENT",Document Name,CONSULTING AGREEMENT
"KIROMICBIOPHARMA,INC_05_11_2020-EX-10.23-CONSULTING AGREEMENT",Effective Date,"This letter agreement will be effective as of July 1, 2018."
"KIROMICBIOPHARMA,INC_05_11_2020-EX-10.23-CONSULTING AGREEMENT",Expiration Date,This Agreement will commence on the Effective Date and will continue until termination as provided below.
"KIROMICBIOPHARMA,INC_05_11_2020-EX-10.23-CONSULTING AGREEMENT",Governing Law,"This Agreement shall be governed by the laws of the State of Texas, without reference to its conflicts of law principles."
"KIROMICBIOPHARMA,INC_05_11_2020-EX-10.23-CONSULTING AGREEMENT",Non-Compete,"Without limiting the foregoing, Consultant agrees to use his or her best efforts (A) to segregate Consultant's"
"KIROMICBIOPHARMA,INC_05_11_2020-EX-10.23-CONSULTING AGREEMENT",Non-Compete,"Consultant hereby certifies that Consultant has no outstanding agreement or obligation that is in conflict with any of the provisions of this Agreement, or that would preclude Consultant from complying with the provisions hereof, and further certifies that Consultant will not enter into any such conflicting agreement during the term of this Agreement."
"KIROMICBIOPHARMA,INC_05_11_2020-EX-10.23-CONSULTING AGREEMENT",Non-Compete,"Subject to written waivers that may be provided by the Company upon request, which shall not be unreasonably withheld, Consultant agrees that, during the term of this Agreement, Consultant will not directly or indirectly (i) participate in the formation of any business or commercial entity in the Field of Interest or otherwise competitive with the Company."
"KIROMICBIOPHARMA,INC_05_11_2020-EX-10.23-CONSULTING AGREEMENT",Non-Compete,"Services performed under this Agreement from Consultant's work done for any other companies for whom Consultant is providing services so as to minimize any questions of disclosure of, or rights under, any inventions, (B) to notify the Company if at any time the Consultant believes that such questions may result from his or her performance under this Agreement and (C) to assist the Company in fairly resolving any questions in this regard which may arise."
"KIROMICBIOPHARMA,INC_05_11_2020-EX-10.23-CONSULTING AGREEMENT",Termination For Convenience,Either Consultant or Company may terminate this Agreement upon prior written notice thereof to the other party.
"KIROMICBIOPHARMA,INC_05_11_2020-EX-10.23-CONSULTING AGREEMENT",Anti-Assignment,Neither this Agreement nor any right hereunder or interest herein may be assigned or transferred by Consultant without the express written consent of Company.
"KIROMICBIOPHARMA,INC_05_11_2020-EX-10.23-CONSULTING AGREEMENT",Anti-Assignment,Consultant shall not subcontract any portion of Consultant's duties under this Agreement without the prior written consent of Company.
"KIROMICBIOPHARMA,INC_05_11_2020-EX-10.23-CONSULTING AGREEMENT",Volume Restriction,"The Company will compensate Consultant at the rate of $400 per hour (19 hours cap monthly; anything over these hrs must be preapproved by management), payable in accordance with the Company's standard payroll schedule, and subject to withholding as legally required."
"KIROMICBIOPHARMA,INC_05_11_2020-EX-10.23-CONSULTING AGREEMENT",Ip Ownership Assignment,"Consultant hereby irrevocably assigns to Company all right, title and interest in and to any information (including, without limitation, business plans and/or business information), technology, know-how, materials, notes, records, designs, ideas, inventions, improvements, devices, developments, discoveries, compositions, trade secrets, processes, methods and/or techniques, whether or not patentable or copyrightable, that are conceived, reduced to practice or made by Consultant alone or jointly with others in the course of performing the Services or through the use of Confidential Information (collectively, 111nventions"")."
"KIROMICBIOPHARMA,INC_05_11_2020-EX-10.23-CONSULTING AGREEMENT",Ip Ownership Assignment,to execute and file any such applications and to do all other lawfully permitted acts to further the prosecution and issuance of such intellectual property rights thereon with the same legal force and effect as if executed by Consultant.
"KIROMICBIOPHARMA,INC_05_11_2020-EX-10.23-CONSULTING AGREEMENT",Ip Ownership Assignment,"Consultant agrees to sign, execute and acknowledge or cause to be signed, executed and acknowledged without cost, but at the expense of Company, any and all documents and to perform such acts as my be necessary, useful or convenient for the purposes of perfecting the foregoing assignments and obtaining, enforcing and defending intellectual property rights in any and all countries with respect to Inventions."
"KIROMICBIOPHARMA,INC_05_11_2020-EX-10.23-CONSULTING AGREEMENT",Ip Ownership Assignment,"Consultant agrees that if Company is unable because of Consultant's unavailability, mental or physical incapacity, or for any other reason, to secure Consultant's signature to apply for or to pursue any application or registration for any intellectual property rights covering any Invention, then Consultant hereby irrevocably designates and appoints Company and its duly authorized officers and agents as Consultant's agent and attorney-in-fact, to act for and in Consultant's behalf"
"KIROMICBIOPHARMA,INC_05_11_2020-EX-10.23-CONSULTING AGREEMENT",License Grant,"Consultant agrees that if, in the course of performing the Services, Consultant incorporates into any Invention developed hereunder any invention, improvement, development concept, discovery or other proprietary subject matter owned by Consultant or in which Consultant has an interest (""Item""), Consultant will inform Company in writing thereof, and Company is hereby granted and shall have a non-exclusive, royalty-free, perpetual, irrevocable, worldwide license to make, have made, modify, reproduce, display, use and sell such Item as part of or in connection with the exploitation of such Invention."
"KIROMICBIOPHARMA,INC_05_11_2020-EX-10.23-CONSULTING AGREEMENT",Irrevocable Or Perpetual License,"Consultant agrees that if, in the course of performing the Services, Consultant incorporates into any Invention developed hereunder any invention, improvement, development concept, discovery or other proprietary subject matter owned by Consultant or in which Consultant has an interest (""Item""), Consultant will inform Company in writing thereof, and Company is hereby granted and shall have a non-exclusive, royalty-free, perpetual, irrevocable, worldwide license to make, have made, modify, reproduce, display, use and sell such Item as part of or in connection with the exploitation of such Invention."
"KIROMICBIOPHARMA,INC_05_11_2020-EX-10.23-CONSULTING AGREEMENT",Post-Termination Services,"Upon the termination of this Agreement, or upon Company's earlier requests, Consultant will deliver to Company all property relating to, and all tangible embodiments of, Inventions in Consultant's possession or control."
"VEONEER,INC_02_21_2020-EX-10.11-JOINT VENTURE AGREEMENT",Document Name,AMENDMENT AND TERMINATION OF JOINT VENTURE AGREEMENT
"VEONEER,INC_02_21_2020-EX-10.11-JOINT VENTURE AGREEMENT",Parties,"Nissin Kogyo Co., Ltd."
"VEONEER,INC_02_21_2020-EX-10.11-JOINT VENTURE AGREEMENT",Parties,"""NBZ"" and together with Nissin and Nissin Holding, the ""Nissin Parties"""
"VEONEER,INC_02_21_2020-EX-10.11-JOINT VENTURE AGREEMENT",Parties,Nissin Kogyo Holdings
"VEONEER,INC_02_21_2020-EX-10.11-JOINT VENTURE AGREEMENT",Parties,"""Veoneer US"" and together with Veoneer AB, the ""Veoneer Parties"""
"VEONEER,INC_02_21_2020-EX-10.11-JOINT VENTURE AGREEMENT",Parties,"Zhongshan Nissin Industry Co., Ltd."
"VEONEER,INC_02_21_2020-EX-10.11-JOINT VENTURE AGREEMENT",Effective Date,"This Amendment shall only become effective upon the VNBJ Closing with respect to Article 1.1 and the VNBZ Closing with respect to Article 1.2, and shall terminate without any force or effect in the event that the VNBJ SPA and the VNBZ SPA are terminated in accordance with the terms thereof."
"VEONEER,INC_02_21_2020-EX-10.11-JOINT VENTURE AGREEMENT",Expiration Date,"This Amendment shall only become effective upon the VNBJ Closing with respect to Article 1.1 and the VNBZ Closing with respect to Article 1.2, and shall terminate without any force or effect in the event that the VNBJ SPA and the VNBZ SPA are terminated in accordance with the terms thereof."
"VEONEER,INC_02_21_2020-EX-10.11-JOINT VENTURE AGREEMENT",Governing Law,This Amendment shall be governed by and construed in accordance with the laws of Japan.
DovaPharmaceuticalsInc_20181108_10-Q_EX-10.2_11414857_EX-10.2_Promotion Agreement,Document Name,CO-PROMOTION AGREEMENT
DovaPharmaceuticalsInc_20181108_10-Q_EX-10.2_11414857_EX-10.2_Promotion Agreement,Parties,"Dova Pharmaceuticals, Inc."
DovaPharmaceuticalsInc_20181108_10-Q_EX-10.2_11414857_EX-10.2_Promotion Agreement,Parties,"Dova and Valeant are each referred to individually as a ""Party"" and together as the ""Parties""."
DovaPharmaceuticalsInc_20181108_10-Q_EX-10.2_11414857_EX-10.2_Promotion Agreement,Parties,Valeant Pharmaceuticals North America LLC
DovaPharmaceuticalsInc_20181108_10-Q_EX-10.2_11414857_EX-10.2_Promotion Agreement,Effective Date,"""Effective Date"" shall have the meaning set forth in the preamble to this Agreement."
DovaPharmaceuticalsInc_20181108_10-Q_EX-10.2_11414857_EX-10.2_Promotion Agreement,Expiration Date,"This Agreement shall become effective as of the Effective Date and, unless earlier terminated as provided in this ARTICLE 12, shall extend until the four (4) year anniversary of the Effective Date (the ""Term"")."
DovaPharmaceuticalsInc_20181108_10-Q_EX-10.2_11414857_EX-10.2_Promotion Agreement,Governing Law,"This Agreement and any and all matters arising directly or indirectly herefrom shall be governed by and construed and enforced in accordance with the internal laws of the [***] applicable to agreements made and to be performed entirely in such state, including its statutes of limitation but without giving effect to the conflict of law principles thereof."
DovaPharmaceuticalsInc_20181108_10-Q_EX-10.2_11414857_EX-10.2_Promotion Agreement,Non-Compete,"[***], neither Valeant nor its Affiliates shall, directly or indirectly, [***] in the Territory other than the Product; provided that if the Agreement is terminated by Dova pursuant to [***], then any Tail Period shall be immediately terminated if either Valeant or any of its Affiliates, directly or indirectly, [***] in the Territory other than the Product during such Tail Period."
DovaPharmaceuticalsInc_20181108_10-Q_EX-10.2_11414857_EX-10.2_Promotion Agreement,Exclusivity,"During the Term, subject to the terms and conditions of this Agreement, Dova hereby grants to Valeant the right, on a co-exclusive basis (solely with Dova and its Affiliates), to Detail and promote the Product in the Specialty in the Territory in the Field, and to conduct the Valeant Activities and the activities of the institutional account management team (pursuant to and subject to the terms of Section 4.1.5) for the Product in the Territory in the Field in accordance with the terms and conditions of this Agreement."
DovaPharmaceuticalsInc_20181108_10-Q_EX-10.2_11414857_EX-10.2_Promotion Agreement,Competitive Restriction Exception,"Notwithstanding anything to the contrary, in no event shall the restrictions set forth in this Section 2.3.2 apply to [***]."
DovaPharmaceuticalsInc_20181108_10-Q_EX-10.2_11414857_EX-10.2_Promotion Agreement,Competitive Restriction Exception,"Notwithstanding the foregoing, this Section 2.3.1(a) shall not apply to any products marketed, promoted, detailed, offered for sale, or sold by any business (or any portion thereof), other Person, or group of Persons, [***]."
DovaPharmaceuticalsInc_20181108_10-Q_EX-10.2_11414857_EX-10.2_Promotion Agreement,No-Solicit Of Employees,"[***], neither Valeant nor Dova (nor any of their respective Affiliates) shall directly or indirectly solicit for hire or employee as an employee, consultant or otherwise any of the other Party's professional personnel who have had direct involvement with the JSC, with the Valeant Activities under this Agreement (which, in the case of Valeant, includes the Field Force Personnel) or with Dova's commercialization activities for the Product, without the other Party's prior written consent."
DovaPharmaceuticalsInc_20181108_10-Q_EX-10.2_11414857_EX-10.2_Promotion Agreement,Termination For Convenience,Either Party shall have the right to terminate this Agreement before the end of the Term for its convenience upon [***] written notice to the other Party (and any such termination shall become effective at the end of such [***]); [***].
DovaPharmaceuticalsInc_20181108_10-Q_EX-10.2_11414857_EX-10.2_Promotion Agreement,Change Of Control,"Notwithstanding the foregoing, (a) either Party may, without the other Party's consent, assign this Agreement and its rights and obligations hereunder in whole or in part to an Affiliate; and (b) Dova may assign this Agreement to a successor in interest in connection with the sale or other transfer of all or substantially all of Dova's assets or rights relating to the Product; provided that such assignee shall remain subject to all of the terms and conditions hereof in all respects and shall assume all obligations of Dova hereunder whether accruing before or after such assignment."
DovaPharmaceuticalsInc_20181108_10-Q_EX-10.2_11414857_EX-10.2_Promotion Agreement,Anti-Assignment,"In the event either Party desires to make such an assignment or other transfer of this Agreement or any rights or obligations hereunder, such Party shall deliver a written notice to the other Party requesting the other Party's written consent in accordance with this Section 13.2, and the other Party shall provide such Party written notice of its determination whether to provide such written consent within [***] following its receipt of such written notice from such Party."
DovaPharmaceuticalsInc_20181108_10-Q_EX-10.2_11414857_EX-10.2_Promotion Agreement,Anti-Assignment,"Except as provided in this Section 13.2, this Agreement may not be assigned or otherwise transferred, nor may any rights or obligations hereunder be assigned or transferred, by either Party, without the written consent of the other Party (such consent not to be unreasonably withheld); provided that a merger, sale of stock or comparable transaction shall not constitute an assignment."
DovaPharmaceuticalsInc_20181108_10-Q_EX-10.2_11414857_EX-10.2_Promotion Agreement,Anti-Assignment,"Except to Affiliates of Valeant, Valeant shall not subcontract the Valeant Activities with any Third Party (including any contract sales force)."
DovaPharmaceuticalsInc_20181108_10-Q_EX-10.2_11414857_EX-10.2_Promotion Agreement,Anti-Assignment,Any attempted assignment not in accordance with this Section 13.2 shall be void.
DovaPharmaceuticalsInc_20181108_10-Q_EX-10.2_11414857_EX-10.2_Promotion Agreement,Revenue/Profit Sharing,"Commencing with the Calendar Quarter commencing on October 1, 2018, as consideration for the Valeant Activities performed by Valeant, Dova shall pay Valeant a promotion fee based on annual Net Sales during the Term, calculated as follows: (a) For any portion of Net Sales up to and equal [***] in a Calendar Year, an amount equal to [***] of such portion of Net Sales; (b) For any portion of Net Sales in excess of [***] and up to and equal [***] in a Calendar Year, an amount equal to [***] of such portion of Net Sales; and (c) For any portion of Net Sales in excess of [***] in a Calendar Year, [***] of such portion of Net Sales."
DovaPharmaceuticalsInc_20181108_10-Q_EX-10.2_11414857_EX-10.2_Promotion Agreement,Revenue/Profit Sharing,"If the aggregate actual number of Details for the Product made by the Sales Representatives for a Calendar Quarter is less than the Quarterly Minimum Details for such Calendar Quarter, then in calculating the promotion fee due under Section 6.1.1, the Applicable Percentage for such Calendar Quarter shall be reduced to a new percentage equal to [***]."
DovaPharmaceuticalsInc_20181108_10-Q_EX-10.2_11414857_EX-10.2_Promotion Agreement,Revenue/Profit Sharing,"If the Quarterly Average Sales Force Size is less than [***] Sales Representatives for an applicable Calendar Quarter, then in calculating the promotion fee due under Section 6.1.1, the Applicable Percentage for such Calendar Quarter shall be reduced to a new percentage equal to [***]."
DovaPharmaceuticalsInc_20181108_10-Q_EX-10.2_11414857_EX-10.2_Promotion Agreement,Minimum Commitment,"If the aggregate actual number of Details for the Product made by the Sales Representatives for a Calendar Quarter is less than the Quarterly Minimum Details for such Calendar Quarter, then in calculating the promotion fee due under Section 6.1.1, the Applicable Percentage for such Calendar Quarter shall be reduced to a new percentage equal to [***]."
DovaPharmaceuticalsInc_20181108_10-Q_EX-10.2_11414857_EX-10.2_Promotion Agreement,Minimum Commitment,A Party shall have the right to terminate this Agreement before the end of the Term as follows:
DovaPharmaceuticalsInc_20181108_10-Q_EX-10.2_11414857_EX-10.2_Promotion Agreement,Minimum Commitment,"Without limiting the generality of the foregoing, [***]) and continuing throughout the remainder of the Term, Valeant shall maintain at least one hundred (100) Sales Representatives with responsibility to Detail the Product in the Specialty in the Territory."
DovaPharmaceuticalsInc_20181108_10-Q_EX-10.2_11414857_EX-10.2_Promotion Agreement,Minimum Commitment,"12.2.3 by Dova if the aggregate actual number of Details for the Product made by the Sales Representatives for a Calendar Quarter is less than the Quarterly Minimum Details for [***] consecutive Calendar Quarters, upon [***] written notice to Valeant, such notice to be delivered no less than [***] following the end of the last consecutive Calendar Quarter in which the actual Details are less than the Quarterly Minimum Details;"
DovaPharmaceuticalsInc_20181108_10-Q_EX-10.2_11414857_EX-10.2_Promotion Agreement,Minimum Commitment,"If the Quarterly Average Sales Force Size is less than [***] Sales Representatives for an applicable Calendar Quarter, then in calculating the promotion fee due under Section 6.1.1, the Applicable Percentage for such Calendar Quarter shall be reduced to a new percentage equal to [***]."
DovaPharmaceuticalsInc_20181108_10-Q_EX-10.2_11414857_EX-10.2_Promotion Agreement,Ip Ownership Assignment,"As between the Parties, Dova shall own all right, title and interest in and to any Product Materials (and all content contained therein) and any Product Labeling (and all content contained therein), including applicable copyrights and trademarks (other than any name, trademark, trade name or logo of Valeant or its Affiliates that may appear on such Product materials or Product Labeling), and to the extent Valeant (or any of its Affiliates) obtains or otherwise has a claim to any of the foregoing, Valeant hereby assigns (and shall cause any applicable Affiliate to assign) all of its right, title and interest in and to such Product Materials (and content) and Product Labeling (and content) (other than any name, trademark, trade name or logo of Valeant or its Affiliates that may appear on such Product materials or Product Labeling) to Dova and Valeant agrees to (and shall cause its applicable Affiliate to) execute all documents and take all actions as are reasonably requested by Dova to vest title to such Product Materials (and content) and Product Labeling (and content) in Dova (or its designated Affiliate)."
DovaPharmaceuticalsInc_20181108_10-Q_EX-10.2_11414857_EX-10.2_Promotion Agreement,Ip Ownership Assignment,"The ownership, and all goodwill from the use, of any Dova Trademarks and Copyrights shall at all times vest in and inure to the benefit of Dova, and Valeant shall assign, and hereby does assign, any rights it may have in the foregoing to Dova."
DovaPharmaceuticalsInc_20181108_10-Q_EX-10.2_11414857_EX-10.2_Promotion Agreement,Ip Ownership Assignment,"Valeant agrees to assign, and hereby does assign, to Dova (and shall cause its Affiliates and its and their respective employees and other representatives to assign to Dova) any and all right, title and interest that Valeant (or any such Affiliates, employees or other representatives) may have in or to any Invention."
DovaPharmaceuticalsInc_20181108_10-Q_EX-10.2_11414857_EX-10.2_Promotion Agreement,License Grant,"During the Term, subject to the terms and conditions of this Agreement, Dova hereby grants to Valeant the right, on a co-exclusive basis (solely with Dova and its Affiliates), to Detail and promote the Product in the Specialty in the Territory in the Field, and to conduct the Valeant Activities and the activities of the institutional account management team (pursuant to and subject to the terms of Section 4.1.5) for the Product in the Territory in the Field in accordance with the terms and conditions of this Agreement."
DovaPharmaceuticalsInc_20181108_10-Q_EX-10.2_11414857_EX-10.2_Promotion Agreement,License Grant,Valeant shall have the non-exclusive right to use the Dova Trademarks and Copyrights solely on Product Materials in order to perform the Valeant Activities and solely in accordance with the terms and conditions of this Agreement.
DovaPharmaceuticalsInc_20181108_10-Q_EX-10.2_11414857_EX-10.2_Promotion Agreement,License Grant,"[***], Valeant hereby grants to Dova a fully paid-up, royalty free, non-transferable, non- exclusive license (with a limited right to sub-license to its Affiliates) to any Valeant Property that appears on, embodied on or contained in the Product materials or Product Labeling solely for use in connection with Dova's promotion or other commercialization of the Product in the Territory."
DovaPharmaceuticalsInc_20181108_10-Q_EX-10.2_11414857_EX-10.2_Promotion Agreement,Non-Transferable License,"Except to Affiliates of Valeant, Valeant's rights and obligations under this Section 2.1 are non-transferable, non-assignable, and non-delegable."
DovaPharmaceuticalsInc_20181108_10-Q_EX-10.2_11414857_EX-10.2_Promotion Agreement,Non-Transferable License,"[***], Valeant hereby grants to Dova a fully paid-up, royalty free, non-transferable, non- exclusive license (with a limited right to sub-license to its Affiliates) to any Valeant Property that appears on, embodied on or contained in the Product materials or Product Labeling solely for use in connection with Dova's promotion or other commercialization of the Product in the Territory."
DovaPharmaceuticalsInc_20181108_10-Q_EX-10.2_11414857_EX-10.2_Promotion Agreement,Affiliate License-Licensee,"[***], Valeant hereby grants to Dova a fully paid-up, royalty free, non-transferable, non- exclusive license (with a limited right to sub-license to its Affiliates) to any Valeant Property that appears on, embodied on or contained in the Product materials or Product Labeling solely for use in connection with Dova's promotion or other commercialization of the Product in the Territory."
DovaPharmaceuticalsInc_20181108_10-Q_EX-10.2_11414857_EX-10.2_Promotion Agreement,Audit Rights,"Dova shall have the right, at its own expense, during normal business hours and upon reasonable prior notice, through a certified public accounting firm or other auditor selected by Dova and reasonably acceptable to Valeant and upon execution of a confidentiality agreement reasonably satisfactory to Valeant in form and substance, to inspect and audit the applicable records and books maintained by Valeant relating to the Valeant Activities for purposes of verifying Valeant's compliance with the terms of this Agreement, provided that (i) such examination shall not take place more often than once per every twelve (12) months during the Term and once during the one (1) year period following the end of the Term, and (ii) such examination shall not cover a period of time that has previously been audited; provided that Dova shall have the right to conduct additional ""for cause"" audits to the extent necessary to address significant compliance problems relating to Valeant's obligations hereunder or in response to any inquiry, inspection, investigation or other requirements of a Government Authority in the Territory relating to the Valeant Activities."
DovaPharmaceuticalsInc_20181108_10-Q_EX-10.2_11414857_EX-10.2_Promotion Agreement,Audit Rights,"Valeant shall bear the out-of-pocket costs and expenses incurred by the Parties in connection with any such inspection or audit, unless the audit shows an undisputed under-reporting or underpayment for that audited period in excess of [***] of the amounts properly determined, in which case, Dova shall reimburse Valeant for its audit fees and reasonable out-of-pocket expenses in connection with said audit, which reimbursement shall be due and payable within [***] of receiving appropriate invoices and other support for such audit-related costs."
DovaPharmaceuticalsInc_20181108_10-Q_EX-10.2_11414857_EX-10.2_Promotion Agreement,Audit Rights,"Valeant shall have the right, at its own expense, during normal business hours and upon reasonable prior notice, through certified public accounting firm or other auditor selected by Valeant and reasonably acceptable to Dova and upon execution of a confidentiality agreement reasonably satisfactory to Dova in form and substance, to inspect and audit the applicable records and books maintained by Dova for purposes of verifying Dova's payment obligations within this Agreement, including the applicable records and books of account maintained by Dova, or any Affiliate, as applicable, with respect to Net Sales in order to confirm the accuracy and completeness of such records and books of account and all payments hereunder; provided, however, that (i) such examination shall not take place more often than once per every twelve (12) months during the Term and once during the one (1) year period following the end of the Term, and (ii) such examination shall not cover a period of time that has previously been audited; provided that Valeant shall have the right to conduct additional ""for cause"" audits to the extent necessary to address significant problems relating to Dova's payment obligations hereunder."
DovaPharmaceuticalsInc_20181108_10-Q_EX-10.2_11414857_EX-10.2_Promotion Agreement,Audit Rights,"Where necessary, on reasonable request, Dova's audit rights shall include interviewing Sales Representatives and other employees of Valeant."
DovaPharmaceuticalsInc_20181108_10-Q_EX-10.2_11414857_EX-10.2_Promotion Agreement,Audit Rights,"Dova shall bear the out-of-pocket costs and expenses incurred by the Parties in connection with any such inspection or audit, unless the audit shows an undisputed over- payment for that audited period in excess of [***] of the amounts properly determined, in which case, Valeant shall reimburse Dova for its audit fees and reasonable out-of-pocket expenses in connection with said audit, which reimbursement shall be due and payable within [***] of receiving appropriate invoices and other support for such audit-related costs."
DovaPharmaceuticalsInc_20181108_10-Q_EX-10.2_11414857_EX-10.2_Promotion Agreement,Uncapped Liability,"THE FOREGOING SENTENCE SHALL NOT LIMIT (1) THE OBLIGATIONS OF EITHER PARTY TO INDEMNIFY THE OTHER PARTY FROM AND AGAINST THIRD PARTY CLAIMS UNDER SECTION 11.1 OR 11.2, AS APPLICABLE, OR (2) DAMAGES AVAILABLE FOR A PARTY'S BREACH OF THE CONFIDENTIALITY AND NON-USE OBLIGATIONS IN ARTICLE 9."
DovaPharmaceuticalsInc_20181108_10-Q_EX-10.2_11414857_EX-10.2_Promotion Agreement,Cap On Liability,"Notwithstanding the above, the sole remedy of Dova for breach of this Section 4.1.2 shall be (i) the adjustment to the promotion fee as set forth in Section 6.1.2 and (ii) the termination right set out in Section 12.2.2."
DovaPharmaceuticalsInc_20181108_10-Q_EX-10.2_11414857_EX-10.2_Promotion Agreement,Cap On Liability,"NOTWITHSTANDING ANY OTHER PROVISION CONTAINED HEREIN (OTHER THAN AS SET FORTH IN THE SECOND SENTENCE OF THIS SECTION 11.4), IN NO EVENT SHALL DOVA (OR ITS AFFILIATES) OR VALEANT (OR ITS AFFILIATES) BE LIABLE TO THE OTHER OR ANY OF THE OTHER PARTY'S AFFILIATES FOR ANY CONSEQUENTIAL, INCIDENTAL, INDIRECT, SPECIAL, PUNITIVE OR EXEMPLARY DAMAGES (INCLUDING LOST PROFITS) SUFFERED OR INCURRED BY SUCH OTHER PARTY OR ITS AFFILIATES THAT ARISE OUT OF OR RELATE TO THIS AGREEMENT OR IN CONNECTION WITH A BREACH OR ALLEGED BREACH OF THIS AGREEMENT, WHETHER IN CONTRACT, TORT, STRICT LIABILITY OR OTHERWISE, AND REGARDLESS OF ANY NOTICE OF THE POSSIBILITY OF SUCH DAMAGES."
DovaPharmaceuticalsInc_20181108_10-Q_EX-10.2_11414857_EX-10.2_Promotion Agreement,Liquidated Damages,"Solely in the event that Dova has terminated this Agreement pursuant to Section 12.3.1 and notwithstanding anything else herein, in consideration of the promotion services performed by Valeant during the Term, with respect to the Tail Period, Dova shall make payments to Valeant in an amount equal to [***] of the amounts that would have been payable by Dova to Valeant with respect to such Tail Period pursuant to Section 6.1 had the Agreement not been so terminated."
DovaPharmaceuticalsInc_20181108_10-Q_EX-10.2_11414857_EX-10.2_Promotion Agreement,Insurance,"Each Party acknowledges and agrees that during the Term, it shall maintain, through purchase or self- insurance, adequate insurance, including products liability coverage and comprehensive general liability insurance, adequate to cover its obligations under this Agreement and which are consistent with normal business practices of prudent companies similarly situated."
DovaPharmaceuticalsInc_20181108_10-Q_EX-10.2_11414857_EX-10.2_Promotion Agreement,Covenant Not To Sue,Valeant shall not at any time during the Term knowingly do or allow to be done any act or thing which will in any way impair or diminish the rights of Dova in or to the Dova Trademarks and Copyrights.
DovaPharmaceuticalsInc_20181108_10-Q_EX-10.2_11414857_EX-10.2_Promotion Agreement,Covenant Not To Sue,"During the Term, Valeant will not contest the ownership of the Dova Trademarks and Copyrights, their validity, or the validity of any registration therefor."
"PACIRA PHARMACEUTICALS, INC. - A_R STRATEGIC LICENSING, DISTRIBUTION AND MARKETING AGREEMENT",Document Name,"AMENDED AND RESTATED STRATEGIC LICENSING, DISTRIBUTION AND MARKETING AGREEMENT"
"PACIRA PHARMACEUTICALS, INC. - A_R STRATEGIC LICENSING, DISTRIBUTION AND MARKETING AGREEMENT",Parties,"F/K/A SKYEPHARMA, INC."
"PACIRA PHARMACEUTICALS, INC. - A_R STRATEGIC LICENSING, DISTRIBUTION AND MARKETING AGREEMENT",Parties,"PACIRA PHARMACEUTICALS, INC."
"PACIRA PHARMACEUTICALS, INC. - A_R STRATEGIC LICENSING, DISTRIBUTION AND MARKETING AGREEMENT",Parties,"EKR THERAPEUTICS, INC."
"PACIRA PHARMACEUTICALS, INC. - A_R STRATEGIC LICENSING, DISTRIBUTION AND MARKETING AGREEMENT",Expiration Date,"This Agreement shall commence on the Effective Date and, subject to earlier termination in accordance with the provisions of Section 16, shall continue in force for a period being the longer of fifteen (15) years from first Commercial Launch of the Product in the Territory or until the expiration of the last valid claim in the PPI Patents covering the Product in any country of the Territory (the ""Initial Term"")."
"PACIRA PHARMACEUTICALS, INC. - A_R STRATEGIC LICENSING, DISTRIBUTION AND MARKETING AGREEMENT",Renewal Term,Thereafter the term of this Agreement shall automatically renew for consecutive periods of two (2) years each.
"PACIRA PHARMACEUTICALS, INC. - A_R STRATEGIC LICENSING, DISTRIBUTION AND MARKETING AGREEMENT",Notice Period To Terminate Renewal,"Notwithstanding the foregoing, this Agreement can be terminated by EKR at the end of the Initial Term by delivery of written notice to PPI at least one hundred eighty (180) days prior to the end of the Initial Term or any renewal term."
"PACIRA PHARMACEUTICALS, INC. - A_R STRATEGIC LICENSING, DISTRIBUTION AND MARKETING AGREEMENT",Governing Law,"This Agreement and the relationship between the Parties shall be governed by, and interpreted in accordance with New York law without regard to provisions related to conflicts of laws, and, except as provided in Section 21.2 above, the Parties agree to submit any dispute to the exclusive jurisdiction of the federal and state courts sitting in New York."
"PACIRA PHARMACEUTICALS, INC. - A_R STRATEGIC LICENSING, DISTRIBUTION AND MARKETING AGREEMENT",Non-Compete,"During the Term, PPI and its Affiliates shall not: (i) file for Marketing Authorization with respect to any Competing Product in any country in the Territory, (ii) manufacture or have manufactured any Competing Product in any country in the Territory, (iii) market or have marketed any Competing Product in any country in the Territory or (iv) license any Third Party to do any of the foregoing."
"PACIRA PHARMACEUTICALS, INC. - A_R STRATEGIC LICENSING, DISTRIBUTION AND MARKETING AGREEMENT",Non-Compete,"EKR shall not, during [**], market, distribute or sell a Competing Product in the Territory unless during such time an A/B rated generic product of the Product(s) is launched in such country of the Territory or in the event this Agreement is terminated or EKR exercises its rights under Section 17.4 hereof."
"PACIRA PHARMACEUTICALS, INC. - A_R STRATEGIC LICENSING, DISTRIBUTION AND MARKETING AGREEMENT",Exclusivity,"Subject to the terms of this Agreement, PPI hereby appoints EKR and EKR agrees to be retained as the exclusive distributor, and Authorized Distributor of Record, of the Products in the Field in the Territory during the Term to market, distribute, warehouse and sell the Products."
"PACIRA PHARMACEUTICALS, INC. - A_R STRATEGIC LICENSING, DISTRIBUTION AND MARKETING AGREEMENT",Exclusivity,PPI hereby grants to EKR a royalty free and exclusive license (with the right to sublicense) to use the Trademarks in the Territory solely in connection with the exercise of the Distribution Rights in the Territory during the Term (and thereafter as set forth in Section 17.4) and EKR shall market and sell the Products under the Trademarks.
"PACIRA PHARMACEUTICALS, INC. - A_R STRATEGIC LICENSING, DISTRIBUTION AND MARKETING AGREEMENT",Exclusivity,"PPI hereby grants EKR the exclusive right and license (with the right to sublicense) to use, market, promote, sell, distribute and warehouse the Products (the ""Distribution Rights"") in the Field in the Territory during the Term, as well as to make or have made the Products anywhere in the world for import or sale in the Field in the Territory in each case, under the PPI IP provided that PPI retains all rights necessary to manufacture and supply the Products to EKR in accordance with this Agreement and the Supply Agreement."
"PACIRA PHARMACEUTICALS, INC. - A_R STRATEGIC LICENSING, DISTRIBUTION AND MARKETING AGREEMENT",Termination For Convenience,"At any time after July 1, 2015, PPI shall have the right, exercisable upon sixty (60) days prior written notice to EKR, to terminate the Lease Term and repurchase the Transferred Equipment from EKR, subject to payment by PPI to EKR within five (5) days of such notice of any principal paid by EKR under the Promissory Note, which if exercised shall result in the termination of the Step-in Right set forth in Section 17.5."
"PACIRA PHARMACEUTICALS, INC. - A_R STRATEGIC LICENSING, DISTRIBUTION AND MARKETING AGREEMENT",Termination For Convenience,"At any time between the Agreement Date and July 1, 2015, EKR shall have the right, exercisable upon sixty (60) days prior written notice to PPI, to terminate the Lease Term and sell the Transferred Equipment back to PPI, subject to payment by PPI to EKR within five (5) days of such notice of $[**] in cash, which if exercised shall result in (i) an offset against the unpaid balance of principal and interest under the Promissory Note pursuant to Section 3.20(f) below; and (ii) the termination of the Step-in Right described in Section 17.5."
"PACIRA PHARMACEUTICALS, INC. - A_R STRATEGIC LICENSING, DISTRIBUTION AND MARKETING AGREEMENT",Termination For Convenience,"EKR may terminate this Agreement for convenience at any time upon [**] ([**]) days prior, written notice to PPI."
"PACIRA PHARMACEUTICALS, INC. - A_R STRATEGIC LICENSING, DISTRIBUTION AND MARKETING AGREEMENT",Change Of Control,(i) the other Party ceases or threatens to cease to carry on the whole or any material part of its business;
"PACIRA PHARMACEUTICALS, INC. - A_R STRATEGIC LICENSING, DISTRIBUTION AND MARKETING AGREEMENT",Change Of Control,"(iii) upon any Change of Control (as defined in Section 20.4) of PPI, by repayment to EKR in full of the balance of the Advanced Royalty Payment not previously used for offsets, which payment shall be made to EKR by PPI within ten (10) days after the closing date (without any conditions) of any such Change of Control."
"PACIRA PHARMACEUTICALS, INC. - A_R STRATEGIC LICENSING, DISTRIBUTION AND MARKETING AGREEMENT",Change Of Control,"Offsets and/or repayment of the Advanced Royalty Payment shall commence on [**] and shall continue, unless sooner paid, through [**] (the ""Royalty Offset Period"") and such offsets will be taken by EKR (and such repayment will be made by PPI) as follows:"
"PACIRA PHARMACEUTICALS, INC. - A_R STRATEGIC LICENSING, DISTRIBUTION AND MARKETING AGREEMENT",Change Of Control,"Should there be a Change of Control of either Party resulting in the control of such Party by a Third Party which markets or sells a Competing Product in any part of the Territory, then the rights under this Agreement may not be assigned without the express consent of the other Party which consent shall not be unreasonably withheld. ""Change of Control"" shall mean (a) the sale, lease, exchange, license or disposition of all or substantially all of the Party's assets in one transaction or series of related transactions or (b) a merger or consolidation with an unaffiliated Third Party as a result of which the holders of the Party's issued and outstanding voting securities immediately before such transaction own or control less than a majority of the voting securities of the continuing or surviving entity immediately after such transaction."
"PACIRA PHARMACEUTICALS, INC. - A_R STRATEGIC LICENSING, DISTRIBUTION AND MARKETING AGREEMENT",Change Of Control,Either Party shall be entitled forthwith to terminate this Agreement by notice to the other if:
"PACIRA PHARMACEUTICALS, INC. - A_R STRATEGIC LICENSING, DISTRIBUTION AND MARKETING AGREEMENT",Anti-Assignment,"Subject to Section 20.2, neither Party shall, nor shall it purport to, assign, license, transfer or change any of its rights or obligations under this Agreement without the prior written consent of the other, such consent not to be unreasonably withheld conditioned or delayed; provided, however, that except as provided in Section 20.4 either Party may assign its rights hereunder to an Affiliate or to any successor by merger, consolidation, sale of stock or other equity interests or the sale of substantially all of the assets of such Party without the consent of the other Party."
"PACIRA PHARMACEUTICALS, INC. - A_R STRATEGIC LICENSING, DISTRIBUTION AND MARKETING AGREEMENT",Anti-Assignment,"Should there be a Change of Control of either Party resulting in the control of such Party by a Third Party which markets or sells a Competing Product in any part of the Territory, then the rights under this Agreement may not be assigned without the express consent of the other Party which consent shall not be unreasonably withheld."
"PACIRA PHARMACEUTICALS, INC. - A_R STRATEGIC LICENSING, DISTRIBUTION AND MARKETING AGREEMENT",Revenue/Profit Sharing,"As further consideration for the license and grant of Distribution Rights and other rights under this Agreement, EKR shall pay to PPI a royalty (""Royalty"") equal to (a) $[**] for each [**] mg Vial of Product sold during the Term and $[**] for each [**] mg Vial of Product sold during the Term (the ""Minimum Royalty"") plus (b) an additional [**]% of any post Effective Date incremental price increase implemented by EKR over the Current Base Price of $[**] for the [**] mg Vial and $[**] for the [**] mg Vial (the ""Additional Royalty""); provided, however, that Additional Royalty shall not be payable to the extent that the sum of (i) the Minimum Royalty and Additional Royalty payable hereunder and (ii) the Supply Price (as defined in the Supply Agreement) shall at any time during the Term exceed [**] percent ([**]%) of the net average selling price of the Product (the ""Royalty Cap""); provided, however, that the Royalty Cap shall be [**] percent ([**]%) of the net average selling price of the Product during certain periods as described in Section 6.3(e) above."
"PACIRA PHARMACEUTICALS, INC. - A_R STRATEGIC LICENSING, DISTRIBUTION AND MARKETING AGREEMENT",Ip Ownership Assignment,"Upon termination of this Agreement for any reason except by EKR pursuant to Section 16.1(a), EKR shall promptly transfer the Transferred NDA and related regulatory documentation to PPI in accordance with Section 17.1(e)."
"PACIRA PHARMACEUTICALS, INC. - A_R STRATEGIC LICENSING, DISTRIBUTION AND MARKETING AGREEMENT",Ip Ownership Assignment,"Upon any termination or expiration of this Agreement, EKR shall promptly transfer the Domain Names back to PPI."
"PACIRA PHARMACEUTICALS, INC. - A_R STRATEGIC LICENSING, DISTRIBUTION AND MARKETING AGREEMENT",Ip Ownership Assignment,(d) EKR shall assign to PPI free of charge any domain name registrations it has registered pursuant to Section 8.5;
"PACIRA PHARMACEUTICALS, INC. - A_R STRATEGIC LICENSING, DISTRIBUTION AND MARKETING AGREEMENT",Ip Ownership Assignment,"On the Effective Date, PPI has transferred the Domain Names to EKR for use in connection with the exercise of the Distribution Rights."
"PACIRA PHARMACEUTICALS, INC. - A_R STRATEGIC LICENSING, DISTRIBUTION AND MARKETING AGREEMENT",Ip Ownership Assignment,"Promptly after the Agreement Date, PPI shall provide EKR with copies of all agreements relating to the Required Studies and shall assign such agreements to EKR if and to the extent (i) such agreements are assignable in accordance with their terms and (ii) requested by EKR."
"PACIRA PHARMACEUTICALS, INC. - A_R STRATEGIC LICENSING, DISTRIBUTION AND MARKETING AGREEMENT",Ip Ownership Assignment,"Effective as of the Agreement Date, PPI hereby sells, transfers, conveys and assigns to EKR all right, title and interest in and to [**] (the ""Transferred NDA"")."
"PACIRA PHARMACEUTICALS, INC. - A_R STRATEGIC LICENSING, DISTRIBUTION AND MARKETING AGREEMENT",Ip Ownership Assignment,"Upon termination of this Agreement for any reason except as set forth in Section 17.4 below (and, if applicable, in respect of that country in respect of which termination occurs):"
"PACIRA PHARMACEUTICALS, INC. - A_R STRATEGIC LICENSING, DISTRIBUTION AND MARKETING AGREEMENT",Joint Ip Ownership,"Joint Improvements shall be owned jointly by the Parties, and PPI's interest therein shall be licensed to EKR hereunder."
"PACIRA PHARMACEUTICALS, INC. - A_R STRATEGIC LICENSING, DISTRIBUTION AND MARKETING AGREEMENT",License Grant,"PPI hereby grants EKR the exclusive right and license (with the right to sublicense) to use, market, promote, sell, distribute and warehouse the Products (the ""Distribution Rights"") in the Field in the Territory during the Term, as well as to make or have made the Products anywhere in the world for import or sale in the Field in the Territory in each case, under the PPI IP provided that PPI retains all rights necessary to manufacture and supply the Products to EKR in accordance with this Agreement and the Supply Agreement."
"PACIRA PHARMACEUTICALS, INC. - A_R STRATEGIC LICENSING, DISTRIBUTION AND MARKETING AGREEMENT",License Grant,"EKR Improvements shall be owned by EKR and upon termination of this Agreement by PPI pursuant to Section, shall be deemed be licensed to PPI on a worldwide, non-exclusive, irrevocable basis, at a royalty or for such other consideration as may be mutually agreed upon by the parties in writing."
"PACIRA PHARMACEUTICALS, INC. - A_R STRATEGIC LICENSING, DISTRIBUTION AND MARKETING AGREEMENT",License Grant,PPI Improvements shall be owned by PPI and be licensed to EKR hereunder.
"PACIRA PHARMACEUTICALS, INC. - A_R STRATEGIC LICENSING, DISTRIBUTION AND MARKETING AGREEMENT",License Grant,"Joint Improvements shall be owned jointly by the Parties, and PPI's interest therein shall be licensed to EKR hereunder."
"PACIRA PHARMACEUTICALS, INC. - A_R STRATEGIC LICENSING, DISTRIBUTION AND MARKETING AGREEMENT",License Grant,"The Step-in Right shall include, without limitation, and to the extent allowable under Applicable Law, PPI's grant to EKR of such additional license rights, rights of access, rights of observation and rights of management, direction and control, in each case solely with respect to the manufacture and supply of Product and as reasonably necessary to enable and permit EKR (or EKR's designee) to ensure that the supply of Product shall continue to be available to EKR under this Agreement and the Supply Agreement; provided that EKR in exercising the Step-in Right shall not (i) unreasonably interfere with PPI's other activities at the facilities at which the Product is manufactured, tested, labeled, stored or"
"PACIRA PHARMACEUTICALS, INC. - A_R STRATEGIC LICENSING, DISTRIBUTION AND MARKETING AGREEMENT",License Grant,PPI hereby grants to EKR a royalty free and exclusive license (with the right to sublicense) to use the Trademarks in the Territory solely in connection with the exercise of the Distribution Rights in the Territory during the Term (and thereafter as set forth in Section 17.4) and EKR shall market and sell the Products under the Trademarks.
"PACIRA PHARMACEUTICALS, INC. - A_R STRATEGIC LICENSING, DISTRIBUTION AND MARKETING AGREEMENT",License Grant,"Such grant by PPI shall include the right of EKR to market the Product in the Territory during the Term as an EKR product using in addition to the Trademarks, EKR's own trademarks, trade dress, trade names and other proprietary designations in combination with the Trademarks."
"PACIRA PHARMACEUTICALS, INC. - A_R STRATEGIC LICENSING, DISTRIBUTION AND MARKETING AGREEMENT",License Grant,"otherwise handled (""Product Facilities"") or (ii) require PPI to take any action or fail to take any action that does or could reasonably be expected to interfere with PPI's other activities at the Product Facilities."
"PACIRA PHARMACEUTICALS, INC. - A_R STRATEGIC LICENSING, DISTRIBUTION AND MARKETING AGREEMENT",Non-Transferable License,EKR may appoint sub-distributors under this Agreement provided that EKR: (a) informs PPI of the identity of any Third Party sub-distributor (other than Affiliate companies) prior to the execution of any sub-distribution agreement;
"PACIRA PHARMACEUTICALS, INC. - A_R STRATEGIC LICENSING, DISTRIBUTION AND MARKETING AGREEMENT",Non-Transferable License,"(b) obtain a confidential nondisclosure agreement with the prospective Sub-Distributor in a form acceptable to PPI, which acceptance shall not be unreasonably withheld or delayed and containing terms at least as stringent as those terms included in Article 11 of this Agreement; (c) deliver to the prospective Sub-Distributor a redacted copy of this Agreement (""Redacted Agreement"") . Any sub- distribution agreement shall provide that such agreement is subject and subordinate to the rights of PPI under this Agreement; and (d) provides PPI with a copy of written sub-distribution agreement as soon as reasonably practicable after the execution thereof by EKR."
"PACIRA PHARMACEUTICALS, INC. - A_R STRATEGIC LICENSING, DISTRIBUTION AND MARKETING AGREEMENT",Irrevocable Or Perpetual License,"PPI Improvements shall be owned by PPI and be licensed to EKR hereunder. EKR Improvements shall be owned by EKR and upon termination of this Agreement by PPI pursuant to Section, shall be deemed be licensed to PPI on a worldwide, non-exclusive, irrevocable basis, at a royalty or for such other consideration as may be mutually agreed upon by the parties in writing."
"PACIRA PHARMACEUTICALS, INC. - A_R STRATEGIC LICENSING, DISTRIBUTION AND MARKETING AGREEMENT",Post-Termination Services,"In the event EKR exercises the Step-in Right, PPI shall, at EKR's cost and expense, cooperate in the exercise of such rights and EKR shall reimburse PPI for the reasonable costs PPI incurs in assisting EKR in the exercise of such rights within thirty (30) days of EKR's receipt of invoice."
"PACIRA PHARMACEUTICALS, INC. - A_R STRATEGIC LICENSING, DISTRIBUTION AND MARKETING AGREEMENT",Post-Termination Services,"In the event that this Agreement is terminated by PPI in accordance with Section 16.1 or EKR in accordance with Section 16.3(b), EKR and its Affiliates, sub-distributors and sub-licensees shall be entitled to continue to sell"
"PACIRA PHARMACEUTICALS, INC. - A_R STRATEGIC LICENSING, DISTRIBUTION AND MARKETING AGREEMENT",Post-Termination Services,"(b) the following provisions of this Agreement shall continue in full force and effect: Article 1 (""Definitions""), Section 3.20(k), Section 3.20(l), Article 9 (""Representations and Warranties""), Article 10 (""Liability, Insurance and Indemnities"") (excluding Section 10.6 (""Insurance"")), Article 11 (""Confidentiality, Press Releases and Publications""), Article 13 (""Infringement of Third Party Rights""), Section 16.4 (""Effect of Termination""), Article 17 (""Consequences of Termination""), Article 18 (""Force Majeure""), Article 19 (""Notices""), Article 20 (""Assignment and Change of Control"") and Article 21 (""General Provisions""); (c) EKR shall return to PPI all PPI IP in its possession; (d) EKR shall assign to PPI free of charge any domain name registrations it has registered pursuant to Section 8.5; and (e) Except in the event of termination of this Agreement by EKR pursuant to Section 16.1(a), EKR shall promptly transfer to PPI or its nominee, each and every Marketing Authorization (to the extent not held by PPI) relating to the Product, together with all communications with the relevant Regulatory Authorities, and all notes and record thereof."
"PACIRA PHARMACEUTICALS, INC. - A_R STRATEGIC LICENSING, DISTRIBUTION AND MARKETING AGREEMENT",Post-Termination Services,"During the Term, in the event EKR has the right to terminate this Agreement under Section 16.1(a) - (i) hereof (the ""Step-in Right Trigger Event""), and EKR does not exercise its right to terminate this Agreement under such Section, EKR shall have the option to exercise step-in rights to manufacture the Product for the remainder of the Term (the ""Step-in Right"") by providing PPI written notice of such election within ninety (90) days after the Step-in Right Trigger Event (or such longer period as mutually agreed by the Parties) (the ""Step-in Right Notice""); provided that in the event such Step-in Right Trigger Event has been cured prior to EKR's exercise of the Step-in Right, the Step-in Right shall terminate with respect to such Step-in Right Trigger Event. The Step-in Right Notice shall specify the date which EKR intends to exercise the rights associated with the Step-in Right."
"PACIRA PHARMACEUTICALS, INC. - A_R STRATEGIC LICENSING, DISTRIBUTION AND MARKETING AGREEMENT",Post-Termination Services,"Where this Agreement has expired or has been terminated for any reason other than by PPI in accordance with Section 16.1 or EKR in accordance with Section 16.3(b), EKR and its Affiliates and sub-distributors and sales agents shall be entitled to continue to sell existing stocks of the Product in the Territory for a period of not longer than 12 months following the date of termination, provided that, EKR continues to make any Royalty payments due to PPI in respect of such sales in accordance with the provisions of this Agreement."
"PACIRA PHARMACEUTICALS, INC. - A_R STRATEGIC LICENSING, DISTRIBUTION AND MARKETING AGREEMENT",Post-Termination Services,"PPI shall provide such advice as necessary for EKR to arrange for an alternative manufacturer and shall provide EKR with access to all relevant PPI Know-How, and any other information necessary for EKR to transfer such manufacturing to an alternate manufacturer."
"PACIRA PHARMACEUTICALS, INC. - A_R STRATEGIC LICENSING, DISTRIBUTION AND MARKETING AGREEMENT",Post-Termination Services,Such insurance shall be with a reputable insurance company and where reasonably possible (taking into account the availability of such insurance) shall be maintained for not less than [**] ([**]) years following the expiry or termination of this Agreement.
"PACIRA PHARMACEUTICALS, INC. - A_R STRATEGIC LICENSING, DISTRIBUTION AND MARKETING AGREEMENT",Post-Termination Services,"In addition, PPI shall during the remainder of the Term and for a period of up to [**] ([**]) years thereafter continue to manufacture and supply the Product to EKR at cost without mark-up until such time that EKR can secure an FDA approved manufacturing facility for the Product"
"PACIRA PHARMACEUTICALS, INC. - A_R STRATEGIC LICENSING, DISTRIBUTION AND MARKETING AGREEMENT",Post-Termination Services,"Notwithstanding anything contained herein to the contrary, in the event that EKR is entitled to exercise its right to terminate this Agreement pursuant to Section 16.1(a), in addition to the right to terminate as provided therein and any other remedies EKR may have hereunder, PPI shall assist EKR in the transfer of the manufacture of the Products, including the Specifications from PPI to EKR or EKR's designee."
"PACIRA PHARMACEUTICALS, INC. - A_R STRATEGIC LICENSING, DISTRIBUTION AND MARKETING AGREEMENT",Post-Termination Services,"assigned to EKR all of PPI's right, title and interest under that certain Commercial Outsourcing Services Agreement between PPI (f/k/a SkyePharma, Inc.) and Integrated Commercialization Solutions, Inc. (""ICS"") dated April 3, 2007 (the ""ICS Agreement""), and EKR has assumed all obligations and liabilities under the ICS Agreement arising after the Effective Date."
"PACIRA PHARMACEUTICALS, INC. - A_R STRATEGIC LICENSING, DISTRIBUTION AND MARKETING AGREEMENT",Post-Termination Services,"In addition, (i) PPI shall transfer to EKR any Marketing Authorizations held by PPI and (ii) the Trademark license granted under Section 2.3 shall continue in effect following such termination on a perpetual basis and EKR shall be responsible for all costs associated with the maintenance of such Trademark."
"PACIRA PHARMACEUTICALS, INC. - A_R STRATEGIC LICENSING, DISTRIBUTION AND MARKETING AGREEMENT",Post-Termination Services,"The Step-in Right shall include, without limitation, and to the extent allowable under Applicable Law, PPI's grant to EKR of such additional license rights, rights of access, rights of observation and rights of management, direction and control, in each case solely with respect to the manufacture and supply of Product and as reasonably necessary to enable and permit EKR (or EKR's designee) to ensure that the supply of Product shall continue to be available to EKR under this Agreement and the Supply Agreement; provided that EKR in exercising the Step-in Right shall not (i) unreasonably interfere with PPI's other activities at the facilities at which the Product is manufactured, tested, labeled, stored or"
"PACIRA PHARMACEUTICALS, INC. - A_R STRATEGIC LICENSING, DISTRIBUTION AND MARKETING AGREEMENT",Post-Termination Services,"In such event, the Royalty payments payable hereunder shall continue to be paid; provided, however, that all costs incurred by EKR in the transfer of manufacturing information from PPI and obtaining FDA approval of the manufacture of the Products by EKR or EKR's designee, and any other amounts due to EKR, shall be deducted from any royalties payable to PPI."
"PACIRA PHARMACEUTICALS, INC. - A_R STRATEGIC LICENSING, DISTRIBUTION AND MARKETING AGREEMENT",Post-Termination Services,"EKR shall maintain and shall procure the maintenance of accurate and up to date records and books of account showing the quantity, description and value of the Products supplied in each country of the Territory during the previous six (6) Calendar Years."
"PACIRA PHARMACEUTICALS, INC. - A_R STRATEGIC LICENSING, DISTRIBUTION AND MARKETING AGREEMENT",Post-Termination Services,"Upon termination of this Agreement for any reason except as set forth in Section 17.4 below (and, if applicable, in respect of that country in respect of which termination occurs):"
"PACIRA PHARMACEUTICALS, INC. - A_R STRATEGIC LICENSING, DISTRIBUTION AND MARKETING AGREEMENT",Post-Termination Services,"existing stocks of the Product in the Territory for so long as PPI deems necessary to ensure that sale of the Product is not disrupted provided that EKR and its Affiliates shall cease such sale immediately upon notification from PPI and in any event EKR shall not so sell for a period of longer than three (3) months following the date of termination. Immediately upon notification from PPI, such post termination sales shall cease."
"PACIRA PHARMACEUTICALS, INC. - A_R STRATEGIC LICENSING, DISTRIBUTION AND MARKETING AGREEMENT",Post-Termination Services,"otherwise handled (""Product Facilities"") or (ii) require PPI to take any action or fail to take any action that does or could reasonably be expected to interfere with PPI's other activities at the Product Facilities."
"PACIRA PHARMACEUTICALS, INC. - A_R STRATEGIC LICENSING, DISTRIBUTION AND MARKETING AGREEMENT",Post-Termination Services,"The Parties acknowledge that effective upon the termination or expiration of the Transition Services and Inventory Agreement, PPI has"
"PACIRA PHARMACEUTICALS, INC. - A_R STRATEGIC LICENSING, DISTRIBUTION AND MARKETING AGREEMENT",Audit Rights,"Upon completion of such inspection, PPI shall not be entitled to inspect nor shall EKR be required to make available the records and books for any Calendar Year for which such inspection was previously undertaken."
"PACIRA PHARMACEUTICALS, INC. - A_R STRATEGIC LICENSING, DISTRIBUTION AND MARKETING AGREEMENT",Audit Rights,and books referred to in Section 7.2.
"PACIRA PHARMACEUTICALS, INC. - A_R STRATEGIC LICENSING, DISTRIBUTION AND MARKETING AGREEMENT",Audit Rights,"EKR shall during business hours, on no less than 14 day's notice from PPI and not more than once in any Calendar Year, make available for inspection the records"
"PACIRA PHARMACEUTICALS, INC. - A_R STRATEGIC LICENSING, DISTRIBUTION AND MARKETING AGREEMENT",Audit Rights,Such inspection shall be undertaken by an independent auditor appointed by PPI and reasonably acceptable to EKR for the purpose of verifying the accuracy of any statement or report given by EKR to PPI and/or the amount of Royalties due.
"PACIRA PHARMACEUTICALS, INC. - A_R STRATEGIC LICENSING, DISTRIBUTION AND MARKETING AGREEMENT",Audit Rights,"(b) from time to time consult with PPI's representatives for the purpose of assessing the state of the market in each country of the Territory and permit representatives of PPI, on reasonable prior notice, to inspect any premises or documents used in connection with the marketing, distribution and sale of the Products;"
"PACIRA PHARMACEUTICALS, INC. - A_R STRATEGIC LICENSING, DISTRIBUTION AND MARKETING AGREEMENT",Audit Rights,"In connection with the promotion, marketing and sale of the Product, EKR shall, without limitation:"
"PACIRA PHARMACEUTICALS, INC. - A_R STRATEGIC LICENSING, DISTRIBUTION AND MARKETING AGREEMENT",Uncapped Liability,however that such limitation shall not apply to the extent that EKR or any EKR Indemnified Party is required to pay in excess of such amount to a third party in respect of a final judgment or order obtained by the third party or as a result of PPI's breach of Section 7.2.12 of the Supply Agreement.
"PACIRA PHARMACEUTICALS, INC. - A_R STRATEGIC LICENSING, DISTRIBUTION AND MARKETING AGREEMENT",Uncapped Liability,"Any and all liability of PPI to EKR howsoever arising in respect of this Agreement, the Transition Services and Inventory Agreement or the Supply Agreement and their performance, in contract tort or otherwise, shall be limited (except for death or personal injury caused by the negligence of PPI or its employees while acting in the course of their employment) to [**] US Dollars ($[**]); provided"
"PACIRA PHARMACEUTICALS, INC. - A_R STRATEGIC LICENSING, DISTRIBUTION AND MARKETING AGREEMENT",Uncapped Liability,"Any and all liability of EKR to PPI howsoever arising in respect of this Agreement, the Transition Services and Inventory Agreement or the Supply Agreement and their performance in contract tort or otherwise shall be limited (except for death or personal injury caused by the negligence of EKR or its employees while acting in the course of their employment, and except in relation to any specified payment, lump sum, milestone or royalty payment unpaid) to [**] US Dollars ($[**]); provided however that such limitation shall not apply to the extent that PPI or any PPI Indemnified Party is required to pay in excess of such amount to a third party in respect of a final judgment or order obtained by the third party."
"PACIRA PHARMACEUTICALS, INC. - A_R STRATEGIC LICENSING, DISTRIBUTION AND MARKETING AGREEMENT",Cap On Liability,however that such limitation shall not apply to the extent that EKR or any EKR Indemnified Party is required to pay in excess of such amount to a third party in respect of a final judgment or order obtained by the third party or as a result of PPI's breach of Section 7.2.12 of the Supply Agreement.
"PACIRA PHARMACEUTICALS, INC. - A_R STRATEGIC LICENSING, DISTRIBUTION AND MARKETING AGREEMENT",Cap On Liability,"Any and all liability of PPI to EKR howsoever arising in respect of this Agreement, the Transition Services and Inventory Agreement or the Supply Agreement and their performance, in contract tort or otherwise, shall be limited (except for death or personal injury caused by the negligence of PPI or its employees while acting in the course of their employment) to [**] US Dollars ($[**]); provided"
"PACIRA PHARMACEUTICALS, INC. - A_R STRATEGIC LICENSING, DISTRIBUTION AND MARKETING AGREEMENT",Cap On Liability,"Notwithstanding anything contained in this Agreement or the Transition Services and Inventory Agreement or the Supply Agreement in no circumstance shall either Party be liable to the other in contract, tort (including negligence or breach of statutory duty) or otherwise howsoever, and whatever the cause thereof, for any special, indirect or consequential loss or damage of any nature whatsoever except in the cases of fraud or intentional misconduct or in the case of PPI as a result of PPI's breach of Section 7.2.12 of the Supply Agreement."
"PACIRA PHARMACEUTICALS, INC. - A_R STRATEGIC LICENSING, DISTRIBUTION AND MARKETING AGREEMENT",Cap On Liability,"Any and all liability of EKR to PPI howsoever arising in respect of this Agreement, the Transition Services and Inventory Agreement or the Supply Agreement and their performance in contract tort or otherwise shall be limited (except for death or personal injury caused by the negligence of EKR or its employees while acting in the course of their employment, and except in relation to any specified payment, lump sum, milestone or royalty payment unpaid) to [**] US Dollars ($[**]); provided however that such limitation shall not apply to the extent that PPI or any PPI Indemnified Party is required to pay in excess of such amount to a third party in respect of a final judgment or order obtained by the third party."
"PACIRA PHARMACEUTICALS, INC. - A_R STRATEGIC LICENSING, DISTRIBUTION AND MARKETING AGREEMENT",Insurance,"Each Party shall maintain, at its own cost, comprehensive product liability insurance, general commercial liability insurance and business interruption insurance at a level which is reasonable and customary taking into account the nature of the Product but which shall have combined limits of not less than $[**] per occurrence."
"PACIRA PHARMACEUTICALS, INC. - A_R STRATEGIC LICENSING, DISTRIBUTION AND MARKETING AGREEMENT",Insurance,Such insurance shall be with a reputable insurance company and where reasonably possible (taking into account the availability of such insurance) shall be maintained for not less than [**] ([**]) years following the expiry or termination of this Agreement.
"PACIRA PHARMACEUTICALS, INC. - A_R STRATEGIC LICENSING, DISTRIBUTION AND MARKETING AGREEMENT",Insurance,Each Party will provide to the other Party evidence of its insurance and thirty (30) days prior written notice of any cancellation of its coverage or reduction in coverage from the requirements stated herein.
"PACIRA PHARMACEUTICALS, INC. - A_R STRATEGIC LICENSING, DISTRIBUTION AND MARKETING AGREEMENT",Insurance,"During the Lease Term, PPI shall:"
"PACIRA PHARMACEUTICALS, INC. - A_R STRATEGIC LICENSING, DISTRIBUTION AND MARKETING AGREEMENT",Insurance,maintain property damage and liability insurance and insurance against loss or damage to the Transferred Equipment as part of PPI's general liability insurance.
"MetLife, Inc. - Remarketing Agreement",Document Name,Remarketing Agreement
"MetLife, Inc. - Remarketing Agreement",Parties,Deutsche Bank Trust Company America
"MetLife, Inc. - Remarketing Agreement",Parties,Deutsche Bank Securities Inc.
"MetLife, Inc. - Remarketing Agreement",Parties,Stock Purchase Contract Agent
"MetLife, Inc. - Remarketing Agreement",Expiration Date,"obligations of the Remarketing Agents may be terminated by them by notice given to the Company prior to 12:00 noon, New York City time on the Remarketing Settlement Date if, prior to that time, any of the applicable conditions precedent to the obligations of the Remarketing Agents described in Section 5 hereof shall have failed to occur."
"MetLife, Inc. - Remarketing Agreement",Governing Law,"THIS REMARKETING AGREEMENT AND THE PRICING AGREEMENT SHALL BE GOVERNED BY AND CONSTRUED IN ACCORDANCE WITH THE LAWS OF THE STATE OF NEW YORK, WITHOUT REGARD TO PRINCIPLES OF CONFLICTS OF LAW TO THE EXTENT THAT SUCH PRINCIPLES WOULD REQUIRE OR PERMIT THE APPLICATION OF LAWS OF ANOTHER JURISDICTION."
"MetLife, Inc. - Remarketing Agreement",Cap On Liability,"Notwithstanding the provisions of this subsection (d), no Remarketing Agent shall be required to contribute any amount in excess of the amount by which the total price at which the applicable Securities remarketed by it and distributed to the public were offered to the public exceeds the amount of any damages which such Remarketing Agent has otherwise been required to pay by reason of such untrue or alleged untrue statement or omission or alleged omission."
"MetLife, Inc. - Remarketing Agreement",Insurance,"Each Significant Subsidiary that is required to be organized or licensed as an insurance company in its jurisdiction of incorporation (each, an ""Insurance Subsidiary"" and collectively, the ""Insurance Subsidiaries"") is licensed"
"MetLife, Inc. - Remarketing Agreement",Insurance,"as an insurance company in its respective jurisdiction of incorporation and is duly licensed or authorized as an insurer in each other jurisdiction where it is required to be so licensed or authorized to conduct its business, in each case with such exceptions as would not have, individually or in the aggregate, a Material Adverse Effect; except as otherwise described in the Disclosure Package, each Insurance Subsidiary has all other approvals, orders, consents, authorizations, licenses, certificates, permits, registrations and qualifications (collectively, the ""Approvals"") of and from all insurance regulatory authorities to conduct its business, with such exceptions as would not have, individually or in the aggregate, a Material Adverse Effect; there is no pending or, to the knowledge of the Company, threatened action, suit, proceeding or investigation that could reasonably be expected to lead to any revocation, termination or suspension of any such Approval, the revocation, termination or suspension of which would have, individually or in the aggregate, a Material Adverse Effect; and, to the knowledge of the Company, no insurance regulatory agency or body has issued any order or decree impairing, restricting or prohibiting the payment of dividends by any Insurance Subsidiary to its parent which would have, individually or in the aggregate, a Material Adverse Effect."
"MetLife, Inc. - Remarketing Agreement",Insurance,"Each Insurance Subsidiary is in compliance with and conducts its businesses in conformity with all applicable insurance laws and regulations of its respective jurisdiction of incorporation and the insurance laws and regulations of other jurisdictions which are applicable to it, in each case with such exceptions as would not have, individually or in the aggregate, a Material Adverse Effect."
DOMINIADVISORTRUST_02_18_2005-EX-99.(H)(2)-SPONSORSHIP AGREEMENT,Document Name,SPONSORSHIP AGREEMENT
DOMINIADVISORTRUST_02_18_2005-EX-99.(H)(2)-SPONSORSHIP AGREEMENT,Parties,"""Domini"" or the ""Sponsor"""
DOMINIADVISORTRUST_02_18_2005-EX-99.(H)(2)-SPONSORSHIP AGREEMENT,Parties,Domini Advisor Trust
DOMINIADVISORTRUST_02_18_2005-EX-99.(H)(2)-SPONSORSHIP AGREEMENT,Parties,Domini Social Investments LLC
DOMINIADVISORTRUST_02_18_2005-EX-99.(H)(2)-SPONSORSHIP AGREEMENT,Effective Date,"This Agreement shall become effective as of the day and year first above written and shall govern the relations between the parties hereto thereafter, unless terminated as set forth in this Section 6."
DOMINIADVISORTRUST_02_18_2005-EX-99.(H)(2)-SPONSORSHIP AGREEMENT,Expiration Date,"This Agreement shall become effective as of the day and year first above written and shall govern the relations between the parties hereto thereafter, unless terminated as set forth in this Section 6."
DOMINIADVISORTRUST_02_18_2005-EX-99.(H)(2)-SPONSORSHIP AGREEMENT,Governing Law,This Agreement shall be construed and enforced and interpreted in accordance with and governed by the laws of the Commonwealth of Massachusetts without reference to principles of conflicts of law.
DOMINIADVISORTRUST_02_18_2005-EX-99.(H)(2)-SPONSORSHIP AGREEMENT,Termination For Convenience,"This Agreement may be terminated at any time, without the payment of any penalty, with respect to any series or the Trust, by the Board of Trustees of the Trust, or by the Sponsor, in each case on not less than 60 days' written notice to the other party."
DOMINIADVISORTRUST_02_18_2005-EX-99.(H)(2)-SPONSORSHIP AGREEMENT,Revenue/Profit Sharing,"For the services to be rendered and facilities to be provided by the Sponsor hereunder, the Trust shall pay Domini a fee accrued daily and payable monthly at an annual rate equal to 0.50% of the Trust's average daily net assets for the Trust's then current fiscal year."
DOMINIADVISORTRUST_02_18_2005-EX-99.(H)(2)-SPONSORSHIP AGREEMENT,Cap On Liability,Limitation of Liability of the Sponsor.
PfHospitalityGroupInc_20150923_10-12G_EX-10.1_9266710_EX-10.1_Franchise Agreement3,Document Name,SAMPLE OF NON-DISCLOSURE AND NON-COMPETITION AGREEMENT
PfHospitalityGroupInc_20150923_10-12G_EX-10.1_9266710_EX-10.1_Franchise Agreement3,Parties,___________________________
PfHospitalityGroupInc_20150923_10-12G_EX-10.1_9266710_EX-10.1_Franchise Agreement3,Agreement Date,"this _____ day of _________, 20___"
PfHospitalityGroupInc_20150923_10-12G_EX-10.1_9266710_EX-10.1_Franchise Agreement3,Non-Compete,"Member covenants and agrees that during the Post-Term Period (defined below), except as otherwise approved in writing by Franchisor, Member shall not, either directly or indirectly, own, manage, engage in, be employed by, advise, make loans to, consult for, or have any other interest in any Competitive Business that is, or intends to operate, within a three (3) mile radius of the premises of your Franchised Business or within a three (3) mile radius of any Franchised Business then-operating or under construction to operate under the System."
PfHospitalityGroupInc_20150923_10-12G_EX-10.1_9266710_EX-10.1_Franchise Agreement3,Non-Compete,"Member covenants and agrees that during the term of the Franchise Agreement, except as otherwise approved in writing by Franchisor, Member shall not, either directly or indirectly, for itself, or through, on behalf of, or in conjunction with any person, persons, partnership, corporation, or entity: (i) Own, manage, engage in, be employed by, advise, make loans to, consult for, rent or lease to, or have any other interest in business that (directly or indirectly) operates, or grants franchises or licenses to operate, a restaurant featuring pizza and related food specialties or that offers products or services substantially similar to those then offered by Pizza Fusions Restaurants (""Competitive Business"");"
PfHospitalityGroupInc_20150923_10-12G_EX-10.1_9266710_EX-10.1_Franchise Agreement3,No-Solicit Of Customers,"Member covenants and agrees that during the term of the Franchise Agreement, except as otherwise approved in writing by Franchisor, Member shall not, either directly or indirectly, for itself, or through, on behalf of, or in conjunction with any person, persons, partnership, corporation, or entity:"
PfHospitalityGroupInc_20150923_10-12G_EX-10.1_9266710_EX-10.1_Franchise Agreement3,No-Solicit Of Customers,"(ii) Divert or attempt to divert any business or customer, or potential business or customer, to any Competitive Business;"
PfHospitalityGroupInc_20150923_10-12G_EX-10.1_9266710_EX-10.1_Franchise Agreement3,No-Solicit Of Employees,"Member covenants and agrees that during the term of the Franchise Agreement, except as otherwise approved in writing by Franchisor, Member shall not, either directly or indirectly, for itself, or through, on behalf of, or in conjunction with any person, persons, partnership, corporation, or entity:"
PfHospitalityGroupInc_20150923_10-12G_EX-10.1_9266710_EX-10.1_Franchise Agreement3,No-Solicit Of Employees,(iii) Induce any person to leave his or her employment with Franchisee or Franchisor.
PfHospitalityGroupInc_20150923_10-12G_EX-10.1_9266710_EX-10.1_Franchise Agreement3,Third Party Beneficiary,"Member hereby acknowledges and agrees that Franchisor is an intended third-party beneficiary of this Agreement with the right to enforce it, independently or jointly with Franchisee."
ReynoldsConsumerProductsInc_20191115_S-1_EX-10.18_11896469_EX-10.18_Supply Agreement,Document Name,MASTER SUPPLY AGREEMENT
ReynoldsConsumerProductsInc_20191115_S-1_EX-10.18_11896469_EX-10.18_Supply Agreement,Parties,REYNOLDS CONSUMER PRODUCTS LLC
ReynoldsConsumerProductsInc_20191115_S-1_EX-10.18_11896469_EX-10.18_Supply Agreement,Parties,"Seller and Buyer are referred to individually at times as a ""Party"" and collectively at times as the ""Parties""."
ReynoldsConsumerProductsInc_20191115_S-1_EX-10.18_11896469_EX-10.18_Supply Agreement,Expiration Date,"The ""Term"" of this Agreement will commence on the Effective Date and will end on the earlier of: (a) the first anniversary of the expiration date of the last Purchase Schedule (as defined in this next Section); (b) a termination date elected by a Party in a written notice delivered to the other Party any time after the expiration of the last Purchase Schedule; or (c) a termination date elected by a Party in a written notice delivered to the other Party as provided in Subsection 11(d) of this Agreement."
ReynoldsConsumerProductsInc_20191115_S-1_EX-10.18_11896469_EX-10.18_Supply Agreement,Governing Law,"This Agreement and all claims or causes of action arising out of or related to this Agreement shall be governed in all respects, including as to validity, interpretation and effect, by the laws of the State of Illinois and the United States of America, without giving effect to its principles or rules of conflict of laws."
ReynoldsConsumerProductsInc_20191115_S-1_EX-10.18_11896469_EX-10.18_Supply Agreement,Change Of Control,"A change of control shall be deemed an assignment requiring consent hereunder provided that any transfer or assignment that results in Seller's and Buyer's current common parent, Reynolds Group Holdings Limited, ceasing to control either party shall not require consent of the other party."
ReynoldsConsumerProductsInc_20191115_S-1_EX-10.18_11896469_EX-10.18_Supply Agreement,Anti-Assignment,"A change of control shall be deemed an assignment requiring consent hereunder provided that any transfer or assignment that results in Seller's and Buyer's current common parent, Reynolds Group Holdings Limited, ceasing to control either party shall not require consent of the other party."
ReynoldsConsumerProductsInc_20191115_S-1_EX-10.18_11896469_EX-10.18_Supply Agreement,Anti-Assignment,"This Agreement, its rights and obligations, is not assignable or transferable by either Party, in whole or in part, except with the prior written consent of the other Party, which consent will not be unreasonably withheld, conditioned or delayed."
ReynoldsConsumerProductsInc_20191115_S-1_EX-10.18_11896469_EX-10.18_Supply Agreement,Uncapped Liability,"Notwithstanding the preceding sentences, this Subsection will not limit the liability of a Party for any amount or type of damages for: (1) the defense and indemnification of an Indemnified Claim on which the Party is the Indemnifying Party; (2) infringement by the Party on the intellectual property of the other Party; (3) the unauthorized disclosure or use by the Party of the Confidential Information of the other Party; (4) payment or reimbursement of any amount expressly required to be paid or reimbursed by the Party under a provision of this Agreement; or (5) the intentional misconduct of the Party in violation of Applicable Laws."
ReynoldsConsumerProductsInc_20191115_S-1_EX-10.18_11896469_EX-10.18_Supply Agreement,Cap On Liability,A Party that breaches this Agreement will only be liable to the other Party for direct damages arising from the breach.
ReynoldsConsumerProductsInc_20191115_S-1_EX-10.18_11896469_EX-10.18_Supply Agreement,Cap On Liability,"Each Party waives any right to recover consequential, incidental, indirect, exemplary, punitive or any other types of indirect damages from the other Party for a breach of this Agreement."
ReynoldsConsumerProductsInc_20191115_S-1_EX-10.18_11896469_EX-10.18_Supply Agreement,Cap On Liability,"If a Buyer receives a product that fails to conform to these representations and warranties, the sole remedies of Buyer for the breach of warranty will be to: (1) reject and return the non-conforming product to Seller for a refund or credit, or a replacement conforming product, in the manner and time period provided in the SOP; (2) obtain reimbursement from Seller for actual, reasonable, substantiated out-of-pocket expenses incurred by Buyer in the recovery, return or disposal of a non-conforming product that is the subject of a mandatory product recall required under Applicable Laws or a voluntary withdrawal declared by Seller or approved by Seller (such approval not to be unreasonably withheld, conditioned or delayed); and (3) obtain indemnification from Seller for any Indemnified Claim arising from or related to the non-conforming product as provided in Section 7."
ReynoldsConsumerProductsInc_20191115_S-1_EX-10.18_11896469_EX-10.18_Supply Agreement,Insurance,"Employers' Liability Insurance. Occurrence based coverage with a limit of at least $10,000,000 per occurrence or any greater limits set by Applicable Law workplace and work related injuries and illnesses to the employees of a Party. Requires waiver of alternate employer endorsement."
ReynoldsConsumerProductsInc_20191115_S-1_EX-10.18_11896469_EX-10.18_Supply Agreement,Insurance,"Property Insurance. Coverage providing ""all risk"" property insurance at the replacement value of the machinery, equipment, fixtures, tools, materials and other property of the Party. ""All risk"" coverage will include, by way of example and not limitation, loss or damage resulting from earthquakes, floods, wind, fire or other natural or weather-related phenomenon. Requires waiver of subrogation endorsement."
ReynoldsConsumerProductsInc_20191115_S-1_EX-10.18_11896469_EX-10.18_Supply Agreement,Insurance,"An insuring Party must deliver the following written evidence of the required insurance coverage to the other Party (Attention: Risk Management), or its designated insurance monitoring service, within ten (10) of written request and at least thirty (30) days in advance of the expiration of a then current policy term (if a declaration or endorsement is not available from an insurer at the time requested or required, an insuring Party will provide them as soon as the declaration or endorsement is available from the insurer): i. Certificate of insurance confirming that the required insurance coverage and minimal limits are met for the extended, renewed or replacement policy term. ii. Declaration pages of insurance policy (or a copy of the binder until the declaration pages are available) confirming that the required insurance coverage and minimal limits are met for the extended, renewed or replacement policy term. iii. Copies of additional insured endorsements required for applicable policies in the name and for the benefit of: ""[NAME OF OTHER PARTY], its parent, subsidiaries and affiliates; any lessors of the foregoing and any mortgagees, deed of trust beneficiaries and secured creditors of such lessors; and any successors and assignees of all of the foregoing."" iv. Copies of alternate employer endorsements and waiver of subrogation endorsements required for applicable policies in the name and for the benefit of: """"[NAME OF OTHER PARTY], its parent, subsidiaries and affiliates; any lessors of the foregoing and any mortgagees, deed of trust beneficiaries and secured creditors of such lessors; and any successors and assignees of all of the foregoing."""
ReynoldsConsumerProductsInc_20191115_S-1_EX-10.18_11896469_EX-10.18_Supply Agreement,Insurance,"All insurers of a Party on such policies must have at all times an A.M. Best financial rating of at least ""A-Minus VII""."
ReynoldsConsumerProductsInc_20191115_S-1_EX-10.18_11896469_EX-10.18_Supply Agreement,Insurance,"Workers' Compensation Liability Insurance. Occurrence based coverage providing benefits in the minimal amount required by Applicable Law for workplace and work related injuries and illnesses to the employees of a Party, including, without limitation, Workers Compensation Acts of applicable U.S. States, the U.S. Longshoremen's and Harbor Workers Compensation Act and the U.S. Jones Act. Requires alternate employer endorsement and waiver of subrogation endorsement."
ReynoldsConsumerProductsInc_20191115_S-1_EX-10.18_11896469_EX-10.18_Supply Agreement,Insurance,"All insurance of an insuring Party must be ""primary and non-contributory"" with respect to any insurance that the other Party may maintain, but only with respect to the negligence or other legal liability of the insuring Party."
ReynoldsConsumerProductsInc_20191115_S-1_EX-10.18_11896469_EX-10.18_Supply Agreement,Insurance,"During the Term of this Agreement, each Party will maintain the following minimum types and amounts of insurance coverage during the Term of this Agreement:"
ReynoldsConsumerProductsInc_20191115_S-1_EX-10.18_11896469_EX-10.18_Supply Agreement,Insurance,"Automobile Liability Insurance. Occurrence based coverage with a combined single limit of at least $10,000,000 per occurrence and in the aggregate for owned, non-owned, and hired automotive equipment of the Party. Requires additional insured endorsement and waiver of subrogation endorsement."
ReynoldsConsumerProductsInc_20191115_S-1_EX-10.18_11896469_EX-10.18_Supply Agreement,Insurance,"Commercial General Liability Insurance. Occurrence based coverage with a combined single limit of at least $10,000,000 per occurrence and in the aggregate for premises and operations; products and completed operations; contractual liability coverage for indemnities of a Party contained within this Agreement; broad form property damage (including completed operations); explosion, collapse and underground hazards; and personal injury. Requires additional insured endorsement and waiver of subrogation endorsement."
IntegrityFunds_20200121_485BPOS_EX-99.E UNDR CONTR_11948727_EX-99.E UNDR CONTR_Service Agreement,Document Name,DISTRIBUTION AND SERVICES AGREEMENT
IntegrityFunds_20200121_485BPOS_EX-99.E UNDR CONTR_11948727_EX-99.E UNDR CONTR_Service Agreement,Parties,Integrity Short Term Government Fund
IntegrityFunds_20200121_485BPOS_EX-99.E UNDR CONTR_11948727_EX-99.E UNDR CONTR_Service Agreement,Parties,"Integrity Funds Distributor, LLC"
IntegrityFunds_20200121_485BPOS_EX-99.E UNDR CONTR_11948727_EX-99.E UNDR CONTR_Service Agreement,Expiration Date,"This Agreement shall continue until January 18, 2022, and thereafter shall continue automatically for successive annual periods ending on January 18th of each year, provided such continuance is specifically approved at least annually by (a) the Fund's Board of Trustees and (b) a vote of a majority (as defined in the 1940 Act) of the Fund's Trustees who are not interested persons (as defined in the 1940 Act) of the Fund and who have no direct or indirect financial interest in the operation of the Plan, in this Agreement, or any agreement related to the Plan (the ""Qualified Trustees""), by vote cast in person at a meeting called for the purpose of voting on such approval."
IntegrityFunds_20200121_485BPOS_EX-99.E UNDR CONTR_11948727_EX-99.E UNDR CONTR_Service Agreement,Renewal Term,"This Agreement shall continue until January 18, 2022, and thereafter shall continue automatically for successive annual periods ending on January 18th of each year, provided such continuance is specifically approved at least annually by (a) the Fund's Board of Trustees and (b) a vote of a majority (as defined in the 1940 Act) of the Fund's Trustees who are not interested persons (as defined in the 1940 Act) of the Fund and who have no direct or indirect financial interest in the operation of the Plan, in this Agreement, or any agreement related to the Plan (the ""Qualified Trustees""), by vote cast in person at a meeting called for the purpose of voting on such approval."
IntegrityFunds_20200121_485BPOS_EX-99.E UNDR CONTR_11948727_EX-99.E UNDR CONTR_Service Agreement,Governing Law,This Agreement shall be construed in accordance with the laws of the State of Kansas.
IntegrityFunds_20200121_485BPOS_EX-99.E UNDR CONTR_11948727_EX-99.E UNDR CONTR_Service Agreement,Anti-Assignment,This Agreement will also terminate automatically in the event of its assignment (as defined in the 1940 Act).
IntegrityFunds_20200121_485BPOS_EX-99.E UNDR CONTR_11948727_EX-99.E UNDR CONTR_Service Agreement,Revenue/Profit Sharing,"In consideration of the services rendered pursuant to this Agreement, Integrity shall receive the excess, if any, of the sales price, as set forth in the Fund's Registration Statement, over the net asset value of Shares sold by Integrity, as underwriter."
IntegrityFunds_20200121_485BPOS_EX-99.E UNDR CONTR_11948727_EX-99.E UNDR CONTR_Service Agreement,Audit Rights,"The Fund shall also furnish Integrity upon request with: (a) annual audits of the Fund's books and accounts made by independent public accountants regularly retained by the Fund, (b) semi-annual unaudited financial statements pertaining to the Fund, (c) quarterly earnings statements prepared by the Fund, (d) a monthly itemized list of the securities in the portfolio of the Fund, (e) monthly balance sheets as soon as practicable after the end of each month, and (f) from time to time such additional information regarding the Fund's financial condition as Integrity may reasonably request."
PREMIERBIOMEDICALINC_05_14_2020-EX-10.2-INTELLECTUAL PROPERTY AGREEMENT,Document Name,Intellectual Property Agreement
PREMIERBIOMEDICALINC_05_14_2020-EX-10.2-INTELLECTUAL PROPERTY AGREEMENT,Parties,"Marv Enterprises, LLC"
PREMIERBIOMEDICALINC_05_14_2020-EX-10.2-INTELLECTUAL PROPERTY AGREEMENT,Parties,"Each shall be referred to as a ""Party"" and collectively as the ""Parties."""
PREMIERBIOMEDICALINC_05_14_2020-EX-10.2-INTELLECTUAL PROPERTY AGREEMENT,Parties,"Technology Health, Inc."
PREMIERBIOMEDICALINC_05_14_2020-EX-10.2-INTELLECTUAL PROPERTY AGREEMENT,Parties,"Premier Biomedical, Inc."
PREMIERBIOMEDICALINC_05_14_2020-EX-10.2-INTELLECTUAL PROPERTY AGREEMENT,Governing Law,"This Agreement and the rights of the Parties hereunder shall be governed by and construed in accordance with the laws of the Commonwealth of Pennsylvania including all matters of construction, validity, performance, and enforcement and without giving effect to the principles of conflict of laws."
PREMIERBIOMEDICALINC_05_14_2020-EX-10.2-INTELLECTUAL PROPERTY AGREEMENT,Exclusivity,"If THI does not make the obligatory payments as stated in 3(a) by the dates stated, the Exclusive License will revert back to Premier, provided, however, that in such event, THI would still be entitled to a proportionate interest in any Covid-19 Licensed Products, such portion being equal to a fraction, the numerator of which shall be the actual amount paid and the denominator of which shall be $2,000,000."
PREMIERBIOMEDICALINC_05_14_2020-EX-10.2-INTELLECTUAL PROPERTY AGREEMENT,Exclusivity,"The licenses granted herein are exclusive worldwide licenses to: 1. make, have made, use, lease, sell and import Licensed Products for the legal purposes of researching, developing, manufacturing, assembling, distributing, and selling the Licensed Products; 2. make, have made, use and import machines, tools, materials and other instrumentalities, insofar as such machines, tools, materials and other instrumentalities are involved in or incidental to the research, development, manufacture, testing or repair of Licensed Products which are or have been made, used, leased, owned, sold or imported by the Licensee; and 3. convey to any customer of the Licensee, with respect to any Licensed Product which is sold or leased to such customer, rights to use and resell such Licensed Product as sold or leased by Licensee (whether or not as part of a larger combination); provided, however, that no rights may be conveyed to customers with respect to any Invention which is directed to (i) a combination of such Licensed Product (as sold or leased) with any other product, (ii) a method or process which is other than the inherent use of such Licensed Product itself (as sold or leased), or (iii) a method or process involving the use of a Licensed Product to manufacture (including associated testing) any other product."
PREMIERBIOMEDICALINC_05_14_2020-EX-10.2-INTELLECTUAL PROPERTY AGREEMENT,Exclusivity,"If THI does not make the obligatory payments as stated in 2(b) by the dates stated, the Exclusive License will revert back to Premier."
PREMIERBIOMEDICALINC_05_14_2020-EX-10.2-INTELLECTUAL PROPERTY AGREEMENT,Revenue/Profit Sharing,"In addition to the 5% amount calculated pursuant to the preceding paragraph, there shall be an identical 5% amount to be paid from THI, per Premier's consideration, to certain shareholders of Premier, as identified by Premier, as of a record date to be determined in the future, on an annual basis, commencing on the one-year anniversary of this Agreement until a total amount of $40,000,000 has been paid to Premier."
PREMIERBIOMEDICALINC_05_14_2020-EX-10.2-INTELLECTUAL PROPERTY AGREEMENT,Revenue/Profit Sharing,"Royalty payments are payable from THI to Marv Enterprises, LLC and will be in the amount of 5% of the Fair Market Value of: a. Licensed Product that is sold, leased or put into use by the THI or any Related Companies in the preceding calendar quarter; and b. any service performed by THI or any Related Companies that directly or indirectly uses Licensed Product."
PREMIERBIOMEDICALINC_05_14_2020-EX-10.2-INTELLECTUAL PROPERTY AGREEMENT,License Grant,THI is granted the following rights to the Applications in Appendix A and the Licensed Products derived therefrom:
PREMIERBIOMEDICALINC_05_14_2020-EX-10.2-INTELLECTUAL PROPERTY AGREEMENT,License Grant,"The licenses granted herein are exclusive worldwide licenses to: 1. make, have made, use, lease, sell and import Licensed Products for the legal purposes of researching, developing, manufacturing, assembling, distributing, and selling the Licensed Products; 2. make, have made, use and import machines, tools, materials and other instrumentalities, insofar as such machines, tools, materials and other instrumentalities are involved in or incidental to the research, development, manufacture, testing or repair of Licensed Products which are or have been made, used, leased, owned, sold or imported by the Licensee; and 3. convey to any customer of the Licensee, with respect to any Licensed Product which is sold or leased to such customer, rights to use and resell such Licensed Product as sold or leased by Licensee (whether or not as part of a larger combination); provided, however, that no rights may be conveyed to customers with respect to any Invention which is directed to (i) a combination of such Licensed Product (as sold or leased) with any other product, (ii) a method or process which is other than the inherent use of such Licensed Product itself (as sold or leased), or (iii) a method or process involving the use of a Licensed Product to manufacture (including associated testing) any other product."
PREMIERBIOMEDICALINC_05_14_2020-EX-10.2-INTELLECTUAL PROPERTY AGREEMENT,License Grant,"The grant of each license hereunder includes the right to grant sublicenses to Related Companies for so long as it remains a Related Companies. Any such sublicense may be made effective retroactively, but not prior to the effective date hereof, nor prior to the sublicensee's becoming a Related Company."
PREMIERBIOMEDICALINC_05_14_2020-EX-10.2-INTELLECTUAL PROPERTY AGREEMENT,License Grant,"Licenses granted herein are solely for products in the form sold by the Licensee and are not to be construed either (i) as consent by the Marv to any act which may be performed by the Licensee, except to the extent impacted by a patent licensed herein to the Licensee, or (ii) to include licenses to contributorily infringe or induce infringement under U.S. law or a foreign equivalent thereof."
PREMIERBIOMEDICALINC_05_14_2020-EX-10.2-INTELLECTUAL PROPERTY AGREEMENT,Affiliate License-Licensee,"Any such sublicense may be made effective retroactively, but not prior to the effective date hereof, nor prior to the sublicensee's becoming a Related Company."
PREMIERBIOMEDICALINC_05_14_2020-EX-10.2-INTELLECTUAL PROPERTY AGREEMENT,Affiliate License-Licensee,The grant of each license hereunder includes the right to grant sublicenses to Related Companies for so long as it remains a Related Companies
"SIBANNAC,INC_12_04_2017-EX-2.1-Strategic Alliance Agreement",Document Name,Strategic Alliance Agreement
"SIBANNAC,INC_12_04_2017-EX-2.1-Strategic Alliance Agreement",Parties,"Bravatek Solutions, Inc."
"SIBANNAC,INC_12_04_2017-EX-2.1-Strategic Alliance Agreement",Agreement Date,"30th day of November, 2017"
"SIBANNAC,INC_12_04_2017-EX-2.1-Strategic Alliance Agreement",Expiration Date,"The term of this Agreement is twelve (12) months from the date hereof, and will be automatically renewed for one (1) additional twelve month period unless either party shall notify the other in writing of its intention not to renew."
"SIBANNAC,INC_12_04_2017-EX-2.1-Strategic Alliance Agreement",Renewal Term,"The term of this Agreement is twelve (12) months from the date hereof, and will be automatically renewed for one (1) additional twelve month period unless either party shall notify the other in writing of its intention not to renew."
"SIBANNAC,INC_12_04_2017-EX-2.1-Strategic Alliance Agreement",Notice Period To Terminate Renewal,"The term of this Agreement is twelve (12) months from the date hereof, and will be automatically renewed for one (1) additional twelve month period unless either party shall notify the other in writing of its intention not to renew. Such notice must be given ninety (90) days prior to expiration of the original term."
"SIBANNAC,INC_12_04_2017-EX-2.1-Strategic Alliance Agreement",Governing Law,This Agreement is entered into in the State of Texas and shall be interpreted according to the laws of the State of Texas.
"SIBANNAC,INC_12_04_2017-EX-2.1-Strategic Alliance Agreement",Termination For Convenience,This Agreement may also be terminated by either party upon ninety (90) days written notice.
"SIBANNAC,INC_12_04_2017-EX-2.1-Strategic Alliance Agreement",Anti-Assignment,This Agreement shall not be assignable by either party without the prior written consent of the other party.
"SIBANNAC,INC_12_04_2017-EX-2.1-Strategic Alliance Agreement",Revenue/Profit Sharing,"For any Product or Solution sold to any perspective clients introduced by Bravatek registered with COMPANY via email to COMPANY's CEO and delivered through Bravatek or a COMPANY-designated distribution affiliate(s) or sales channel(s), Bravatek will receive a lead-finder fee, to be mutually discussed and finally decided by COMPANY at the range of minimum of 10% to maximum of 20% of project revenue, with an exact fee to be depending upon the overall project sales margin and cost of development and delivery of each project, payable NET 30 days after each client payment on delivered products received at COMPANY's bank account."
"SIBANNAC,INC_12_04_2017-EX-2.1-Strategic Alliance Agreement",Minimum Commitment,"For any Product or Solution sold to any perspective clients introduced by Bravatek registered with COMPANY via email to COMPANY's CEO and delivered through Bravatek or a COMPANY-designated distribution affiliate(s) or sales channel(s), Bravatek will receive a lead-finder fee, to be mutually discussed and finally decided by COMPANY at the range of minimum of 10% to maximum of 20% of project revenue, with an exact fee to be depending upon the overall project sales margin and cost of development and delivery of each project, payable NET 30 days after each client payment on delivered products received at COMPANY's bank account."
INTRICONCORP_03_10_2009-EX-10.22-Strategic Alliance Agreement,Document Name,Strategic Alliance Agreement
INTRICONCORP_03_10_2009-EX-10.22-Strategic Alliance Agreement,Parties,Dynamic Hearing Pty Ltd
INTRICONCORP_03_10_2009-EX-10.22-Strategic Alliance Agreement,Parties,IntriCon Corporation
INTRICONCORP_03_10_2009-EX-10.22-Strategic Alliance Agreement,Agreement Date,"1st day of October, 2008"
INTRICONCORP_03_10_2009-EX-10.22-Strategic Alliance Agreement,Effective Date,"1st day of October, 2008"
INTRICONCORP_03_10_2009-EX-10.22-Strategic Alliance Agreement,Expiration Date,"The initial term of this Agreement shall be five (5) years from the date of execution and may be extended subject to satisfactory agreement on ongoing commercial terms, to be agreed two (2) months prior to the expiration of this Agreement."
INTRICONCORP_03_10_2009-EX-10.22-Strategic Alliance Agreement,Governing Law,"This Agreement is governed by the laws of Victoria, Australia and the parties submit to the jurisdiction of the courts of Victoria, Australia"
INTRICONCORP_03_10_2009-EX-10.22-Strategic Alliance Agreement,Exclusivity,"Commencing on the Exclusivity Date, and continuing for so long as IntriCon continues to make such payments, the license granted to IntriCon under this Agreement will, subject to the terms and conditions of this Agreement, be exclusive for Hearing Aids."
INTRICONCORP_03_10_2009-EX-10.22-Strategic Alliance Agreement,Exclusivity,"Commencing on October 1, 2008, and continuing for so long as IntriCon continues to make minimum payments as defined in 4.3, Dynamic Hearing agrees that it will not license any Dynamic Hearing Technology for Hearing Aids, subject to Clause 3.5."
INTRICONCORP_03_10_2009-EX-10.22-Strategic Alliance Agreement,Exclusivity,"Exclusivity Date means October 1, 2008, the date Intricon makes its first quarterly payment of the Minimum Payment;"
INTRICONCORP_03_10_2009-EX-10.22-Strategic Alliance Agreement,Competitive Restriction Exception,"The rights granted under such agreements shall be included as exceptions to the exclusivity of IntriCon's License Grant, if such agreements are executed by Dynamic Hearing and the third party before January 1, 2009."
INTRICONCORP_03_10_2009-EX-10.22-Strategic Alliance Agreement,Competitive Restriction Exception,To maintain exclusive rights to Dynamic Hearing Technology for Hearing Aids IntriCon will make minimum annual payments to Dynamic Hearing as set out in the Minimum Payment Schedule.
INTRICONCORP_03_10_2009-EX-10.22-Strategic Alliance Agreement,Termination For Convenience,"Subject to the provisions of 11.1, Dynamic Hearing may terminate this Agreement upon three (3) months written notice to IntriCon of such termination."
INTRICONCORP_03_10_2009-EX-10.22-Strategic Alliance Agreement,Anti-Assignment,IntriCon may not assign or transfer any of its rights or obligations under this Agreement without the prior written consent of Dynamic Hearing.
INTRICONCORP_03_10_2009-EX-10.22-Strategic Alliance Agreement,Anti-Assignment,"Likewise, Dynamic Hearing may not assign or transfer any of its rights or obligations under this Agreement without the prior written consent of IntriCon."
INTRICONCORP_03_10_2009-EX-10.22-Strategic Alliance Agreement,Revenue/Profit Sharing,A 2% royalty rate per Base Product Unit shall be added to the initial base rate for each DSP feature/module that is based on Dynamic Hearing Technology and that is added to a Base Product Unit.
INTRICONCORP_03_10_2009-EX-10.22-Strategic Alliance Agreement,Revenue/Profit Sharing,"However, such additional Royalty Payments when added to the initial base rate shall not exceed in total the stated maximum rates specified in the table herein."
INTRICONCORP_03_10_2009-EX-10.22-Strategic Alliance Agreement,Revenue/Profit Sharing,"Cumulative annual HH & ALD Volume that use the Framework Ezairo Maximum Royalty Rate SCHA Maximum Royalty Rate Less Than 20,000 Units 10% 8% 20,000-50,000 units 9% 7% 50,000-100,000 units 8% 6% 100,000-200,000 units 7% 5% 200,000-500,000 units 6% 4% 500,000 to 1,000,000 units 5% 3% Over 1,000,000 5% 1.5%"
INTRICONCORP_03_10_2009-EX-10.22-Strategic Alliance Agreement,Revenue/Profit Sharing,The maximum royalty rate identified in the table herein includes an initial base rate of 3% for each Ezairo DSP platform and 1% for each Single Chip Hearing Aid (SCHA) sold
INTRICONCORP_03_10_2009-EX-10.22-Strategic Alliance Agreement,Minimum Commitment,"The Minimum Payment consists of the Access Fee of US$300,000 per annum and the Second Component that increases from year to year."
INTRICONCORP_03_10_2009-EX-10.22-Strategic Alliance Agreement,Minimum Commitment,Minimum Payment Schedule (All amounts are in US Dollars):
INTRICONCORP_03_10_2009-EX-10.22-Strategic Alliance Agreement,Minimum Commitment,"PAYMENT YEAR MINIMUM PAYMENT ACCESS FEE SECOND COMPONENT Year 1 $400,000 $300,000 $100,000 Year 2 $700,000 $300,000 $400,000 Year 3 $1,100,000 $300,000 $800,000 Year 4 $1,600,000 $300,000 $1,300,000 Year 5 $2,100,000 $300,000 $1,800,000"
INTRICONCORP_03_10_2009-EX-10.22-Strategic Alliance Agreement,License Grant,"Dynamic Hearing grants to IntriCon in accordance with this Agreement, for the Term, a license, to Use Dynamic Hearing's Technology, Software and Documentation developed as of the Commencement Date to manufacture, import, sell and offer for sale throughout the Territory, Products containing Dynamic Hearing's Technology and Software."
INTRICONCORP_03_10_2009-EX-10.22-Strategic Alliance Agreement,Post-Termination Services,"(a) such inspection, copying or audit must only be made after at least one Business Day's written notice; (b) such audit must not unreasonably interfere with the day to day operations of IntriCon; and (c) such audit must be at Dynamic Hearing's expense unless the auditor finds an underpayment royalty due under this Agreement in excess of 5% in which case IntriCon must reimburse Dynamic Hearing's reasonable cost of such audit; and (d) Audits will be limited to one audit in any calendar year."
INTRICONCORP_03_10_2009-EX-10.22-Strategic Alliance Agreement,Post-Termination Services,"Notwithstanding anything herein to the contrary, IntriCon shall have a right after termination to continue selling existing products that include the Dynamic Hearing Technology as long as IntriCon pays the appropriate royalties in accordance with the payment clauses in section 4.9 and, for the avoidance of doubt, such other clauses of this Agreement (including 4.3, 4.10, 5, 6 and 10.1 will continue to apply in respect of such sales."
INTRICONCORP_03_10_2009-EX-10.22-Strategic Alliance Agreement,Post-Termination Services,"IntriCon must make all such records available for inspection, copying and audit by an independent auditor appointed by Dynamic Hearing (and to which IntriCon has no reasonable objection) during ordinary business hours at any time during the Term and for a period of one year following the expiration or earlier termination of this Agreement, provided that:"
INTRICONCORP_03_10_2009-EX-10.22-Strategic Alliance Agreement,Audit Rights,such audit must be at Dynamic Hearing's expense unless the auditor finds an underpayment royalty due under this Agreement in excess of 5% in which case IntriCon must reimburse Dynamic Hearing's reasonable cost of such audit;
INTRICONCORP_03_10_2009-EX-10.22-Strategic Alliance Agreement,Audit Rights,"IntriCon must make all such records available for inspection, copying and audit by an independent auditor appointed by Dynamic Hearing (and to which IntriCon has no reasonable objection) during ordinary business hours at any time during the Term and for a period of one year following the expiration or earlier termination of this Agreement, provided that:"
INTRICONCORP_03_10_2009-EX-10.22-Strategic Alliance Agreement,Cap On Liability,"IntriCon is not liable in any way to Dynamic Hearing for any indirect, consequential, third party, special or incidental harm, liability, expense, cost, loss or damage, loss of profits, loss of data, exemplary damages or any other indirect commercial or economic loss of any kind whatsoever incurred by Dynamic Hearing whether in negligence, tort, equity, contract or otherwise, arising in connection with this Agreement;"
INTRICONCORP_03_10_2009-EX-10.22-Strategic Alliance Agreement,Cap On Liability,(i) if the breach relates to goods: (A) the replacement of goods or the supply of equivalent goods; or (B) the repair of such goods; and (ii) if the breach relates to services: the supplying of the services again.
INTRICONCORP_03_10_2009-EX-10.22-Strategic Alliance Agreement,Cap On Liability,"Dynamic Hearing is not liable in any way to IntriCon for any indirect, consequential, third party, special or incidental harm, liability, expense, cost, loss or damage, loss of profits, loss of data, exemplary damages or any other indirect commercial or economic loss of any kind whatsoever incurred by IntriCon whether in negligence, tort, equity, contract or otherwise, arising in connection with this Agreement;"
INTRICONCORP_03_10_2009-EX-10.22-Strategic Alliance Agreement,Cap On Liability,"Dynamic Hearing's aggregate liability to IntriCon for direct loss and damages and all other liability not described herein arising in connection with this Agreement whether in negligence, tort, equity, contract or otherwise, is limited to payment of damages recoverable at law or equity up to a maximum of (and, for the sake of clarity must not exceed) $5m;"
INTRICONCORP_03_10_2009-EX-10.22-Strategic Alliance Agreement,Cap On Liability,"if any legislation implies in this Agreement any term or warranty which cannot be excluded or modified, the liability of Dynamic Hearing for a breach of any such term or warranty is limited, at the option of Dynamic Hearing, to any one or more of the following:"
Freecook_20180605_S-1_EX-10.3_11233807_EX-10.3_Hosting Agreement,Document Name,"Website Design, Development and Hosting Agreement"
Freecook_20180605_S-1_EX-10.3_11233807_EX-10.3_Hosting Agreement,Parties,"Mitchell's Web Advance, PLC"
Freecook_20180605_S-1_EX-10.3_11233807_EX-10.3_Hosting Agreement,Expiration Date,"Terms of the project: 12 weeks from February 8, 2018 to May 3, 2018"
Freecook_20180605_S-1_EX-10.3_11233807_EX-10.3_Hosting Agreement,Termination For Convenience,Company at its sole discretion may at any time alter or cease providing the Customer Service which it has agreed to provide to Client relating to Client Website pursuant to this Agreement without any liability to Company.
Freecook_20180605_S-1_EX-10.3_11233807_EX-10.3_Hosting Agreement,License Grant,Client further agrees that Company may use and display the graphics and other web design elements of Client's website as examples of Company website design and development work.
Freecook_20180605_S-1_EX-10.3_11233807_EX-10.3_Hosting Agreement,License Grant,"Client hereby grants to Company a non-exclusive and limited license to use Client's trade names, logos and other trademarks in connection with Company advertising, marketing and promotion of its products and services."
ChinaRealEstateInformationCorp_20090929_F-1_EX-10.32_4771615_EX-10.32_Content License Agreement,Document Name,DOMAIN NAME AND CONTENT LICENSE AGREEMENT
ChinaRealEstateInformationCorp_20090929_F-1_EX-10.32_4771615_EX-10.32_Content License Agreement,Parties,"Beijing Yisheng Leju Information Services Co., Ltd."
ChinaRealEstateInformationCorp_20090929_F-1_EX-10.32_4771615_EX-10.32_Content License Agreement,Parties,"Beijing SINA Internet Information Service Co., Ltd."
ChinaRealEstateInformationCorp_20090929_F-1_EX-10.32_4771615_EX-10.32_Content License Agreement,Effective Date,"""Effective Date"" means the Closing Date as set forth in the Share Purchase Agreement."
ChinaRealEstateInformationCorp_20090929_F-1_EX-10.32_4771615_EX-10.32_Content License Agreement,Expiration Date,"The initial term of this Agreement (the ""Initial Term"") shall commence on the Effective Date and shall continue for a period of ten (10) years thereafter."
ChinaRealEstateInformationCorp_20090929_F-1_EX-10.32_4771615_EX-10.32_Content License Agreement,Governing Law,"This Termination Agreement shall be governed by the laws of the PRC, without regard to conflicts of law principles."
ChinaRealEstateInformationCorp_20090929_F-1_EX-10.32_4771615_EX-10.32_Content License Agreement,Governing Law,"This Agreement and any dispute or claim arising out of or in connection with it or its subject matter shall be governed by, and construed in accordance with, the laws of the People's Republic of China (without regard to its conflicts of laws rules that would mandate the application of the laws of another jurisdiction)."
ChinaRealEstateInformationCorp_20090929_F-1_EX-10.32_4771615_EX-10.32_Content License Agreement,Most Favored Nation,"In the event E-House Research and Training Institute becomes entitled to charge, invoice, or otherwise receive from, Licensee any royalties, fees or other remuneration for use of the E-House Licensed Data and Information pursuant to amendments to the Master Transaction Agreement or through other means, Licensor and Licensee shall use good faith efforts to amend this Agreement such that Licensor becomes entitled to charge, invoice, or otherwise receive fees from Licensee to use the Licensed Domain Names and Licensed Content, such fees to be agreed upon by the Parties, provided that (i) such fees shall be commercially reasonable and (ii) such fees shall not exceed the fees charged by Licensor to unaffiliated third parties for use of the Licensed Content, taking into account any other consideration received by Licensor (including, but not limited to, discounted services offerings from the third party)."
ChinaRealEstateInformationCorp_20090929_F-1_EX-10.32_4771615_EX-10.32_Content License Agreement,Exclusivity,"Subject to the terms and conditions of this Agreement, Licensor hereby grants to Licensee, and Licensee hereby accepts from Licensor, an exclusive, non-transferable (except as set forth in Section 10.7) and non-sublicensable (except as provided in Section 2.1(c)) license to use the Licensed Domain Names in connection with the Business during the Term"
ChinaRealEstateInformationCorp_20090929_F-1_EX-10.32_4771615_EX-10.32_Content License Agreement,Exclusivity,"Subject to the terms and conditions of this Agreement, Licensor hereby grants to Licensee, and Licensee hereby accepts from Licensor, an exclusive, non-transferable (except as set forth in Section 10.7) and non-sublicensable (except as provided in Section 2.1(c)) license to use the Licensed Content in connection with websites associated with the Licensed Domain Names until the earlier of (i) termination or expiration of this Agreement, or (ii) termination or expiration of the Agency Agreement, provided, however, that in the event the Agency Agreement is amended or restated, such amendment or restatement shall not be deemed a termination or expiration of the Agency Agreement."
ChinaRealEstateInformationCorp_20090929_F-1_EX-10.32_4771615_EX-10.32_Content License Agreement,Change Of Control,"This Agreement and any rights or authority granted hereunder shall not be assigned or transferred by either Party, including by operation of law, merger or otherwise, without the express written consent of the other Party, provided that Licensor may assign this Agreement without consent to any of its Affiliates and Licensee may assign this Agreement without consent to SINA Leju or an Affiliate of Licensee that is controlled by SINA Leju."
ChinaRealEstateInformationCorp_20090929_F-1_EX-10.32_4771615_EX-10.32_Content License Agreement,Change Of Control,Licensor may terminate this Agreement by providing prior written notice to Licensee upon the occurrence of a Change of Control.
ChinaRealEstateInformationCorp_20090929_F-1_EX-10.32_4771615_EX-10.32_Content License Agreement,Anti-Assignment,"Notwithstanding anything in this Agreement to the contrary, Licensee has no right to sublicense any rights granted hereunder to any third party, or otherwise permit any third party to use any Licensed Domain Names or Licensed Content; provided, however, that any rights granted to Licensee hereunder shall be sublicensable, without the prior written consent of Licensor, to SINA Leju and Licensee's Affiliates that are controlled by SINA Leju solely for the purpose of operating the Business during the Term."
ChinaRealEstateInformationCorp_20090929_F-1_EX-10.32_4771615_EX-10.32_Content License Agreement,Anti-Assignment,"This Agreement and any rights or authority granted hereunder shall not be assigned or transferred by either Party, including by operation of law, merger or otherwise, without the express written consent of the other Party, provided that Licensor may assign this Agreement without consent to any of its Affiliates and Licensee may assign this Agreement without consent to SINA Leju or an Affiliate of Licensee that is controlled by SINA Leju."
ChinaRealEstateInformationCorp_20090929_F-1_EX-10.32_4771615_EX-10.32_Content License Agreement,License Grant,"Subject to the terms and conditions of this Agreement, Licensor hereby grants to Licensee, and Licensee hereby accepts from Licensor, an exclusive, non-transferable (except as set forth in Section 10.7) and non-sublicensable (except as provided in Section 2.1(c)) license to use the Licensed Domain Names in connection with the Business during the Term."
ChinaRealEstateInformationCorp_20090929_F-1_EX-10.32_4771615_EX-10.32_Content License Agreement,License Grant,"Subject to the terms and conditions of this Agreement, Licensor hereby grants to Licensee, and Licensee hereby accepts from Licensor, an exclusive, non-transferable (except as set forth in Section 10.7) and non-sublicensable (except as provided in Section 2.1(c)) license to use the Licensed Content in connection with websites associated with the Licensed Domain Names until the earlier of (i) termination or expiration of this Agreement, or (ii) termination or expiration of the Agency Agreement, provided, however, that in the event the Agency Agreement is amended or restated, such amendment or restatement shall not be deemed a termination or expiration of the Agency Agreement."
ChinaRealEstateInformationCorp_20090929_F-1_EX-10.32_4771615_EX-10.32_Content License Agreement,Non-Transferable License,"Notwithstanding anything in this Agreement to the contrary, Licensee has no right to sublicense any rights granted hereunder to any third party, or otherwise permit any third party to use any Licensed Domain Names or Licensed Content; provided, however, that any rights granted to Licensee hereunder shall be sublicensable, without the prior written consent of Licensor, to SINA Leju and Licensee's Affiliates that are controlled by SINA Leju solely for the purpose of operating the Business during the Term."
ChinaRealEstateInformationCorp_20090929_F-1_EX-10.32_4771615_EX-10.32_Content License Agreement,Non-Transferable License,"Subject to the terms and conditions of this Agreement, Licensor hereby grants to Licensee, and Licensee hereby accepts from Licensor, an exclusive, non-transferable (except as set forth in Section 10.7) and non-sublicensable (except as provided in Section 2.1(c)) license to use the Licensed Domain Names in connection with the Business during the Term."
ChinaRealEstateInformationCorp_20090929_F-1_EX-10.32_4771615_EX-10.32_Content License Agreement,Non-Transferable License,"Subject to the terms and conditions of this Agreement, Licensor hereby grants to Licensee, and Licensee hereby accepts from Licensor, an exclusive, non-transferable (except as set forth in Section 10.7) and non-sublicensable (except as provided in Section 2.1(c)) license to use the Licensed Content in connection with websites associated with the Licensed Domain Names until the earlier of (i) termination or expiration of this Agreement, or (ii) termination or expiration of the Agency Agreement, provided, however, that in the event the Agency Agreement is amended or restated, such amendment or restatement shall not be deemed a termination or expiration of the Agency Agreement."
ChinaRealEstateInformationCorp_20090929_F-1_EX-10.32_4771615_EX-10.32_Content License Agreement,Affiliate License-Licensee,"Notwithstanding anything in this Agreement to the contrary, Licensee has no right to sublicense any rights granted hereunder to any third party, or otherwise permit any third party to use any Licensed Domain Names or Licensed Content; provided, however, that any rights granted to Licensee hereunder shall be sublicensable, without the prior written consent of Licensor, to SINA Leju and Licensee's Affiliates that are controlled by SINA Leju solely for the purpose of operating the Business during the Term."
ChinaRealEstateInformationCorp_20090929_F-1_EX-10.32_4771615_EX-10.32_Content License Agreement,Post-Termination Services,"Upon termination (but not expiration) of this Agreement for any reason, Licensee shall be entitled to use the Licensed Domain Names and Licensed Content for a limited period of time, not to exceed ninety (90) days, during which it shall diligently work to transition to another solution."
ChinaRealEstateInformationCorp_20090929_F-1_EX-10.32_4771615_EX-10.32_Content License Agreement,Covenant Not To Sue,"Except as expressly permitted under the Trademark License Agreement, Licensee shall not knowingly (a) use the Licensed Domain Names in any manner that tarnishes, degrades, disparages or reflects adversely on Licensor or Licensor's business or reputation, (b) in any jurisdiction, register or attempt to register any domain names that consist of, in whole or in part, or are confusingly similar to, the term ""SINA"", (c) contest, challenge or otherwise make any claim or take any action adverse to Licensor's interest in the Licensed Domain Names, (d) register any trademarks, trade names or company names that consist of, in whole or in part, or are confusingly similar to the term ""SINA"" in the name of Licensee or of any of its Affiliates, or (e) use the Licensed Content and other Content for any unlawful purpose, including but not limited to displaying or distributing any pornographic, obscene or sexually explicit material, materials of a violent nature, or politically sensitive materials."
"HERTZGLOBALHOLDINGS,INC_07_07_2016-EX-10.4-INTELLECTUAL PROPERTY AGREEMENT",Document Name,INTELLECTUAL PROPERTY AGREEMENT
"HERTZGLOBALHOLDINGS,INC_07_07_2016-EX-10.4-INTELLECTUAL PROPERTY AGREEMENT",Parties,"(hereinafter referred to collectively as the ""Parties"" and individually as a ""Party"")."
"HERTZGLOBALHOLDINGS,INC_07_07_2016-EX-10.4-INTELLECTUAL PROPERTY AGREEMENT",Parties,THE HERTZ CORPORATION
"HERTZGLOBALHOLDINGS,INC_07_07_2016-EX-10.4-INTELLECTUAL PROPERTY AGREEMENT",Governing Law,"This Agreement and all disputes or controversies arising out of or relating to this Agreement or the transactions contemplated hereby shall be governed by, and construed in accordance with, the internal laws of the State of New York, without regard to the laws of any other jurisdiction that might be applied because of the conflicts of laws principles of the State of New York."
"HERTZGLOBALHOLDINGS,INC_07_07_2016-EX-10.4-INTELLECTUAL PROPERTY AGREEMENT",Non-Compete,"During the Interim Period, neither HERC nor any of its affiliates or subsidiaries shall, directly or indirectly, engage in the business of renting or leasing cars, crossovers or light trucks (including sport utility vehicles and light commercial vehicles) in [any country in which THC or any of its affiliates or subsidiaries rents or leases cars, crossovers or light trucks (including sport utility vehicles and light commercial vehicles) as of the date of this Agreement] without THC's prior written consent, except to the extent materially consistent in type and scope with HERC's operations immediately prior to the date of this IPA."
"HERTZGLOBALHOLDINGS,INC_07_07_2016-EX-10.4-INTELLECTUAL PROPERTY AGREEMENT",Anti-Assignment,"HERC may not assign, transfer, sublicense or delegate any of its rights hereunder or delegate its obligations hereunder without the prior written consent of HSI, and any such purported assignment, transfer, sublicense or delegation, in the absence of such consent, shall be void and without effect."
"HERTZGLOBALHOLDINGS,INC_07_07_2016-EX-10.4-INTELLECTUAL PROPERTY AGREEMENT",Ip Ownership Assignment,"THC will assign all right, title and interest in and to the THC ERB Domains (those domains owned by THC related to the ERB that do not incorporate the mark/name HERTZ) as set forth on Schedule H to HERC and as more fully set forth in the Domain Name Assignment attached hereto as Exhibit D."
"HERTZGLOBALHOLDINGS,INC_07_07_2016-EX-10.4-INTELLECTUAL PROPERTY AGREEMENT",Ip Ownership Assignment,"HSI will assign all right, title and interest in and to the HSI HERC Foreign ERB Trademarks (those foreign trademarks owned by HSI related to the ERB for the HERC trademarks) as set forth on Schedule C to HERC as more fully set forth in the Trademark Assignment Agreements attached hereto as Exhibit B-1 (Canada) and Exhibit B-2 (all other foreign countries)."
"HERTZGLOBALHOLDINGS,INC_07_07_2016-EX-10.4-INTELLECTUAL PROPERTY AGREEMENT",License Grant,"HSI will retain ownership and will grant a royalty-free, non-exclusive, license to HERC to use the HSI (HERTZ) US ERB Trademarks (those US trademarks"
"HERTZGLOBALHOLDINGS,INC_07_07_2016-EX-10.4-INTELLECTUAL PROPERTY AGREEMENT",License Grant,"owned by HSI related to the ERB that incorporate the mark/name HERTZ) as set forth on Schedule B, for the Interim Period, in the United States and Puerto Rico, as more fully set forth in the Trademark, Trade Name, Domain and Related Rights License Agreement attached as Exhibit A."
"HERTZGLOBALHOLDINGS,INC_07_07_2016-EX-10.4-INTELLECTUAL PROPERTY AGREEMENT",License Grant,"HSI will, subject to compliance with the terms of this Agreement, grant a royalty-free, non-exclusive worldwide license to HERC to use the mark/name HERTZ as part of company names for the Interim Period, as more fully set forth in the Trademark, Trade Name, Domain and Related Rights License Agreement attached as Exhibit A."
"HERTZGLOBALHOLDINGS,INC_07_07_2016-EX-10.4-INTELLECTUAL PROPERTY AGREEMENT",License Grant,"THC will retain ownership and will, subject to compliance with the terms of this Agreement, grant a royalty-free, non-exclusive license to HERC to use the THC (HERTZ) ERB Domains (those domains owned by THC related to the ERB that"
"HERTZGLOBALHOLDINGS,INC_07_07_2016-EX-10.4-INTELLECTUAL PROPERTY AGREEMENT",License Grant,"incorporate the mark/name HERTZ) as set forth on Schedule G, for the Interim Period, as more fully set forth in the Trademark, Trade Name, Domain and Related Rights License Agreement."
"HERTZGLOBALHOLDINGS,INC_07_07_2016-EX-10.4-INTELLECTUAL PROPERTY AGREEMENT",License Grant,"HSI will retain ownership and will grant a royalty-free, non-exclusive license to HERC to use the HSI (HERTZ) Foreign ERB Trademarks (those foreign trademarks owned by HSI related to the ERB that incorporate the mark/name HERTZ) as set forth on Schedule A, for the Interim Period, outside the United States and Puerto Rico, as more fully set forth in the Trademark, Trade Name, Domain and Related Rights License Agreement attached as Exhibit A."
"HERTZGLOBALHOLDINGS,INC_07_07_2016-EX-10.4-INTELLECTUAL PROPERTY AGREEMENT",License Grant,"THC and/or HSI will retain ownership and will grant a royalty-free, non-exclusive license to HERC to use such Other Intellectual Property for the Interim Period, as more fully set forth in the Trademark, Trade Name, Domain and Related Rights License Agreement attached as Exhibit A."
"HERTZGLOBALHOLDINGS,INC_07_07_2016-EX-10.4-INTELLECTUAL PROPERTY AGREEMENT",Insurance,"HERC shall provide for ten (10) days notice to THC and HSI in the event of any modification, cancellation or termination."
"HERTZGLOBALHOLDINGS,INC_07_07_2016-EX-10.4-INTELLECTUAL PROPERTY AGREEMENT",Insurance,"protection, all of which must be acceptable to THC and HSI, and which must name THC and HSI as additional insureds."
"HERTZGLOBALHOLDINGS,INC_07_07_2016-EX-10.4-INTELLECTUAL PROPERTY AGREEMENT",Insurance,"Such policy shall provide, in addition to other protection, protection against any and all claims, demands, and causes of action arising out of any act, omission, negligence or otherwise giving rise to a third party claim."
"HERTZGLOBALHOLDINGS,INC_07_07_2016-EX-10.4-INTELLECTUAL PROPERTY AGREEMENT",Insurance,"The amount of coverage shall be a minimum of three million dollars ($3,000,000) combined single limit, with no deductible amount for each single occurrence for bodily injury and/or property damage."
"HERTZGLOBALHOLDINGS,INC_07_07_2016-EX-10.4-INTELLECTUAL PROPERTY AGREEMENT",Insurance,"HERC shall, throughout the term of this Agreement, obtain and maintain at its own cost and expense, from a qualified AAA-rated insurance company, a standard liability insurance and business interruption policy along with advertising injury"
"HERTZGLOBALHOLDINGS,INC_07_07_2016-EX-10.4-INTELLECTUAL PROPERTY AGREEMENT",Insurance,"In no event shall HERC perform or promote the carry out the activities contemplated under this Agreement or the Trademark, Trade Name, Domain and Related Rights License Agreement prior to receipt by THC and HSI of evidence of insurance."
"HERTZGLOBALHOLDINGS,INC_07_07_2016-EX-10.4-INTELLECTUAL PROPERTY AGREEMENT",Insurance,HERC agrees to furnish THC and HSI Certificates of Insurance evidencing same within thirty (30) days after the execution of this Agreement.
"HERTZGLOBALHOLDINGS,INC_07_07_2016-EX-10.4-INTELLECTUAL PROPERTY AGREEMENT",Covenant Not To Sue,"The Parties acknowledge and affirm their respective rights in and to the relevant trademark and related rights subject to this Agreement and neither Party shall directly or indirectly attack, challenge or impair the title and related rights of the other Party during the Interim Period or any time thereafter."
PfHospitalityGroupInc_20150923_10-12G_EX-10.1_9266710_EX-10.1_Franchise Agreement1,Document Name,FORM OF FRANCHISE AGREEMENT
PfHospitalityGroupInc_20150923_10-12G_EX-10.1_9266710_EX-10.1_Franchise Agreement1,Parties,"Pizza Fusion Holding, Inc."
PfHospitalityGroupInc_20150923_10-12G_EX-10.1_9266710_EX-10.1_Franchise Agreement1,Parties,"""we,"" ""us"" and ""our"" refers to Pizza Fusion Holding, Inc., the franchisor"
PfHospitalityGroupInc_20150923_10-12G_EX-10.1_9266710_EX-10.1_Franchise Agreement1,Parties,the individual or legal entity identified on the cover page
PfHospitalityGroupInc_20150923_10-12G_EX-10.1_9266710_EX-10.1_Franchise Agreement1,Parties,"""You"" and ""your"" refers to the Franchisee."
PfHospitalityGroupInc_20150923_10-12G_EX-10.1_9266710_EX-10.1_Franchise Agreement1,Expiration Date,"This Agreement expires ten (10) years from the Agreement Date (the ""Term""), unless it is terminated sooner as provided in other sections of this Agreement."
PfHospitalityGroupInc_20150923_10-12G_EX-10.1_9266710_EX-10.1_Franchise Agreement1,Renewal Term,"When this Agreement expires, you will have the option to continue the franchise relationship with us for two (2) additional terms of ten (10) years each."
PfHospitalityGroupInc_20150923_10-12G_EX-10.1_9266710_EX-10.1_Franchise Agreement1,Governing Law,"This Agreement and the relationship between the parties is governed by and will be construed exclusively in accordance with the laws of the State of Florida (without regard to, and without applying, Florida conflict-of-law rules)."
PfHospitalityGroupInc_20150923_10-12G_EX-10.1_9266710_EX-10.1_Franchise Agreement1,Non-Compete,"You agree that during the term of this Agreement, you will not, without our prior written consent, either directly or indirectly through any other person or entity:"
PfHospitalityGroupInc_20150923_10-12G_EX-10.1_9266710_EX-10.1_Franchise Agreement1,Non-Compete,"17.1.1. Own, manage, engage in, be employed by, advise, make loans to, consult for, rent or lease to, or have any other interest in any business that (directly or indirectly) operates, or grants franchises or licenses to operate, a restaurant featuring pizza and related food specialties or that offers products or services substantially similar to those then offered by Restaurants (""Competitive Business""); 17.1.2. Divert or attempt to divert any business or customer, or potential business or customer, to any Competitive Business; or 17.1.3. Induce any person to leave his or her employment with us. 17.1.4. In any manner interfere with, disturb, disrupt, impair, diminish, or otherwise jeopardize our business or that of any of our franchisees."
PfHospitalityGroupInc_20150923_10-12G_EX-10.1_9266710_EX-10.1_Franchise Agreement1,Non-Compete,You agree not to: (a) advertise or market the services of your Franchised Business outside of the Delivery/Catering and Advertising Area; and/or (b) engage in direct solicitation of customers outside of the Delivery/Catering and Advertising Area.
PfHospitalityGroupInc_20150923_10-12G_EX-10.1_9266710_EX-10.1_Franchise Agreement1,Non-Compete,"Without our prior written approval, you may not engage in any other type of sale, including, but not limited to: selling, distributing, or otherwise providing, any services or products to third parties at wholesale, or for resale or distribution by any third party; and selling, distributing or otherwise providing any products and/or services through catalogs, mail order, toll free numbers for delivery, or electronic means (e.g., the Internet)."
PfHospitalityGroupInc_20150923_10-12G_EX-10.1_9266710_EX-10.1_Franchise Agreement1,Non-Compete,"If any of your advertising within the Delivery/Catering and Advertising Area is in media that will or may reach a significant number of persons outside of the Delivery/Catering and Advertising Area, you must notify us in advance and obtain our prior written consent (in addition to the requirements in Section 9.3 [Regional Fund] below)."
PfHospitalityGroupInc_20150923_10-12G_EX-10.1_9266710_EX-10.1_Franchise Agreement1,Non-Compete,"For two (2) years after the expiration or termination of this Agreement or an approved Transfer to a new franchisee, you may not directly or indirectly own, manage, engage in, be employed by, advise, make loans to, consult for, or have any other interest in any Competitive Business that is, or intends to operate, within three (3) mile radius of the Premises of your Franchised Business or within a three (3) mile radius of any Restaurant then-operating or under construction to operate under the System, except as permitted by any Franchise Agreements that remain in effect between you and us. ."
PfHospitalityGroupInc_20150923_10-12G_EX-10.1_9266710_EX-10.1_Franchise Agreement1,Non-Compete,You agree not to engage in any of the sales activities that we have reserved to ourselves in Sections 1.3 [Our Limitations and Our Reserved Rights] above.
PfHospitalityGroupInc_20150923_10-12G_EX-10.1_9266710_EX-10.1_Franchise Agreement1,No-Solicit Of Customers,"You agree that during the term of this Agreement, you will not, without our prior written consent, either directly or indirectly through any other person or entity:"
PfHospitalityGroupInc_20150923_10-12G_EX-10.1_9266710_EX-10.1_Franchise Agreement1,No-Solicit Of Customers,"17.1.2. Divert or attempt to divert any business or customer, or potential business or customer, to any Competitive Business;"
PfHospitalityGroupInc_20150923_10-12G_EX-10.1_9266710_EX-10.1_Franchise Agreement1,No-Solicit Of Customers,You may not enter into any relationship with a Major Account customer that we deem to conflict with the customer's Major Account arrangement with us.
PfHospitalityGroupInc_20150923_10-12G_EX-10.1_9266710_EX-10.1_Franchise Agreement1,No-Solicit Of Employees,17.1.3. Induce any person to leave his or her employment with us.
PfHospitalityGroupInc_20150923_10-12G_EX-10.1_9266710_EX-10.1_Franchise Agreement1,No-Solicit Of Employees,"You agree that during the term of this Agreement, you will not, without our prior written consent, either directly or indirectly through any other person or entity:"
PfHospitalityGroupInc_20150923_10-12G_EX-10.1_9266710_EX-10.1_Franchise Agreement1,Termination For Convenience,"We may terminate your right to provide products and services to a Major Account customer at any time by giving you at least 30 days' prior written notice, and you may terminate your right to provide products and services to a Major Account at any time by giving us at least 30 days' prior written notice."
PfHospitalityGroupInc_20150923_10-12G_EX-10.1_9266710_EX-10.1_Franchise Agreement1,Rofr/Rofo/Rofn,"You agree that, at our option, you will sell to us any or all your assets used to operate the Franchised Business (including equipment, fixtures, furnishings, Delivery Vehicles, supplies, and inventory) that we ask in writing to purchase. 16.2.1. The purchase price for such items will be equal to your depreciated cost (determined below) or fair market value, whichever is less. The cost will be determined based upon a five (5) year straight-line depreciation of original costs. For equipment that is five (5) or more years old, the parties agree that fair market value will be deemed to be ten percent (10%) of the equipment's original cost. The fair market value of tangible assets must be determined without reference to good will, going-concern value, or other intangible assets. Page 32 of 39 Source: PF HOSPITALITY GROUP INC., 10-12G, 9/23/2015 16.2.2. We may exercise this option by delivering a notice of intent to purchase to you within 30 days after the expiration or termination of this Agreement. During that 30-day period, you agree not to dispose of, transfer, or otherwise hinder our ability to exercise our rights with respect to your assets. 16.2.3. If we exercise our option to purchase, we may setoff all amounts due to us under this Agreement and the cost of the appraisal (if any), against any payment due to you. 16.2.4. If we do not exercise our rights to purchase your Delivery Vehicle(s), you must immediately make such modifications or alterations to the Delivery Vehicle(s) that may be needed to remove any Proprietary Marks and to otherwise distinguish the appearance of the vehicle(s) from those used by other Restaurants."
PfHospitalityGroupInc_20150923_10-12G_EX-10.1_9266710_EX-10.1_Franchise Agreement1,Rofr/Rofo/Rofn,We may assign our right of first refusal to someone else either before or after we exercise it.
PfHospitalityGroupInc_20150923_10-12G_EX-10.1_9266710_EX-10.1_Franchise Agreement1,Rofr/Rofo/Rofn,"If the Transfer is proposed to be made pursuant to a sale, we or our designee may purchase the interest proposed to be Transferred on the same economic terms and conditions offered by the third-party."
PfHospitalityGroupInc_20150923_10-12G_EX-10.1_9266710_EX-10.1_Franchise Agreement1,Rofr/Rofo/Rofn,We may exercise this option by delivering a notice of intent to purchase to you within 30 days after the expiration or termination of this Agreement.
PfHospitalityGroupInc_20150923_10-12G_EX-10.1_9266710_EX-10.1_Franchise Agreement1,Rofr/Rofo/Rofn,Any material change in the terms of the offer from a third-party after we have elected not to purchase the seller's interest will constitute a new offer subject to the same right of first refusal as the third party's initial offer.
PfHospitalityGroupInc_20150923_10-12G_EX-10.1_9266710_EX-10.1_Franchise Agreement1,Rofr/Rofo/Rofn,"Closing of the Transfer must occur within 60 calendar days of our election (or such longer period as applicable law may require); otherwise, the third-party's offer will be treated as a new offer subject to our right of first refusal."
PfHospitalityGroupInc_20150923_10-12G_EX-10.1_9266710_EX-10.1_Franchise Agreement1,Rofr/Rofo/Rofn,"We have the right, exercisable within thirty (30) days after receipt of the notice specified in Section 14.2 [No Transfer without Our Prior Written Consent], to send written notice to you that we intend to purchase the interest proposed to be Transferred."
PfHospitalityGroupInc_20150923_10-12G_EX-10.1_9266710_EX-10.1_Franchise Agreement1,Change Of Control,"You may not permit the Franchised Business to be operated, managed, directed, or controlled by any other person without our prior written consent."
PfHospitalityGroupInc_20150923_10-12G_EX-10.1_9266710_EX-10.1_Franchise Agreement1,Change Of Control,"The Owners may not enter into any shareholders' agreement, management agreement, voting trust or other arrangement that gives a third party the power to direct and control your affairs without our prior written consent."
PfHospitalityGroupInc_20150923_10-12G_EX-10.1_9266710_EX-10.1_Franchise Agreement1,Anti-Assignment,Neither you nor any of the Owners may make any Transfer or permit any Transfer to occur without obtaining our prior written consent.
PfHospitalityGroupInc_20150923_10-12G_EX-10.1_9266710_EX-10.1_Franchise Agreement1,Revenue/Profit Sharing,A majority of the Restaurant owners in the Regional Fund may vote to increase the amount of each Restaurant owner's Regional Fund contribution by up to an additional two percent (2%) of each Restaurant's Gross Revenues.
PfHospitalityGroupInc_20150923_10-12G_EX-10.1_9266710_EX-10.1_Franchise Agreement1,Revenue/Profit Sharing,"You must pay us a royalty fee (""Royalty"") equal to six percent (6%) of your Gross Revenues."
PfHospitalityGroupInc_20150923_10-12G_EX-10.1_9266710_EX-10.1_Franchise Agreement1,Revenue/Profit Sharing,"During any Period that the Marketing Fund (as defined in Section 9.1 [Pizza Fusion Marketing Fund] below) is in effect, you must make a contribution as described in Section 9.1 [Pizza Fusion Marketing Fund] below equal to three percent (3%) of your Gross Revenues for the preceding Period"
PfHospitalityGroupInc_20150923_10-12G_EX-10.1_9266710_EX-10.1_Franchise Agreement1,Revenue/Profit Sharing,"If by reason of state or other law, we are prohibited from receiving a percentage of certain components of Gross Revenues (including alcoholic-beverage sales), you must pay us an equivalent amount by increasing the Royalty percentage applied to Gross Revenues exclusive of the prohibited components."
PfHospitalityGroupInc_20150923_10-12G_EX-10.1_9266710_EX-10.1_Franchise Agreement1,Revenue/Profit Sharing,"Additionally, during any Period that a Regional Fund (as defined in Section 9.3 [Regional Fund] below) for the area in which your Franchised Business is located is in effect, you must make a contribution as described in Section 9.2 [Local Marketing] below in such amounts as we specify in writing up to two percent (2%) of your Gross Revenues for the preceding Period; in addition, you may be required to contribute to a Regional Fund up to an additional two percent (2%) of Gross Revenues of your Franchised Business if the members of that Regional Fund vote to increase the total contribution, as provided in Section 9.3.5 [Regional Fund] below."
PfHospitalityGroupInc_20150923_10-12G_EX-10.1_9266710_EX-10.1_Franchise Agreement1,Minimum Commitment,"You agree to conduct a Grand Opening Advertising Program for the Franchised Business throughout the first four weeks after the Opening Date, spending an amount not less than $12,000."
PfHospitalityGroupInc_20150923_10-12G_EX-10.1_9266710_EX-10.1_Franchise Agreement1,Minimum Commitment,"Beginning on the Opening Date, during each consecutive three-calendar-month period during the Term, you must spend three percent (3%) or more of your Gross Sales on local marketing of the Franchised Business."
PfHospitalityGroupInc_20150923_10-12G_EX-10.1_9266710_EX-10.1_Franchise Agreement1,Ip Ownership Assignment,"If you wish to test market an item that we have not approved, then, so long as we have given you our prior written approval, you may do so for so long, and on such terms, that we mutually agree upon (a ""Test""), and the item so tested, and all associated formulae, plans, and materials, will become our property."
PfHospitalityGroupInc_20150923_10-12G_EX-10.1_9266710_EX-10.1_Franchise Agreement1,Ip Ownership Assignment,"You agree that all data that you collect from customers and potential customers in connection with the Franchised Business (""Customer Data"") is deemed to be owned exclusively by us, and you also agree to provide the Customer Data to us at any time that we request as you to do so."
PfHospitalityGroupInc_20150923_10-12G_EX-10.1_9266710_EX-10.1_Franchise Agreement1,Ip Ownership Assignment,"The Customer List is, and remains, our exclusive property, you hereby assign to us all rights you now have or hereafter may acquire in the Customer List."
PfHospitalityGroupInc_20150923_10-12G_EX-10.1_9266710_EX-10.1_Franchise Agreement1,Ip Ownership Assignment,"All data pertaining to, derived from, or displayed at the Franchised Business (including without limitation data pertaining to or otherwise about Franchised Business customers) is and shall be our exclusive property, and we hereby grant you a royalty-free non-exclusive license to use that data during the Term of this Agreement."
PfHospitalityGroupInc_20150923_10-12G_EX-10.1_9266710_EX-10.1_Franchise Agreement1,License Grant,"We grant you the right, and you accept the obligation, to use the Proprietary Marks and the System to operate one Restaurant (the ""Franchised Business"") at the Premises, in accordance with the terms of this Agreement."
PfHospitalityGroupInc_20150923_10-12G_EX-10.1_9266710_EX-10.1_Franchise Agreement1,License Grant,"If, following the Test, we determine that we will approve the tested item, then for so long as we deem that item to be an ""approved item"" under this Agreement, you will have the right to use that item under the terms of this Agreement; and we will have the right to use and market that item as we see fit, including but not limited to use in our own Restaurants as well as that of other licensees and franchisees, without compensation to you."
PfHospitalityGroupInc_20150923_10-12G_EX-10.1_9266710_EX-10.1_Franchise Agreement1,License Grant,"All data pertaining to, derived from, or displayed at the Franchised Business (including without limitation data pertaining to or otherwise about Franchised Business customers) is and shall be our exclusive property, and we hereby grant you a royalty-free non-exclusive license to use that data during the Term of this Agreement."
PfHospitalityGroupInc_20150923_10-12G_EX-10.1_9266710_EX-10.1_Franchise Agreement1,Non-Transferable License,You have no right to sublicense either the Proprietary Marks or the System to anyone else;
PfHospitalityGroupInc_20150923_10-12G_EX-10.1_9266710_EX-10.1_Franchise Agreement1,Post-Termination Services,We may exercise this option by delivering a notice of intent to purchase to you within 30 days after the expiration or termination of this Agreement.
PfHospitalityGroupInc_20150923_10-12G_EX-10.1_9266710_EX-10.1_Franchise Agreement1,Post-Termination Services,"If we do not elect or are unable to exercise our option to acquire, or to acquire the lease or sublease for the Premises, you must make such modifications or alterations to the premises operated hereunder (including, without limitation, the changing of the telephone number) immediately upon termination or expiration of this Agreement as may be necessary to distinguish the appearance of the Premises from that of other Restaurants under the System, and such specific additional changes as we may reasonably request for that purpose."
PfHospitalityGroupInc_20150923_10-12G_EX-10.1_9266710_EX-10.1_Franchise Agreement1,Post-Termination Services,"(c) Recognize your right to display and use the Proprietary Marks in accordance with the specifications required by the Manual, subject only to the provisions of applicable law; (d) Require that the premises be used solely for the operation of a Franchised Business; and (e) Acknowledge that, if this Agreement is terminated or expires (without you renewing your franchise rights): (i) you must take certain steps to de-identify the location as a Pizza Fusion Restaurant; and (ii) lessor will cooperate with us in enforcing your obligation to de-identity, including allowing us, our employees and/or agents to enter the premises and remove signs, décor and materials that bear or display our Proprietary Marks, designs, or logos."
PfHospitalityGroupInc_20150923_10-12G_EX-10.1_9266710_EX-10.1_Franchise Agreement1,Post-Termination Services,"Your lease (or rider to a lease) must include provisions that will: (a) Allow us the right to elect to take an assignment of the leasehold interest upon termination or expiration of your rights under this Agreement, and that allow us (or our designee) to operate a ""Pizza Fusion"" restaurant upon the premises for the remaining term of the lease or sublease; (b) Require the lessor to provide us with a copy of any written notice of deficiency under the lease sent to you, at the same time as notice is given to you (as the lessee under the lease), and which grants to us the right (but not obligation) to cure any deficiency by you under the lease within fifteen (15) business days after the expiration of the period in which you had to cure any such default should you fail to do so;"
PfHospitalityGroupInc_20150923_10-12G_EX-10.1_9266710_EX-10.1_Franchise Agreement1,Post-Termination Services,"You agree that, at our option, you will sell to us any or all your assets used to operate the Franchised Business (including equipment, fixtures, furnishings, Delivery Vehicles, supplies, and inventory) that we ask in writing to purchase."
PfHospitalityGroupInc_20150923_10-12G_EX-10.1_9266710_EX-10.1_Franchise Agreement1,Audit Rights,We reserve the right to reinspect the facilities and products of any approved supplier and to revoke approval if we find that the supplier fails to meet any of our then-current criteria.
PfHospitalityGroupInc_20150923_10-12G_EX-10.1_9266710_EX-10.1_Franchise Agreement1,Audit Rights,To permit us or our representatives to inspect your operations to assure that you are properly using the Proprietary Marks;
PfHospitalityGroupInc_20150923_10-12G_EX-10.1_9266710_EX-10.1_Franchise Agreement1,Audit Rights,"If we request in writing, you agree that your financial institution is authorized to send us a monthly statement of all activity in the designated account (and such other reports of the activity in the operating account as we reasonably request) at the same time as it sends such statements to you."
PfHospitalityGroupInc_20150923_10-12G_EX-10.1_9266710_EX-10.1_Franchise Agreement1,Audit Rights,"If Gross Revenues have been understated by more than 2% for the period covered by the examination or audit, you must also: (1) reimburse us for the full reasonable cost of the examination or audit, including, travel, lodging, meals, and wages of our representatives and the legal and accounting fees of any attorneys or independent accountants we use for the examination or audit; and (2) at our request, thereafter provide us with periodic audited financial statements."
PfHospitalityGroupInc_20150923_10-12G_EX-10.1_9266710_EX-10.1_Franchise Agreement1,Audit Rights,"We have the right, both during and after the Term of this Agreement, to inspect, copy and audit your books and records, your federal, state and local tax returns, and any other forms, reports, information or data that we may reasonably designate."
PfHospitalityGroupInc_20150923_10-12G_EX-10.1_9266710_EX-10.1_Franchise Agreement1,Audit Rights,"We have the right, at any time during normal business hours: (i) to conduct inspections of the Franchised Business; (ii) to interview your employees, work crews, and customers; and (iii) to review your business records, including those maintained electronically or off premises."
PfHospitalityGroupInc_20150923_10-12G_EX-10.1_9266710_EX-10.1_Franchise Agreement1,Audit Rights,"In order to preserve the goodwill of the System following termination, we (or our designee) have the right to enter the Premises (without liability to you, your Owners, or otherwise) for the purpose continuing the Franchised Business' operation and maintaining the goodwill of the business."
PfHospitalityGroupInc_20150923_10-12G_EX-10.1_9266710_EX-10.1_Franchise Agreement1,Audit Rights,"We may conduct the examination or audit at our offices or those of a third-party, in which case we may require you to send us your records."
PfHospitalityGroupInc_20150923_10-12G_EX-10.1_9266710_EX-10.1_Franchise Agreement1,Audit Rights,We have the ongoing right to inspect any proposed supplier's facilities and to test samples of the proposed products or services.
PfHospitalityGroupInc_20150923_10-12G_EX-10.1_9266710_EX-10.1_Franchise Agreement1,Audit Rights,You agree to submit financial and operational reports and records and documents to us at the times and in the manner specified in the Manual or other written instructions.
PfHospitalityGroupInc_20150923_10-12G_EX-10.1_9266710_EX-10.1_Franchise Agreement1,Cap On Liability,"Each of us waives any right to or claim of punitive, exemplary, multiple, or consequential damages against the other in litigation and agrees to be limited to the recovery of actual damages sustained."
PfHospitalityGroupInc_20150923_10-12G_EX-10.1_9266710_EX-10.1_Franchise Agreement1,Cap On Liability,"Any and all claims and actions arising out of or relating to this Agreement, the relationship between you and us, or your operation of the Restaurant, brought by any party hereto against the other, must be commenced within one (1) year from the occurrence of the facts giving rise to such claim or action, or, it is expressly acknowledged and agreed by all parties, such claim or action will be irrevocably barred."
PfHospitalityGroupInc_20150923_10-12G_EX-10.1_9266710_EX-10.1_Franchise Agreement1,Liquidated Damages,The amounts contemplated under Section 16.4 [Liquidated Damages] above is not a penalty and is intended by the parties only as a compensatory remedy for past breaches and not as a preventative remedy to deter future breaches.
PfHospitalityGroupInc_20150923_10-12G_EX-10.1_9266710_EX-10.1_Franchise Agreement1,Liquidated Damages,The payments called for in Section 16.4 [Liquidated Damages] above constitute liquidated damages for causing the premature termination of this Agreement and not a penalty.
PfHospitalityGroupInc_20150923_10-12G_EX-10.1_9266710_EX-10.1_Franchise Agreement1,Liquidated Damages,"If this Agreement is terminated due to your default, you must, upon written demand, pay us a lump-sum payment in an amount calculated as follows: (a) the average of your Royalty fees and Advertising Contributions due for the last 60 months before our delivery of notice of default (or, if lesser, the months you had been operating before our delivery of notice of default), (b) multiplied by the lesser of 60 or the number of months remaining in the term of this Agreement."
PfHospitalityGroupInc_20150923_10-12G_EX-10.1_9266710_EX-10.1_Franchise Agreement1,Liquidated Damages,"Nevertheless, the parties agree that the lump-sum payment provided under Section 16.4 [Liquidated Damages] above is reasonable in light of the damages for premature termination that may reasonably be expected to occur in such event."
PfHospitalityGroupInc_20150923_10-12G_EX-10.1_9266710_EX-10.1_Franchise Agreement1,Insurance,"Throughout the entire Term, you must maintain such types of insurance, in such amounts, as we may require."
PfHospitalityGroupInc_20150923_10-12G_EX-10.1_9266710_EX-10.1_Franchise Agreement1,Insurance,(f) obtain and maintain in force during the entire period of construction the insurance required under this Agreement or as otherwise specified in the Manuals;
PfHospitalityGroupInc_20150923_10-12G_EX-10.1_9266710_EX-10.1_Franchise Agreement1,Insurance,"In connection with any construction, renovation, refurbishment, or remodeling of the Premises, you must cause the general contractor to maintain commercial general liability insurance (with comprehensive automobile liability coverage for both owned and non-owned vehicles, builder's risk, product liability, and independent contractors coverage) with a reputable insurer."
PfHospitalityGroupInc_20150923_10-12G_EX-10.1_9266710_EX-10.1_Franchise Agreement1,Insurance,You must also cause the general contractor to maintain workers' compensation and employer's liability insurance as may be required by law.
PfHospitalityGroupInc_20150923_10-12G_EX-10.1_9266710_EX-10.1_Franchise Agreement1,Insurance,"If we do so and you choose not to use our recommended construction manager, you must hire a general contractor who is reasonably acceptable to us and who must have the following minimum insurance coverage: (a) commercial general liability in an amount of $2,000,000 combined single limit; (b) comprehensive automobile liability for owned, hired and non-owned motor vehicles in an amount of $1,000,000 combined single limit; (c) workers' compensation, occupational diseases and disability benefits in accordance with applicable statutory requirements; (d) employers' liability in an amount of $1,000,000; (e) employee fidelity bond of $2,000,000; and (f) umbrella form excess liability insurance in excess of the limits provided by the commercial general liability policy required above with limits of $3,000,000 per occurrence and annual aggregate."
PfHospitalityGroupInc_20150923_10-12G_EX-10.1_9266710_EX-10.1_Franchise Agreement1,Insurance,"At any time, we may adjust the amounts of coverage required under such insurance policies and require different or additional kinds of insurance, including excess liability insurance."
PfHospitalityGroupInc_20150923_10-12G_EX-10.1_9266710_EX-10.1_Franchise Agreement1,Insurance,"You must obtain and maintain appropriate insurance coverage for you and for our benefit, including any minimum coverages that we may establish."
PfHospitalityGroupInc_20150923_10-12G_EX-10.1_9266710_EX-10.1_Franchise Agreement1,Insurance,"By the dates specified below, an approved insurance company must issue a certificate of insurance showing compliance with the insurance requirements in this Section 6.19 [Insurance] and you must furnish us with a paid receipt showing the certificate number: (a) 30 days before beginning construction of the Premises; (b) if the Premises are constructed and presently owned or leased by you, 10 days from the Agreement Date; or (c) if the Premises are not presently owned or leased, 10 days after ownership of the Premises is conveyed to you or you sign a lease for the Premises. The certificate of insurance must include a statement by the insurer that the policy or policies may not be canceled, subject to nonrenewal, or materially altered without at least 30 days' prior written notice to us. Upon our request, you must supply us with copies of all insurance policies and proof of payment. Every year, you must send us current certificates of insurance and copies of all insurance policies."
PfHospitalityGroupInc_20150923_10-12G_EX-10.1_9266710_EX-10.1_Franchise Agreement1,Insurance,"At a minimum, such policies must include the following: (a) commercial general liability insurance, completed-operations and independent-contractors coverage in the amount of $1,000,000, per person/per occurrence for bodily injury and property damage combined with a general aggregate of $3,000,000."
PfHospitalityGroupInc_20150923_10-12G_EX-10.1_9266710_EX-10.1_Franchise Agreement1,Insurance,"Such insurance must be in the amount of at least $1,000,000 and must name us and you as an additional named insured party, as our respective interests may appear."
PfHospitalityGroupInc_20150923_10-12G_EX-10.1_9266710_EX-10.1_Franchise Agreement1,Insurance,"(b) workers'-compensation coverage in the amount of at least $100,000/$500,000/$100,000, unemployment insurance and employer's liability insurance, as well as such other insurance as may be required by statute or rule of the state in which the Franchised Business is located; (c) fire, lightning, vandalism, theft, malicious mischief, flood (if in a special flood-hazard area), sprinkler damage, and the perils described in ex-tended-coverage insurance with primary and excess limits of not less than the full-replacement value of the supplies, furniture, fixtures, equipment, machinery, inventory, and plate glass having a deductible of not more than $1,000 and naming us as a loss payee; (d) automobile liability insurance-including coverage of vehicles not owned by you, but used by employees in connection with the Franchised Business, with a combination of primary and excess limits of not less than $1,000,000; (e) commercial blanket bond in the amount of $100,000; and (f) such other insurance, in such amounts, as we reasonably require for our and your protection."
PfHospitalityGroupInc_20150923_10-12G_EX-10.1_9266710_EX-10.1_Franchise Agreement1,Insurance,"Policies that we require must be written by an insurance company reasonably satisfactory to us with an A.M. Best rating of ""A"" or better, and, must name us as an additional insured party."
PfHospitalityGroupInc_20150923_10-12G_EX-10.1_9266710_EX-10.1_Franchise Agreement1,Insurance,You agree that you will do all of the following things:
PfHospitalityGroupInc_20150923_10-12G_EX-10.1_9266710_EX-10.1_Franchise Agreement1,Covenant Not To Sue,"You and all Owners must execute a general release, in a form satisfactory to us, of all claims against us and our past, present and future affiliates, officers, directors, shareholders, agents and employees."
PfHospitalityGroupInc_20150923_10-12G_EX-10.1_9266710_EX-10.1_Franchise Agreement1,Covenant Not To Sue,"During the Term of this Agreement and after its expiration or termination, you agree not to directly or indirectly contest, or aid in contesting, the validity or ownership of the Proprietary Marks or take any action detrimental to our rights in the Proprietary Marks."
PfHospitalityGroupInc_20150923_10-12G_EX-10.1_9266710_EX-10.1_Franchise Agreement1,Covenant Not To Sue,To accept the validity of the Proprietary Marks as they exist now and in the future and agree that you will not contest the validity of any of the Proprietary Marks at any time;
CORIOINC_07_20_2000-EX-10.5-LICENSE AND HOSTING AGREEMENT,Document Name,License and Hosting Agreement
CORIOINC_07_20_2000-EX-10.5-LICENSE AND HOSTING AGREEMENT,Expiration Date,The term of this Agreement shall commence on the Effective Date and shall continue in full force and effect for an initial period of five (5) years.
CORIOINC_07_20_2000-EX-10.5-LICENSE AND HOSTING AGREEMENT,Renewal Term,"Thereafter, this Agreement shall automatically renew for subsequent one (1) year periods unless either party provides the other party with written notification at least thirty (30) days prior to the expiration of the initial five (5) year term or any one (1) year renewal thereof of its intention to terminate this Agreement."
CORIOINC_07_20_2000-EX-10.5-LICENSE AND HOSTING AGREEMENT,Notice Period To Terminate Renewal,"Thereafter, this Agreement shall automatically renew for subsequent one (1) year periods unless either party provides the other party with written notification at least thirty (30) days prior to the expiration of the initial five (5) year term or any one (1) year renewal thereof of its intention to terminate this Agreement."
CORIOINC_07_20_2000-EX-10.5-LICENSE AND HOSTING AGREEMENT,Governing Law,"This Agreement shall be governed by the laws of the State of California, USA, excluding conflict of laws provisions and excluding the 1980 United Nations Convention on Contracts for the International Sale of Goods."
CORIOINC_07_20_2000-EX-10.5-LICENSE AND HOSTING AGREEMENT,Change Of Control,"Notwithstanding the foregoing, either party shall have the right to assign this Agreement in connection with the merger or acquisition of such party or the sale of all or substantially all of its assets related to this Agreement without such consent, except in the case where such transaction involves a direct competitor of the other party where consent of the other party will be required."
CORIOINC_07_20_2000-EX-10.5-LICENSE AND HOSTING AGREEMENT,Anti-Assignment,"Neither party may assign this Agreement or any rights or obligations hereunder, whether by operation of law or otherwise, without the prior written consent of the other party."
CORIOINC_07_20_2000-EX-10.5-LICENSE AND HOSTING AGREEMENT,Anti-Assignment,Any assignment in violation of this Section 14.1 shall be null and void.
CORIOINC_07_20_2000-EX-10.5-LICENSE AND HOSTING AGREEMENT,Revenue/Profit Sharing,"In addition, the parties shall share certain revenues related to purchases made by Customers utilizing Commerce One's MarketSite.net Service, as set forth in EXHIBIT B hereto."
CORIOINC_07_20_2000-EX-10.5-LICENSE AND HOSTING AGREEMENT,Ip Ownership Assignment,"Subject to Commerce One's pre-existing ownership of any materials or technology provided to Corio, the results of all such development efforts set forth in this Section 13, including all intellectual property rights in any software interface coding or programs created solely by Corio during the term of this Agreement to enable the Software to operated within the Corio Servers' hosted environment (""DEVELOPMENTS""), shall be owned by Corio, unless such Developments are supported on an ongoing basis by Commerce One in which case Commerce One will retain all ownership rights, including intellectual property rights in the Developments."
CORIOINC_07_20_2000-EX-10.5-LICENSE AND HOSTING AGREEMENT,Ip Ownership Assignment,"To the extent that Commerce One would otherwise have a claim of ownership in such Developments, Commerce One hereby assigns all rights in and to such Developments to Corio."
CORIOINC_07_20_2000-EX-10.5-LICENSE AND HOSTING AGREEMENT,Joint Ip Ownership,"Ownership of intellectual property rights to any enhancements, modifications or derivative works to the Software itself which may be developed jointly by the parties or solely by Corio shall be negotiated by the parties prior to the start of any such development work."
CORIOINC_07_20_2000-EX-10.5-LICENSE AND HOSTING AGREEMENT,License Grant,"Upon the release of the Source Code to Corio pursuant to Section 12.2 of this Agreement, Corio shall have a royalty-free, nonexclusive, nontransferable, right and license in the Territory to use and modify the Source Code to support and maintain the Software until the expiration or termination of Corio's Customers' End User License Agreements."
CORIOINC_07_20_2000-EX-10.5-LICENSE AND HOSTING AGREEMENT,License Grant,"Subject to the terms and conditions of this Agreement, Commerce One hereby grants to Corio a nonexclusive, nontransferable (except in accordance with Section 14.1 of this Agreement) royalty-free, fully paid up right and license in the Territory, on Corio Servers, to make a reasonable number of copies of the Demonstration Software solely for demonstration purposes to potential Customer"
CORIOINC_07_20_2000-EX-10.5-LICENSE AND HOSTING AGREEMENT,License Grant,"During the term of this Agreement, each party authorizes the other party to display and use the other's trademarks, trade names and logos (collectively, the TRADEMARKS) in connection with that party's sale, advertisement, service and promotion of the Corio Services or the Software and MarketSite.net Service."
CORIOINC_07_20_2000-EX-10.5-LICENSE AND HOSTING AGREEMENT,License Grant,"Subject to the terms and conditions of this Agreement, Commerce One grants to Corio a nonexclusive, nontransferable (except in accordance with Section 14.1 of this Agreement), royalty-free, fully paid up, perpetual right and license in the Territory to reproduce, install and use additional copies of the Software and Software tools and utilities, subject to any restrictions placed on the Commerce One by third party software providers, in machine executable object code for (i) Corio's internal business operations and (ii) production, testing, development, upgrade, reporting and training."
CORIOINC_07_20_2000-EX-10.5-LICENSE AND HOSTING AGREEMENT,License Grant,"Subject to the terms and conditions of this Agreement, Commerce One hereby grants to Corio a fee-bearing, perpetual and irrevocable, nonexclusive, nontransferable (except in accordance with Section 14.1 of this Agreement), right and license in the Territory to (i) reproduce the Software in machine executable object code format only for installation on the Corio Servers; (ii) install multiple copies of the Software on Corio's Servers which will be made remotely accessible to Corio's Customers for their subsequent use, (iii) permit limited access to and use of the Software and MarketSite.net Service by Customers through Corio Servers; (iv) sublicense an unlimited number of Customers to access and use the Software and MarketSite.net Service only through the installation on Corio servers; and (v) use Commerce One's tools and utilities, subject to any restrictions placed on the Commerce One by third party software providers, to modify and manage the Software."
CORIOINC_07_20_2000-EX-10.5-LICENSE AND HOSTING AGREEMENT,License Grant,"Subject to the terms and conditions of this Agreement, Commerce One hereby grants to Corio a nonexclusive, nontransferable (except in accordance with Section 14.1 of this Agreement), right and license in the Territory to sell and distribute such software licenses to Customers pursuant to this Section 2.4."
CORIOINC_07_20_2000-EX-10.5-LICENSE AND HOSTING AGREEMENT,Non-Transferable License,"Upon the release of the Source Code to Corio pursuant to Section 12.2 of this Agreement, Corio shall have a royalty-free, nonexclusive, nontransferable, right and license in the Territory to use and modify the Source Code to support and maintain the Software until the expiration or termination of Corio's Customers' End User License Agreements."
CORIOINC_07_20_2000-EX-10.5-LICENSE AND HOSTING AGREEMENT,Non-Transferable License,"Subject to the terms and conditions of this Agreement, Commerce One hereby grants to Corio a nonexclusive, nontransferable (except in accordance with Section 14.1 of this Agreement) royalty-free, fully paid up right and license in the Territory, on Corio Servers, to make a reasonable number of copies of the Demonstration Software solely for demonstration purposes to potential Customers."
CORIOINC_07_20_2000-EX-10.5-LICENSE AND HOSTING AGREEMENT,Non-Transferable License,"Subject to the terms and conditions of this Agreement, Commerce One grants to Corio a nonexclusive, nontransferable (except in accordance with Section 14.1 of this Agreement), royalty-free, fully paid up, perpetual right and license in the Territory to reproduce, install and use additional copies of the Software and Software tools and utilities, subject to any restrictions placed on the Commerce One by third party software providers, in machine executable object code for (i) Corio's internal business operations and (ii) production, testing, development, upgrade, reporting and training."
CORIOINC_07_20_2000-EX-10.5-LICENSE AND HOSTING AGREEMENT,Non-Transferable License,"Subject to the terms and conditions of this Agreement, Commerce One hereby grants to Corio a fee-bearing, perpetual and irrevocable, nonexclusive, nontransferable (except in accordance with Section 14.1 of this Agreement), right and license in the Territory to (i) reproduce the Software in machine executable object code format only for installation on the Corio Servers; (ii) install multiple copies of the Software on Corio's Servers which will be made remotely accessible to Corio's Customers for their subsequent use, (iii) permit limited access to and use of the Software and MarketSite.net Service by Customers through Corio Servers; (iv) sublicense an unlimited number of Customers to access and use the Software and MarketSite.net Service only through the installation on Corio servers; and (v) use Commerce One's tools and utilities, subject to any restrictions placed on the Commerce One by third party software providers, to modify and manage the Software."
CORIOINC_07_20_2000-EX-10.5-LICENSE AND HOSTING AGREEMENT,Non-Transferable License,"Subject to the terms and conditions of this Agreement, Commerce One hereby grants to Corio a nonexclusive, nontransferable (except in accordance with Section 14.1 of this Agreement), right and license in the Territory to sell and distribute such software licenses to Customers pursuant to this Section 2.4."
CORIOINC_07_20_2000-EX-10.5-LICENSE AND HOSTING AGREEMENT,Unlimited/All-You-Can-Eat-License,"Subject to the terms and conditions of this Agreement, Commerce One hereby grants to Corio a fee-bearing, perpetual and irrevocable, nonexclusive, nontransferable (except in accordance with Section 14.1 of this Agreement), right and license in the Territory to"
CORIOINC_07_20_2000-EX-10.5-LICENSE AND HOSTING AGREEMENT,Unlimited/All-You-Can-Eat-License,(iv) sublicense an unlimited number of Customers to access and use the Software and MarketSite.net Service only through the installation on Corio servers;
CORIOINC_07_20_2000-EX-10.5-LICENSE AND HOSTING AGREEMENT,Irrevocable Or Perpetual License,"Subject to the terms and conditions of this Agreement, Commerce One hereby grants to Corio a fee-bearing, perpetual and irrevocable, nonexclusive, nontransferable (except in accordance with Section 14.1 of this Agreement), right and license in the Territory to (i) reproduce the Software in machine executable object code format only for installation on the Corio Servers; (ii) install multiple copies of the Software on Corio's Servers which will be made remotely accessible to Corio's Customers for their subsequent use, (iii) permit limited access to and use of the Software and MarketSite.net Service by Customers through Corio Servers; (iv) sublicense an unlimited number of Customers to access and use the Software and MarketSite.net Service only through the installation on Corio servers; and (v) use Commerce One's tools and utilities, subject to any restrictions placed on the Commerce One by third party software providers, to modify and manage the Software."
CORIOINC_07_20_2000-EX-10.5-LICENSE AND HOSTING AGREEMENT,Irrevocable Or Perpetual License,"Subject to the terms and conditions of this Agreement, Commerce One grants to Corio a nonexclusive, nontransferable (except in accordance with Section 14.1 of this Agreement), royalty-free, fully paid up, perpetual right and license in the Territory to reproduce, install and use additional copies of the Software and Software tools and utilities, subject to any restrictions placed on the Commerce One by third party software providers, in machine executable object code for (i) Corio's internal business operations and (ii) production, testing, development, upgrade, reporting and training."
CORIOINC_07_20_2000-EX-10.5-LICENSE AND HOSTING AGREEMENT,Source Code Escrow,"Within sixty (60) days of the Effective Date, Commerce One agrees to execute an escrow agreement by and among Corio, Commerce One and a mutually acceptable escrow agent (the ""ESCROW AGENT"")."
CORIOINC_07_20_2000-EX-10.5-LICENSE AND HOSTING AGREEMENT,Source Code Escrow,"Upon the release of the Source Code to Corio pursuant to Section 12.2 of this Agreement, Corio shall have a royalty-free, nonexclusive, nontransferable, right and license in the Territory to use and modify the Source Code to support and maintain the Software until the expiration or termination of Corio's Customers' End User License Agreements."
CORIOINC_07_20_2000-EX-10.5-LICENSE AND HOSTING AGREEMENT,Source Code Escrow,"escrow account in California a copy of the source code of the Software including all Updates and Upgrades thereto, documentation and similar materials (the SOURCE CODE)."
CORIOINC_07_20_2000-EX-10.5-LICENSE AND HOSTING AGREEMENT,Source Code Escrow,"Corio shall bear all fees, expenses and other charges to open and maintain such escrow account."
CORIOINC_07_20_2000-EX-10.5-LICENSE AND HOSTING AGREEMENT,Source Code Escrow,The Escrow Agent shall require Commerce One to place in an
CORIOINC_07_20_2000-EX-10.5-LICENSE AND HOSTING AGREEMENT,Source Code Escrow,"If a Release Condition (as defined in Section 12.2 of this Agreement) occurs and the Escrow Agent provides the Source Code to Corio under the escrow agreement, Corio agrees to hold the Source Code in confidence pursuant to the provisions contained in Section 10 of this Agreement, and not to use them for any purpose other than those purposes contemplated under Section 12.3 of this Agreement."
CORIOINC_07_20_2000-EX-10.5-LICENSE AND HOSTING AGREEMENT,Source Code Escrow,"Corio shall notify Commerce One in writing if it believes that one of the following events (the ""RELEASE CONDITIONS"") has occurred and that it intends to seek release of the Source Code from the escrow account: (i) Commerce One's dissolution or ceasing to do business in the normal course, or (ii) Commerce One's repeated and material breach of its support and maintenance obligations under Section 5 of this Agreement and such breach is not cured within sixty (60) days of receipt of written notice thereof from Corio. If Commerce One notifies Corio in writing that it disputes whether any such event has occurred, officers of each of the parties shall negotiate for a period of ten (10) business days to attempt to resolve the dispute. At the end of such ten (10) business day period, if the parties have not resolved the dispute, the matter shall be referred to arbitration in the manner provided in Section 14.3 of this Agreement."
CORIOINC_07_20_2000-EX-10.5-LICENSE AND HOSTING AGREEMENT,Post-Termination Services,"Subject to Corio's payment of the annual support and maintenance fee, Commerce One's support and maintenance obligation of the Software and MarketSite.net Service shall continue after termination or expiration of this Agreement with respect to all Software Users granted access to the Software and MarketSite.net Service prior to termination or expiration of this Agreement."
CORIOINC_07_20_2000-EX-10.5-LICENSE AND HOSTING AGREEMENT,Audit Rights,"In addition, if any such inspection reveals an underpayment of more than five percent (5%) for the period under audit, Corio shall reimburse Commerce One for the reasonable cost of the examination."
CORIOINC_07_20_2000-EX-10.5-LICENSE AND HOSTING AGREEMENT,Audit Rights,"Such books and records shall be kept for at least three (3) years following the end of the calendar month to which they pertain, and shall be open for inspection by an independent certified public accountant reasonably acceptable to Corio for the purpose of verifying the amounts payable to Commerce One under this Agreement. Such inspections may be made no more than once each calendar year, at reasonable times and upon reasonable notice."
CORIOINC_07_20_2000-EX-10.5-LICENSE AND HOSTING AGREEMENT,Uncapped Liability,"EXCEPT FOR LIABILITY ARISING UNDER SECTION 8 OF THIS AGREEMENT, IN NO EVENT SHALL EITHER PARTY'S LIABILITY ARISING OUT OF THIS AGREEMENT OR THE USE OR PERFORMANCE OF THE SOFTWARE EXCEED THE TOTAL AMOUNT ACTUALLY PAID BY CORIO HEREUNDER FOR THE TRANSACTION WHICH THE LIABILITY RELATES TO DURING THE TWELVE (12) MONTHS IMMEDIATELY PRIOR TO THE FILING OF THE CAUSE OF ACTION TO WHICH THE LIABILITY RELATES."
CORIOINC_07_20_2000-EX-10.5-LICENSE AND HOSTING AGREEMENT,Cap On Liability,The foregoing are Corio's sole and exclusive remedies for breach of product warranty.
CORIOINC_07_20_2000-EX-10.5-LICENSE AND HOSTING AGREEMENT,Cap On Liability,"EXCEPT FOR LIABILITY ARISING UNDER SECTION 8 OF THIS AGREEMENT, IN NO EVENT SHALL EITHER PARTY HAVE ANY LIABILITY TO THE OTHER PARTY FOR ANY LOST PROFITS OR COSTS OF PROCUREMENT OF SUBSTITUTE GOODS OR SERVICES, OR FOR ANY INDIRECT, SPECIAL OR CONSEQUENTIAL DAMAGES HOWEVER CAUSED AND UNDER ANY THEORY OF LIABILITY AND WHETHER OR NOT SUCH PARTY HAS BEEN ADVISED OF THE POSSIBILITY OF SUCH DAMAGE."
CORIOINC_07_20_2000-EX-10.5-LICENSE AND HOSTING AGREEMENT,Cap On Liability,"EXCEPT FOR LIABILITY ARISING UNDER SECTION 8 OF THIS AGREEMENT, IN NO EVENT SHALL EITHER PARTY'S LIABILITY ARISING OUT OF THIS AGREEMENT OR THE USE OR PERFORMANCE OF THE SOFTWARE EXCEED THE TOTAL AMOUNT ACTUALLY PAID BY CORIO HEREUNDER FOR THE TRANSACTION WHICH THE LIABILITY RELATES TO DURING THE TWELVE (12) MONTHS IMMEDIATELY PRIOR TO THE FILING OF THE CAUSE OF ACTION TO WHICH THE LIABILITY RELATES. EXCEPT FOR LIABILITY ARISING UNDER SECTION 8 OF THIS AGREEMENT, IN NO EVENT SHALL EITHER PARTY HAVE ANY LIABILITY TO THE OTHER PARTY FOR ANY LOST PROFITS OR COSTS OF PROCUREMENT OF SUBSTITUTE GOODS OR SERVICES, OR FOR ANY INDIRECT, SPECIAL OR CONSEQUENTIAL DAMAGES HOWEVER CAUSED AND UNDER ANY THEORY OF LIABILITY AND WHETHER OR NOT SUCH PARTY HAS BEEN ADVISED OF THE POSSIBILITY OF SUCH DAMAGE."
CORIOINC_07_20_2000-EX-10.5-LICENSE AND HOSTING AGREEMENT,Warranty Duration,Commerce One will replace any defective media returned to Commerce One during the Warranty Period.
CORIOINC_07_20_2000-EX-10.5-LICENSE AND HOSTING AGREEMENT,Warranty Duration,"In addition, Commerce One warrants that during the Warranty Period the Software and MarketSite.net Service is free of any willfully introduced computer virus, or any other similar harmful, malicious or hidden program or data, which is designed to disable, erase, or alter the Software, or any other files, data, or software."
CORIOINC_07_20_2000-EX-10.5-LICENSE AND HOSTING AGREEMENT,Warranty Duration,"If during the Warranty Period the Software and MarketSite.net Service does not perform in substantial compliance with the Documentation, Commerce One shall take all commercially reasonable efforts to correct the Software and MarketSite.net Service, or if correction of the Software and MarketSite.net Service is reasonably not possible, replace such Software and MarketSite.net Service free of charge."
