contract_id,text,text_norm,label,source,subset
"WHITESMOKE,INC_11_08_2011-EX-10.26-PROMOTION AND DISTRIBUTION AGREEMENT",Promotion and Distribution Agreement,promotion and distribution agreement,Document Name,CUAD_train_contracts,cuad_train
"WHITESMOKE,INC_11_08_2011-EX-10.26-PROMOTION AND DISTRIBUTION AGREEMENT","""Term"" means the earlier of: (a) the end of the two year period from the Effective Date to 31 July 2013; or (b) the last day of the calendar month within which the Maximum Distribution Commitment is reached.",term means the earlier of a the end of the two year period from the effective date to 31 july 2013 or b the last day of the calendar month within which the maximum distribution commitment is reached,Expiration Date,CUAD_train_contracts,cuad_train
"WHITESMOKE,INC_11_08_2011-EX-10.26-PROMOTION AND DISTRIBUTION AGREEMENT","This Agreement shall commence on the Effective Date and, unless earlier terminated as set out in this Agreement, shall continue for the Term.",this agreement shall commence on the effective date and unless earlier terminated as set out in this agreement shall continue for the term,Expiration Date,CUAD_train_contracts,cuad_train
"WHITESMOKE,INC_11_08_2011-EX-10.26-PROMOTION AND DISTRIBUTION AGREEMENT",This Agreement is governed by English law and the parties submit to the exclusive jurisdiction of the English courts in relation to any dispute (contractual or non-contractual) concerning this Agreement save that either party may apply to any court for an injunction or other relief to protect its Intellectual Property Rights.,this agreement is governed by english law and the parties submit to the exclusive jurisdiction of the english courts in relation to any dispute contractual or non contractual concerning this agreement save that either party may apply to any court for an injunction or other relief to protect its intellectual property rights,Governing Law,CUAD_train_contracts,cuad_train
"WHITESMOKE,INC_11_08_2011-EX-10.26-PROMOTION AND DISTRIBUTION AGREEMENT","[ * ] expected to experience, or [ * ] is experiencing, such Change of Control shall notify [ * ] in writing of this before or within [ * ] after the Change of Control.",expected to experience or is experiencing such change of control shall notify in writing of this before or within after the change of control,Change Of Control,CUAD_train_contracts,cuad_train
"WHITESMOKE,INC_11_08_2011-EX-10.26-PROMOTION AND DISTRIBUTION AGREEMENT","[ * ] may terminate this Agreement immediately upon written notice if there is a Change of Control of [ * ]. In this Clause the term ""Control"" shall mean the possession by any person(s) directly or indirectly of the power to direct or cause the direction of another person and ""Change of Control"" is to be construed accordingly.",may terminate this agreement immediately upon written notice if there is a change of control of in this clause the term control shall mean the possession by any person s directly or indirectly of the power to direct or cause the direction of another person and change of control is to be construed accordingly,Change Of Control,CUAD_train_contracts,cuad_train
"WHITESMOKE,INC_11_08_2011-EX-10.26-PROMOTION AND DISTRIBUTION AGREEMENT","For the avoidance of doubt, if following [ * ] there is a transfer of shareholding or interests in Distributor to any existing or new shareholder(s) which results in any person or persons subsequently gaining Control of Distributor, then Google may exercise its right to terminate in accordance with this clause 5.4.",for the avoidance of doubt if following there is a transfer of shareholding or interests in distributor to any existing or new shareholder s which results in any person or persons subsequently gaining control of distributor then google may exercise its right to terminate in accordance with this clause 5 4,Change Of Control,CUAD_train_contracts,cuad_train
"WHITESMOKE,INC_11_08_2011-EX-10.26-PROMOTION AND DISTRIBUTION AGREEMENT","For the avoidance of doubt, a Change of Control shall be deemed an assignment hereunder unless [ * ] does not exercise its [ * ].",for the avoidance of doubt a change of control shall be deemed an assignment hereunder unless does not exercise its,Change Of Control,CUAD_train_contracts,cuad_train
"WHITESMOKE,INC_11_08_2011-EX-10.26-PROMOTION AND DISTRIBUTION AGREEMENT",[ * ] may [ * ]any of its rights or obligations under this Agreement without the prior written consent of [ * ].,may any of its rights or obligations under this agreement without the prior written consent of,Anti-Assignment,CUAD_train_contracts,cuad_train
"WHITESMOKE,INC_11_08_2011-EX-10.26-PROMOTION AND DISTRIBUTION AGREEMENT","Subject to the terms and conditions of this Agreement, Google grants to Distributor a limited, [ * ] license during the Term to use the Google Trademarks, in accordance with Google's trademark usage guidelines, solely to market and promote the Products consistent with this Agreement, provided that all use of the Google Trademarks shall be subject to Google's prior review and advance written consent.",subject to the terms and conditions of this agreement google grants to distributor a limited license during the term to use the google trademarks in accordance with google s trademark usage guidelines solely to market and promote the products consistent with this agreement provided that all use of the google trademarks shall be subject to google s prior review and advance written consent,License Grant,CUAD_train_contracts,cuad_train
"WHITESMOKE,INC_11_08_2011-EX-10.26-PROMOTION AND DISTRIBUTION AGREEMENT","Subject to the terms and conditions of this Agreement, Google grants to Distributor a [* ] license during the Term to: (a) bundle the Distribution Products, in machine-readable binary code format only, solely with Distributor App(s); (b) distribute Bundles directly (or indirectly, subject to Clause 2.2 (Third Party Distribution)) to End Users in the Territory; (c) when indicated by the applicable Criteria Checker and requested by the End User in accordance with clause 3.2 (Form of Distribution Offering), install the Chrome Browser or the Google Toolbar (as applicable) on the End User's system using the Google Installers; and (d) reproduce (or have reproduced by Third Party Distributors as defined in Clause 2.2 (Third Party Distribution)), the Distribution Products to the extent necessary to exercise the rights granted in (a), (b) and (c).",subject to the terms and conditions of this agreement google grants to distributor a license during the term to a bundle the distribution products in machine readable binary code format only solely with distributor app s b distribute bundles directly or indirectly subject to clause 2 2 third party distribution to end users in the territory c when indicated by the applicable criteria checker and requested by the end user in accordance with clause 3 2 form of distribution offering install the chrome browser or the google toolbar as applicable on the end user s system using the google installers and d reproduce or have reproduced by third party distributors as defined in clause 2 2 third party distribution the distribution products to the extent necessary to exercise the rights granted in a b and c,License Grant,CUAD_train_contracts,cuad_train
"WHITESMOKE,INC_11_08_2011-EX-10.26-PROMOTION AND DISTRIBUTION AGREEMENT","During the Term, and for a period of [ * ] thereafter, Google may audit Distributor's relevant records to confirm Distributor's compliance with this Agreement.",during the term and for a period of thereafter google may audit distributor s relevant records to confirm distributor s compliance with this agreement,Audit Rights,CUAD_train_contracts,cuad_train
"WHITESMOKE,INC_11_08_2011-EX-10.26-PROMOTION AND DISTRIBUTION AGREEMENT","Subject to Clauses 9.1 and 9.2, each party's total liability under or in connection with this Agreement (whether in contract, tort or otherwise) arising in any Contract Year is limited to the greater of: (a) [ * ] Euros ([ * ] Euros); and (b) [ * ]% of the total payment due to the Distributor in the relevant Contract Year pursuant to Clause 4 (Payment Terms).",subject to clauses 9 1 and 9 2 each party s total liability under or in connection with this agreement whether in contract tort or otherwise arising in any contract year is limited to the greater of a euros euros and b of the total payment due to the distributor in the relevant contract year pursuant to clause 4 payment terms,Uncapped Liability,CUAD_train_contracts,cuad_train
"WHITESMOKE,INC_11_08_2011-EX-10.26-PROMOTION AND DISTRIBUTION AGREEMENT",(c) breach of any implied condition as to title or quiet enjoyment; and (d) misuse of confidential information.,c breach of any implied condition as to title or quiet enjoyment and d misuse of confidential information,Uncapped Liability,CUAD_train_contracts,cuad_train
"WHITESMOKE,INC_11_08_2011-EX-10.26-PROMOTION AND DISTRIBUTION AGREEMENT","Nothing in this Agreement shall exclude or limit either party's liability for: (a) death or personal injury resulting from the negligence of either party or their servants, agents or employees; (b) fraud or fraudulent misrepresentation;",nothing in this agreement shall exclude or limit either party s liability for a death or personal injury resulting from the negligence of either party or their servants agents or employees b fraud or fraudulent misrepresentation,Uncapped Liability,CUAD_train_contracts,cuad_train
"WHITESMOKE,INC_11_08_2011-EX-10.26-PROMOTION AND DISTRIBUTION AGREEMENT","Subject to Clauses 9.1 and 9.2, neither party shall be liable under this Agreement (whether in contract, tort or otherwise) for any: (a) loss of anticipated savings; (b) loss of business opportunity (which for the avoidance of doubt shall not include loss of advertising revenue); (c) loss of or corruption of data; (d) loss or damage resulting from third party claims; or (e) indirect or consequential losses; suffered or incurred by the other party (whether or not such losses were within the contemplation of the parties at the date of this Agreement).",subject to clauses 9 1 and 9 2 neither party shall be liable under this agreement whether in contract tort or otherwise for any a loss of anticipated savings b loss of business opportunity which for the avoidance of doubt shall not include loss of advertising revenue c loss of or corruption of data d loss or damage resulting from third party claims or e indirect or consequential losses suffered or incurred by the other party whether or not such losses were within the contemplation of the parties at the date of this agreement,Uncapped Liability,CUAD_train_contracts,cuad_train
"WHITESMOKE,INC_11_08_2011-EX-10.26-PROMOTION AND DISTRIBUTION AGREEMENT","Nothing in this Agreement shall exclude or limit either party's liability under Clause 10 (Indemnities), or Distributor's liability under Clause 2 (License Grants and Restrictions), Clause 3.5 (Exclusivity), Clause 3.6 (End User License Agreement) and Clause 3.7 (Accurate Reproduction) or Clause [ * ].",nothing in this agreement shall exclude or limit either party s liability under clause 10 indemnities or distributor s liability under clause 2 license grants and restrictions clause 3 5 exclusivity clause 3 6 end user license agreement and clause 3 7 accurate reproduction or clause,Uncapped Liability,CUAD_train_contracts,cuad_train
"WHITESMOKE,INC_11_08_2011-EX-10.26-PROMOTION AND DISTRIBUTION AGREEMENT","Notwithstanding anything to the contrary, in no event shall the [ * ] paid or payable to Distributor by Google pursuant to Clause 4.1 (Payments) exceed the [ * ].",notwithstanding anything to the contrary in no event shall the paid or payable to distributor by google pursuant to clause 4 1 payments exceed the,Cap On Liability,CUAD_train_contracts,cuad_train
"WHITESMOKE,INC_11_08_2011-EX-10.26-PROMOTION AND DISTRIBUTION AGREEMENT",The foregoing Clauses 10.1 to 10.5 states the parties' entire liability and exclusive remedy with respect to infringement of a third party's Intellectual Property Rights.,the foregoing clauses 10 1 to 10 5 states the parties entire liability and exclusive remedy with respect to infringement of a third party s intellectual property rights,Cap On Liability,CUAD_train_contracts,cuad_train
"WHITESMOKE,INC_11_08_2011-EX-10.26-PROMOTION AND DISTRIBUTION AGREEMENT",Google warrants that the Distribution Products will for a period of [ * ] from the date of their supply to Distributor be free from any defect which has a materially adverse effect on their use or operation.,google warrants that the distribution products will for a period of from the date of their supply to distributor be free from any defect which has a materially adverse effect on their use or operation,Warranty Duration,CUAD_train_contracts,cuad_train
LohaCompanyltd_20191209_F-1_EX-10.16_11917878_EX-10.16_Supply Agreement,"The buyer/End-User: Shenzhen LOHAS Supply Chain Management Co., Ltd.",the buyer end user shenzhen lohas supply chain management co ltd,Parties,CUAD_train_contracts,cuad_train
LohaCompanyltd_20191209_F-1_EX-10.16_11917878_EX-10.16_Supply Agreement,"The Contract is valid for 5 years, beginning from and ended on .",the contract is valid for 5 years beginning from and ended on,Expiration Date,CUAD_train_contracts,cuad_train
LohaCompanyltd_20191209_F-1_EX-10.16_11917878_EX-10.16_Supply Agreement,"It will be governed by the law of the People's Republic of China ,otherwise it is governed by United Nations Convention on Contract for the International Sale of Goods.",it will be governed by the law of the people s republic of china otherwise it is governed by united nations convention on contract for the international sale of goods,Governing Law,CUAD_train_contracts,cuad_train
LohaCompanyltd_20191209_F-1_EX-10.16_11917878_EX-10.16_Supply Agreement,"Within 7 days after the arrival of the goods at destination, should the quality, specification, or quantity be found not in conformity with the stipulations of the Contract except those claims for which the insurance company or the owners of the vessel are liable, the Buyers, on the strength of the Inspection Certificate issued by the China Commodity Inspection Bureau, have the right to claim for replacement with new goods, or for compensation, and all the expenses (such as inspection charges, freight for returning the goods and for sending the replacement, insurance premium, storage and loading and unloading charges etc.) shall be borne by the Sellers.",within 7 days after the arrival of the goods at destination should the quality specification or quantity be found not in conformity with the stipulations of the contract except those claims for which the insurance company or the owners of the vessel are liable the buyers on the strength of the inspection certificate issued by the china commodity inspection bureau have the right to claim for replacement with new goods or for compensation and all the expenses such as inspection charges freight for returning the goods and for sending the replacement insurance premium storage and loading and unloading charges etc shall be borne by the sellers,Warranty Duration,CUAD_train_contracts,cuad_train
LohaCompanyltd_20191209_F-1_EX-10.16_11917878_EX-10.16_Supply Agreement,To be covered by the Seller for 110% invoice value against All Risks and War Risk.,to be covered by the seller for 110 invoice value against all risks and war risk,Insurance,CUAD_train_contracts,cuad_train
NELNETINC_04_08_2020-EX-1-JOINT FILING AGREEMENT,JOINT FILING AGREEMENT,joint filing agreement,Document Name,CUAD_train_contracts,cuad_train
NELNETINC_04_08_2020-EX-1-JOINT FILING AGREEMENT,Shelby J. Butterfield,shelby j butterfield,Parties,CUAD_train_contracts,cuad_train
ADAMSGOLFINC_03_21_2005-EX-10.17-ENDORSEMENT AGREEMENT,ENDORSEMENT AGREEMENT,endorsement agreement,Document Name,CUAD_train_contracts,cuad_train
ADAMSGOLFINC_03_21_2005-EX-10.17-ENDORSEMENT AGREEMENT,The Term of this Agreement shall be for a period of [* ****] years and [*****] months commencing the 1st day of September 2004 and terminating the [*****] day of [*****].,the term of this agreement shall be for a period of years and months commencing the 1st day of september 2004 and terminating the day of,Effective Date,CUAD_train_contracts,cuad_train
ADAMSGOLFINC_03_21_2005-EX-10.17-ENDORSEMENT AGREEMENT,This Agreement shall be governed and construed according to the laws of the State of Kansas.,this agreement shall be governed and construed according to the laws of the state of kansas,Governing Law,CUAD_train_contracts,cuad_train
ADAMSGOLFINC_03_21_2005-EX-10.17-ENDORSEMENT AGREEMENT,"When endorsing a non-competitive product, under no circumstances shall CONSULTANT wear, play, use, hold or in any way be associated with an ADAMS GOLF competitor's Product.",when endorsing a non competitive product under no circumstances shall consultant wear play use hold or in any way be associated with an adams golf competitor s product,Non-Compete,CUAD_train_contracts,cuad_train
ADAMSGOLFINC_03_21_2005-EX-10.17-ENDORSEMENT AGREEMENT,"During the term of this Agreement, CONSULTANT shall exclusively play/use the MANDATORY PRODUCT.",during the term of this agreement consultant shall exclusively play use the mandatory product,Exclusivity,CUAD_train_contracts,cuad_train
ADAMSGOLFINC_03_21_2005-EX-10.17-ENDORSEMENT AGREEMENT,"CONSULTANT hereby gives and grants to ADAMS GOLF the exclusive right and license to use CONSULTANT'S ENDORSEMENT in connection with the manufacture, sale, distribution, advertising and promotion of PRODUCT in the CONTRACT TERRITORY.",consultant hereby gives and grants to adams golf the exclusive right and license to use consultant s endorsement in connection with the manufacture sale distribution advertising and promotion of product in the contract territory,Exclusivity,CUAD_train_contracts,cuad_train
ADAMSGOLFINC_03_21_2005-EX-10.17-ENDORSEMENT AGREEMENT,"During the term of this Agreement, unless otherwise authorized at the sole discretion of ADAMS GOLF in writing, CONSULTANT shall not: A.give the right to use or permit the use of CONSULTANT'S name, facsimile signature, nickname, voice or likeness to any other manufacturer or seller of PRODUCT; B.sponsor or endorse PRODUCT made or sold by any other manufacturer or seller; or C.serve as a CONSULTANT or advisor of any other manufacturer or seller of PRODUCT.",during the term of this agreement unless otherwise authorized at the sole discretion of adams golf in writing consultant shall not a give the right to use or permit the use of consultant s name facsimile signature nickname voice or likeness to any other manufacturer or seller of product b sponsor or endorse product made or sold by any other manufacturer or seller or c serve as a consultant or advisor of any other manufacturer or seller of product,Exclusivity,CUAD_train_contracts,cuad_train
ADAMSGOLFINC_03_21_2005-EX-10.17-ENDORSEMENT AGREEMENT,"Notwithstanding paragraphs 4A, 4B and 4C above, CONSULTANT shall be entitled to endorse and play the [*****].",notwithstanding paragraphs 4a 4b and 4c above consultant shall be entitled to endorse and play the,Competitive Restriction Exception,CUAD_train_contracts,cuad_train
ADAMSGOLFINC_03_21_2005-EX-10.17-ENDORSEMENT AGREEMENT,"Notwithstanding paragraphs 4A, 4B and 4C above, CONSULTANT shall not be required to wear ADAMS GOLF [*****] in [*****] ads.",notwithstanding paragraphs 4a 4b and 4c above consultant shall not be required to wear adams golf in ads,Competitive Restriction Exception,CUAD_train_contracts,cuad_train
ADAMSGOLFINC_03_21_2005-EX-10.17-ENDORSEMENT AGREEMENT,The parties expressly agree that CONSULTANT may permit [*****] the use of CONSULTANT'S name and/or likeness in [*****] print and/or television advertisement provided that this is executed in a manner consistent with [*****] past [*****] advertising practice using similarly situated professional golfers with competing golf club endorsement agreements that include [*****].,the parties expressly agree that consultant may permit the use of consultant s name and or likeness in print and or television advertisement provided that this is executed in a manner consistent with past advertising practice using similarly situated professional golfers with competing golf club endorsement agreements that include,Competitive Restriction Exception,CUAD_train_contracts,cuad_train
ADAMSGOLFINC_03_21_2005-EX-10.17-ENDORSEMENT AGREEMENT,"(It is expressly understood by the parties that CONSULTANT may play [* ****] clubs in the bag other than ADAMS GOLF clubs including, but not limited to, a putter by a manufacturer other than ADAMS GOLF but may not endorse those clubs and/or putter.)",it is expressly understood by the parties that consultant may play clubs in the bag other than adams golf clubs including but not limited to a putter by a manufacturer other than adams golf but may not endorse those clubs and or putter,Competitive Restriction Exception,CUAD_train_contracts,cuad_train
ADAMSGOLFINC_03_21_2005-EX-10.17-ENDORSEMENT AGREEMENT,"Neither ADAMS GOLF nor CONSULTANT shall have the right to grant sublicenses hereunder or to assign, alienate or otherwise transfer any of its rights or obligations hereunder.",neither adams golf nor consultant shall have the right to grant sublicenses hereunder or to assign alienate or otherwise transfer any of its rights or obligations hereunder,Anti-Assignment,CUAD_train_contracts,cuad_train
ADAMSGOLFINC_03_21_2005-EX-10.17-ENDORSEMENT AGREEMENT,"In each and every calendar year of this Agreement, CONSULTANT shall achieve a satisfactory record of play in a minimum of [* ****] professional golf association events on the SPGA and/or PGA tour (which shall include both the PGA and SPGA Tour Skins Games).",in each and every calendar year of this agreement consultant shall achieve a satisfactory record of play in a minimum of professional golf association events on the spga and or pga tour which shall include both the pga and spga tour skins games,Minimum Commitment,CUAD_train_contracts,cuad_train
ADAMSGOLFINC_03_21_2005-EX-10.17-ENDORSEMENT AGREEMENT,"If for any reason, CONSULTANT should achieve a satisfactory record of play in less than [*****] SPGA and/or PGA tour events in a calendar year, he shall repay ADAMS GOLF an amount per event for each event under [*****] achieved in the given calendar year as follows: The agreed upon repayment amount per event per calendar year: 1. Year 1. $[*****] 2. Year 2 $[*****] 3. Year 3 $[*****] 4. Year 4 $[*****] 5. Year 5 $[*****]",if for any reason consultant should achieve a satisfactory record of play in less than spga and or pga tour events in a calendar year he shall repay adams golf an amount per event for each event under achieved in the given calendar year as follows the agreed upon repayment amount per event per calendar year 1 year 1 2 year 2 3 year 3 4 year 4 5 year 5,Minimum Commitment,CUAD_train_contracts,cuad_train
ADAMSGOLFINC_03_21_2005-EX-10.17-ENDORSEMENT AGREEMENT,"""MANDATORY PRODUCTS"" shall mean the following ADAMS GOLF PRODUCTS that CONSULTANT must exclusively play/use in all Champions/Senior Professional Golf Association (SPGA) and Professional Golf Association (PGA) events at all times: [***** ] Confidential Material redacted and filed separately with the Commission. 2 1.[*****] 2.Sufficient [*****] to maintain total minimum of [*****] ADAMS GOLF [*****] (includes [*****])[*****] at all times",mandatory products shall mean the following adams golf products that consultant must exclusively play use in all champions senior professional golf association spga and professional golf association pga events at all times confidential material redacted and filed separately with the commission 2 1 2 sufficient to maintain total minimum of adams golf includes at all times,Minimum Commitment,CUAD_train_contracts,cuad_train
ADAMSGOLFINC_03_21_2005-EX-10.17-ENDORSEMENT AGREEMENT,"During the term of this Agreement, CONSULTANT shall make himself available on not more than [*****] days for television and radio commercials, photo shoots, modeling and promotional appearances compatible with CONSULTANT'S own practice, play and personal time requirements.",during the term of this agreement consultant shall make himself available on not more than days for television and radio commercials photo shoots modeling and promotional appearances compatible with consultant s own practice play and personal time requirements,Volume Restriction,CUAD_train_contracts,cuad_train
"KIROMICBIOPHARMA,INC_05_11_2020-EX-10.23-CONSULTING AGREEMENT",CONSULTING AGREEMENT,consulting agreement,Document Name,CUAD_train_contracts,cuad_train
"KIROMICBIOPHARMA,INC_05_11_2020-EX-10.23-CONSULTING AGREEMENT","This letter agreement will be effective as of July 1, 2018.",this letter agreement will be effective as of july 1 2018,Effective Date,CUAD_train_contracts,cuad_train
"KIROMICBIOPHARMA,INC_05_11_2020-EX-10.23-CONSULTING AGREEMENT",This Agreement will commence on the Effective Date and will continue until termination as provided below.,this agreement will commence on the effective date and will continue until termination as provided below,Expiration Date,CUAD_train_contracts,cuad_train
"KIROMICBIOPHARMA,INC_05_11_2020-EX-10.23-CONSULTING AGREEMENT","This Agreement shall be governed by the laws of the State of Texas, without reference to its conflicts of law principles.",this agreement shall be governed by the laws of the state of texas without reference to its conflicts of law principles,Governing Law,CUAD_train_contracts,cuad_train
"KIROMICBIOPHARMA,INC_05_11_2020-EX-10.23-CONSULTING AGREEMENT","Without limiting the foregoing, Consultant agrees to use his or her best efforts (A) to segregate Consultant's",without limiting the foregoing consultant agrees to use his or her best efforts a to segregate consultant s,Non-Compete,CUAD_train_contracts,cuad_train
"KIROMICBIOPHARMA,INC_05_11_2020-EX-10.23-CONSULTING AGREEMENT","Consultant hereby certifies that Consultant has no outstanding agreement or obligation that is in conflict with any of the provisions of this Agreement, or that would preclude Consultant from complying with the provisions hereof, and further certifies that Consultant will not enter into any such conflicting agreement during the term of this Agreement.",consultant hereby certifies that consultant has no outstanding agreement or obligation that is in conflict with any of the provisions of this agreement or that would preclude consultant from complying with the provisions hereof and further certifies that consultant will not enter into any such conflicting agreement during the term of this agreement,Non-Compete,CUAD_train_contracts,cuad_train
"KIROMICBIOPHARMA,INC_05_11_2020-EX-10.23-CONSULTING AGREEMENT","Subject to written waivers that may be provided by the Company upon request, which shall not be unreasonably withheld, Consultant agrees that, during the term of this Agreement, Consultant will not directly or indirectly (i) participate in the formation of any business or commercial entity in the Field of Interest or otherwise competitive with the Company.",subject to written waivers that may be provided by the company upon request which shall not be unreasonably withheld consultant agrees that during the term of this agreement consultant will not directly or indirectly i participate in the formation of any business or commercial entity in the field of interest or otherwise competitive with the company,Non-Compete,CUAD_train_contracts,cuad_train
"KIROMICBIOPHARMA,INC_05_11_2020-EX-10.23-CONSULTING AGREEMENT","Services performed under this Agreement from Consultant's work done for any other companies for whom Consultant is providing services so as to minimize any questions of disclosure of, or rights under, any inventions, (B) to notify the Company if at any time the Consultant believes that such questions may result from his or her performance under this Agreement and (C) to assist the Company in fairly resolving any questions in this regard which may arise.",services performed under this agreement from consultant s work done for any other companies for whom consultant is providing services so as to minimize any questions of disclosure of or rights under any inventions b to notify the company if at any time the consultant believes that such questions may result from his or her performance under this agreement and c to assist the company in fairly resolving any questions in this regard which may arise,Non-Compete,CUAD_train_contracts,cuad_train
"KIROMICBIOPHARMA,INC_05_11_2020-EX-10.23-CONSULTING AGREEMENT",Either Consultant or Company may terminate this Agreement upon prior written notice thereof to the other party.,either consultant or company may terminate this agreement upon prior written notice thereof to the other party,Termination For Convenience,CUAD_train_contracts,cuad_train
"KIROMICBIOPHARMA,INC_05_11_2020-EX-10.23-CONSULTING AGREEMENT",Neither this Agreement nor any right hereunder or interest herein may be assigned or transferred by Consultant without the express written consent of Company.,neither this agreement nor any right hereunder or interest herein may be assigned or transferred by consultant without the express written consent of company,Anti-Assignment,CUAD_train_contracts,cuad_train
"KIROMICBIOPHARMA,INC_05_11_2020-EX-10.23-CONSULTING AGREEMENT",Consultant shall not subcontract any portion of Consultant's duties under this Agreement without the prior written consent of Company.,consultant shall not subcontract any portion of consultant s duties under this agreement without the prior written consent of company,Anti-Assignment,CUAD_train_contracts,cuad_train
"KIROMICBIOPHARMA,INC_05_11_2020-EX-10.23-CONSULTING AGREEMENT","The Company will compensate Consultant at the rate of $400 per hour (19 hours cap monthly; anything over these hrs must be preapproved by management), payable in accordance with the Company's standard payroll schedule, and subject to withholding as legally required.",the company will compensate consultant at the rate of 400 per hour 19 hours cap monthly anything over these hrs must be preapproved by management payable in accordance with the company s standard payroll schedule and subject to withholding as legally required,Volume Restriction,CUAD_train_contracts,cuad_train
"KIROMICBIOPHARMA,INC_05_11_2020-EX-10.23-CONSULTING AGREEMENT","Consultant hereby irrevocably assigns to Company all right, title and interest in and to any information (including, without limitation, business plans and/or business information), technology, know-how, materials, notes, records, designs, ideas, inventions, improvements, devices, developments, discoveries, compositions, trade secrets, processes, methods and/or techniques, whether or not patentable or copyrightable, that are conceived, reduced to practice or made by Consultant alone or jointly with others in the course of performing the Services or through the use of Confidential Information (collectively, 111nventions"").",consultant hereby irrevocably assigns to company all right title and interest in and to any information including without limitation business plans and or business information technology know how materials notes records designs ideas inventions improvements devices developments discoveries compositions trade secrets processes methods and or techniques whether or not patentable or copyrightable that are conceived reduced to practice or made by consultant alone or jointly with others in the course of performing the services or through the use of confidential information collectively 111nventions,Ip Ownership Assignment,CUAD_train_contracts,cuad_train
"KIROMICBIOPHARMA,INC_05_11_2020-EX-10.23-CONSULTING AGREEMENT",to execute and file any such applications and to do all other lawfully permitted acts to further the prosecution and issuance of such intellectual property rights thereon with the same legal force and effect as if executed by Consultant.,to execute and file any such applications and to do all other lawfully permitted acts to further the prosecution and issuance of such intellectual property rights thereon with the same legal force and effect as if executed by consultant,Ip Ownership Assignment,CUAD_train_contracts,cuad_train
"KIROMICBIOPHARMA,INC_05_11_2020-EX-10.23-CONSULTING AGREEMENT","Consultant agrees to sign, execute and acknowledge or cause to be signed, executed and acknowledged without cost, but at the expense of Company, any and all documents and to perform such acts as my be necessary, useful or convenient for the purposes of perfecting the foregoing assignments and obtaining, enforcing and defending intellectual property rights in any and all countries with respect to Inventions.",consultant agrees to sign execute and acknowledge or cause to be signed executed and acknowledged without cost but at the expense of company any and all documents and to perform such acts as my be necessary useful or convenient for the purposes of perfecting the foregoing assignments and obtaining enforcing and defending intellectual property rights in any and all countries with respect to inventions,Ip Ownership Assignment,CUAD_train_contracts,cuad_train
"KIROMICBIOPHARMA,INC_05_11_2020-EX-10.23-CONSULTING AGREEMENT","Consultant agrees that if Company is unable because of Consultant's unavailability, mental or physical incapacity, or for any other reason, to secure Consultant's signature to apply for or to pursue any application or registration for any intellectual property rights covering any Invention, then Consultant hereby irrevocably designates and appoints Company and its duly authorized officers and agents as Consultant's agent and attorney-in-fact, to act for and in Consultant's behalf",consultant agrees that if company is unable because of consultant s unavailability mental or physical incapacity or for any other reason to secure consultant s signature to apply for or to pursue any application or registration for any intellectual property rights covering any invention then consultant hereby irrevocably designates and appoints company and its duly authorized officers and agents as consultant s agent and attorney in fact to act for and in consultant s behalf,Ip Ownership Assignment,CUAD_train_contracts,cuad_train
"KIROMICBIOPHARMA,INC_05_11_2020-EX-10.23-CONSULTING AGREEMENT","Consultant agrees that if, in the course of performing the Services, Consultant incorporates into any Invention developed hereunder any invention, improvement, development concept, discovery or other proprietary subject matter owned by Consultant or in which Consultant has an interest (""Item""), Consultant will inform Company in writing thereof, and Company is hereby granted and shall have a non-exclusive, royalty-free, perpetual, irrevocable, worldwide license to make, have made, modify, reproduce, display, use and sell such Item as part of or in connection with the exploitation of such Invention.",consultant agrees that if in the course of performing the services consultant incorporates into any invention developed hereunder any invention improvement development concept discovery or other proprietary subject matter owned by consultant or in which consultant has an interest item consultant will inform company in writing thereof and company is hereby granted and shall have a non exclusive royalty free perpetual irrevocable worldwide license to make have made modify reproduce display use and sell such item as part of or in connection with the exploitation of such invention,License Grant,CUAD_train_contracts,cuad_train
"KIROMICBIOPHARMA,INC_05_11_2020-EX-10.23-CONSULTING AGREEMENT","Upon the termination of this Agreement, or upon Company's earlier requests, Consultant will deliver to Company all property relating to, and all tangible embodiments of, Inventions in Consultant's possession or control.",upon the termination of this agreement or upon company s earlier requests consultant will deliver to company all property relating to and all tangible embodiments of inventions in consultant s possession or control,Post-Termination Services,CUAD_train_contracts,cuad_train
"VEONEER,INC_02_21_2020-EX-10.11-JOINT VENTURE AGREEMENT",AMENDMENT AND TERMINATION OF JOINT VENTURE AGREEMENT,amendment and termination of joint venture agreement,Document Name,CUAD_train_contracts,cuad_train
"VEONEER,INC_02_21_2020-EX-10.11-JOINT VENTURE AGREEMENT","Nissin Kogyo Co., Ltd.",nissin kogyo co ltd,Parties,CUAD_train_contracts,cuad_train
"VEONEER,INC_02_21_2020-EX-10.11-JOINT VENTURE AGREEMENT","""NBZ"" and together with Nissin and Nissin Holding, the ""Nissin Parties""",nbz and together with nissin and nissin holding the nissin parties,Parties,CUAD_train_contracts,cuad_train
"VEONEER,INC_02_21_2020-EX-10.11-JOINT VENTURE AGREEMENT",Nissin Kogyo Holdings,nissin kogyo holdings,Parties,CUAD_train_contracts,cuad_train
"VEONEER,INC_02_21_2020-EX-10.11-JOINT VENTURE AGREEMENT","""Veoneer US"" and together with Veoneer AB, the ""Veoneer Parties""",veoneer us and together with veoneer ab the veoneer parties,Parties,CUAD_train_contracts,cuad_train
"VEONEER,INC_02_21_2020-EX-10.11-JOINT VENTURE AGREEMENT","Zhongshan Nissin Industry Co., Ltd.",zhongshan nissin industry co ltd,Parties,CUAD_train_contracts,cuad_train
"VEONEER,INC_02_21_2020-EX-10.11-JOINT VENTURE AGREEMENT","This Amendment shall only become effective upon the VNBJ Closing with respect to Article 1.1 and the VNBZ Closing with respect to Article 1.2, and shall terminate without any force or effect in the event that the VNBJ SPA and the VNBZ SPA are terminated in accordance with the terms thereof.",this amendment shall only become effective upon the vnbj closing with respect to article 1 1 and the vnbz closing with respect to article 1 2 and shall terminate without any force or effect in the event that the vnbj spa and the vnbz spa are terminated in accordance with the terms thereof,Effective Date,CUAD_train_contracts,cuad_train
"VEONEER,INC_02_21_2020-EX-10.11-JOINT VENTURE AGREEMENT",This Amendment shall be governed by and construed in accordance with the laws of Japan.,this amendment shall be governed by and construed in accordance with the laws of japan,Governing Law,CUAD_train_contracts,cuad_train
DovaPharmaceuticalsInc_20181108_10-Q_EX-10.2_11414857_EX-10.2_Promotion Agreement,CO-PROMOTION AGREEMENT,co promotion agreement,Document Name,CUAD_train_contracts,cuad_train
DovaPharmaceuticalsInc_20181108_10-Q_EX-10.2_11414857_EX-10.2_Promotion Agreement,"Dova Pharmaceuticals, Inc.",dova pharmaceuticals inc,Parties,CUAD_train_contracts,cuad_train
DovaPharmaceuticalsInc_20181108_10-Q_EX-10.2_11414857_EX-10.2_Promotion Agreement,"Dova and Valeant are each referred to individually as a ""Party"" and together as the ""Parties"".",dova and valeant are each referred to individually as a party and together as the parties,Parties,CUAD_train_contracts,cuad_train
DovaPharmaceuticalsInc_20181108_10-Q_EX-10.2_11414857_EX-10.2_Promotion Agreement,Valeant Pharmaceuticals North America LLC,valeant pharmaceuticals north america llc,Parties,CUAD_train_contracts,cuad_train
DovaPharmaceuticalsInc_20181108_10-Q_EX-10.2_11414857_EX-10.2_Promotion Agreement,"""Effective Date"" shall have the meaning set forth in the preamble to this Agreement.",effective date shall have the meaning set forth in the preamble to this agreement,Effective Date,CUAD_train_contracts,cuad_train
DovaPharmaceuticalsInc_20181108_10-Q_EX-10.2_11414857_EX-10.2_Promotion Agreement,"This Agreement shall become effective as of the Effective Date and, unless earlier terminated as provided in this ARTICLE 12, shall extend until the four (4) year anniversary of the Effective Date (the ""Term"").",this agreement shall become effective as of the effective date and unless earlier terminated as provided in this article 12 shall extend until the four 4 year anniversary of the effective date the term,Expiration Date,CUAD_train_contracts,cuad_train
DovaPharmaceuticalsInc_20181108_10-Q_EX-10.2_11414857_EX-10.2_Promotion Agreement,"This Agreement and any and all matters arising directly or indirectly herefrom shall be governed by and construed and enforced in accordance with the internal laws of the [***] applicable to agreements made and to be performed entirely in such state, including its statutes of limitation but without giving effect to the conflict of law principles thereof.",this agreement and any and all matters arising directly or indirectly herefrom shall be governed by and construed and enforced in accordance with the internal laws of the applicable to agreements made and to be performed entirely in such state including its statutes of limitation but without giving effect to the conflict of law principles thereof,Governing Law,CUAD_train_contracts,cuad_train
DovaPharmaceuticalsInc_20181108_10-Q_EX-10.2_11414857_EX-10.2_Promotion Agreement,"[***], neither Valeant nor its Affiliates shall, directly or indirectly, [***] in the Territory other than the Product; provided that if the Agreement is terminated by Dova pursuant to [***], then any Tail Period shall be immediately terminated if either Valeant or any of its Affiliates, directly or indirectly, [***] in the Territory other than the Product during such Tail Period.",neither valeant nor its affiliates shall directly or indirectly in the territory other than the product provided that if the agreement is terminated by dova pursuant to then any tail period shall be immediately terminated if either valeant or any of its affiliates directly or indirectly in the territory other than the product during such tail period,Non-Compete,CUAD_train_contracts,cuad_train
DovaPharmaceuticalsInc_20181108_10-Q_EX-10.2_11414857_EX-10.2_Promotion Agreement,"During the Term, subject to the terms and conditions of this Agreement, Dova hereby grants to Valeant the right, on a co-exclusive basis (solely with Dova and its Affiliates), to Detail and promote the Product in the Specialty in the Territory in the Field, and to conduct the Valeant Activities and the activities of the institutional account management team (pursuant to and subject to the terms of Section 4.1.5) for the Product in the Territory in the Field in accordance with the terms and conditions of this Agreement.",during the term subject to the terms and conditions of this agreement dova hereby grants to valeant the right on a co exclusive basis solely with dova and its affiliates to detail and promote the product in the specialty in the territory in the field and to conduct the valeant activities and the activities of the institutional account management team pursuant to and subject to the terms of section 4 1 5 for the product in the territory in the field in accordance with the terms and conditions of this agreement,Exclusivity,CUAD_train_contracts,cuad_train
DovaPharmaceuticalsInc_20181108_10-Q_EX-10.2_11414857_EX-10.2_Promotion Agreement,"Notwithstanding anything to the contrary, in no event shall the restrictions set forth in this Section 2.3.2 apply to [***].",notwithstanding anything to the contrary in no event shall the restrictions set forth in this section 2 3 2 apply to,Competitive Restriction Exception,CUAD_train_contracts,cuad_train
DovaPharmaceuticalsInc_20181108_10-Q_EX-10.2_11414857_EX-10.2_Promotion Agreement,"Notwithstanding the foregoing, this Section 2.3.1(a) shall not apply to any products marketed, promoted, detailed, offered for sale, or sold by any business (or any portion thereof), other Person, or group of Persons, [***].",notwithstanding the foregoing this section 2 3 1 a shall not apply to any products marketed promoted detailed offered for sale or sold by any business or any portion thereof other person or group of persons,Competitive Restriction Exception,CUAD_train_contracts,cuad_train
DovaPharmaceuticalsInc_20181108_10-Q_EX-10.2_11414857_EX-10.2_Promotion Agreement,"[***], neither Valeant nor Dova (nor any of their respective Affiliates) shall directly or indirectly solicit for hire or employee as an employee, consultant or otherwise any of the other Party's professional personnel who have had direct involvement with the JSC, with the Valeant Activities under this Agreement (which, in the case of Valeant, includes the Field Force Personnel) or with Dova's commercialization activities for the Product, without the other Party's prior written consent.",neither valeant nor dova nor any of their respective affiliates shall directly or indirectly solicit for hire or employee as an employee consultant or otherwise any of the other party s professional personnel who have had direct involvement with the jsc with the valeant activities under this agreement which in the case of valeant includes the field force personnel or with dova s commercialization activities for the product without the other party s prior written consent,No-Solicit Of Employees,CUAD_train_contracts,cuad_train
DovaPharmaceuticalsInc_20181108_10-Q_EX-10.2_11414857_EX-10.2_Promotion Agreement,Either Party shall have the right to terminate this Agreement before the end of the Term for its convenience upon [***] written notice to the other Party (and any such termination shall become effective at the end of such [***]); [***].,either party shall have the right to terminate this agreement before the end of the term for its convenience upon written notice to the other party and any such termination shall become effective at the end of such,Termination For Convenience,CUAD_train_contracts,cuad_train
DovaPharmaceuticalsInc_20181108_10-Q_EX-10.2_11414857_EX-10.2_Promotion Agreement,"Notwithstanding the foregoing, (a) either Party may, without the other Party's consent, assign this Agreement and its rights and obligations hereunder in whole or in part to an Affiliate; and (b) Dova may assign this Agreement to a successor in interest in connection with the sale or other transfer of all or substantially all of Dova's assets or rights relating to the Product; provided that such assignee shall remain subject to all of the terms and conditions hereof in all respects and shall assume all obligations of Dova hereunder whether accruing before or after such assignment.",notwithstanding the foregoing a either party may without the other party s consent assign this agreement and its rights and obligations hereunder in whole or in part to an affiliate and b dova may assign this agreement to a successor in interest in connection with the sale or other transfer of all or substantially all of dova s assets or rights relating to the product provided that such assignee shall remain subject to all of the terms and conditions hereof in all respects and shall assume all obligations of dova hereunder whether accruing before or after such assignment,Change Of Control,CUAD_train_contracts,cuad_train
DovaPharmaceuticalsInc_20181108_10-Q_EX-10.2_11414857_EX-10.2_Promotion Agreement,"In the event either Party desires to make such an assignment or other transfer of this Agreement or any rights or obligations hereunder, such Party shall deliver a written notice to the other Party requesting the other Party's written consent in accordance with this Section 13.2, and the other Party shall provide such Party written notice of its determination whether to provide such written consent within [***] following its receipt of such written notice from such Party.",in the event either party desires to make such an assignment or other transfer of this agreement or any rights or obligations hereunder such party shall deliver a written notice to the other party requesting the other party s written consent in accordance with this section 13 2 and the other party shall provide such party written notice of its determination whether to provide such written consent within following its receipt of such written notice from such party,Anti-Assignment,CUAD_train_contracts,cuad_train
DovaPharmaceuticalsInc_20181108_10-Q_EX-10.2_11414857_EX-10.2_Promotion Agreement,"Except as provided in this Section 13.2, this Agreement may not be assigned or otherwise transferred, nor may any rights or obligations hereunder be assigned or transferred, by either Party, without the written consent of the other Party (such consent not to be unreasonably withheld); provided that a merger, sale of stock or comparable transaction shall not constitute an assignment.",except as provided in this section 13 2 this agreement may not be assigned or otherwise transferred nor may any rights or obligations hereunder be assigned or transferred by either party without the written consent of the other party such consent not to be unreasonably withheld provided that a merger sale of stock or comparable transaction shall not constitute an assignment,Anti-Assignment,CUAD_train_contracts,cuad_train
DovaPharmaceuticalsInc_20181108_10-Q_EX-10.2_11414857_EX-10.2_Promotion Agreement,"Except to Affiliates of Valeant, Valeant shall not subcontract the Valeant Activities with any Third Party (including any contract sales force).",except to affiliates of valeant valeant shall not subcontract the valeant activities with any third party including any contract sales force,Anti-Assignment,CUAD_train_contracts,cuad_train
DovaPharmaceuticalsInc_20181108_10-Q_EX-10.2_11414857_EX-10.2_Promotion Agreement,Any attempted assignment not in accordance with this Section 13.2 shall be void.,any attempted assignment not in accordance with this section 13 2 shall be void,Anti-Assignment,CUAD_train_contracts,cuad_train
DovaPharmaceuticalsInc_20181108_10-Q_EX-10.2_11414857_EX-10.2_Promotion Agreement,"Commencing with the Calendar Quarter commencing on October 1, 2018, as consideration for the Valeant Activities performed by Valeant, Dova shall pay Valeant a promotion fee based on annual Net Sales during the Term, calculated as follows: (a) For any portion of Net Sales up to and equal [***] in a Calendar Year, an amount equal to [***] of such portion of Net Sales; (b) For any portion of Net Sales in excess of [***] and up to and equal [***] in a Calendar Year, an amount equal to [***] of such portion of Net Sales; and (c) For any portion of Net Sales in excess of [***] in a Calendar Year, [***] of such portion of Net Sales.",commencing with the calendar quarter commencing on october 1 2018 as consideration for the valeant activities performed by valeant dova shall pay valeant a promotion fee based on annual net sales during the term calculated as follows a for any portion of net sales up to and equal in a calendar year an amount equal to of such portion of net sales b for any portion of net sales in excess of and up to and equal in a calendar year an amount equal to of such portion of net sales and c for any portion of net sales in excess of in a calendar year of such portion of net sales,Revenue/Profit Sharing,CUAD_train_contracts,cuad_train
DovaPharmaceuticalsInc_20181108_10-Q_EX-10.2_11414857_EX-10.2_Promotion Agreement,"If the aggregate actual number of Details for the Product made by the Sales Representatives for a Calendar Quarter is less than the Quarterly Minimum Details for such Calendar Quarter, then in calculating the promotion fee due under Section 6.1.1, the Applicable Percentage for such Calendar Quarter shall be reduced to a new percentage equal to [***].",if the aggregate actual number of details for the product made by the sales representatives for a calendar quarter is less than the quarterly minimum details for such calendar quarter then in calculating the promotion fee due under section 6 1 1 the applicable percentage for such calendar quarter shall be reduced to a new percentage equal to,Revenue/Profit Sharing,CUAD_train_contracts,cuad_train
DovaPharmaceuticalsInc_20181108_10-Q_EX-10.2_11414857_EX-10.2_Promotion Agreement,"If the Quarterly Average Sales Force Size is less than [***] Sales Representatives for an applicable Calendar Quarter, then in calculating the promotion fee due under Section 6.1.1, the Applicable Percentage for such Calendar Quarter shall be reduced to a new percentage equal to [***].",if the quarterly average sales force size is less than sales representatives for an applicable calendar quarter then in calculating the promotion fee due under section 6 1 1 the applicable percentage for such calendar quarter shall be reduced to a new percentage equal to,Revenue/Profit Sharing,CUAD_train_contracts,cuad_train
DovaPharmaceuticalsInc_20181108_10-Q_EX-10.2_11414857_EX-10.2_Promotion Agreement,A Party shall have the right to terminate this Agreement before the end of the Term as follows:,a party shall have the right to terminate this agreement before the end of the term as follows,Minimum Commitment,CUAD_train_contracts,cuad_train
DovaPharmaceuticalsInc_20181108_10-Q_EX-10.2_11414857_EX-10.2_Promotion Agreement,"Without limiting the generality of the foregoing, [***]) and continuing throughout the remainder of the Term, Valeant shall maintain at least one hundred (100) Sales Representatives with responsibility to Detail the Product in the Specialty in the Territory.",without limiting the generality of the foregoing and continuing throughout the remainder of the term valeant shall maintain at least one hundred 100 sales representatives with responsibility to detail the product in the specialty in the territory,Minimum Commitment,CUAD_train_contracts,cuad_train
DovaPharmaceuticalsInc_20181108_10-Q_EX-10.2_11414857_EX-10.2_Promotion Agreement,"12.2.3 by Dova if the aggregate actual number of Details for the Product made by the Sales Representatives for a Calendar Quarter is less than the Quarterly Minimum Details for [***] consecutive Calendar Quarters, upon [***] written notice to Valeant, such notice to be delivered no less than [***] following the end of the last consecutive Calendar Quarter in which the actual Details are less than the Quarterly Minimum Details;",12 2 3 by dova if the aggregate actual number of details for the product made by the sales representatives for a calendar quarter is less than the quarterly minimum details for consecutive calendar quarters upon written notice to valeant such notice to be delivered no less than following the end of the last consecutive calendar quarter in which the actual details are less than the quarterly minimum details,Minimum Commitment,CUAD_train_contracts,cuad_train
DovaPharmaceuticalsInc_20181108_10-Q_EX-10.2_11414857_EX-10.2_Promotion Agreement,"As between the Parties, Dova shall own all right, title and interest in and to any Product Materials (and all content contained therein) and any Product Labeling (and all content contained therein), including applicable copyrights and trademarks (other than any name, trademark, trade name or logo of Valeant or its Affiliates that may appear on such Product materials or Product Labeling), and to the extent Valeant (or any of its Affiliates) obtains or otherwise has a claim to any of the foregoing, Valeant hereby assigns (and shall cause any applicable Affiliate to assign) all of its right, title and interest in and to such Product Materials (and content) and Product Labeling (and content) (other than any name, trademark, trade name or logo of Valeant or its Affiliates that may appear on such Product materials or Product Labeling) to Dova and Valeant agrees to (and shall cause its applicable Affiliate to) execute all documents and take all actions as are reasonably requested by Dova to vest title to such Product Materials (and content) and Product Labeling (and content) in Dova (or its designated Affiliate).",as between the parties dova shall own all right title and interest in and to any product materials and all content contained therein and any product labeling and all content contained therein including applicable copyrights and trademarks other than any name trademark trade name or logo of valeant or its affiliates that may appear on such product materials or product labeling and to the extent valeant or any of its affiliates obtains or otherwise has a claim to any of the foregoing valeant hereby assigns and shall cause any applicable affiliate to assign all of its right title and interest in and to such product materials and content and product labeling and content other than any name trademark trade name or logo of valeant or its affiliates that may appear on such product materials or product labeling to dova and valeant agrees to and shall cause its applicable affiliate to execute all documents and take all actions as are reasonably requested by dova to vest title to such product materials and content and product labeling and content in dova or its designated affiliate,Ip Ownership Assignment,CUAD_train_contracts,cuad_train
DovaPharmaceuticalsInc_20181108_10-Q_EX-10.2_11414857_EX-10.2_Promotion Agreement,"The ownership, and all goodwill from the use, of any Dova Trademarks and Copyrights shall at all times vest in and inure to the benefit of Dova, and Valeant shall assign, and hereby does assign, any rights it may have in the foregoing to Dova.",the ownership and all goodwill from the use of any dova trademarks and copyrights shall at all times vest in and inure to the benefit of dova and valeant shall assign and hereby does assign any rights it may have in the foregoing to dova,Ip Ownership Assignment,CUAD_train_contracts,cuad_train
DovaPharmaceuticalsInc_20181108_10-Q_EX-10.2_11414857_EX-10.2_Promotion Agreement,"Valeant agrees to assign, and hereby does assign, to Dova (and shall cause its Affiliates and its and their respective employees and other representatives to assign to Dova) any and all right, title and interest that Valeant (or any such Affiliates, employees or other representatives) may have in or to any Invention.",valeant agrees to assign and hereby does assign to dova and shall cause its affiliates and its and their respective employees and other representatives to assign to dova any and all right title and interest that valeant or any such affiliates employees or other representatives may have in or to any invention,Ip Ownership Assignment,CUAD_train_contracts,cuad_train
DovaPharmaceuticalsInc_20181108_10-Q_EX-10.2_11414857_EX-10.2_Promotion Agreement,Valeant shall have the non-exclusive right to use the Dova Trademarks and Copyrights solely on Product Materials in order to perform the Valeant Activities and solely in accordance with the terms and conditions of this Agreement.,valeant shall have the non exclusive right to use the dova trademarks and copyrights solely on product materials in order to perform the valeant activities and solely in accordance with the terms and conditions of this agreement,License Grant,CUAD_train_contracts,cuad_train
DovaPharmaceuticalsInc_20181108_10-Q_EX-10.2_11414857_EX-10.2_Promotion Agreement,"[***], Valeant hereby grants to Dova a fully paid-up, royalty free, non-transferable, non- exclusive license (with a limited right to sub-license to its Affiliates) to any Valeant Property that appears on, embodied on or contained in the Product materials or Product Labeling solely for use in connection with Dova's promotion or other commercialization of the Product in the Territory.",valeant hereby grants to dova a fully paid up royalty free non transferable non exclusive license with a limited right to sub license to its affiliates to any valeant property that appears on embodied on or contained in the product materials or product labeling solely for use in connection with dova s promotion or other commercialization of the product in the territory,License Grant,CUAD_train_contracts,cuad_train
DovaPharmaceuticalsInc_20181108_10-Q_EX-10.2_11414857_EX-10.2_Promotion Agreement,"Except to Affiliates of Valeant, Valeant's rights and obligations under this Section 2.1 are non-transferable, non-assignable, and non-delegable.",except to affiliates of valeant valeant s rights and obligations under this section 2 1 are non transferable non assignable and non delegable,Non-Transferable License,CUAD_train_contracts,cuad_train
DovaPharmaceuticalsInc_20181108_10-Q_EX-10.2_11414857_EX-10.2_Promotion Agreement,"Dova shall have the right, at its own expense, during normal business hours and upon reasonable prior notice, through a certified public accounting firm or other auditor selected by Dova and reasonably acceptable to Valeant and upon execution of a confidentiality agreement reasonably satisfactory to Valeant in form and substance, to inspect and audit the applicable records and books maintained by Valeant relating to the Valeant Activities for purposes of verifying Valeant's compliance with the terms of this Agreement, provided that (i) such examination shall not take place more often than once per every twelve (12) months during the Term and once during the one (1) year period following the end of the Term, and (ii) such examination shall not cover a period of time that has previously been audited; provided that Dova shall have the right to conduct additional ""for cause"" audits to the extent necessary to address significant compliance problems relating to Valeant's obligations hereunder or in response to any inquiry, inspection, investigation or other requirements of a Government Authority in the Territory relating to the Valeant Activities.",dova shall have the right at its own expense during normal business hours and upon reasonable prior notice through a certified public accounting firm or other auditor selected by dova and reasonably acceptable to valeant and upon execution of a confidentiality agreement reasonably satisfactory to valeant in form and substance to inspect and audit the applicable records and books maintained by valeant relating to the valeant activities for purposes of verifying valeant s compliance with the terms of this agreement provided that i such examination shall not take place more often than once per every twelve 12 months during the term and once during the one 1 year period following the end of the term and ii such examination shall not cover a period of time that has previously been audited provided that dova shall have the right to conduct additional for cause audits to the extent necessary to address significant compliance problems relating to valeant s obligations hereunder or in response to any inquiry inspection investigation or other requirements of a government authority in the territory relating to the valeant activities,Audit Rights,CUAD_train_contracts,cuad_train
DovaPharmaceuticalsInc_20181108_10-Q_EX-10.2_11414857_EX-10.2_Promotion Agreement,"Valeant shall bear the out-of-pocket costs and expenses incurred by the Parties in connection with any such inspection or audit, unless the audit shows an undisputed under-reporting or underpayment for that audited period in excess of [***] of the amounts properly determined, in which case, Dova shall reimburse Valeant for its audit fees and reasonable out-of-pocket expenses in connection with said audit, which reimbursement shall be due and payable within [***] of receiving appropriate invoices and other support for such audit-related costs.",valeant shall bear the out of pocket costs and expenses incurred by the parties in connection with any such inspection or audit unless the audit shows an undisputed under reporting or underpayment for that audited period in excess of of the amounts properly determined in which case dova shall reimburse valeant for its audit fees and reasonable out of pocket expenses in connection with said audit which reimbursement shall be due and payable within of receiving appropriate invoices and other support for such audit related costs,Audit Rights,CUAD_train_contracts,cuad_train
DovaPharmaceuticalsInc_20181108_10-Q_EX-10.2_11414857_EX-10.2_Promotion Agreement,"Valeant shall have the right, at its own expense, during normal business hours and upon reasonable prior notice, through certified public accounting firm or other auditor selected by Valeant and reasonably acceptable to Dova and upon execution of a confidentiality agreement reasonably satisfactory to Dova in form and substance, to inspect and audit the applicable records and books maintained by Dova for purposes of verifying Dova's payment obligations within this Agreement, including the applicable records and books of account maintained by Dova, or any Affiliate, as applicable, with respect to Net Sales in order to confirm the accuracy and completeness of such records and books of account and all payments hereunder; provided, however, that (i) such examination shall not take place more often than once per every twelve (12) months during the Term and once during the one (1) year period following the end of the Term, and (ii) such examination shall not cover a period of time that has previously been audited; provided that Valeant shall have the right to conduct additional ""for cause"" audits to the extent necessary to address significant problems relating to Dova's payment obligations hereunder.",valeant shall have the right at its own expense during normal business hours and upon reasonable prior notice through certified public accounting firm or other auditor selected by valeant and reasonably acceptable to dova and upon execution of a confidentiality agreement reasonably satisfactory to dova in form and substance to inspect and audit the applicable records and books maintained by dova for purposes of verifying dova s payment obligations within this agreement including the applicable records and books of account maintained by dova or any affiliate as applicable with respect to net sales in order to confirm the accuracy and completeness of such records and books of account and all payments hereunder provided however that i such examination shall not take place more often than once per every twelve 12 months during the term and once during the one 1 year period following the end of the term and ii such examination shall not cover a period of time that has previously been audited provided that valeant shall have the right to conduct additional for cause audits to the extent necessary to address significant problems relating to dova s payment obligations hereunder,Audit Rights,CUAD_train_contracts,cuad_train
DovaPharmaceuticalsInc_20181108_10-Q_EX-10.2_11414857_EX-10.2_Promotion Agreement,"Where necessary, on reasonable request, Dova's audit rights shall include interviewing Sales Representatives and other employees of Valeant.",where necessary on reasonable request dova s audit rights shall include interviewing sales representatives and other employees of valeant,Audit Rights,CUAD_train_contracts,cuad_train
DovaPharmaceuticalsInc_20181108_10-Q_EX-10.2_11414857_EX-10.2_Promotion Agreement,"Dova shall bear the out-of-pocket costs and expenses incurred by the Parties in connection with any such inspection or audit, unless the audit shows an undisputed over- payment for that audited period in excess of [***] of the amounts properly determined, in which case, Valeant shall reimburse Dova for its audit fees and reasonable out-of-pocket expenses in connection with said audit, which reimbursement shall be due and payable within [***] of receiving appropriate invoices and other support for such audit-related costs.",dova shall bear the out of pocket costs and expenses incurred by the parties in connection with any such inspection or audit unless the audit shows an undisputed over payment for that audited period in excess of of the amounts properly determined in which case valeant shall reimburse dova for its audit fees and reasonable out of pocket expenses in connection with said audit which reimbursement shall be due and payable within of receiving appropriate invoices and other support for such audit related costs,Audit Rights,CUAD_train_contracts,cuad_train
DovaPharmaceuticalsInc_20181108_10-Q_EX-10.2_11414857_EX-10.2_Promotion Agreement,"THE FOREGOING SENTENCE SHALL NOT LIMIT (1) THE OBLIGATIONS OF EITHER PARTY TO INDEMNIFY THE OTHER PARTY FROM AND AGAINST THIRD PARTY CLAIMS UNDER SECTION 11.1 OR 11.2, AS APPLICABLE, OR (2) DAMAGES AVAILABLE FOR A PARTY'S BREACH OF THE CONFIDENTIALITY AND NON-USE OBLIGATIONS IN ARTICLE 9.",the foregoing sentence shall not limit 1 the obligations of either party to indemnify the other party from and against third party claims under section 11 1 or 11 2 as applicable or 2 damages available for a party s breach of the confidentiality and non use obligations in article 9,Uncapped Liability,CUAD_train_contracts,cuad_train
DovaPharmaceuticalsInc_20181108_10-Q_EX-10.2_11414857_EX-10.2_Promotion Agreement,"Notwithstanding the above, the sole remedy of Dova for breach of this Section 4.1.2 shall be (i) the adjustment to the promotion fee as set forth in Section 6.1.2 and (ii) the termination right set out in Section 12.2.2.",notwithstanding the above the sole remedy of dova for breach of this section 4 1 2 shall be i the adjustment to the promotion fee as set forth in section 6 1 2 and ii the termination right set out in section 12 2 2,Cap On Liability,CUAD_train_contracts,cuad_train
DovaPharmaceuticalsInc_20181108_10-Q_EX-10.2_11414857_EX-10.2_Promotion Agreement,"NOTWITHSTANDING ANY OTHER PROVISION CONTAINED HEREIN (OTHER THAN AS SET FORTH IN THE SECOND SENTENCE OF THIS SECTION 11.4), IN NO EVENT SHALL DOVA (OR ITS AFFILIATES) OR VALEANT (OR ITS AFFILIATES) BE LIABLE TO THE OTHER OR ANY OF THE OTHER PARTY'S AFFILIATES FOR ANY CONSEQUENTIAL, INCIDENTAL, INDIRECT, SPECIAL, PUNITIVE OR EXEMPLARY DAMAGES (INCLUDING LOST PROFITS) SUFFERED OR INCURRED BY SUCH OTHER PARTY OR ITS AFFILIATES THAT ARISE OUT OF OR RELATE TO THIS AGREEMENT OR IN CONNECTION WITH A BREACH OR ALLEGED BREACH OF THIS AGREEMENT, WHETHER IN CONTRACT, TORT, STRICT LIABILITY OR OTHERWISE, AND REGARDLESS OF ANY NOTICE OF THE POSSIBILITY OF SUCH DAMAGES.",notwithstanding any other provision contained herein other than as set forth in the second sentence of this section 11 4 in no event shall dova or its affiliates or valeant or its affiliates be liable to the other or any of the other party s affiliates for any consequential incidental indirect special punitive or exemplary damages including lost profits suffered or incurred by such other party or its affiliates that arise out of or relate to this agreement or in connection with a breach or alleged breach of this agreement whether in contract tort strict liability or otherwise and regardless of any notice of the possibility of such damages,Cap On Liability,CUAD_train_contracts,cuad_train
DovaPharmaceuticalsInc_20181108_10-Q_EX-10.2_11414857_EX-10.2_Promotion Agreement,"Solely in the event that Dova has terminated this Agreement pursuant to Section 12.3.1 and notwithstanding anything else herein, in consideration of the promotion services performed by Valeant during the Term, with respect to the Tail Period, Dova shall make payments to Valeant in an amount equal to [***] of the amounts that would have been payable by Dova to Valeant with respect to such Tail Period pursuant to Section 6.1 had the Agreement not been so terminated.",solely in the event that dova has terminated this agreement pursuant to section 12 3 1 and notwithstanding anything else herein in consideration of the promotion services performed by valeant during the term with respect to the tail period dova shall make payments to valeant in an amount equal to of the amounts that would have been payable by dova to valeant with respect to such tail period pursuant to section 6 1 had the agreement not been so terminated,Liquidated Damages,CUAD_train_contracts,cuad_train
DovaPharmaceuticalsInc_20181108_10-Q_EX-10.2_11414857_EX-10.2_Promotion Agreement,"Each Party acknowledges and agrees that during the Term, it shall maintain, through purchase or self- insurance, adequate insurance, including products liability coverage and comprehensive general liability insurance, adequate to cover its obligations under this Agreement and which are consistent with normal business practices of prudent companies similarly situated.",each party acknowledges and agrees that during the term it shall maintain through purchase or self insurance adequate insurance including products liability coverage and comprehensive general liability insurance adequate to cover its obligations under this agreement and which are consistent with normal business practices of prudent companies similarly situated,Insurance,CUAD_train_contracts,cuad_train
DovaPharmaceuticalsInc_20181108_10-Q_EX-10.2_11414857_EX-10.2_Promotion Agreement,Valeant shall not at any time during the Term knowingly do or allow to be done any act or thing which will in any way impair or diminish the rights of Dova in or to the Dova Trademarks and Copyrights.,valeant shall not at any time during the term knowingly do or allow to be done any act or thing which will in any way impair or diminish the rights of dova in or to the dova trademarks and copyrights,Covenant Not To Sue,CUAD_train_contracts,cuad_train
DovaPharmaceuticalsInc_20181108_10-Q_EX-10.2_11414857_EX-10.2_Promotion Agreement,"During the Term, Valeant will not contest the ownership of the Dova Trademarks and Copyrights, their validity, or the validity of any registration therefor.",during the term valeant will not contest the ownership of the dova trademarks and copyrights their validity or the validity of any registration therefor,Covenant Not To Sue,CUAD_train_contracts,cuad_train
"PACIRA PHARMACEUTICALS, INC. - A_R STRATEGIC LICENSING, DISTRIBUTION AND MARKETING AGREEMENT","AMENDED AND RESTATED STRATEGIC LICENSING, DISTRIBUTION AND MARKETING AGREEMENT",amended and restated strategic licensing distribution and marketing agreement,Document Name,CUAD_train_contracts,cuad_train
"PACIRA PHARMACEUTICALS, INC. - A_R STRATEGIC LICENSING, DISTRIBUTION AND MARKETING AGREEMENT","F/K/A SKYEPHARMA, INC.",f k a skyepharma inc,Parties,CUAD_train_contracts,cuad_train
"PACIRA PHARMACEUTICALS, INC. - A_R STRATEGIC LICENSING, DISTRIBUTION AND MARKETING AGREEMENT","PACIRA PHARMACEUTICALS, INC.",pacira pharmaceuticals inc,Parties,CUAD_train_contracts,cuad_train
"PACIRA PHARMACEUTICALS, INC. - A_R STRATEGIC LICENSING, DISTRIBUTION AND MARKETING AGREEMENT","EKR THERAPEUTICS, INC.",ekr therapeutics inc,Parties,CUAD_train_contracts,cuad_train
"PACIRA PHARMACEUTICALS, INC. - A_R STRATEGIC LICENSING, DISTRIBUTION AND MARKETING AGREEMENT","This Agreement shall commence on the Effective Date and, subject to earlier termination in accordance with the provisions of Section 16, shall continue in force for a period being the longer of fifteen (15) years from first Commercial Launch of the Product in the Territory or until the expiration of the last valid claim in the PPI Patents covering the Product in any country of the Territory (the ""Initial Term"").",this agreement shall commence on the effective date and subject to earlier termination in accordance with the provisions of section 16 shall continue in force for a period being the longer of fifteen 15 years from first commercial launch of the product in the territory or until the expiration of the last valid claim in the ppi patents covering the product in any country of the territory the initial term,Expiration Date,CUAD_train_contracts,cuad_train
"PACIRA PHARMACEUTICALS, INC. - A_R STRATEGIC LICENSING, DISTRIBUTION AND MARKETING AGREEMENT",Thereafter the term of this Agreement shall automatically renew for consecutive periods of two (2) years each.,thereafter the term of this agreement shall automatically renew for consecutive periods of two 2 years each,Renewal Term,CUAD_train_contracts,cuad_train
"PACIRA PHARMACEUTICALS, INC. - A_R STRATEGIC LICENSING, DISTRIBUTION AND MARKETING AGREEMENT","Notwithstanding the foregoing, this Agreement can be terminated by EKR at the end of the Initial Term by delivery of written notice to PPI at least one hundred eighty (180) days prior to the end of the Initial Term or any renewal term.",notwithstanding the foregoing this agreement can be terminated by ekr at the end of the initial term by delivery of written notice to ppi at least one hundred eighty 180 days prior to the end of the initial term or any renewal term,Notice Period To Terminate Renewal,CUAD_train_contracts,cuad_train
"PACIRA PHARMACEUTICALS, INC. - A_R STRATEGIC LICENSING, DISTRIBUTION AND MARKETING AGREEMENT","This Agreement and the relationship between the Parties shall be governed by, and interpreted in accordance with New York law without regard to provisions related to conflicts of laws, and, except as provided in Section 21.2 above, the Parties agree to submit any dispute to the exclusive jurisdiction of the federal and state courts sitting in New York.",this agreement and the relationship between the parties shall be governed by and interpreted in accordance with new york law without regard to provisions related to conflicts of laws and except as provided in section 21 2 above the parties agree to submit any dispute to the exclusive jurisdiction of the federal and state courts sitting in new york,Governing Law,CUAD_train_contracts,cuad_train
"PACIRA PHARMACEUTICALS, INC. - A_R STRATEGIC LICENSING, DISTRIBUTION AND MARKETING AGREEMENT","During the Term, PPI and its Affiliates shall not: (i) file for Marketing Authorization with respect to any Competing Product in any country in the Territory, (ii) manufacture or have manufactured any Competing Product in any country in the Territory, (iii) market or have marketed any Competing Product in any country in the Territory or (iv) license any Third Party to do any of the foregoing.",during the term ppi and its affiliates shall not i file for marketing authorization with respect to any competing product in any country in the territory ii manufacture or have manufactured any competing product in any country in the territory iii market or have marketed any competing product in any country in the territory or iv license any third party to do any of the foregoing,Non-Compete,CUAD_train_contracts,cuad_train
"PACIRA PHARMACEUTICALS, INC. - A_R STRATEGIC LICENSING, DISTRIBUTION AND MARKETING AGREEMENT","EKR shall not, during [**], market, distribute or sell a Competing Product in the Territory unless during such time an A/B rated generic product of the Product(s) is launched in such country of the Territory or in the event this Agreement is terminated or EKR exercises its rights under Section 17.4 hereof.",ekr shall not during market distribute or sell a competing product in the territory unless during such time an a b rated generic product of the product s is launched in such country of the territory or in the event this agreement is terminated or ekr exercises its rights under section 17 4 hereof,Non-Compete,CUAD_train_contracts,cuad_train
"PACIRA PHARMACEUTICALS, INC. - A_R STRATEGIC LICENSING, DISTRIBUTION AND MARKETING AGREEMENT","Subject to the terms of this Agreement, PPI hereby appoints EKR and EKR agrees to be retained as the exclusive distributor, and Authorized Distributor of Record, of the Products in the Field in the Territory during the Term to market, distribute, warehouse and sell the Products.",subject to the terms of this agreement ppi hereby appoints ekr and ekr agrees to be retained as the exclusive distributor and authorized distributor of record of the products in the field in the territory during the term to market distribute warehouse and sell the products,Exclusivity,CUAD_train_contracts,cuad_train
"PACIRA PHARMACEUTICALS, INC. - A_R STRATEGIC LICENSING, DISTRIBUTION AND MARKETING AGREEMENT",PPI hereby grants to EKR a royalty free and exclusive license (with the right to sublicense) to use the Trademarks in the Territory solely in connection with the exercise of the Distribution Rights in the Territory during the Term (and thereafter as set forth in Section 17.4) and EKR shall market and sell the Products under the Trademarks.,ppi hereby grants to ekr a royalty free and exclusive license with the right to sublicense to use the trademarks in the territory solely in connection with the exercise of the distribution rights in the territory during the term and thereafter as set forth in section 17 4 and ekr shall market and sell the products under the trademarks,Exclusivity,CUAD_train_contracts,cuad_train
"PACIRA PHARMACEUTICALS, INC. - A_R STRATEGIC LICENSING, DISTRIBUTION AND MARKETING AGREEMENT","PPI hereby grants EKR the exclusive right and license (with the right to sublicense) to use, market, promote, sell, distribute and warehouse the Products (the ""Distribution Rights"") in the Field in the Territory during the Term, as well as to make or have made the Products anywhere in the world for import or sale in the Field in the Territory in each case, under the PPI IP provided that PPI retains all rights necessary to manufacture and supply the Products to EKR in accordance with this Agreement and the Supply Agreement.",ppi hereby grants ekr the exclusive right and license with the right to sublicense to use market promote sell distribute and warehouse the products the distribution rights in the field in the territory during the term as well as to make or have made the products anywhere in the world for import or sale in the field in the territory in each case under the ppi ip provided that ppi retains all rights necessary to manufacture and supply the products to ekr in accordance with this agreement and the supply agreement,Exclusivity,CUAD_train_contracts,cuad_train
"PACIRA PHARMACEUTICALS, INC. - A_R STRATEGIC LICENSING, DISTRIBUTION AND MARKETING AGREEMENT","At any time after July 1, 2015, PPI shall have the right, exercisable upon sixty (60) days prior written notice to EKR, to terminate the Lease Term and repurchase the Transferred Equipment from EKR, subject to payment by PPI to EKR within five (5) days of such notice of any principal paid by EKR under the Promissory Note, which if exercised shall result in the termination of the Step-in Right set forth in Section 17.5.",at any time after july 1 2015 ppi shall have the right exercisable upon sixty 60 days prior written notice to ekr to terminate the lease term and repurchase the transferred equipment from ekr subject to payment by ppi to ekr within five 5 days of such notice of any principal paid by ekr under the promissory note which if exercised shall result in the termination of the step in right set forth in section 17 5,Termination For Convenience,CUAD_train_contracts,cuad_train
"PACIRA PHARMACEUTICALS, INC. - A_R STRATEGIC LICENSING, DISTRIBUTION AND MARKETING AGREEMENT","At any time between the Agreement Date and July 1, 2015, EKR shall have the right, exercisable upon sixty (60) days prior written notice to PPI, to terminate the Lease Term and sell the Transferred Equipment back to PPI, subject to payment by PPI to EKR within five (5) days of such notice of $[**] in cash, which if exercised shall result in (i) an offset against the unpaid balance of principal and interest under the Promissory Note pursuant to Section 3.20(f) below; and (ii) the termination of the Step-in Right described in Section 17.5.",at any time between the agreement date and july 1 2015 ekr shall have the right exercisable upon sixty 60 days prior written notice to ppi to terminate the lease term and sell the transferred equipment back to ppi subject to payment by ppi to ekr within five 5 days of such notice of in cash which if exercised shall result in i an offset against the unpaid balance of principal and interest under the promissory note pursuant to section 3 20 f below and ii the termination of the step in right described in section 17 5,Termination For Convenience,CUAD_train_contracts,cuad_train
"PACIRA PHARMACEUTICALS, INC. - A_R STRATEGIC LICENSING, DISTRIBUTION AND MARKETING AGREEMENT","EKR may terminate this Agreement for convenience at any time upon [**] ([**]) days prior, written notice to PPI.",ekr may terminate this agreement for convenience at any time upon days prior written notice to ppi,Termination For Convenience,CUAD_train_contracts,cuad_train
"PACIRA PHARMACEUTICALS, INC. - A_R STRATEGIC LICENSING, DISTRIBUTION AND MARKETING AGREEMENT",(i) the other Party ceases or threatens to cease to carry on the whole or any material part of its business;,i the other party ceases or threatens to cease to carry on the whole or any material part of its business,Change Of Control,CUAD_train_contracts,cuad_train
"PACIRA PHARMACEUTICALS, INC. - A_R STRATEGIC LICENSING, DISTRIBUTION AND MARKETING AGREEMENT","(iii) upon any Change of Control (as defined in Section 20.4) of PPI, by repayment to EKR in full of the balance of the Advanced Royalty Payment not previously used for offsets, which payment shall be made to EKR by PPI within ten (10) days after the closing date (without any conditions) of any such Change of Control.",iii upon any change of control as defined in section 20 4 of ppi by repayment to ekr in full of the balance of the advanced royalty payment not previously used for offsets which payment shall be made to ekr by ppi within ten 10 days after the closing date without any conditions of any such change of control,Change Of Control,CUAD_train_contracts,cuad_train
"PACIRA PHARMACEUTICALS, INC. - A_R STRATEGIC LICENSING, DISTRIBUTION AND MARKETING AGREEMENT","Offsets and/or repayment of the Advanced Royalty Payment shall commence on [**] and shall continue, unless sooner paid, through [**] (the ""Royalty Offset Period"") and such offsets will be taken by EKR (and such repayment will be made by PPI) as follows:",offsets and or repayment of the advanced royalty payment shall commence on and shall continue unless sooner paid through the royalty offset period and such offsets will be taken by ekr and such repayment will be made by ppi as follows,Change Of Control,CUAD_train_contracts,cuad_train
"PACIRA PHARMACEUTICALS, INC. - A_R STRATEGIC LICENSING, DISTRIBUTION AND MARKETING AGREEMENT","Should there be a Change of Control of either Party resulting in the control of such Party by a Third Party which markets or sells a Competing Product in any part of the Territory, then the rights under this Agreement may not be assigned without the express consent of the other Party which consent shall not be unreasonably withheld. ""Change of Control"" shall mean (a) the sale, lease, exchange, license or disposition of all or substantially all of the Party's assets in one transaction or series of related transactions or (b) a merger or consolidation with an unaffiliated Third Party as a result of which the holders of the Party's issued and outstanding voting securities immediately before such transaction own or control less than a majority of the voting securities of the continuing or surviving entity immediately after such transaction.",should there be a change of control of either party resulting in the control of such party by a third party which markets or sells a competing product in any part of the territory then the rights under this agreement may not be assigned without the express consent of the other party which consent shall not be unreasonably withheld change of control shall mean a the sale lease exchange license or disposition of all or substantially all of the party s assets in one transaction or series of related transactions or b a merger or consolidation with an unaffiliated third party as a result of which the holders of the party s issued and outstanding voting securities immediately before such transaction own or control less than a majority of the voting securities of the continuing or surviving entity immediately after such transaction,Change Of Control,CUAD_train_contracts,cuad_train
"PACIRA PHARMACEUTICALS, INC. - A_R STRATEGIC LICENSING, DISTRIBUTION AND MARKETING AGREEMENT",Either Party shall be entitled forthwith to terminate this Agreement by notice to the other if:,either party shall be entitled forthwith to terminate this agreement by notice to the other if,Change Of Control,CUAD_train_contracts,cuad_train
"PACIRA PHARMACEUTICALS, INC. - A_R STRATEGIC LICENSING, DISTRIBUTION AND MARKETING AGREEMENT","Subject to Section 20.2, neither Party shall, nor shall it purport to, assign, license, transfer or change any of its rights or obligations under this Agreement without the prior written consent of the other, such consent not to be unreasonably withheld conditioned or delayed; provided, however, that except as provided in Section 20.4 either Party may assign its rights hereunder to an Affiliate or to any successor by merger, consolidation, sale of stock or other equity interests or the sale of substantially all of the assets of such Party without the consent of the other Party.",subject to section 20 2 neither party shall nor shall it purport to assign license transfer or change any of its rights or obligations under this agreement without the prior written consent of the other such consent not to be unreasonably withheld conditioned or delayed provided however that except as provided in section 20 4 either party may assign its rights hereunder to an affiliate or to any successor by merger consolidation sale of stock or other equity interests or the sale of substantially all of the assets of such party without the consent of the other party,Anti-Assignment,CUAD_train_contracts,cuad_train
"PACIRA PHARMACEUTICALS, INC. - A_R STRATEGIC LICENSING, DISTRIBUTION AND MARKETING AGREEMENT","Should there be a Change of Control of either Party resulting in the control of such Party by a Third Party which markets or sells a Competing Product in any part of the Territory, then the rights under this Agreement may not be assigned without the express consent of the other Party which consent shall not be unreasonably withheld.",should there be a change of control of either party resulting in the control of such party by a third party which markets or sells a competing product in any part of the territory then the rights under this agreement may not be assigned without the express consent of the other party which consent shall not be unreasonably withheld,Anti-Assignment,CUAD_train_contracts,cuad_train
"PACIRA PHARMACEUTICALS, INC. - A_R STRATEGIC LICENSING, DISTRIBUTION AND MARKETING AGREEMENT","As further consideration for the license and grant of Distribution Rights and other rights under this Agreement, EKR shall pay to PPI a royalty (""Royalty"") equal to (a) $[**] for each [**] mg Vial of Product sold during the Term and $[**] for each [**] mg Vial of Product sold during the Term (the ""Minimum Royalty"") plus (b) an additional [**]% of any post Effective Date incremental price increase implemented by EKR over the Current Base Price of $[**] for the [**] mg Vial and $[**] for the [**] mg Vial (the ""Additional Royalty""); provided, however, that Additional Royalty shall not be payable to the extent that the sum of (i) the Minimum Royalty and Additional Royalty payable hereunder and (ii) the Supply Price (as defined in the Supply Agreement) shall at any time during the Term exceed [**] percent ([**]%) of the net average selling price of the Product (the ""Royalty Cap""); provided, however, that the Royalty Cap shall be [**] percent ([**]%) of the net average selling price of the Product during certain periods as described in Section 6.3(e) above.",as further consideration for the license and grant of distribution rights and other rights under this agreement ekr shall pay to ppi a royalty royalty equal to a for each mg vial of product sold during the term and for each mg vial of product sold during the term the minimum royalty plus b an additional of any post effective date incremental price increase implemented by ekr over the current base price of for the mg vial and for the mg vial the additional royalty provided however that additional royalty shall not be payable to the extent that the sum of i the minimum royalty and additional royalty payable hereunder and ii the supply price as defined in the supply agreement shall at any time during the term exceed percent of the net average selling price of the product the royalty cap provided however that the royalty cap shall be percent of the net average selling price of the product during certain periods as described in section 6 3 e above,Revenue/Profit Sharing,CUAD_train_contracts,cuad_train
"PACIRA PHARMACEUTICALS, INC. - A_R STRATEGIC LICENSING, DISTRIBUTION AND MARKETING AGREEMENT","Upon termination of this Agreement for any reason except by EKR pursuant to Section 16.1(a), EKR shall promptly transfer the Transferred NDA and related regulatory documentation to PPI in accordance with Section 17.1(e).",upon termination of this agreement for any reason except by ekr pursuant to section 16 1 a ekr shall promptly transfer the transferred nda and related regulatory documentation to ppi in accordance with section 17 1 e,Ip Ownership Assignment,CUAD_train_contracts,cuad_train
"PACIRA PHARMACEUTICALS, INC. - A_R STRATEGIC LICENSING, DISTRIBUTION AND MARKETING AGREEMENT","Upon any termination or expiration of this Agreement, EKR shall promptly transfer the Domain Names back to PPI.",upon any termination or expiration of this agreement ekr shall promptly transfer the domain names back to ppi,Ip Ownership Assignment,CUAD_train_contracts,cuad_train
"PACIRA PHARMACEUTICALS, INC. - A_R STRATEGIC LICENSING, DISTRIBUTION AND MARKETING AGREEMENT",(d) EKR shall assign to PPI free of charge any domain name registrations it has registered pursuant to Section 8.5;,d ekr shall assign to ppi free of charge any domain name registrations it has registered pursuant to section 8 5,Ip Ownership Assignment,CUAD_train_contracts,cuad_train
"PACIRA PHARMACEUTICALS, INC. - A_R STRATEGIC LICENSING, DISTRIBUTION AND MARKETING AGREEMENT","On the Effective Date, PPI has transferred the Domain Names to EKR for use in connection with the exercise of the Distribution Rights.",on the effective date ppi has transferred the domain names to ekr for use in connection with the exercise of the distribution rights,Ip Ownership Assignment,CUAD_train_contracts,cuad_train
"PACIRA PHARMACEUTICALS, INC. - A_R STRATEGIC LICENSING, DISTRIBUTION AND MARKETING AGREEMENT","Promptly after the Agreement Date, PPI shall provide EKR with copies of all agreements relating to the Required Studies and shall assign such agreements to EKR if and to the extent (i) such agreements are assignable in accordance with their terms and (ii) requested by EKR.",promptly after the agreement date ppi shall provide ekr with copies of all agreements relating to the required studies and shall assign such agreements to ekr if and to the extent i such agreements are assignable in accordance with their terms and ii requested by ekr,Ip Ownership Assignment,CUAD_train_contracts,cuad_train
"PACIRA PHARMACEUTICALS, INC. - A_R STRATEGIC LICENSING, DISTRIBUTION AND MARKETING AGREEMENT","Effective as of the Agreement Date, PPI hereby sells, transfers, conveys and assigns to EKR all right, title and interest in and to [**] (the ""Transferred NDA"").",effective as of the agreement date ppi hereby sells transfers conveys and assigns to ekr all right title and interest in and to the transferred nda,Ip Ownership Assignment,CUAD_train_contracts,cuad_train
"PACIRA PHARMACEUTICALS, INC. - A_R STRATEGIC LICENSING, DISTRIBUTION AND MARKETING AGREEMENT","Upon termination of this Agreement for any reason except as set forth in Section 17.4 below (and, if applicable, in respect of that country in respect of which termination occurs):",upon termination of this agreement for any reason except as set forth in section 17 4 below and if applicable in respect of that country in respect of which termination occurs,Ip Ownership Assignment,CUAD_train_contracts,cuad_train
"PACIRA PHARMACEUTICALS, INC. - A_R STRATEGIC LICENSING, DISTRIBUTION AND MARKETING AGREEMENT","Joint Improvements shall be owned jointly by the Parties, and PPI's interest therein shall be licensed to EKR hereunder.",joint improvements shall be owned jointly by the parties and ppi s interest therein shall be licensed to ekr hereunder,Joint Ip Ownership,CUAD_train_contracts,cuad_train
"PACIRA PHARMACEUTICALS, INC. - A_R STRATEGIC LICENSING, DISTRIBUTION AND MARKETING AGREEMENT","EKR Improvements shall be owned by EKR and upon termination of this Agreement by PPI pursuant to Section, shall be deemed be licensed to PPI on a worldwide, non-exclusive, irrevocable basis, at a royalty or for such other consideration as may be mutually agreed upon by the parties in writing.",ekr improvements shall be owned by ekr and upon termination of this agreement by ppi pursuant to section shall be deemed be licensed to ppi on a worldwide non exclusive irrevocable basis at a royalty or for such other consideration as may be mutually agreed upon by the parties in writing,License Grant,CUAD_train_contracts,cuad_train
"PACIRA PHARMACEUTICALS, INC. - A_R STRATEGIC LICENSING, DISTRIBUTION AND MARKETING AGREEMENT",PPI Improvements shall be owned by PPI and be licensed to EKR hereunder.,ppi improvements shall be owned by ppi and be licensed to ekr hereunder,License Grant,CUAD_train_contracts,cuad_train
"PACIRA PHARMACEUTICALS, INC. - A_R STRATEGIC LICENSING, DISTRIBUTION AND MARKETING AGREEMENT","The Step-in Right shall include, without limitation, and to the extent allowable under Applicable Law, PPI's grant to EKR of such additional license rights, rights of access, rights of observation and rights of management, direction and control, in each case solely with respect to the manufacture and supply of Product and as reasonably necessary to enable and permit EKR (or EKR's designee) to ensure that the supply of Product shall continue to be available to EKR under this Agreement and the Supply Agreement; provided that EKR in exercising the Step-in Right shall not (i) unreasonably interfere with PPI's other activities at the facilities at which the Product is manufactured, tested, labeled, stored or",the step in right shall include without limitation and to the extent allowable under applicable law ppi s grant to ekr of such additional license rights rights of access rights of observation and rights of management direction and control in each case solely with respect to the manufacture and supply of product and as reasonably necessary to enable and permit ekr or ekr s designee to ensure that the supply of product shall continue to be available to ekr under this agreement and the supply agreement provided that ekr in exercising the step in right shall not i unreasonably interfere with ppi s other activities at the facilities at which the product is manufactured tested labeled stored or,License Grant,CUAD_train_contracts,cuad_train
"PACIRA PHARMACEUTICALS, INC. - A_R STRATEGIC LICENSING, DISTRIBUTION AND MARKETING AGREEMENT","Such grant by PPI shall include the right of EKR to market the Product in the Territory during the Term as an EKR product using in addition to the Trademarks, EKR's own trademarks, trade dress, trade names and other proprietary designations in combination with the Trademarks.",such grant by ppi shall include the right of ekr to market the product in the territory during the term as an ekr product using in addition to the trademarks ekr s own trademarks trade dress trade names and other proprietary designations in combination with the trademarks,License Grant,CUAD_train_contracts,cuad_train
"PACIRA PHARMACEUTICALS, INC. - A_R STRATEGIC LICENSING, DISTRIBUTION AND MARKETING AGREEMENT","otherwise handled (""Product Facilities"") or (ii) require PPI to take any action or fail to take any action that does or could reasonably be expected to interfere with PPI's other activities at the Product Facilities.",otherwise handled product facilities or ii require ppi to take any action or fail to take any action that does or could reasonably be expected to interfere with ppi s other activities at the product facilities,License Grant,CUAD_train_contracts,cuad_train
"PACIRA PHARMACEUTICALS, INC. - A_R STRATEGIC LICENSING, DISTRIBUTION AND MARKETING AGREEMENT",EKR may appoint sub-distributors under this Agreement provided that EKR: (a) informs PPI of the identity of any Third Party sub-distributor (other than Affiliate companies) prior to the execution of any sub-distribution agreement;,ekr may appoint sub distributors under this agreement provided that ekr a informs ppi of the identity of any third party sub distributor other than affiliate companies prior to the execution of any sub distribution agreement,Non-Transferable License,CUAD_train_contracts,cuad_train
"PACIRA PHARMACEUTICALS, INC. - A_R STRATEGIC LICENSING, DISTRIBUTION AND MARKETING AGREEMENT","(b) obtain a confidential nondisclosure agreement with the prospective Sub-Distributor in a form acceptable to PPI, which acceptance shall not be unreasonably withheld or delayed and containing terms at least as stringent as those terms included in Article 11 of this Agreement; (c) deliver to the prospective Sub-Distributor a redacted copy of this Agreement (""Redacted Agreement"") . Any sub- distribution agreement shall provide that such agreement is subject and subordinate to the rights of PPI under this Agreement; and (d) provides PPI with a copy of written sub-distribution agreement as soon as reasonably practicable after the execution thereof by EKR.",b obtain a confidential nondisclosure agreement with the prospective sub distributor in a form acceptable to ppi which acceptance shall not be unreasonably withheld or delayed and containing terms at least as stringent as those terms included in article 11 of this agreement c deliver to the prospective sub distributor a redacted copy of this agreement redacted agreement any sub distribution agreement shall provide that such agreement is subject and subordinate to the rights of ppi under this agreement and d provides ppi with a copy of written sub distribution agreement as soon as reasonably practicable after the execution thereof by ekr,Non-Transferable License,CUAD_train_contracts,cuad_train
"PACIRA PHARMACEUTICALS, INC. - A_R STRATEGIC LICENSING, DISTRIBUTION AND MARKETING AGREEMENT","PPI Improvements shall be owned by PPI and be licensed to EKR hereunder. EKR Improvements shall be owned by EKR and upon termination of this Agreement by PPI pursuant to Section, shall be deemed be licensed to PPI on a worldwide, non-exclusive, irrevocable basis, at a royalty or for such other consideration as may be mutually agreed upon by the parties in writing.",ppi improvements shall be owned by ppi and be licensed to ekr hereunder ekr improvements shall be owned by ekr and upon termination of this agreement by ppi pursuant to section shall be deemed be licensed to ppi on a worldwide non exclusive irrevocable basis at a royalty or for such other consideration as may be mutually agreed upon by the parties in writing,Irrevocable Or Perpetual License,CUAD_train_contracts,cuad_train
"PACIRA PHARMACEUTICALS, INC. - A_R STRATEGIC LICENSING, DISTRIBUTION AND MARKETING AGREEMENT","In the event EKR exercises the Step-in Right, PPI shall, at EKR's cost and expense, cooperate in the exercise of such rights and EKR shall reimburse PPI for the reasonable costs PPI incurs in assisting EKR in the exercise of such rights within thirty (30) days of EKR's receipt of invoice.",in the event ekr exercises the step in right ppi shall at ekr s cost and expense cooperate in the exercise of such rights and ekr shall reimburse ppi for the reasonable costs ppi incurs in assisting ekr in the exercise of such rights within thirty 30 days of ekr s receipt of invoice,Post-Termination Services,CUAD_train_contracts,cuad_train
"PACIRA PHARMACEUTICALS, INC. - A_R STRATEGIC LICENSING, DISTRIBUTION AND MARKETING AGREEMENT","In the event that this Agreement is terminated by PPI in accordance with Section 16.1 or EKR in accordance with Section 16.3(b), EKR and its Affiliates, sub-distributors and sub-licensees shall be entitled to continue to sell",in the event that this agreement is terminated by ppi in accordance with section 16 1 or ekr in accordance with section 16 3 b ekr and its affiliates sub distributors and sub licensees shall be entitled to continue to sell,Post-Termination Services,CUAD_train_contracts,cuad_train
"PACIRA PHARMACEUTICALS, INC. - A_R STRATEGIC LICENSING, DISTRIBUTION AND MARKETING AGREEMENT","(b) the following provisions of this Agreement shall continue in full force and effect: Article 1 (""Definitions""), Section 3.20(k), Section 3.20(l), Article 9 (""Representations and Warranties""), Article 10 (""Liability, Insurance and Indemnities"") (excluding Section 10.6 (""Insurance"")), Article 11 (""Confidentiality, Press Releases and Publications""), Article 13 (""Infringement of Third Party Rights""), Section 16.4 (""Effect of Termination""), Article 17 (""Consequences of Termination""), Article 18 (""Force Majeure""), Article 19 (""Notices""), Article 20 (""Assignment and Change of Control"") and Article 21 (""General Provisions""); (c) EKR shall return to PPI all PPI IP in its possession; (d) EKR shall assign to PPI free of charge any domain name registrations it has registered pursuant to Section 8.5; and (e) Except in the event of termination of this Agreement by EKR pursuant to Section 16.1(a), EKR shall promptly transfer to PPI or its nominee, each and every Marketing Authorization (to the extent not held by PPI) relating to the Product, together with all communications with the relevant Regulatory Authorities, and all notes and record thereof.",b the following provisions of this agreement shall continue in full force and effect article 1 definitions section 3 20 k section 3 20 l article 9 representations and warranties article 10 liability insurance and indemnities excluding section 10 6 insurance article 11 confidentiality press releases and publications article 13 infringement of third party rights section 16 4 effect of termination article 17 consequences of termination article 18 force majeure article 19 notices article 20 assignment and change of control and article 21 general provisions c ekr shall return to ppi all ppi ip in its possession d ekr shall assign to ppi free of charge any domain name registrations it has registered pursuant to section 8 5 and e except in the event of termination of this agreement by ekr pursuant to section 16 1 a ekr shall promptly transfer to ppi or its nominee each and every marketing authorization to the extent not held by ppi relating to the product together with all communications with the relevant regulatory authorities and all notes and record thereof,Post-Termination Services,CUAD_train_contracts,cuad_train
"PACIRA PHARMACEUTICALS, INC. - A_R STRATEGIC LICENSING, DISTRIBUTION AND MARKETING AGREEMENT","During the Term, in the event EKR has the right to terminate this Agreement under Section 16.1(a) - (i) hereof (the ""Step-in Right Trigger Event""), and EKR does not exercise its right to terminate this Agreement under such Section, EKR shall have the option to exercise step-in rights to manufacture the Product for the remainder of the Term (the ""Step-in Right"") by providing PPI written notice of such election within ninety (90) days after the Step-in Right Trigger Event (or such longer period as mutually agreed by the Parties) (the ""Step-in Right Notice""); provided that in the event such Step-in Right Trigger Event has been cured prior to EKR's exercise of the Step-in Right, the Step-in Right shall terminate with respect to such Step-in Right Trigger Event. The Step-in Right Notice shall specify the date which EKR intends to exercise the rights associated with the Step-in Right.",during the term in the event ekr has the right to terminate this agreement under section 16 1 a i hereof the step in right trigger event and ekr does not exercise its right to terminate this agreement under such section ekr shall have the option to exercise step in rights to manufacture the product for the remainder of the term the step in right by providing ppi written notice of such election within ninety 90 days after the step in right trigger event or such longer period as mutually agreed by the parties the step in right notice provided that in the event such step in right trigger event has been cured prior to ekr s exercise of the step in right the step in right shall terminate with respect to such step in right trigger event the step in right notice shall specify the date which ekr intends to exercise the rights associated with the step in right,Post-Termination Services,CUAD_train_contracts,cuad_train
"PACIRA PHARMACEUTICALS, INC. - A_R STRATEGIC LICENSING, DISTRIBUTION AND MARKETING AGREEMENT","Where this Agreement has expired or has been terminated for any reason other than by PPI in accordance with Section 16.1 or EKR in accordance with Section 16.3(b), EKR and its Affiliates and sub-distributors and sales agents shall be entitled to continue to sell existing stocks of the Product in the Territory for a period of not longer than 12 months following the date of termination, provided that, EKR continues to make any Royalty payments due to PPI in respect of such sales in accordance with the provisions of this Agreement.",where this agreement has expired or has been terminated for any reason other than by ppi in accordance with section 16 1 or ekr in accordance with section 16 3 b ekr and its affiliates and sub distributors and sales agents shall be entitled to continue to sell existing stocks of the product in the territory for a period of not longer than 12 months following the date of termination provided that ekr continues to make any royalty payments due to ppi in respect of such sales in accordance with the provisions of this agreement,Post-Termination Services,CUAD_train_contracts,cuad_train
"PACIRA PHARMACEUTICALS, INC. - A_R STRATEGIC LICENSING, DISTRIBUTION AND MARKETING AGREEMENT","PPI shall provide such advice as necessary for EKR to arrange for an alternative manufacturer and shall provide EKR with access to all relevant PPI Know-How, and any other information necessary for EKR to transfer such manufacturing to an alternate manufacturer.",ppi shall provide such advice as necessary for ekr to arrange for an alternative manufacturer and shall provide ekr with access to all relevant ppi know how and any other information necessary for ekr to transfer such manufacturing to an alternate manufacturer,Post-Termination Services,CUAD_train_contracts,cuad_train
"PACIRA PHARMACEUTICALS, INC. - A_R STRATEGIC LICENSING, DISTRIBUTION AND MARKETING AGREEMENT",Such insurance shall be with a reputable insurance company and where reasonably possible (taking into account the availability of such insurance) shall be maintained for not less than [**] ([**]) years following the expiry or termination of this Agreement.,such insurance shall be with a reputable insurance company and where reasonably possible taking into account the availability of such insurance shall be maintained for not less than years following the expiry or termination of this agreement,Post-Termination Services,CUAD_train_contracts,cuad_train
"PACIRA PHARMACEUTICALS, INC. - A_R STRATEGIC LICENSING, DISTRIBUTION AND MARKETING AGREEMENT","In addition, PPI shall during the remainder of the Term and for a period of up to [**] ([**]) years thereafter continue to manufacture and supply the Product to EKR at cost without mark-up until such time that EKR can secure an FDA approved manufacturing facility for the Product",in addition ppi shall during the remainder of the term and for a period of up to years thereafter continue to manufacture and supply the product to ekr at cost without mark up until such time that ekr can secure an fda approved manufacturing facility for the product,Post-Termination Services,CUAD_train_contracts,cuad_train
"PACIRA PHARMACEUTICALS, INC. - A_R STRATEGIC LICENSING, DISTRIBUTION AND MARKETING AGREEMENT","Notwithstanding anything contained herein to the contrary, in the event that EKR is entitled to exercise its right to terminate this Agreement pursuant to Section 16.1(a), in addition to the right to terminate as provided therein and any other remedies EKR may have hereunder, PPI shall assist EKR in the transfer of the manufacture of the Products, including the Specifications from PPI to EKR or EKR's designee.",notwithstanding anything contained herein to the contrary in the event that ekr is entitled to exercise its right to terminate this agreement pursuant to section 16 1 a in addition to the right to terminate as provided therein and any other remedies ekr may have hereunder ppi shall assist ekr in the transfer of the manufacture of the products including the specifications from ppi to ekr or ekr s designee,Post-Termination Services,CUAD_train_contracts,cuad_train
"PACIRA PHARMACEUTICALS, INC. - A_R STRATEGIC LICENSING, DISTRIBUTION AND MARKETING AGREEMENT","assigned to EKR all of PPI's right, title and interest under that certain Commercial Outsourcing Services Agreement between PPI (f/k/a SkyePharma, Inc.) and Integrated Commercialization Solutions, Inc. (""ICS"") dated April 3, 2007 (the ""ICS Agreement""), and EKR has assumed all obligations and liabilities under the ICS Agreement arising after the Effective Date.",assigned to ekr all of ppi s right title and interest under that certain commercial outsourcing services agreement between ppi f k a skyepharma inc and integrated commercialization solutions inc ics dated april 3 2007 the ics agreement and ekr has assumed all obligations and liabilities under the ics agreement arising after the effective date,Post-Termination Services,CUAD_train_contracts,cuad_train
"PACIRA PHARMACEUTICALS, INC. - A_R STRATEGIC LICENSING, DISTRIBUTION AND MARKETING AGREEMENT","In addition, (i) PPI shall transfer to EKR any Marketing Authorizations held by PPI and (ii) the Trademark license granted under Section 2.3 shall continue in effect following such termination on a perpetual basis and EKR shall be responsible for all costs associated with the maintenance of such Trademark.",in addition i ppi shall transfer to ekr any marketing authorizations held by ppi and ii the trademark license granted under section 2 3 shall continue in effect following such termination on a perpetual basis and ekr shall be responsible for all costs associated with the maintenance of such trademark,Post-Termination Services,CUAD_train_contracts,cuad_train
"PACIRA PHARMACEUTICALS, INC. - A_R STRATEGIC LICENSING, DISTRIBUTION AND MARKETING AGREEMENT","In such event, the Royalty payments payable hereunder shall continue to be paid; provided, however, that all costs incurred by EKR in the transfer of manufacturing information from PPI and obtaining FDA approval of the manufacture of the Products by EKR or EKR's designee, and any other amounts due to EKR, shall be deducted from any royalties payable to PPI.",in such event the royalty payments payable hereunder shall continue to be paid provided however that all costs incurred by ekr in the transfer of manufacturing information from ppi and obtaining fda approval of the manufacture of the products by ekr or ekr s designee and any other amounts due to ekr shall be deducted from any royalties payable to ppi,Post-Termination Services,CUAD_train_contracts,cuad_train
"PACIRA PHARMACEUTICALS, INC. - A_R STRATEGIC LICENSING, DISTRIBUTION AND MARKETING AGREEMENT","EKR shall maintain and shall procure the maintenance of accurate and up to date records and books of account showing the quantity, description and value of the Products supplied in each country of the Territory during the previous six (6) Calendar Years.",ekr shall maintain and shall procure the maintenance of accurate and up to date records and books of account showing the quantity description and value of the products supplied in each country of the territory during the previous six 6 calendar years,Post-Termination Services,CUAD_train_contracts,cuad_train
"PACIRA PHARMACEUTICALS, INC. - A_R STRATEGIC LICENSING, DISTRIBUTION AND MARKETING AGREEMENT","existing stocks of the Product in the Territory for so long as PPI deems necessary to ensure that sale of the Product is not disrupted provided that EKR and its Affiliates shall cease such sale immediately upon notification from PPI and in any event EKR shall not so sell for a period of longer than three (3) months following the date of termination. Immediately upon notification from PPI, such post termination sales shall cease.",existing stocks of the product in the territory for so long as ppi deems necessary to ensure that sale of the product is not disrupted provided that ekr and its affiliates shall cease such sale immediately upon notification from ppi and in any event ekr shall not so sell for a period of longer than three 3 months following the date of termination immediately upon notification from ppi such post termination sales shall cease,Post-Termination Services,CUAD_train_contracts,cuad_train
"PACIRA PHARMACEUTICALS, INC. - A_R STRATEGIC LICENSING, DISTRIBUTION AND MARKETING AGREEMENT","The Parties acknowledge that effective upon the termination or expiration of the Transition Services and Inventory Agreement, PPI has",the parties acknowledge that effective upon the termination or expiration of the transition services and inventory agreement ppi has,Post-Termination Services,CUAD_train_contracts,cuad_train
"PACIRA PHARMACEUTICALS, INC. - A_R STRATEGIC LICENSING, DISTRIBUTION AND MARKETING AGREEMENT","Upon completion of such inspection, PPI shall not be entitled to inspect nor shall EKR be required to make available the records and books for any Calendar Year for which such inspection was previously undertaken.",upon completion of such inspection ppi shall not be entitled to inspect nor shall ekr be required to make available the records and books for any calendar year for which such inspection was previously undertaken,Audit Rights,CUAD_train_contracts,cuad_train
"PACIRA PHARMACEUTICALS, INC. - A_R STRATEGIC LICENSING, DISTRIBUTION AND MARKETING AGREEMENT",and books referred to in Section 7.2.,and books referred to in section 7 2,Audit Rights,CUAD_train_contracts,cuad_train
"PACIRA PHARMACEUTICALS, INC. - A_R STRATEGIC LICENSING, DISTRIBUTION AND MARKETING AGREEMENT","EKR shall during business hours, on no less than 14 day's notice from PPI and not more than once in any Calendar Year, make available for inspection the records",ekr shall during business hours on no less than 14 day s notice from ppi and not more than once in any calendar year make available for inspection the records,Audit Rights,CUAD_train_contracts,cuad_train
"PACIRA PHARMACEUTICALS, INC. - A_R STRATEGIC LICENSING, DISTRIBUTION AND MARKETING AGREEMENT",Such inspection shall be undertaken by an independent auditor appointed by PPI and reasonably acceptable to EKR for the purpose of verifying the accuracy of any statement or report given by EKR to PPI and/or the amount of Royalties due.,such inspection shall be undertaken by an independent auditor appointed by ppi and reasonably acceptable to ekr for the purpose of verifying the accuracy of any statement or report given by ekr to ppi and or the amount of royalties due,Audit Rights,CUAD_train_contracts,cuad_train
"PACIRA PHARMACEUTICALS, INC. - A_R STRATEGIC LICENSING, DISTRIBUTION AND MARKETING AGREEMENT","(b) from time to time consult with PPI's representatives for the purpose of assessing the state of the market in each country of the Territory and permit representatives of PPI, on reasonable prior notice, to inspect any premises or documents used in connection with the marketing, distribution and sale of the Products;",b from time to time consult with ppi s representatives for the purpose of assessing the state of the market in each country of the territory and permit representatives of ppi on reasonable prior notice to inspect any premises or documents used in connection with the marketing distribution and sale of the products,Audit Rights,CUAD_train_contracts,cuad_train
"PACIRA PHARMACEUTICALS, INC. - A_R STRATEGIC LICENSING, DISTRIBUTION AND MARKETING AGREEMENT","In connection with the promotion, marketing and sale of the Product, EKR shall, without limitation:",in connection with the promotion marketing and sale of the product ekr shall without limitation,Audit Rights,CUAD_train_contracts,cuad_train
"PACIRA PHARMACEUTICALS, INC. - A_R STRATEGIC LICENSING, DISTRIBUTION AND MARKETING AGREEMENT",however that such limitation shall not apply to the extent that EKR or any EKR Indemnified Party is required to pay in excess of such amount to a third party in respect of a final judgment or order obtained by the third party or as a result of PPI's breach of Section 7.2.12 of the Supply Agreement.,however that such limitation shall not apply to the extent that ekr or any ekr indemnified party is required to pay in excess of such amount to a third party in respect of a final judgment or order obtained by the third party or as a result of ppi s breach of section 7 2 12 of the supply agreement,Uncapped Liability,CUAD_train_contracts,cuad_train
"PACIRA PHARMACEUTICALS, INC. - A_R STRATEGIC LICENSING, DISTRIBUTION AND MARKETING AGREEMENT","Any and all liability of PPI to EKR howsoever arising in respect of this Agreement, the Transition Services and Inventory Agreement or the Supply Agreement and their performance, in contract tort or otherwise, shall be limited (except for death or personal injury caused by the negligence of PPI or its employees while acting in the course of their employment) to [**] US Dollars ($[**]); provided",any and all liability of ppi to ekr howsoever arising in respect of this agreement the transition services and inventory agreement or the supply agreement and their performance in contract tort or otherwise shall be limited except for death or personal injury caused by the negligence of ppi or its employees while acting in the course of their employment to us dollars provided,Uncapped Liability,CUAD_train_contracts,cuad_train
"PACIRA PHARMACEUTICALS, INC. - A_R STRATEGIC LICENSING, DISTRIBUTION AND MARKETING AGREEMENT","Any and all liability of EKR to PPI howsoever arising in respect of this Agreement, the Transition Services and Inventory Agreement or the Supply Agreement and their performance in contract tort or otherwise shall be limited (except for death or personal injury caused by the negligence of EKR or its employees while acting in the course of their employment, and except in relation to any specified payment, lump sum, milestone or royalty payment unpaid) to [**] US Dollars ($[**]); provided however that such limitation shall not apply to the extent that PPI or any PPI Indemnified Party is required to pay in excess of such amount to a third party in respect of a final judgment or order obtained by the third party.",any and all liability of ekr to ppi howsoever arising in respect of this agreement the transition services and inventory agreement or the supply agreement and their performance in contract tort or otherwise shall be limited except for death or personal injury caused by the negligence of ekr or its employees while acting in the course of their employment and except in relation to any specified payment lump sum milestone or royalty payment unpaid to us dollars provided however that such limitation shall not apply to the extent that ppi or any ppi indemnified party is required to pay in excess of such amount to a third party in respect of a final judgment or order obtained by the third party,Uncapped Liability,CUAD_train_contracts,cuad_train
"PACIRA PHARMACEUTICALS, INC. - A_R STRATEGIC LICENSING, DISTRIBUTION AND MARKETING AGREEMENT","Notwithstanding anything contained in this Agreement or the Transition Services and Inventory Agreement or the Supply Agreement in no circumstance shall either Party be liable to the other in contract, tort (including negligence or breach of statutory duty) or otherwise howsoever, and whatever the cause thereof, for any special, indirect or consequential loss or damage of any nature whatsoever except in the cases of fraud or intentional misconduct or in the case of PPI as a result of PPI's breach of Section 7.2.12 of the Supply Agreement.",notwithstanding anything contained in this agreement or the transition services and inventory agreement or the supply agreement in no circumstance shall either party be liable to the other in contract tort including negligence or breach of statutory duty or otherwise howsoever and whatever the cause thereof for any special indirect or consequential loss or damage of any nature whatsoever except in the cases of fraud or intentional misconduct or in the case of ppi as a result of ppi s breach of section 7 2 12 of the supply agreement,Cap On Liability,CUAD_train_contracts,cuad_train
"PACIRA PHARMACEUTICALS, INC. - A_R STRATEGIC LICENSING, DISTRIBUTION AND MARKETING AGREEMENT","Each Party shall maintain, at its own cost, comprehensive product liability insurance, general commercial liability insurance and business interruption insurance at a level which is reasonable and customary taking into account the nature of the Product but which shall have combined limits of not less than $[**] per occurrence.",each party shall maintain at its own cost comprehensive product liability insurance general commercial liability insurance and business interruption insurance at a level which is reasonable and customary taking into account the nature of the product but which shall have combined limits of not less than per occurrence,Insurance,CUAD_train_contracts,cuad_train
"PACIRA PHARMACEUTICALS, INC. - A_R STRATEGIC LICENSING, DISTRIBUTION AND MARKETING AGREEMENT",Each Party will provide to the other Party evidence of its insurance and thirty (30) days prior written notice of any cancellation of its coverage or reduction in coverage from the requirements stated herein.,each party will provide to the other party evidence of its insurance and thirty 30 days prior written notice of any cancellation of its coverage or reduction in coverage from the requirements stated herein,Insurance,CUAD_train_contracts,cuad_train
"PACIRA PHARMACEUTICALS, INC. - A_R STRATEGIC LICENSING, DISTRIBUTION AND MARKETING AGREEMENT","During the Lease Term, PPI shall:",during the lease term ppi shall,Insurance,CUAD_train_contracts,cuad_train
"PACIRA PHARMACEUTICALS, INC. - A_R STRATEGIC LICENSING, DISTRIBUTION AND MARKETING AGREEMENT",maintain property damage and liability insurance and insurance against loss or damage to the Transferred Equipment as part of PPI's general liability insurance.,maintain property damage and liability insurance and insurance against loss or damage to the transferred equipment as part of ppi s general liability insurance,Insurance,CUAD_train_contracts,cuad_train
"MetLife, Inc. - Remarketing Agreement",Remarketing Agreement,remarketing agreement,Document Name,CUAD_train_contracts,cuad_train
"MetLife, Inc. - Remarketing Agreement",Deutsche Bank Trust Company America,deutsche bank trust company america,Parties,CUAD_train_contracts,cuad_train
"MetLife, Inc. - Remarketing Agreement",Deutsche Bank Securities Inc.,deutsche bank securities inc,Parties,CUAD_train_contracts,cuad_train
"MetLife, Inc. - Remarketing Agreement",Stock Purchase Contract Agent,stock purchase contract agent,Parties,CUAD_train_contracts,cuad_train
"MetLife, Inc. - Remarketing Agreement","obligations of the Remarketing Agents may be terminated by them by notice given to the Company prior to 12:00 noon, New York City time on the Remarketing Settlement Date if, prior to that time, any of the applicable conditions precedent to the obligations of the Remarketing Agents described in Section 5 hereof shall have failed to occur.",obligations of the remarketing agents may be terminated by them by notice given to the company prior to 12 00 noon new york city time on the remarketing settlement date if prior to that time any of the applicable conditions precedent to the obligations of the remarketing agents described in section 5 hereof shall have failed to occur,Expiration Date,CUAD_train_contracts,cuad_train
"MetLife, Inc. - Remarketing Agreement","THIS REMARKETING AGREEMENT AND THE PRICING AGREEMENT SHALL BE GOVERNED BY AND CONSTRUED IN ACCORDANCE WITH THE LAWS OF THE STATE OF NEW YORK, WITHOUT REGARD TO PRINCIPLES OF CONFLICTS OF LAW TO THE EXTENT THAT SUCH PRINCIPLES WOULD REQUIRE OR PERMIT THE APPLICATION OF LAWS OF ANOTHER JURISDICTION.",this remarketing agreement and the pricing agreement shall be governed by and construed in accordance with the laws of the state of new york without regard to principles of conflicts of law to the extent that such principles would require or permit the application of laws of another jurisdiction,Governing Law,CUAD_train_contracts,cuad_train
"MetLife, Inc. - Remarketing Agreement","Notwithstanding the provisions of this subsection (d), no Remarketing Agent shall be required to contribute any amount in excess of the amount by which the total price at which the applicable Securities remarketed by it and distributed to the public were offered to the public exceeds the amount of any damages which such Remarketing Agent has otherwise been required to pay by reason of such untrue or alleged untrue statement or omission or alleged omission.",notwithstanding the provisions of this subsection d no remarketing agent shall be required to contribute any amount in excess of the amount by which the total price at which the applicable securities remarketed by it and distributed to the public were offered to the public exceeds the amount of any damages which such remarketing agent has otherwise been required to pay by reason of such untrue or alleged untrue statement or omission or alleged omission,Cap On Liability,CUAD_train_contracts,cuad_train
"MetLife, Inc. - Remarketing Agreement","Each Significant Subsidiary that is required to be organized or licensed as an insurance company in its jurisdiction of incorporation (each, an ""Insurance Subsidiary"" and collectively, the ""Insurance Subsidiaries"") is licensed",each significant subsidiary that is required to be organized or licensed as an insurance company in its jurisdiction of incorporation each an insurance subsidiary and collectively the insurance subsidiaries is licensed,Insurance,CUAD_train_contracts,cuad_train
"MetLife, Inc. - Remarketing Agreement","as an insurance company in its respective jurisdiction of incorporation and is duly licensed or authorized as an insurer in each other jurisdiction where it is required to be so licensed or authorized to conduct its business, in each case with such exceptions as would not have, individually or in the aggregate, a Material Adverse Effect; except as otherwise described in the Disclosure Package, each Insurance Subsidiary has all other approvals, orders, consents, authorizations, licenses, certificates, permits, registrations and qualifications (collectively, the ""Approvals"") of and from all insurance regulatory authorities to conduct its business, with such exceptions as would not have, individually or in the aggregate, a Material Adverse Effect; there is no pending or, to the knowledge of the Company, threatened action, suit, proceeding or investigation that could reasonably be expected to lead to any revocation, termination or suspension of any such Approval, the revocation, termination or suspension of which would have, individually or in the aggregate, a Material Adverse Effect; and, to the knowledge of the Company, no insurance regulatory agency or body has issued any order or decree impairing, restricting or prohibiting the payment of dividends by any Insurance Subsidiary to its parent which would have, individually or in the aggregate, a Material Adverse Effect.",as an insurance company in its respective jurisdiction of incorporation and is duly licensed or authorized as an insurer in each other jurisdiction where it is required to be so licensed or authorized to conduct its business in each case with such exceptions as would not have individually or in the aggregate a material adverse effect except as otherwise described in the disclosure package each insurance subsidiary has all other approvals orders consents authorizations licenses certificates permits registrations and qualifications collectively the approvals of and from all insurance regulatory authorities to conduct its business with such exceptions as would not have individually or in the aggregate a material adverse effect there is no pending or to the knowledge of the company threatened action suit proceeding or investigation that could reasonably be expected to lead to any revocation termination or suspension of any such approval the revocation termination or suspension of which would have individually or in the aggregate a material adverse effect and to the knowledge of the company no insurance regulatory agency or body has issued any order or decree impairing restricting or prohibiting the payment of dividends by any insurance subsidiary to its parent which would have individually or in the aggregate a material adverse effect,Insurance,CUAD_train_contracts,cuad_train
"MetLife, Inc. - Remarketing Agreement","Each Insurance Subsidiary is in compliance with and conducts its businesses in conformity with all applicable insurance laws and regulations of its respective jurisdiction of incorporation and the insurance laws and regulations of other jurisdictions which are applicable to it, in each case with such exceptions as would not have, individually or in the aggregate, a Material Adverse Effect.",each insurance subsidiary is in compliance with and conducts its businesses in conformity with all applicable insurance laws and regulations of its respective jurisdiction of incorporation and the insurance laws and regulations of other jurisdictions which are applicable to it in each case with such exceptions as would not have individually or in the aggregate a material adverse effect,Insurance,CUAD_train_contracts,cuad_train
DOMINIADVISORTRUST_02_18_2005-EX-99.(H)(2)-SPONSORSHIP AGREEMENT,SPONSORSHIP AGREEMENT,sponsorship agreement,Document Name,CUAD_train_contracts,cuad_train
DOMINIADVISORTRUST_02_18_2005-EX-99.(H)(2)-SPONSORSHIP AGREEMENT,"""Domini"" or the ""Sponsor""",domini or the sponsor,Parties,CUAD_train_contracts,cuad_train
DOMINIADVISORTRUST_02_18_2005-EX-99.(H)(2)-SPONSORSHIP AGREEMENT,Domini Advisor Trust,domini advisor trust,Parties,CUAD_train_contracts,cuad_train
DOMINIADVISORTRUST_02_18_2005-EX-99.(H)(2)-SPONSORSHIP AGREEMENT,Domini Social Investments LLC,domini social investments llc,Parties,CUAD_train_contracts,cuad_train
DOMINIADVISORTRUST_02_18_2005-EX-99.(H)(2)-SPONSORSHIP AGREEMENT,"This Agreement shall become effective as of the day and year first above written and shall govern the relations between the parties hereto thereafter, unless terminated as set forth in this Section 6.",this agreement shall become effective as of the day and year first above written and shall govern the relations between the parties hereto thereafter unless terminated as set forth in this section 6,Effective Date,CUAD_train_contracts,cuad_train
DOMINIADVISORTRUST_02_18_2005-EX-99.(H)(2)-SPONSORSHIP AGREEMENT,This Agreement shall be construed and enforced and interpreted in accordance with and governed by the laws of the Commonwealth of Massachusetts without reference to principles of conflicts of law.,this agreement shall be construed and enforced and interpreted in accordance with and governed by the laws of the commonwealth of massachusetts without reference to principles of conflicts of law,Governing Law,CUAD_train_contracts,cuad_train
DOMINIADVISORTRUST_02_18_2005-EX-99.(H)(2)-SPONSORSHIP AGREEMENT,"This Agreement may be terminated at any time, without the payment of any penalty, with respect to any series or the Trust, by the Board of Trustees of the Trust, or by the Sponsor, in each case on not less than 60 days' written notice to the other party.",this agreement may be terminated at any time without the payment of any penalty with respect to any series or the trust by the board of trustees of the trust or by the sponsor in each case on not less than 60 days written notice to the other party,Termination For Convenience,CUAD_train_contracts,cuad_train
DOMINIADVISORTRUST_02_18_2005-EX-99.(H)(2)-SPONSORSHIP AGREEMENT,"For the services to be rendered and facilities to be provided by the Sponsor hereunder, the Trust shall pay Domini a fee accrued daily and payable monthly at an annual rate equal to 0.50% of the Trust's average daily net assets for the Trust's then current fiscal year.",for the services to be rendered and facilities to be provided by the sponsor hereunder the trust shall pay domini a fee accrued daily and payable monthly at an annual rate equal to 0 50 of the trust s average daily net assets for the trust s then current fiscal year,Revenue/Profit Sharing,CUAD_train_contracts,cuad_train
DOMINIADVISORTRUST_02_18_2005-EX-99.(H)(2)-SPONSORSHIP AGREEMENT,Limitation of Liability of the Sponsor.,limitation of liability of the sponsor,Cap On Liability,CUAD_train_contracts,cuad_train
PfHospitalityGroupInc_20150923_10-12G_EX-10.1_9266710_EX-10.1_Franchise Agreement3,SAMPLE OF NON-DISCLOSURE AND NON-COMPETITION AGREEMENT,sample of non disclosure and non competition agreement,Document Name,CUAD_train_contracts,cuad_train
PfHospitalityGroupInc_20150923_10-12G_EX-10.1_9266710_EX-10.1_Franchise Agreement3,___________________________,,Parties,CUAD_train_contracts,cuad_train
PfHospitalityGroupInc_20150923_10-12G_EX-10.1_9266710_EX-10.1_Franchise Agreement3,"this _____ day of _________, 20___",this day of 20,Agreement Date,CUAD_train_contracts,cuad_train
PfHospitalityGroupInc_20150923_10-12G_EX-10.1_9266710_EX-10.1_Franchise Agreement3,"Member covenants and agrees that during the Post-Term Period (defined below), except as otherwise approved in writing by Franchisor, Member shall not, either directly or indirectly, own, manage, engage in, be employed by, advise, make loans to, consult for, or have any other interest in any Competitive Business that is, or intends to operate, within a three (3) mile radius of the premises of your Franchised Business or within a three (3) mile radius of any Franchised Business then-operating or under construction to operate under the System.",member covenants and agrees that during the post term period defined below except as otherwise approved in writing by franchisor member shall not either directly or indirectly own manage engage in be employed by advise make loans to consult for or have any other interest in any competitive business that is or intends to operate within a three 3 mile radius of the premises of your franchised business or within a three 3 mile radius of any franchised business then operating or under construction to operate under the system,Non-Compete,CUAD_train_contracts,cuad_train
PfHospitalityGroupInc_20150923_10-12G_EX-10.1_9266710_EX-10.1_Franchise Agreement3,"Member covenants and agrees that during the term of the Franchise Agreement, except as otherwise approved in writing by Franchisor, Member shall not, either directly or indirectly, for itself, or through, on behalf of, or in conjunction with any person, persons, partnership, corporation, or entity: (i) Own, manage, engage in, be employed by, advise, make loans to, consult for, rent or lease to, or have any other interest in business that (directly or indirectly) operates, or grants franchises or licenses to operate, a restaurant featuring pizza and related food specialties or that offers products or services substantially similar to those then offered by Pizza Fusions Restaurants (""Competitive Business"");",member covenants and agrees that during the term of the franchise agreement except as otherwise approved in writing by franchisor member shall not either directly or indirectly for itself or through on behalf of or in conjunction with any person persons partnership corporation or entity i own manage engage in be employed by advise make loans to consult for rent or lease to or have any other interest in business that directly or indirectly operates or grants franchises or licenses to operate a restaurant featuring pizza and related food specialties or that offers products or services substantially similar to those then offered by pizza fusions restaurants competitive business,Non-Compete,CUAD_train_contracts,cuad_train
PfHospitalityGroupInc_20150923_10-12G_EX-10.1_9266710_EX-10.1_Franchise Agreement3,"Member covenants and agrees that during the term of the Franchise Agreement, except as otherwise approved in writing by Franchisor, Member shall not, either directly or indirectly, for itself, or through, on behalf of, or in conjunction with any person, persons, partnership, corporation, or entity:",member covenants and agrees that during the term of the franchise agreement except as otherwise approved in writing by franchisor member shall not either directly or indirectly for itself or through on behalf of or in conjunction with any person persons partnership corporation or entity,No-Solicit Of Customers,CUAD_train_contracts,cuad_train
PfHospitalityGroupInc_20150923_10-12G_EX-10.1_9266710_EX-10.1_Franchise Agreement3,"(ii) Divert or attempt to divert any business or customer, or potential business or customer, to any Competitive Business;",ii divert or attempt to divert any business or customer or potential business or customer to any competitive business,No-Solicit Of Customers,CUAD_train_contracts,cuad_train
PfHospitalityGroupInc_20150923_10-12G_EX-10.1_9266710_EX-10.1_Franchise Agreement3,(iii) Induce any person to leave his or her employment with Franchisee or Franchisor.,iii induce any person to leave his or her employment with franchisee or franchisor,No-Solicit Of Employees,CUAD_train_contracts,cuad_train
PfHospitalityGroupInc_20150923_10-12G_EX-10.1_9266710_EX-10.1_Franchise Agreement3,"Member hereby acknowledges and agrees that Franchisor is an intended third-party beneficiary of this Agreement with the right to enforce it, independently or jointly with Franchisee.",member hereby acknowledges and agrees that franchisor is an intended third party beneficiary of this agreement with the right to enforce it independently or jointly with franchisee,Third Party Beneficiary,CUAD_train_contracts,cuad_train
ReynoldsConsumerProductsInc_20191115_S-1_EX-10.18_11896469_EX-10.18_Supply Agreement,MASTER SUPPLY AGREEMENT,master supply agreement,Document Name,CUAD_train_contracts,cuad_train
ReynoldsConsumerProductsInc_20191115_S-1_EX-10.18_11896469_EX-10.18_Supply Agreement,REYNOLDS CONSUMER PRODUCTS LLC,reynolds consumer products llc,Parties,CUAD_train_contracts,cuad_train
ReynoldsConsumerProductsInc_20191115_S-1_EX-10.18_11896469_EX-10.18_Supply Agreement,"Seller and Buyer are referred to individually at times as a ""Party"" and collectively at times as the ""Parties"".",seller and buyer are referred to individually at times as a party and collectively at times as the parties,Parties,CUAD_train_contracts,cuad_train
ReynoldsConsumerProductsInc_20191115_S-1_EX-10.18_11896469_EX-10.18_Supply Agreement,"The ""Term"" of this Agreement will commence on the Effective Date and will end on the earlier of: (a) the first anniversary of the expiration date of the last Purchase Schedule (as defined in this next Section); (b) a termination date elected by a Party in a written notice delivered to the other Party any time after the expiration of the last Purchase Schedule; or (c) a termination date elected by a Party in a written notice delivered to the other Party as provided in Subsection 11(d) of this Agreement.",the term of this agreement will commence on the effective date and will end on the earlier of a the first anniversary of the expiration date of the last purchase schedule as defined in this next section b a termination date elected by a party in a written notice delivered to the other party any time after the expiration of the last purchase schedule or c a termination date elected by a party in a written notice delivered to the other party as provided in subsection 11 d of this agreement,Expiration Date,CUAD_train_contracts,cuad_train
ReynoldsConsumerProductsInc_20191115_S-1_EX-10.18_11896469_EX-10.18_Supply Agreement,"This Agreement and all claims or causes of action arising out of or related to this Agreement shall be governed in all respects, including as to validity, interpretation and effect, by the laws of the State of Illinois and the United States of America, without giving effect to its principles or rules of conflict of laws.",this agreement and all claims or causes of action arising out of or related to this agreement shall be governed in all respects including as to validity interpretation and effect by the laws of the state of illinois and the united states of america without giving effect to its principles or rules of conflict of laws,Governing Law,CUAD_train_contracts,cuad_train
ReynoldsConsumerProductsInc_20191115_S-1_EX-10.18_11896469_EX-10.18_Supply Agreement,"A change of control shall be deemed an assignment requiring consent hereunder provided that any transfer or assignment that results in Seller's and Buyer's current common parent, Reynolds Group Holdings Limited, ceasing to control either party shall not require consent of the other party.",a change of control shall be deemed an assignment requiring consent hereunder provided that any transfer or assignment that results in seller s and buyer s current common parent reynolds group holdings limited ceasing to control either party shall not require consent of the other party,Change Of Control,CUAD_train_contracts,cuad_train
ReynoldsConsumerProductsInc_20191115_S-1_EX-10.18_11896469_EX-10.18_Supply Agreement,"This Agreement, its rights and obligations, is not assignable or transferable by either Party, in whole or in part, except with the prior written consent of the other Party, which consent will not be unreasonably withheld, conditioned or delayed.",this agreement its rights and obligations is not assignable or transferable by either party in whole or in part except with the prior written consent of the other party which consent will not be unreasonably withheld conditioned or delayed,Anti-Assignment,CUAD_train_contracts,cuad_train
ReynoldsConsumerProductsInc_20191115_S-1_EX-10.18_11896469_EX-10.18_Supply Agreement,"Notwithstanding the preceding sentences, this Subsection will not limit the liability of a Party for any amount or type of damages for: (1) the defense and indemnification of an Indemnified Claim on which the Party is the Indemnifying Party; (2) infringement by the Party on the intellectual property of the other Party; (3) the unauthorized disclosure or use by the Party of the Confidential Information of the other Party; (4) payment or reimbursement of any amount expressly required to be paid or reimbursed by the Party under a provision of this Agreement; or (5) the intentional misconduct of the Party in violation of Applicable Laws.",notwithstanding the preceding sentences this subsection will not limit the liability of a party for any amount or type of damages for 1 the defense and indemnification of an indemnified claim on which the party is the indemnifying party 2 infringement by the party on the intellectual property of the other party 3 the unauthorized disclosure or use by the party of the confidential information of the other party 4 payment or reimbursement of any amount expressly required to be paid or reimbursed by the party under a provision of this agreement or 5 the intentional misconduct of the party in violation of applicable laws,Uncapped Liability,CUAD_train_contracts,cuad_train
ReynoldsConsumerProductsInc_20191115_S-1_EX-10.18_11896469_EX-10.18_Supply Agreement,A Party that breaches this Agreement will only be liable to the other Party for direct damages arising from the breach.,a party that breaches this agreement will only be liable to the other party for direct damages arising from the breach,Cap On Liability,CUAD_train_contracts,cuad_train
ReynoldsConsumerProductsInc_20191115_S-1_EX-10.18_11896469_EX-10.18_Supply Agreement,"Each Party waives any right to recover consequential, incidental, indirect, exemplary, punitive or any other types of indirect damages from the other Party for a breach of this Agreement.",each party waives any right to recover consequential incidental indirect exemplary punitive or any other types of indirect damages from the other party for a breach of this agreement,Cap On Liability,CUAD_train_contracts,cuad_train
ReynoldsConsumerProductsInc_20191115_S-1_EX-10.18_11896469_EX-10.18_Supply Agreement,"If a Buyer receives a product that fails to conform to these representations and warranties, the sole remedies of Buyer for the breach of warranty will be to: (1) reject and return the non-conforming product to Seller for a refund or credit, or a replacement conforming product, in the manner and time period provided in the SOP; (2) obtain reimbursement from Seller for actual, reasonable, substantiated out-of-pocket expenses incurred by Buyer in the recovery, return or disposal of a non-conforming product that is the subject of a mandatory product recall required under Applicable Laws or a voluntary withdrawal declared by Seller or approved by Seller (such approval not to be unreasonably withheld, conditioned or delayed); and (3) obtain indemnification from Seller for any Indemnified Claim arising from or related to the non-conforming product as provided in Section 7.",if a buyer receives a product that fails to conform to these representations and warranties the sole remedies of buyer for the breach of warranty will be to 1 reject and return the non conforming product to seller for a refund or credit or a replacement conforming product in the manner and time period provided in the sop 2 obtain reimbursement from seller for actual reasonable substantiated out of pocket expenses incurred by buyer in the recovery return or disposal of a non conforming product that is the subject of a mandatory product recall required under applicable laws or a voluntary withdrawal declared by seller or approved by seller such approval not to be unreasonably withheld conditioned or delayed and 3 obtain indemnification from seller for any indemnified claim arising from or related to the non conforming product as provided in section 7,Cap On Liability,CUAD_train_contracts,cuad_train
ReynoldsConsumerProductsInc_20191115_S-1_EX-10.18_11896469_EX-10.18_Supply Agreement,"Employers' Liability Insurance. Occurrence based coverage with a limit of at least $10,000,000 per occurrence or any greater limits set by Applicable Law workplace and work related injuries and illnesses to the employees of a Party. Requires waiver of alternate employer endorsement.",employers liability insurance occurrence based coverage with a limit of at least 10 000 000 per occurrence or any greater limits set by applicable law workplace and work related injuries and illnesses to the employees of a party requires waiver of alternate employer endorsement,Insurance,CUAD_train_contracts,cuad_train
ReynoldsConsumerProductsInc_20191115_S-1_EX-10.18_11896469_EX-10.18_Supply Agreement,"Property Insurance. Coverage providing ""all risk"" property insurance at the replacement value of the machinery, equipment, fixtures, tools, materials and other property of the Party. ""All risk"" coverage will include, by way of example and not limitation, loss or damage resulting from earthquakes, floods, wind, fire or other natural or weather-related phenomenon. Requires waiver of subrogation endorsement.",property insurance coverage providing all risk property insurance at the replacement value of the machinery equipment fixtures tools materials and other property of the party all risk coverage will include by way of example and not limitation loss or damage resulting from earthquakes floods wind fire or other natural or weather related phenomenon requires waiver of subrogation endorsement,Insurance,CUAD_train_contracts,cuad_train
ReynoldsConsumerProductsInc_20191115_S-1_EX-10.18_11896469_EX-10.18_Supply Agreement,"An insuring Party must deliver the following written evidence of the required insurance coverage to the other Party (Attention: Risk Management), or its designated insurance monitoring service, within ten (10) of written request and at least thirty (30) days in advance of the expiration of a then current policy term (if a declaration or endorsement is not available from an insurer at the time requested or required, an insuring Party will provide them as soon as the declaration or endorsement is available from the insurer): i. Certificate of insurance confirming that the required insurance coverage and minimal limits are met for the extended, renewed or replacement policy term. ii. Declaration pages of insurance policy (or a copy of the binder until the declaration pages are available) confirming that the required insurance coverage and minimal limits are met for the extended, renewed or replacement policy term. iii. Copies of additional insured endorsements required for applicable policies in the name and for the benefit of: ""[NAME OF OTHER PARTY], its parent, subsidiaries and affiliates; any lessors of the foregoing and any mortgagees, deed of trust beneficiaries and secured creditors of such lessors; and any successors and assignees of all of the foregoing."" iv. Copies of alternate employer endorsements and waiver of subrogation endorsements required for applicable policies in the name and for the benefit of: """"[NAME OF OTHER PARTY], its parent, subsidiaries and affiliates; any lessors of the foregoing and any mortgagees, deed of trust beneficiaries and secured creditors of such lessors; and any successors and assignees of all of the foregoing.""",an insuring party must deliver the following written evidence of the required insurance coverage to the other party attention risk management or its designated insurance monitoring service within ten 10 of written request and at least thirty 30 days in advance of the expiration of a then current policy term if a declaration or endorsement is not available from an insurer at the time requested or required an insuring party will provide them as soon as the declaration or endorsement is available from the insurer i certificate of insurance confirming that the required insurance coverage and minimal limits are met for the extended renewed or replacement policy term ii declaration pages of insurance policy or a copy of the binder until the declaration pages are available confirming that the required insurance coverage and minimal limits are met for the extended renewed or replacement policy term iii copies of additional insured endorsements required for applicable policies in the name and for the benefit of name of other party its parent subsidiaries and affiliates any lessors of the foregoing and any mortgagees deed of trust beneficiaries and secured creditors of such lessors and any successors and assignees of all of the foregoing iv copies of alternate employer endorsements and waiver of subrogation endorsements required for applicable policies in the name and for the benefit of name of other party its parent subsidiaries and affiliates any lessors of the foregoing and any mortgagees deed of trust beneficiaries and secured creditors of such lessors and any successors and assignees of all of the foregoing,Insurance,CUAD_train_contracts,cuad_train
ReynoldsConsumerProductsInc_20191115_S-1_EX-10.18_11896469_EX-10.18_Supply Agreement,"All insurers of a Party on such policies must have at all times an A.M. Best financial rating of at least ""A-Minus VII"".",all insurers of a party on such policies must have at all times an a m best financial rating of at least a minus vii,Insurance,CUAD_train_contracts,cuad_train
ReynoldsConsumerProductsInc_20191115_S-1_EX-10.18_11896469_EX-10.18_Supply Agreement,"Workers' Compensation Liability Insurance. Occurrence based coverage providing benefits in the minimal amount required by Applicable Law for workplace and work related injuries and illnesses to the employees of a Party, including, without limitation, Workers Compensation Acts of applicable U.S. States, the U.S. Longshoremen's and Harbor Workers Compensation Act and the U.S. Jones Act. Requires alternate employer endorsement and waiver of subrogation endorsement.",workers compensation liability insurance occurrence based coverage providing benefits in the minimal amount required by applicable law for workplace and work related injuries and illnesses to the employees of a party including without limitation workers compensation acts of applicable u s states the u s longshoremen s and harbor workers compensation act and the u s jones act requires alternate employer endorsement and waiver of subrogation endorsement,Insurance,CUAD_train_contracts,cuad_train
ReynoldsConsumerProductsInc_20191115_S-1_EX-10.18_11896469_EX-10.18_Supply Agreement,"All insurance of an insuring Party must be ""primary and non-contributory"" with respect to any insurance that the other Party may maintain, but only with respect to the negligence or other legal liability of the insuring Party.",all insurance of an insuring party must be primary and non contributory with respect to any insurance that the other party may maintain but only with respect to the negligence or other legal liability of the insuring party,Insurance,CUAD_train_contracts,cuad_train
ReynoldsConsumerProductsInc_20191115_S-1_EX-10.18_11896469_EX-10.18_Supply Agreement,"During the Term of this Agreement, each Party will maintain the following minimum types and amounts of insurance coverage during the Term of this Agreement:",during the term of this agreement each party will maintain the following minimum types and amounts of insurance coverage during the term of this agreement,Insurance,CUAD_train_contracts,cuad_train
ReynoldsConsumerProductsInc_20191115_S-1_EX-10.18_11896469_EX-10.18_Supply Agreement,"Automobile Liability Insurance. Occurrence based coverage with a combined single limit of at least $10,000,000 per occurrence and in the aggregate for owned, non-owned, and hired automotive equipment of the Party. Requires additional insured endorsement and waiver of subrogation endorsement.",automobile liability insurance occurrence based coverage with a combined single limit of at least 10 000 000 per occurrence and in the aggregate for owned non owned and hired automotive equipment of the party requires additional insured endorsement and waiver of subrogation endorsement,Insurance,CUAD_train_contracts,cuad_train
ReynoldsConsumerProductsInc_20191115_S-1_EX-10.18_11896469_EX-10.18_Supply Agreement,"Commercial General Liability Insurance. Occurrence based coverage with a combined single limit of at least $10,000,000 per occurrence and in the aggregate for premises and operations; products and completed operations; contractual liability coverage for indemnities of a Party contained within this Agreement; broad form property damage (including completed operations); explosion, collapse and underground hazards; and personal injury. Requires additional insured endorsement and waiver of subrogation endorsement.",commercial general liability insurance occurrence based coverage with a combined single limit of at least 10 000 000 per occurrence and in the aggregate for premises and operations products and completed operations contractual liability coverage for indemnities of a party contained within this agreement broad form property damage including completed operations explosion collapse and underground hazards and personal injury requires additional insured endorsement and waiver of subrogation endorsement,Insurance,CUAD_train_contracts,cuad_train
IntegrityFunds_20200121_485BPOS_EX-99.E UNDR CONTR_11948727_EX-99.E UNDR CONTR_Service Agreement,DISTRIBUTION AND SERVICES AGREEMENT,distribution and services agreement,Document Name,CUAD_train_contracts,cuad_train
IntegrityFunds_20200121_485BPOS_EX-99.E UNDR CONTR_11948727_EX-99.E UNDR CONTR_Service Agreement,Integrity Short Term Government Fund,integrity short term government fund,Parties,CUAD_train_contracts,cuad_train
IntegrityFunds_20200121_485BPOS_EX-99.E UNDR CONTR_11948727_EX-99.E UNDR CONTR_Service Agreement,"Integrity Funds Distributor, LLC",integrity funds distributor llc,Parties,CUAD_train_contracts,cuad_train
IntegrityFunds_20200121_485BPOS_EX-99.E UNDR CONTR_11948727_EX-99.E UNDR CONTR_Service Agreement,"This Agreement shall continue until January 18, 2022, and thereafter shall continue automatically for successive annual periods ending on January 18th of each year, provided such continuance is specifically approved at least annually by (a) the Fund's Board of Trustees and (b) a vote of a majority (as defined in the 1940 Act) of the Fund's Trustees who are not interested persons (as defined in the 1940 Act) of the Fund and who have no direct or indirect financial interest in the operation of the Plan, in this Agreement, or any agreement related to the Plan (the ""Qualified Trustees""), by vote cast in person at a meeting called for the purpose of voting on such approval.",this agreement shall continue until january 18 2022 and thereafter shall continue automatically for successive annual periods ending on january 18th of each year provided such continuance is specifically approved at least annually by a the fund s board of trustees and b a vote of a majority as defined in the 1940 act of the fund s trustees who are not interested persons as defined in the 1940 act of the fund and who have no direct or indirect financial interest in the operation of the plan in this agreement or any agreement related to the plan the qualified trustees by vote cast in person at a meeting called for the purpose of voting on such approval,Expiration Date,CUAD_train_contracts,cuad_train
IntegrityFunds_20200121_485BPOS_EX-99.E UNDR CONTR_11948727_EX-99.E UNDR CONTR_Service Agreement,This Agreement shall be construed in accordance with the laws of the State of Kansas.,this agreement shall be construed in accordance with the laws of the state of kansas,Governing Law,CUAD_train_contracts,cuad_train
IntegrityFunds_20200121_485BPOS_EX-99.E UNDR CONTR_11948727_EX-99.E UNDR CONTR_Service Agreement,This Agreement will also terminate automatically in the event of its assignment (as defined in the 1940 Act).,this agreement will also terminate automatically in the event of its assignment as defined in the 1940 act,Anti-Assignment,CUAD_train_contracts,cuad_train
IntegrityFunds_20200121_485BPOS_EX-99.E UNDR CONTR_11948727_EX-99.E UNDR CONTR_Service Agreement,"In consideration of the services rendered pursuant to this Agreement, Integrity shall receive the excess, if any, of the sales price, as set forth in the Fund's Registration Statement, over the net asset value of Shares sold by Integrity, as underwriter.",in consideration of the services rendered pursuant to this agreement integrity shall receive the excess if any of the sales price as set forth in the fund s registration statement over the net asset value of shares sold by integrity as underwriter,Revenue/Profit Sharing,CUAD_train_contracts,cuad_train
IntegrityFunds_20200121_485BPOS_EX-99.E UNDR CONTR_11948727_EX-99.E UNDR CONTR_Service Agreement,"The Fund shall also furnish Integrity upon request with: (a) annual audits of the Fund's books and accounts made by independent public accountants regularly retained by the Fund, (b) semi-annual unaudited financial statements pertaining to the Fund, (c) quarterly earnings statements prepared by the Fund, (d) a monthly itemized list of the securities in the portfolio of the Fund, (e) monthly balance sheets as soon as practicable after the end of each month, and (f) from time to time such additional information regarding the Fund's financial condition as Integrity may reasonably request.",the fund shall also furnish integrity upon request with a annual audits of the fund s books and accounts made by independent public accountants regularly retained by the fund b semi annual unaudited financial statements pertaining to the fund c quarterly earnings statements prepared by the fund d a monthly itemized list of the securities in the portfolio of the fund e monthly balance sheets as soon as practicable after the end of each month and f from time to time such additional information regarding the fund s financial condition as integrity may reasonably request,Audit Rights,CUAD_train_contracts,cuad_train
PREMIERBIOMEDICALINC_05_14_2020-EX-10.2-INTELLECTUAL PROPERTY AGREEMENT,Intellectual Property Agreement,intellectual property agreement,Document Name,CUAD_train_contracts,cuad_train
PREMIERBIOMEDICALINC_05_14_2020-EX-10.2-INTELLECTUAL PROPERTY AGREEMENT,"Marv Enterprises, LLC",marv enterprises llc,Parties,CUAD_train_contracts,cuad_train
PREMIERBIOMEDICALINC_05_14_2020-EX-10.2-INTELLECTUAL PROPERTY AGREEMENT,"Each shall be referred to as a ""Party"" and collectively as the ""Parties.""",each shall be referred to as a party and collectively as the parties,Parties,CUAD_train_contracts,cuad_train
PREMIERBIOMEDICALINC_05_14_2020-EX-10.2-INTELLECTUAL PROPERTY AGREEMENT,"Technology Health, Inc.",technology health inc,Parties,CUAD_train_contracts,cuad_train
PREMIERBIOMEDICALINC_05_14_2020-EX-10.2-INTELLECTUAL PROPERTY AGREEMENT,"Premier Biomedical, Inc.",premier biomedical inc,Parties,CUAD_train_contracts,cuad_train
PREMIERBIOMEDICALINC_05_14_2020-EX-10.2-INTELLECTUAL PROPERTY AGREEMENT,"This Agreement and the rights of the Parties hereunder shall be governed by and construed in accordance with the laws of the Commonwealth of Pennsylvania including all matters of construction, validity, performance, and enforcement and without giving effect to the principles of conflict of laws.",this agreement and the rights of the parties hereunder shall be governed by and construed in accordance with the laws of the commonwealth of pennsylvania including all matters of construction validity performance and enforcement and without giving effect to the principles of conflict of laws,Governing Law,CUAD_train_contracts,cuad_train
PREMIERBIOMEDICALINC_05_14_2020-EX-10.2-INTELLECTUAL PROPERTY AGREEMENT,"If THI does not make the obligatory payments as stated in 3(a) by the dates stated, the Exclusive License will revert back to Premier, provided, however, that in such event, THI would still be entitled to a proportionate interest in any Covid-19 Licensed Products, such portion being equal to a fraction, the numerator of which shall be the actual amount paid and the denominator of which shall be $2,000,000.",if thi does not make the obligatory payments as stated in 3 a by the dates stated the exclusive license will revert back to premier provided however that in such event thi would still be entitled to a proportionate interest in any covid 19 licensed products such portion being equal to a fraction the numerator of which shall be the actual amount paid and the denominator of which shall be 2 000 000,Exclusivity,CUAD_train_contracts,cuad_train
PREMIERBIOMEDICALINC_05_14_2020-EX-10.2-INTELLECTUAL PROPERTY AGREEMENT,"The licenses granted herein are exclusive worldwide licenses to: 1. make, have made, use, lease, sell and import Licensed Products for the legal purposes of researching, developing, manufacturing, assembling, distributing, and selling the Licensed Products; 2. make, have made, use and import machines, tools, materials and other instrumentalities, insofar as such machines, tools, materials and other instrumentalities are involved in or incidental to the research, development, manufacture, testing or repair of Licensed Products which are or have been made, used, leased, owned, sold or imported by the Licensee; and 3. convey to any customer of the Licensee, with respect to any Licensed Product which is sold or leased to such customer, rights to use and resell such Licensed Product as sold or leased by Licensee (whether or not as part of a larger combination); provided, however, that no rights may be conveyed to customers with respect to any Invention which is directed to (i) a combination of such Licensed Product (as sold or leased) with any other product, (ii) a method or process which is other than the inherent use of such Licensed Product itself (as sold or leased), or (iii) a method or process involving the use of a Licensed Product to manufacture (including associated testing) any other product.",the licenses granted herein are exclusive worldwide licenses to 1 make have made use lease sell and import licensed products for the legal purposes of researching developing manufacturing assembling distributing and selling the licensed products 2 make have made use and import machines tools materials and other instrumentalities insofar as such machines tools materials and other instrumentalities are involved in or incidental to the research development manufacture testing or repair of licensed products which are or have been made used leased owned sold or imported by the licensee and 3 convey to any customer of the licensee with respect to any licensed product which is sold or leased to such customer rights to use and resell such licensed product as sold or leased by licensee whether or not as part of a larger combination provided however that no rights may be conveyed to customers with respect to any invention which is directed to i a combination of such licensed product as sold or leased with any other product ii a method or process which is other than the inherent use of such licensed product itself as sold or leased or iii a method or process involving the use of a licensed product to manufacture including associated testing any other product,Exclusivity,CUAD_train_contracts,cuad_train
PREMIERBIOMEDICALINC_05_14_2020-EX-10.2-INTELLECTUAL PROPERTY AGREEMENT,"If THI does not make the obligatory payments as stated in 2(b) by the dates stated, the Exclusive License will revert back to Premier.",if thi does not make the obligatory payments as stated in 2 b by the dates stated the exclusive license will revert back to premier,Exclusivity,CUAD_train_contracts,cuad_train
PREMIERBIOMEDICALINC_05_14_2020-EX-10.2-INTELLECTUAL PROPERTY AGREEMENT,"In addition to the 5% amount calculated pursuant to the preceding paragraph, there shall be an identical 5% amount to be paid from THI, per Premier's consideration, to certain shareholders of Premier, as identified by Premier, as of a record date to be determined in the future, on an annual basis, commencing on the one-year anniversary of this Agreement until a total amount of $40,000,000 has been paid to Premier.",in addition to the 5 amount calculated pursuant to the preceding paragraph there shall be an identical 5 amount to be paid from thi per premier s consideration to certain shareholders of premier as identified by premier as of a record date to be determined in the future on an annual basis commencing on the one year anniversary of this agreement until a total amount of 40 000 000 has been paid to premier,Revenue/Profit Sharing,CUAD_train_contracts,cuad_train
PREMIERBIOMEDICALINC_05_14_2020-EX-10.2-INTELLECTUAL PROPERTY AGREEMENT,"Royalty payments are payable from THI to Marv Enterprises, LLC and will be in the amount of 5% of the Fair Market Value of: a. Licensed Product that is sold, leased or put into use by the THI or any Related Companies in the preceding calendar quarter; and b. any service performed by THI or any Related Companies that directly or indirectly uses Licensed Product.",royalty payments are payable from thi to marv enterprises llc and will be in the amount of 5 of the fair market value of a licensed product that is sold leased or put into use by the thi or any related companies in the preceding calendar quarter and b any service performed by thi or any related companies that directly or indirectly uses licensed product,Revenue/Profit Sharing,CUAD_train_contracts,cuad_train
PREMIERBIOMEDICALINC_05_14_2020-EX-10.2-INTELLECTUAL PROPERTY AGREEMENT,THI is granted the following rights to the Applications in Appendix A and the Licensed Products derived therefrom:,thi is granted the following rights to the applications in appendix a and the licensed products derived therefrom,License Grant,CUAD_train_contracts,cuad_train
PREMIERBIOMEDICALINC_05_14_2020-EX-10.2-INTELLECTUAL PROPERTY AGREEMENT,"The grant of each license hereunder includes the right to grant sublicenses to Related Companies for so long as it remains a Related Companies. Any such sublicense may be made effective retroactively, but not prior to the effective date hereof, nor prior to the sublicensee's becoming a Related Company.",the grant of each license hereunder includes the right to grant sublicenses to related companies for so long as it remains a related companies any such sublicense may be made effective retroactively but not prior to the effective date hereof nor prior to the sublicensee s becoming a related company,License Grant,CUAD_train_contracts,cuad_train
PREMIERBIOMEDICALINC_05_14_2020-EX-10.2-INTELLECTUAL PROPERTY AGREEMENT,"Licenses granted herein are solely for products in the form sold by the Licensee and are not to be construed either (i) as consent by the Marv to any act which may be performed by the Licensee, except to the extent impacted by a patent licensed herein to the Licensee, or (ii) to include licenses to contributorily infringe or induce infringement under U.S. law or a foreign equivalent thereof.",licenses granted herein are solely for products in the form sold by the licensee and are not to be construed either i as consent by the marv to any act which may be performed by the licensee except to the extent impacted by a patent licensed herein to the licensee or ii to include licenses to contributorily infringe or induce infringement under u s law or a foreign equivalent thereof,License Grant,CUAD_train_contracts,cuad_train
PREMIERBIOMEDICALINC_05_14_2020-EX-10.2-INTELLECTUAL PROPERTY AGREEMENT,"Any such sublicense may be made effective retroactively, but not prior to the effective date hereof, nor prior to the sublicensee's becoming a Related Company.",any such sublicense may be made effective retroactively but not prior to the effective date hereof nor prior to the sublicensee s becoming a related company,Affiliate License-Licensee,CUAD_train_contracts,cuad_train
PREMIERBIOMEDICALINC_05_14_2020-EX-10.2-INTELLECTUAL PROPERTY AGREEMENT,The grant of each license hereunder includes the right to grant sublicenses to Related Companies for so long as it remains a Related Companies,the grant of each license hereunder includes the right to grant sublicenses to related companies for so long as it remains a related companies,Affiliate License-Licensee,CUAD_train_contracts,cuad_train
"SIBANNAC,INC_12_04_2017-EX-2.1-Strategic Alliance Agreement",Strategic Alliance Agreement,strategic alliance agreement,Document Name,CUAD_train_contracts,cuad_train
"SIBANNAC,INC_12_04_2017-EX-2.1-Strategic Alliance Agreement","Bravatek Solutions, Inc.",bravatek solutions inc,Parties,CUAD_train_contracts,cuad_train
"SIBANNAC,INC_12_04_2017-EX-2.1-Strategic Alliance Agreement","30th day of November, 2017",30th day of november 2017,Agreement Date,CUAD_train_contracts,cuad_train
"SIBANNAC,INC_12_04_2017-EX-2.1-Strategic Alliance Agreement","The term of this Agreement is twelve (12) months from the date hereof, and will be automatically renewed for one (1) additional twelve month period unless either party shall notify the other in writing of its intention not to renew.",the term of this agreement is twelve 12 months from the date hereof and will be automatically renewed for one 1 additional twelve month period unless either party shall notify the other in writing of its intention not to renew,Expiration Date,CUAD_train_contracts,cuad_train
"SIBANNAC,INC_12_04_2017-EX-2.1-Strategic Alliance Agreement","The term of this Agreement is twelve (12) months from the date hereof, and will be automatically renewed for one (1) additional twelve month period unless either party shall notify the other in writing of its intention not to renew. Such notice must be given ninety (90) days prior to expiration of the original term.",the term of this agreement is twelve 12 months from the date hereof and will be automatically renewed for one 1 additional twelve month period unless either party shall notify the other in writing of its intention not to renew such notice must be given ninety 90 days prior to expiration of the original term,Notice Period To Terminate Renewal,CUAD_train_contracts,cuad_train
"SIBANNAC,INC_12_04_2017-EX-2.1-Strategic Alliance Agreement",This Agreement is entered into in the State of Texas and shall be interpreted according to the laws of the State of Texas.,this agreement is entered into in the state of texas and shall be interpreted according to the laws of the state of texas,Governing Law,CUAD_train_contracts,cuad_train
"SIBANNAC,INC_12_04_2017-EX-2.1-Strategic Alliance Agreement",This Agreement may also be terminated by either party upon ninety (90) days written notice.,this agreement may also be terminated by either party upon ninety 90 days written notice,Termination For Convenience,CUAD_train_contracts,cuad_train
"SIBANNAC,INC_12_04_2017-EX-2.1-Strategic Alliance Agreement",This Agreement shall not be assignable by either party without the prior written consent of the other party.,this agreement shall not be assignable by either party without the prior written consent of the other party,Anti-Assignment,CUAD_train_contracts,cuad_train
"SIBANNAC,INC_12_04_2017-EX-2.1-Strategic Alliance Agreement","For any Product or Solution sold to any perspective clients introduced by Bravatek registered with COMPANY via email to COMPANY's CEO and delivered through Bravatek or a COMPANY-designated distribution affiliate(s) or sales channel(s), Bravatek will receive a lead-finder fee, to be mutually discussed and finally decided by COMPANY at the range of minimum of 10% to maximum of 20% of project revenue, with an exact fee to be depending upon the overall project sales margin and cost of development and delivery of each project, payable NET 30 days after each client payment on delivered products received at COMPANY's bank account.",for any product or solution sold to any perspective clients introduced by bravatek registered with company via email to company s ceo and delivered through bravatek or a company designated distribution affiliate s or sales channel s bravatek will receive a lead finder fee to be mutually discussed and finally decided by company at the range of minimum of 10 to maximum of 20 of project revenue with an exact fee to be depending upon the overall project sales margin and cost of development and delivery of each project payable net 30 days after each client payment on delivered products received at company s bank account,Revenue/Profit Sharing,CUAD_train_contracts,cuad_train
INTRICONCORP_03_10_2009-EX-10.22-Strategic Alliance Agreement,Dynamic Hearing Pty Ltd,dynamic hearing pty ltd,Parties,CUAD_train_contracts,cuad_train
INTRICONCORP_03_10_2009-EX-10.22-Strategic Alliance Agreement,IntriCon Corporation,intricon corporation,Parties,CUAD_train_contracts,cuad_train
INTRICONCORP_03_10_2009-EX-10.22-Strategic Alliance Agreement,"1st day of October, 2008",1st day of october 2008,Agreement Date,CUAD_train_contracts,cuad_train
INTRICONCORP_03_10_2009-EX-10.22-Strategic Alliance Agreement,"The initial term of this Agreement shall be five (5) years from the date of execution and may be extended subject to satisfactory agreement on ongoing commercial terms, to be agreed two (2) months prior to the expiration of this Agreement.",the initial term of this agreement shall be five 5 years from the date of execution and may be extended subject to satisfactory agreement on ongoing commercial terms to be agreed two 2 months prior to the expiration of this agreement,Expiration Date,CUAD_train_contracts,cuad_train
INTRICONCORP_03_10_2009-EX-10.22-Strategic Alliance Agreement,"This Agreement is governed by the laws of Victoria, Australia and the parties submit to the jurisdiction of the courts of Victoria, Australia",this agreement is governed by the laws of victoria australia and the parties submit to the jurisdiction of the courts of victoria australia,Governing Law,CUAD_train_contracts,cuad_train
INTRICONCORP_03_10_2009-EX-10.22-Strategic Alliance Agreement,"Commencing on the Exclusivity Date, and continuing for so long as IntriCon continues to make such payments, the license granted to IntriCon under this Agreement will, subject to the terms and conditions of this Agreement, be exclusive for Hearing Aids.",commencing on the exclusivity date and continuing for so long as intricon continues to make such payments the license granted to intricon under this agreement will subject to the terms and conditions of this agreement be exclusive for hearing aids,Exclusivity,CUAD_train_contracts,cuad_train
INTRICONCORP_03_10_2009-EX-10.22-Strategic Alliance Agreement,"Commencing on October 1, 2008, and continuing for so long as IntriCon continues to make minimum payments as defined in 4.3, Dynamic Hearing agrees that it will not license any Dynamic Hearing Technology for Hearing Aids, subject to Clause 3.5.",commencing on october 1 2008 and continuing for so long as intricon continues to make minimum payments as defined in 4 3 dynamic hearing agrees that it will not license any dynamic hearing technology for hearing aids subject to clause 3 5,Exclusivity,CUAD_train_contracts,cuad_train
INTRICONCORP_03_10_2009-EX-10.22-Strategic Alliance Agreement,"Exclusivity Date means October 1, 2008, the date Intricon makes its first quarterly payment of the Minimum Payment;",exclusivity date means october 1 2008 the date intricon makes its first quarterly payment of the minimum payment,Exclusivity,CUAD_train_contracts,cuad_train
INTRICONCORP_03_10_2009-EX-10.22-Strategic Alliance Agreement,"The rights granted under such agreements shall be included as exceptions to the exclusivity of IntriCon's License Grant, if such agreements are executed by Dynamic Hearing and the third party before January 1, 2009.",the rights granted under such agreements shall be included as exceptions to the exclusivity of intricon s license grant if such agreements are executed by dynamic hearing and the third party before january 1 2009,Competitive Restriction Exception,CUAD_train_contracts,cuad_train
INTRICONCORP_03_10_2009-EX-10.22-Strategic Alliance Agreement,To maintain exclusive rights to Dynamic Hearing Technology for Hearing Aids IntriCon will make minimum annual payments to Dynamic Hearing as set out in the Minimum Payment Schedule.,to maintain exclusive rights to dynamic hearing technology for hearing aids intricon will make minimum annual payments to dynamic hearing as set out in the minimum payment schedule,Competitive Restriction Exception,CUAD_train_contracts,cuad_train
INTRICONCORP_03_10_2009-EX-10.22-Strategic Alliance Agreement,"Subject to the provisions of 11.1, Dynamic Hearing may terminate this Agreement upon three (3) months written notice to IntriCon of such termination.",subject to the provisions of 11 1 dynamic hearing may terminate this agreement upon three 3 months written notice to intricon of such termination,Termination For Convenience,CUAD_train_contracts,cuad_train
INTRICONCORP_03_10_2009-EX-10.22-Strategic Alliance Agreement,IntriCon may not assign or transfer any of its rights or obligations under this Agreement without the prior written consent of Dynamic Hearing.,intricon may not assign or transfer any of its rights or obligations under this agreement without the prior written consent of dynamic hearing,Anti-Assignment,CUAD_train_contracts,cuad_train
INTRICONCORP_03_10_2009-EX-10.22-Strategic Alliance Agreement,"Likewise, Dynamic Hearing may not assign or transfer any of its rights or obligations under this Agreement without the prior written consent of IntriCon.",likewise dynamic hearing may not assign or transfer any of its rights or obligations under this agreement without the prior written consent of intricon,Anti-Assignment,CUAD_train_contracts,cuad_train
INTRICONCORP_03_10_2009-EX-10.22-Strategic Alliance Agreement,A 2% royalty rate per Base Product Unit shall be added to the initial base rate for each DSP feature/module that is based on Dynamic Hearing Technology and that is added to a Base Product Unit.,a 2 royalty rate per base product unit shall be added to the initial base rate for each dsp feature module that is based on dynamic hearing technology and that is added to a base product unit,Revenue/Profit Sharing,CUAD_train_contracts,cuad_train
INTRICONCORP_03_10_2009-EX-10.22-Strategic Alliance Agreement,"However, such additional Royalty Payments when added to the initial base rate shall not exceed in total the stated maximum rates specified in the table herein.",however such additional royalty payments when added to the initial base rate shall not exceed in total the stated maximum rates specified in the table herein,Revenue/Profit Sharing,CUAD_train_contracts,cuad_train
INTRICONCORP_03_10_2009-EX-10.22-Strategic Alliance Agreement,"Cumulative annual HH & ALD Volume that use the Framework Ezairo Maximum Royalty Rate SCHA Maximum Royalty Rate Less Than 20,000 Units 10% 8% 20,000-50,000 units 9% 7% 50,000-100,000 units 8% 6% 100,000-200,000 units 7% 5% 200,000-500,000 units 6% 4% 500,000 to 1,000,000 units 5% 3% Over 1,000,000 5% 1.5%",cumulative annual hh ald volume that use the framework ezairo maximum royalty rate scha maximum royalty rate less than 20 000 units 10 8 20 000 50 000 units 9 7 50 000 100 000 units 8 6 100 000 200 000 units 7 5 200 000 500 000 units 6 4 500 000 to 1 000 000 units 5 3 over 1 000 000 5 1 5,Revenue/Profit Sharing,CUAD_train_contracts,cuad_train
INTRICONCORP_03_10_2009-EX-10.22-Strategic Alliance Agreement,The maximum royalty rate identified in the table herein includes an initial base rate of 3% for each Ezairo DSP platform and 1% for each Single Chip Hearing Aid (SCHA) sold,the maximum royalty rate identified in the table herein includes an initial base rate of 3 for each ezairo dsp platform and 1 for each single chip hearing aid scha sold,Revenue/Profit Sharing,CUAD_train_contracts,cuad_train
INTRICONCORP_03_10_2009-EX-10.22-Strategic Alliance Agreement,"The Minimum Payment consists of the Access Fee of US$300,000 per annum and the Second Component that increases from year to year.",the minimum payment consists of the access fee of us 300 000 per annum and the second component that increases from year to year,Minimum Commitment,CUAD_train_contracts,cuad_train
INTRICONCORP_03_10_2009-EX-10.22-Strategic Alliance Agreement,Minimum Payment Schedule (All amounts are in US Dollars):,minimum payment schedule all amounts are in us dollars,Minimum Commitment,CUAD_train_contracts,cuad_train
INTRICONCORP_03_10_2009-EX-10.22-Strategic Alliance Agreement,"PAYMENT YEAR MINIMUM PAYMENT ACCESS FEE SECOND COMPONENT Year 1 $400,000 $300,000 $100,000 Year 2 $700,000 $300,000 $400,000 Year 3 $1,100,000 $300,000 $800,000 Year 4 $1,600,000 $300,000 $1,300,000 Year 5 $2,100,000 $300,000 $1,800,000",payment year minimum payment access fee second component year 1 400 000 300 000 100 000 year 2 700 000 300 000 400 000 year 3 1 100 000 300 000 800 000 year 4 1 600 000 300 000 1 300 000 year 5 2 100 000 300 000 1 800 000,Minimum Commitment,CUAD_train_contracts,cuad_train
INTRICONCORP_03_10_2009-EX-10.22-Strategic Alliance Agreement,"Dynamic Hearing grants to IntriCon in accordance with this Agreement, for the Term, a license, to Use Dynamic Hearing's Technology, Software and Documentation developed as of the Commencement Date to manufacture, import, sell and offer for sale throughout the Territory, Products containing Dynamic Hearing's Technology and Software.",dynamic hearing grants to intricon in accordance with this agreement for the term a license to use dynamic hearing s technology software and documentation developed as of the commencement date to manufacture import sell and offer for sale throughout the territory products containing dynamic hearing s technology and software,License Grant,CUAD_train_contracts,cuad_train
INTRICONCORP_03_10_2009-EX-10.22-Strategic Alliance Agreement,"(a) such inspection, copying or audit must only be made after at least one Business Day's written notice; (b) such audit must not unreasonably interfere with the day to day operations of IntriCon; and (c) such audit must be at Dynamic Hearing's expense unless the auditor finds an underpayment royalty due under this Agreement in excess of 5% in which case IntriCon must reimburse Dynamic Hearing's reasonable cost of such audit; and (d) Audits will be limited to one audit in any calendar year.",a such inspection copying or audit must only be made after at least one business day s written notice b such audit must not unreasonably interfere with the day to day operations of intricon and c such audit must be at dynamic hearing s expense unless the auditor finds an underpayment royalty due under this agreement in excess of 5 in which case intricon must reimburse dynamic hearing s reasonable cost of such audit and d audits will be limited to one audit in any calendar year,Post-Termination Services,CUAD_train_contracts,cuad_train
INTRICONCORP_03_10_2009-EX-10.22-Strategic Alliance Agreement,"Notwithstanding anything herein to the contrary, IntriCon shall have a right after termination to continue selling existing products that include the Dynamic Hearing Technology as long as IntriCon pays the appropriate royalties in accordance with the payment clauses in section 4.9 and, for the avoidance of doubt, such other clauses of this Agreement (including 4.3, 4.10, 5, 6 and 10.1 will continue to apply in respect of such sales.",notwithstanding anything herein to the contrary intricon shall have a right after termination to continue selling existing products that include the dynamic hearing technology as long as intricon pays the appropriate royalties in accordance with the payment clauses in section 4 9 and for the avoidance of doubt such other clauses of this agreement including 4 3 4 10 5 6 and 10 1 will continue to apply in respect of such sales,Post-Termination Services,CUAD_train_contracts,cuad_train
INTRICONCORP_03_10_2009-EX-10.22-Strategic Alliance Agreement,"IntriCon must make all such records available for inspection, copying and audit by an independent auditor appointed by Dynamic Hearing (and to which IntriCon has no reasonable objection) during ordinary business hours at any time during the Term and for a period of one year following the expiration or earlier termination of this Agreement, provided that:",intricon must make all such records available for inspection copying and audit by an independent auditor appointed by dynamic hearing and to which intricon has no reasonable objection during ordinary business hours at any time during the term and for a period of one year following the expiration or earlier termination of this agreement provided that,Post-Termination Services,CUAD_train_contracts,cuad_train
INTRICONCORP_03_10_2009-EX-10.22-Strategic Alliance Agreement,such audit must be at Dynamic Hearing's expense unless the auditor finds an underpayment royalty due under this Agreement in excess of 5% in which case IntriCon must reimburse Dynamic Hearing's reasonable cost of such audit;,such audit must be at dynamic hearing s expense unless the auditor finds an underpayment royalty due under this agreement in excess of 5 in which case intricon must reimburse dynamic hearing s reasonable cost of such audit,Audit Rights,CUAD_train_contracts,cuad_train
INTRICONCORP_03_10_2009-EX-10.22-Strategic Alliance Agreement,"IntriCon is not liable in any way to Dynamic Hearing for any indirect, consequential, third party, special or incidental harm, liability, expense, cost, loss or damage, loss of profits, loss of data, exemplary damages or any other indirect commercial or economic loss of any kind whatsoever incurred by Dynamic Hearing whether in negligence, tort, equity, contract or otherwise, arising in connection with this Agreement;",intricon is not liable in any way to dynamic hearing for any indirect consequential third party special or incidental harm liability expense cost loss or damage loss of profits loss of data exemplary damages or any other indirect commercial or economic loss of any kind whatsoever incurred by dynamic hearing whether in negligence tort equity contract or otherwise arising in connection with this agreement,Cap On Liability,CUAD_train_contracts,cuad_train
INTRICONCORP_03_10_2009-EX-10.22-Strategic Alliance Agreement,(i) if the breach relates to goods: (A) the replacement of goods or the supply of equivalent goods; or (B) the repair of such goods; and (ii) if the breach relates to services: the supplying of the services again.,i if the breach relates to goods a the replacement of goods or the supply of equivalent goods or b the repair of such goods and ii if the breach relates to services the supplying of the services again,Cap On Liability,CUAD_train_contracts,cuad_train
INTRICONCORP_03_10_2009-EX-10.22-Strategic Alliance Agreement,"Dynamic Hearing is not liable in any way to IntriCon for any indirect, consequential, third party, special or incidental harm, liability, expense, cost, loss or damage, loss of profits, loss of data, exemplary damages or any other indirect commercial or economic loss of any kind whatsoever incurred by IntriCon whether in negligence, tort, equity, contract or otherwise, arising in connection with this Agreement;",dynamic hearing is not liable in any way to intricon for any indirect consequential third party special or incidental harm liability expense cost loss or damage loss of profits loss of data exemplary damages or any other indirect commercial or economic loss of any kind whatsoever incurred by intricon whether in negligence tort equity contract or otherwise arising in connection with this agreement,Cap On Liability,CUAD_train_contracts,cuad_train
INTRICONCORP_03_10_2009-EX-10.22-Strategic Alliance Agreement,"Dynamic Hearing's aggregate liability to IntriCon for direct loss and damages and all other liability not described herein arising in connection with this Agreement whether in negligence, tort, equity, contract or otherwise, is limited to payment of damages recoverable at law or equity up to a maximum of (and, for the sake of clarity must not exceed) $5m;",dynamic hearing s aggregate liability to intricon for direct loss and damages and all other liability not described herein arising in connection with this agreement whether in negligence tort equity contract or otherwise is limited to payment of damages recoverable at law or equity up to a maximum of and for the sake of clarity must not exceed 5m,Cap On Liability,CUAD_train_contracts,cuad_train
INTRICONCORP_03_10_2009-EX-10.22-Strategic Alliance Agreement,"if any legislation implies in this Agreement any term or warranty which cannot be excluded or modified, the liability of Dynamic Hearing for a breach of any such term or warranty is limited, at the option of Dynamic Hearing, to any one or more of the following:",if any legislation implies in this agreement any term or warranty which cannot be excluded or modified the liability of dynamic hearing for a breach of any such term or warranty is limited at the option of dynamic hearing to any one or more of the following,Cap On Liability,CUAD_train_contracts,cuad_train
Freecook_20180605_S-1_EX-10.3_11233807_EX-10.3_Hosting Agreement,"Website Design, Development and Hosting Agreement",website design development and hosting agreement,Document Name,CUAD_train_contracts,cuad_train
Freecook_20180605_S-1_EX-10.3_11233807_EX-10.3_Hosting Agreement,"Mitchell's Web Advance, PLC",mitchell s web advance plc,Parties,CUAD_train_contracts,cuad_train
Freecook_20180605_S-1_EX-10.3_11233807_EX-10.3_Hosting Agreement,"Terms of the project: 12 weeks from February 8, 2018 to May 3, 2018",terms of the project 12 weeks from february 8 2018 to may 3 2018,Expiration Date,CUAD_train_contracts,cuad_train
Freecook_20180605_S-1_EX-10.3_11233807_EX-10.3_Hosting Agreement,Company at its sole discretion may at any time alter or cease providing the Customer Service which it has agreed to provide to Client relating to Client Website pursuant to this Agreement without any liability to Company.,company at its sole discretion may at any time alter or cease providing the customer service which it has agreed to provide to client relating to client website pursuant to this agreement without any liability to company,Termination For Convenience,CUAD_train_contracts,cuad_train
Freecook_20180605_S-1_EX-10.3_11233807_EX-10.3_Hosting Agreement,Client further agrees that Company may use and display the graphics and other web design elements of Client's website as examples of Company website design and development work.,client further agrees that company may use and display the graphics and other web design elements of client s website as examples of company website design and development work,License Grant,CUAD_train_contracts,cuad_train
Freecook_20180605_S-1_EX-10.3_11233807_EX-10.3_Hosting Agreement,"Client hereby grants to Company a non-exclusive and limited license to use Client's trade names, logos and other trademarks in connection with Company advertising, marketing and promotion of its products and services.",client hereby grants to company a non exclusive and limited license to use client s trade names logos and other trademarks in connection with company advertising marketing and promotion of its products and services,License Grant,CUAD_train_contracts,cuad_train
ChinaRealEstateInformationCorp_20090929_F-1_EX-10.32_4771615_EX-10.32_Content License Agreement,DOMAIN NAME AND CONTENT LICENSE AGREEMENT,domain name and content license agreement,Document Name,CUAD_train_contracts,cuad_train
ChinaRealEstateInformationCorp_20090929_F-1_EX-10.32_4771615_EX-10.32_Content License Agreement,"Beijing Yisheng Leju Information Services Co., Ltd.",beijing yisheng leju information services co ltd,Parties,CUAD_train_contracts,cuad_train
ChinaRealEstateInformationCorp_20090929_F-1_EX-10.32_4771615_EX-10.32_Content License Agreement,"Beijing SINA Internet Information Service Co., Ltd.",beijing sina internet information service co ltd,Parties,CUAD_train_contracts,cuad_train
ChinaRealEstateInformationCorp_20090929_F-1_EX-10.32_4771615_EX-10.32_Content License Agreement,"""Effective Date"" means the Closing Date as set forth in the Share Purchase Agreement.",effective date means the closing date as set forth in the share purchase agreement,Effective Date,CUAD_train_contracts,cuad_train
ChinaRealEstateInformationCorp_20090929_F-1_EX-10.32_4771615_EX-10.32_Content License Agreement,"The initial term of this Agreement (the ""Initial Term"") shall commence on the Effective Date and shall continue for a period of ten (10) years thereafter.",the initial term of this agreement the initial term shall commence on the effective date and shall continue for a period of ten 10 years thereafter,Expiration Date,CUAD_train_contracts,cuad_train
ChinaRealEstateInformationCorp_20090929_F-1_EX-10.32_4771615_EX-10.32_Content License Agreement,"This Termination Agreement shall be governed by the laws of the PRC, without regard to conflicts of law principles.",this termination agreement shall be governed by the laws of the prc without regard to conflicts of law principles,Governing Law,CUAD_train_contracts,cuad_train
ChinaRealEstateInformationCorp_20090929_F-1_EX-10.32_4771615_EX-10.32_Content License Agreement,"This Agreement and any dispute or claim arising out of or in connection with it or its subject matter shall be governed by, and construed in accordance with, the laws of the People's Republic of China (without regard to its conflicts of laws rules that would mandate the application of the laws of another jurisdiction).",this agreement and any dispute or claim arising out of or in connection with it or its subject matter shall be governed by and construed in accordance with the laws of the people s republic of china without regard to its conflicts of laws rules that would mandate the application of the laws of another jurisdiction,Governing Law,CUAD_train_contracts,cuad_train
ChinaRealEstateInformationCorp_20090929_F-1_EX-10.32_4771615_EX-10.32_Content License Agreement,"In the event E-House Research and Training Institute becomes entitled to charge, invoice, or otherwise receive from, Licensee any royalties, fees or other remuneration for use of the E-House Licensed Data and Information pursuant to amendments to the Master Transaction Agreement or through other means, Licensor and Licensee shall use good faith efforts to amend this Agreement such that Licensor becomes entitled to charge, invoice, or otherwise receive fees from Licensee to use the Licensed Domain Names and Licensed Content, such fees to be agreed upon by the Parties, provided that (i) such fees shall be commercially reasonable and (ii) such fees shall not exceed the fees charged by Licensor to unaffiliated third parties for use of the Licensed Content, taking into account any other consideration received by Licensor (including, but not limited to, discounted services offerings from the third party).",in the event e house research and training institute becomes entitled to charge invoice or otherwise receive from licensee any royalties fees or other remuneration for use of the e house licensed data and information pursuant to amendments to the master transaction agreement or through other means licensor and licensee shall use good faith efforts to amend this agreement such that licensor becomes entitled to charge invoice or otherwise receive fees from licensee to use the licensed domain names and licensed content such fees to be agreed upon by the parties provided that i such fees shall be commercially reasonable and ii such fees shall not exceed the fees charged by licensor to unaffiliated third parties for use of the licensed content taking into account any other consideration received by licensor including but not limited to discounted services offerings from the third party,Most Favored Nation,CUAD_train_contracts,cuad_train
ChinaRealEstateInformationCorp_20090929_F-1_EX-10.32_4771615_EX-10.32_Content License Agreement,"Subject to the terms and conditions of this Agreement, Licensor hereby grants to Licensee, and Licensee hereby accepts from Licensor, an exclusive, non-transferable (except as set forth in Section 10.7) and non-sublicensable (except as provided in Section 2.1(c)) license to use the Licensed Domain Names in connection with the Business during the Term",subject to the terms and conditions of this agreement licensor hereby grants to licensee and licensee hereby accepts from licensor an exclusive non transferable except as set forth in section 10 7 and non sublicensable except as provided in section 2 1 c license to use the licensed domain names in connection with the business during the term,Exclusivity,CUAD_train_contracts,cuad_train
ChinaRealEstateInformationCorp_20090929_F-1_EX-10.32_4771615_EX-10.32_Content License Agreement,"Subject to the terms and conditions of this Agreement, Licensor hereby grants to Licensee, and Licensee hereby accepts from Licensor, an exclusive, non-transferable (except as set forth in Section 10.7) and non-sublicensable (except as provided in Section 2.1(c)) license to use the Licensed Content in connection with websites associated with the Licensed Domain Names until the earlier of (i) termination or expiration of this Agreement, or (ii) termination or expiration of the Agency Agreement, provided, however, that in the event the Agency Agreement is amended or restated, such amendment or restatement shall not be deemed a termination or expiration of the Agency Agreement.",subject to the terms and conditions of this agreement licensor hereby grants to licensee and licensee hereby accepts from licensor an exclusive non transferable except as set forth in section 10 7 and non sublicensable except as provided in section 2 1 c license to use the licensed content in connection with websites associated with the licensed domain names until the earlier of i termination or expiration of this agreement or ii termination or expiration of the agency agreement provided however that in the event the agency agreement is amended or restated such amendment or restatement shall not be deemed a termination or expiration of the agency agreement,Exclusivity,CUAD_train_contracts,cuad_train
ChinaRealEstateInformationCorp_20090929_F-1_EX-10.32_4771615_EX-10.32_Content License Agreement,"This Agreement and any rights or authority granted hereunder shall not be assigned or transferred by either Party, including by operation of law, merger or otherwise, without the express written consent of the other Party, provided that Licensor may assign this Agreement without consent to any of its Affiliates and Licensee may assign this Agreement without consent to SINA Leju or an Affiliate of Licensee that is controlled by SINA Leju.",this agreement and any rights or authority granted hereunder shall not be assigned or transferred by either party including by operation of law merger or otherwise without the express written consent of the other party provided that licensor may assign this agreement without consent to any of its affiliates and licensee may assign this agreement without consent to sina leju or an affiliate of licensee that is controlled by sina leju,Change Of Control,CUAD_train_contracts,cuad_train
ChinaRealEstateInformationCorp_20090929_F-1_EX-10.32_4771615_EX-10.32_Content License Agreement,Licensor may terminate this Agreement by providing prior written notice to Licensee upon the occurrence of a Change of Control.,licensor may terminate this agreement by providing prior written notice to licensee upon the occurrence of a change of control,Change Of Control,CUAD_train_contracts,cuad_train
ChinaRealEstateInformationCorp_20090929_F-1_EX-10.32_4771615_EX-10.32_Content License Agreement,"Notwithstanding anything in this Agreement to the contrary, Licensee has no right to sublicense any rights granted hereunder to any third party, or otherwise permit any third party to use any Licensed Domain Names or Licensed Content; provided, however, that any rights granted to Licensee hereunder shall be sublicensable, without the prior written consent of Licensor, to SINA Leju and Licensee's Affiliates that are controlled by SINA Leju solely for the purpose of operating the Business during the Term.",notwithstanding anything in this agreement to the contrary licensee has no right to sublicense any rights granted hereunder to any third party or otherwise permit any third party to use any licensed domain names or licensed content provided however that any rights granted to licensee hereunder shall be sublicensable without the prior written consent of licensor to sina leju and licensee s affiliates that are controlled by sina leju solely for the purpose of operating the business during the term,Anti-Assignment,CUAD_train_contracts,cuad_train
ChinaRealEstateInformationCorp_20090929_F-1_EX-10.32_4771615_EX-10.32_Content License Agreement,"Upon termination (but not expiration) of this Agreement for any reason, Licensee shall be entitled to use the Licensed Domain Names and Licensed Content for a limited period of time, not to exceed ninety (90) days, during which it shall diligently work to transition to another solution.",upon termination but not expiration of this agreement for any reason licensee shall be entitled to use the licensed domain names and licensed content for a limited period of time not to exceed ninety 90 days during which it shall diligently work to transition to another solution,Post-Termination Services,CUAD_train_contracts,cuad_train
ChinaRealEstateInformationCorp_20090929_F-1_EX-10.32_4771615_EX-10.32_Content License Agreement,"Except as expressly permitted under the Trademark License Agreement, Licensee shall not knowingly (a) use the Licensed Domain Names in any manner that tarnishes, degrades, disparages or reflects adversely on Licensor or Licensor's business or reputation, (b) in any jurisdiction, register or attempt to register any domain names that consist of, in whole or in part, or are confusingly similar to, the term ""SINA"", (c) contest, challenge or otherwise make any claim or take any action adverse to Licensor's interest in the Licensed Domain Names, (d) register any trademarks, trade names or company names that consist of, in whole or in part, or are confusingly similar to the term ""SINA"" in the name of Licensee or of any of its Affiliates, or (e) use the Licensed Content and other Content for any unlawful purpose, including but not limited to displaying or distributing any pornographic, obscene or sexually explicit material, materials of a violent nature, or politically sensitive materials.",except as expressly permitted under the trademark license agreement licensee shall not knowingly a use the licensed domain names in any manner that tarnishes degrades disparages or reflects adversely on licensor or licensor s business or reputation b in any jurisdiction register or attempt to register any domain names that consist of in whole or in part or are confusingly similar to the term sina c contest challenge or otherwise make any claim or take any action adverse to licensor s interest in the licensed domain names d register any trademarks trade names or company names that consist of in whole or in part or are confusingly similar to the term sina in the name of licensee or of any of its affiliates or e use the licensed content and other content for any unlawful purpose including but not limited to displaying or distributing any pornographic obscene or sexually explicit material materials of a violent nature or politically sensitive materials,Covenant Not To Sue,CUAD_train_contracts,cuad_train
"HERTZGLOBALHOLDINGS,INC_07_07_2016-EX-10.4-INTELLECTUAL PROPERTY AGREEMENT","(hereinafter referred to collectively as the ""Parties"" and individually as a ""Party"").",hereinafter referred to collectively as the parties and individually as a party,Parties,CUAD_train_contracts,cuad_train
"HERTZGLOBALHOLDINGS,INC_07_07_2016-EX-10.4-INTELLECTUAL PROPERTY AGREEMENT",THE HERTZ CORPORATION,the hertz corporation,Parties,CUAD_train_contracts,cuad_train
"HERTZGLOBALHOLDINGS,INC_07_07_2016-EX-10.4-INTELLECTUAL PROPERTY AGREEMENT","This Agreement and all disputes or controversies arising out of or relating to this Agreement or the transactions contemplated hereby shall be governed by, and construed in accordance with, the internal laws of the State of New York, without regard to the laws of any other jurisdiction that might be applied because of the conflicts of laws principles of the State of New York.",this agreement and all disputes or controversies arising out of or relating to this agreement or the transactions contemplated hereby shall be governed by and construed in accordance with the internal laws of the state of new york without regard to the laws of any other jurisdiction that might be applied because of the conflicts of laws principles of the state of new york,Governing Law,CUAD_train_contracts,cuad_train
"HERTZGLOBALHOLDINGS,INC_07_07_2016-EX-10.4-INTELLECTUAL PROPERTY AGREEMENT","During the Interim Period, neither HERC nor any of its affiliates or subsidiaries shall, directly or indirectly, engage in the business of renting or leasing cars, crossovers or light trucks (including sport utility vehicles and light commercial vehicles) in [any country in which THC or any of its affiliates or subsidiaries rents or leases cars, crossovers or light trucks (including sport utility vehicles and light commercial vehicles) as of the date of this Agreement] without THC's prior written consent, except to the extent materially consistent in type and scope with HERC's operations immediately prior to the date of this IPA.",during the interim period neither herc nor any of its affiliates or subsidiaries shall directly or indirectly engage in the business of renting or leasing cars crossovers or light trucks including sport utility vehicles and light commercial vehicles in any country in which thc or any of its affiliates or subsidiaries rents or leases cars crossovers or light trucks including sport utility vehicles and light commercial vehicles as of the date of this agreement without thc s prior written consent except to the extent materially consistent in type and scope with herc s operations immediately prior to the date of this ipa,Non-Compete,CUAD_train_contracts,cuad_train
"HERTZGLOBALHOLDINGS,INC_07_07_2016-EX-10.4-INTELLECTUAL PROPERTY AGREEMENT","HERC may not assign, transfer, sublicense or delegate any of its rights hereunder or delegate its obligations hereunder without the prior written consent of HSI, and any such purported assignment, transfer, sublicense or delegation, in the absence of such consent, shall be void and without effect.",herc may not assign transfer sublicense or delegate any of its rights hereunder or delegate its obligations hereunder without the prior written consent of hsi and any such purported assignment transfer sublicense or delegation in the absence of such consent shall be void and without effect,Anti-Assignment,CUAD_train_contracts,cuad_train
"HERTZGLOBALHOLDINGS,INC_07_07_2016-EX-10.4-INTELLECTUAL PROPERTY AGREEMENT","THC will assign all right, title and interest in and to the THC ERB Domains (those domains owned by THC related to the ERB that do not incorporate the mark/name HERTZ) as set forth on Schedule H to HERC and as more fully set forth in the Domain Name Assignment attached hereto as Exhibit D.",thc will assign all right title and interest in and to the thc erb domains those domains owned by thc related to the erb that do not incorporate the mark name hertz as set forth on schedule h to herc and as more fully set forth in the domain name assignment attached hereto as exhibit d,Ip Ownership Assignment,CUAD_train_contracts,cuad_train
"HERTZGLOBALHOLDINGS,INC_07_07_2016-EX-10.4-INTELLECTUAL PROPERTY AGREEMENT","HSI will assign all right, title and interest in and to the HSI HERC Foreign ERB Trademarks (those foreign trademarks owned by HSI related to the ERB for the HERC trademarks) as set forth on Schedule C to HERC as more fully set forth in the Trademark Assignment Agreements attached hereto as Exhibit B-1 (Canada) and Exhibit B-2 (all other foreign countries).",hsi will assign all right title and interest in and to the hsi herc foreign erb trademarks those foreign trademarks owned by hsi related to the erb for the herc trademarks as set forth on schedule c to herc as more fully set forth in the trademark assignment agreements attached hereto as exhibit b 1 canada and exhibit b 2 all other foreign countries,Ip Ownership Assignment,CUAD_train_contracts,cuad_train
"HERTZGLOBALHOLDINGS,INC_07_07_2016-EX-10.4-INTELLECTUAL PROPERTY AGREEMENT","HSI will retain ownership and will grant a royalty-free, non-exclusive, license to HERC to use the HSI (HERTZ) US ERB Trademarks (those US trademarks",hsi will retain ownership and will grant a royalty free non exclusive license to herc to use the hsi hertz us erb trademarks those us trademarks,License Grant,CUAD_train_contracts,cuad_train
"HERTZGLOBALHOLDINGS,INC_07_07_2016-EX-10.4-INTELLECTUAL PROPERTY AGREEMENT","owned by HSI related to the ERB that incorporate the mark/name HERTZ) as set forth on Schedule B, for the Interim Period, in the United States and Puerto Rico, as more fully set forth in the Trademark, Trade Name, Domain and Related Rights License Agreement attached as Exhibit A.",owned by hsi related to the erb that incorporate the mark name hertz as set forth on schedule b for the interim period in the united states and puerto rico as more fully set forth in the trademark trade name domain and related rights license agreement attached as exhibit a,License Grant,CUAD_train_contracts,cuad_train
"HERTZGLOBALHOLDINGS,INC_07_07_2016-EX-10.4-INTELLECTUAL PROPERTY AGREEMENT","HSI will, subject to compliance with the terms of this Agreement, grant a royalty-free, non-exclusive worldwide license to HERC to use the mark/name HERTZ as part of company names for the Interim Period, as more fully set forth in the Trademark, Trade Name, Domain and Related Rights License Agreement attached as Exhibit A.",hsi will subject to compliance with the terms of this agreement grant a royalty free non exclusive worldwide license to herc to use the mark name hertz as part of company names for the interim period as more fully set forth in the trademark trade name domain and related rights license agreement attached as exhibit a,License Grant,CUAD_train_contracts,cuad_train
"HERTZGLOBALHOLDINGS,INC_07_07_2016-EX-10.4-INTELLECTUAL PROPERTY AGREEMENT","THC will retain ownership and will, subject to compliance with the terms of this Agreement, grant a royalty-free, non-exclusive license to HERC to use the THC (HERTZ) ERB Domains (those domains owned by THC related to the ERB that",thc will retain ownership and will subject to compliance with the terms of this agreement grant a royalty free non exclusive license to herc to use the thc hertz erb domains those domains owned by thc related to the erb that,License Grant,CUAD_train_contracts,cuad_train
"HERTZGLOBALHOLDINGS,INC_07_07_2016-EX-10.4-INTELLECTUAL PROPERTY AGREEMENT","incorporate the mark/name HERTZ) as set forth on Schedule G, for the Interim Period, as more fully set forth in the Trademark, Trade Name, Domain and Related Rights License Agreement.",incorporate the mark name hertz as set forth on schedule g for the interim period as more fully set forth in the trademark trade name domain and related rights license agreement,License Grant,CUAD_train_contracts,cuad_train
"HERTZGLOBALHOLDINGS,INC_07_07_2016-EX-10.4-INTELLECTUAL PROPERTY AGREEMENT","HSI will retain ownership and will grant a royalty-free, non-exclusive license to HERC to use the HSI (HERTZ) Foreign ERB Trademarks (those foreign trademarks owned by HSI related to the ERB that incorporate the mark/name HERTZ) as set forth on Schedule A, for the Interim Period, outside the United States and Puerto Rico, as more fully set forth in the Trademark, Trade Name, Domain and Related Rights License Agreement attached as Exhibit A.",hsi will retain ownership and will grant a royalty free non exclusive license to herc to use the hsi hertz foreign erb trademarks those foreign trademarks owned by hsi related to the erb that incorporate the mark name hertz as set forth on schedule a for the interim period outside the united states and puerto rico as more fully set forth in the trademark trade name domain and related rights license agreement attached as exhibit a,License Grant,CUAD_train_contracts,cuad_train
"HERTZGLOBALHOLDINGS,INC_07_07_2016-EX-10.4-INTELLECTUAL PROPERTY AGREEMENT","THC and/or HSI will retain ownership and will grant a royalty-free, non-exclusive license to HERC to use such Other Intellectual Property for the Interim Period, as more fully set forth in the Trademark, Trade Name, Domain and Related Rights License Agreement attached as Exhibit A.",thc and or hsi will retain ownership and will grant a royalty free non exclusive license to herc to use such other intellectual property for the interim period as more fully set forth in the trademark trade name domain and related rights license agreement attached as exhibit a,License Grant,CUAD_train_contracts,cuad_train
"HERTZGLOBALHOLDINGS,INC_07_07_2016-EX-10.4-INTELLECTUAL PROPERTY AGREEMENT","HERC shall provide for ten (10) days notice to THC and HSI in the event of any modification, cancellation or termination.",herc shall provide for ten 10 days notice to thc and hsi in the event of any modification cancellation or termination,Insurance,CUAD_train_contracts,cuad_train
"HERTZGLOBALHOLDINGS,INC_07_07_2016-EX-10.4-INTELLECTUAL PROPERTY AGREEMENT","protection, all of which must be acceptable to THC and HSI, and which must name THC and HSI as additional insureds.",protection all of which must be acceptable to thc and hsi and which must name thc and hsi as additional insureds,Insurance,CUAD_train_contracts,cuad_train
"HERTZGLOBALHOLDINGS,INC_07_07_2016-EX-10.4-INTELLECTUAL PROPERTY AGREEMENT","Such policy shall provide, in addition to other protection, protection against any and all claims, demands, and causes of action arising out of any act, omission, negligence or otherwise giving rise to a third party claim.",such policy shall provide in addition to other protection protection against any and all claims demands and causes of action arising out of any act omission negligence or otherwise giving rise to a third party claim,Insurance,CUAD_train_contracts,cuad_train
"HERTZGLOBALHOLDINGS,INC_07_07_2016-EX-10.4-INTELLECTUAL PROPERTY AGREEMENT","The amount of coverage shall be a minimum of three million dollars ($3,000,000) combined single limit, with no deductible amount for each single occurrence for bodily injury and/or property damage.",the amount of coverage shall be a minimum of three million dollars 3 000 000 combined single limit with no deductible amount for each single occurrence for bodily injury and or property damage,Insurance,CUAD_train_contracts,cuad_train
"HERTZGLOBALHOLDINGS,INC_07_07_2016-EX-10.4-INTELLECTUAL PROPERTY AGREEMENT","HERC shall, throughout the term of this Agreement, obtain and maintain at its own cost and expense, from a qualified AAA-rated insurance company, a standard liability insurance and business interruption policy along with advertising injury",herc shall throughout the term of this agreement obtain and maintain at its own cost and expense from a qualified aaa rated insurance company a standard liability insurance and business interruption policy along with advertising injury,Insurance,CUAD_train_contracts,cuad_train
"HERTZGLOBALHOLDINGS,INC_07_07_2016-EX-10.4-INTELLECTUAL PROPERTY AGREEMENT","In no event shall HERC perform or promote the carry out the activities contemplated under this Agreement or the Trademark, Trade Name, Domain and Related Rights License Agreement prior to receipt by THC and HSI of evidence of insurance.",in no event shall herc perform or promote the carry out the activities contemplated under this agreement or the trademark trade name domain and related rights license agreement prior to receipt by thc and hsi of evidence of insurance,Insurance,CUAD_train_contracts,cuad_train
"HERTZGLOBALHOLDINGS,INC_07_07_2016-EX-10.4-INTELLECTUAL PROPERTY AGREEMENT",HERC agrees to furnish THC and HSI Certificates of Insurance evidencing same within thirty (30) days after the execution of this Agreement.,herc agrees to furnish thc and hsi certificates of insurance evidencing same within thirty 30 days after the execution of this agreement,Insurance,CUAD_train_contracts,cuad_train
"HERTZGLOBALHOLDINGS,INC_07_07_2016-EX-10.4-INTELLECTUAL PROPERTY AGREEMENT","The Parties acknowledge and affirm their respective rights in and to the relevant trademark and related rights subject to this Agreement and neither Party shall directly or indirectly attack, challenge or impair the title and related rights of the other Party during the Interim Period or any time thereafter.",the parties acknowledge and affirm their respective rights in and to the relevant trademark and related rights subject to this agreement and neither party shall directly or indirectly attack challenge or impair the title and related rights of the other party during the interim period or any time thereafter,Covenant Not To Sue,CUAD_train_contracts,cuad_train
PfHospitalityGroupInc_20150923_10-12G_EX-10.1_9266710_EX-10.1_Franchise Agreement1,FORM OF FRANCHISE AGREEMENT,form of franchise agreement,Document Name,CUAD_train_contracts,cuad_train
PfHospitalityGroupInc_20150923_10-12G_EX-10.1_9266710_EX-10.1_Franchise Agreement1,"Pizza Fusion Holding, Inc.",pizza fusion holding inc,Parties,CUAD_train_contracts,cuad_train
PfHospitalityGroupInc_20150923_10-12G_EX-10.1_9266710_EX-10.1_Franchise Agreement1,"""we,"" ""us"" and ""our"" refers to Pizza Fusion Holding, Inc., the franchisor",we us and our refers to pizza fusion holding inc the franchisor,Parties,CUAD_train_contracts,cuad_train
PfHospitalityGroupInc_20150923_10-12G_EX-10.1_9266710_EX-10.1_Franchise Agreement1,the individual or legal entity identified on the cover page,the individual or legal entity identified on the cover page,Parties,CUAD_train_contracts,cuad_train
PfHospitalityGroupInc_20150923_10-12G_EX-10.1_9266710_EX-10.1_Franchise Agreement1,"""You"" and ""your"" refers to the Franchisee.",you and your refers to the franchisee,Parties,CUAD_train_contracts,cuad_train
PfHospitalityGroupInc_20150923_10-12G_EX-10.1_9266710_EX-10.1_Franchise Agreement1,"This Agreement expires ten (10) years from the Agreement Date (the ""Term""), unless it is terminated sooner as provided in other sections of this Agreement.",this agreement expires ten 10 years from the agreement date the term unless it is terminated sooner as provided in other sections of this agreement,Expiration Date,CUAD_train_contracts,cuad_train
PfHospitalityGroupInc_20150923_10-12G_EX-10.1_9266710_EX-10.1_Franchise Agreement1,"When this Agreement expires, you will have the option to continue the franchise relationship with us for two (2) additional terms of ten (10) years each.",when this agreement expires you will have the option to continue the franchise relationship with us for two 2 additional terms of ten 10 years each,Renewal Term,CUAD_train_contracts,cuad_train
PfHospitalityGroupInc_20150923_10-12G_EX-10.1_9266710_EX-10.1_Franchise Agreement1,"This Agreement and the relationship between the parties is governed by and will be construed exclusively in accordance with the laws of the State of Florida (without regard to, and without applying, Florida conflict-of-law rules).",this agreement and the relationship between the parties is governed by and will be construed exclusively in accordance with the laws of the state of florida without regard to and without applying florida conflict of law rules,Governing Law,CUAD_train_contracts,cuad_train
PfHospitalityGroupInc_20150923_10-12G_EX-10.1_9266710_EX-10.1_Franchise Agreement1,"You agree that during the term of this Agreement, you will not, without our prior written consent, either directly or indirectly through any other person or entity:",you agree that during the term of this agreement you will not without our prior written consent either directly or indirectly through any other person or entity,Non-Compete,CUAD_train_contracts,cuad_train
PfHospitalityGroupInc_20150923_10-12G_EX-10.1_9266710_EX-10.1_Franchise Agreement1,"17.1.1. Own, manage, engage in, be employed by, advise, make loans to, consult for, rent or lease to, or have any other interest in any business that (directly or indirectly) operates, or grants franchises or licenses to operate, a restaurant featuring pizza and related food specialties or that offers products or services substantially similar to those then offered by Restaurants (""Competitive Business""); 17.1.2. Divert or attempt to divert any business or customer, or potential business or customer, to any Competitive Business; or 17.1.3. Induce any person to leave his or her employment with us. 17.1.4. In any manner interfere with, disturb, disrupt, impair, diminish, or otherwise jeopardize our business or that of any of our franchisees.",17 1 1 own manage engage in be employed by advise make loans to consult for rent or lease to or have any other interest in any business that directly or indirectly operates or grants franchises or licenses to operate a restaurant featuring pizza and related food specialties or that offers products or services substantially similar to those then offered by restaurants competitive business 17 1 2 divert or attempt to divert any business or customer or potential business or customer to any competitive business or 17 1 3 induce any person to leave his or her employment with us 17 1 4 in any manner interfere with disturb disrupt impair diminish or otherwise jeopardize our business or that of any of our franchisees,Non-Compete,CUAD_train_contracts,cuad_train
PfHospitalityGroupInc_20150923_10-12G_EX-10.1_9266710_EX-10.1_Franchise Agreement1,You agree not to: (a) advertise or market the services of your Franchised Business outside of the Delivery/Catering and Advertising Area; and/or (b) engage in direct solicitation of customers outside of the Delivery/Catering and Advertising Area.,you agree not to a advertise or market the services of your franchised business outside of the delivery catering and advertising area and or b engage in direct solicitation of customers outside of the delivery catering and advertising area,Non-Compete,CUAD_train_contracts,cuad_train
PfHospitalityGroupInc_20150923_10-12G_EX-10.1_9266710_EX-10.1_Franchise Agreement1,"Without our prior written approval, you may not engage in any other type of sale, including, but not limited to: selling, distributing, or otherwise providing, any services or products to third parties at wholesale, or for resale or distribution by any third party; and selling, distributing or otherwise providing any products and/or services through catalogs, mail order, toll free numbers for delivery, or electronic means (e.g., the Internet).",without our prior written approval you may not engage in any other type of sale including but not limited to selling distributing or otherwise providing any services or products to third parties at wholesale or for resale or distribution by any third party and selling distributing or otherwise providing any products and or services through catalogs mail order toll free numbers for delivery or electronic means e g the internet,Non-Compete,CUAD_train_contracts,cuad_train
PfHospitalityGroupInc_20150923_10-12G_EX-10.1_9266710_EX-10.1_Franchise Agreement1,"If any of your advertising within the Delivery/Catering and Advertising Area is in media that will or may reach a significant number of persons outside of the Delivery/Catering and Advertising Area, you must notify us in advance and obtain our prior written consent (in addition to the requirements in Section 9.3 [Regional Fund] below).",if any of your advertising within the delivery catering and advertising area is in media that will or may reach a significant number of persons outside of the delivery catering and advertising area you must notify us in advance and obtain our prior written consent in addition to the requirements in section 9 3 regional fund below,Non-Compete,CUAD_train_contracts,cuad_train
PfHospitalityGroupInc_20150923_10-12G_EX-10.1_9266710_EX-10.1_Franchise Agreement1,"For two (2) years after the expiration or termination of this Agreement or an approved Transfer to a new franchisee, you may not directly or indirectly own, manage, engage in, be employed by, advise, make loans to, consult for, or have any other interest in any Competitive Business that is, or intends to operate, within three (3) mile radius of the Premises of your Franchised Business or within a three (3) mile radius of any Restaurant then-operating or under construction to operate under the System, except as permitted by any Franchise Agreements that remain in effect between you and us. .",for two 2 years after the expiration or termination of this agreement or an approved transfer to a new franchisee you may not directly or indirectly own manage engage in be employed by advise make loans to consult for or have any other interest in any competitive business that is or intends to operate within three 3 mile radius of the premises of your franchised business or within a three 3 mile radius of any restaurant then operating or under construction to operate under the system except as permitted by any franchise agreements that remain in effect between you and us,Non-Compete,CUAD_train_contracts,cuad_train
PfHospitalityGroupInc_20150923_10-12G_EX-10.1_9266710_EX-10.1_Franchise Agreement1,You agree not to engage in any of the sales activities that we have reserved to ourselves in Sections 1.3 [Our Limitations and Our Reserved Rights] above.,you agree not to engage in any of the sales activities that we have reserved to ourselves in sections 1 3 our limitations and our reserved rights above,Non-Compete,CUAD_train_contracts,cuad_train
PfHospitalityGroupInc_20150923_10-12G_EX-10.1_9266710_EX-10.1_Franchise Agreement1,"17.1.2. Divert or attempt to divert any business or customer, or potential business or customer, to any Competitive Business;",17 1 2 divert or attempt to divert any business or customer or potential business or customer to any competitive business,No-Solicit Of Customers,CUAD_train_contracts,cuad_train
PfHospitalityGroupInc_20150923_10-12G_EX-10.1_9266710_EX-10.1_Franchise Agreement1,You may not enter into any relationship with a Major Account customer that we deem to conflict with the customer's Major Account arrangement with us.,you may not enter into any relationship with a major account customer that we deem to conflict with the customer s major account arrangement with us,No-Solicit Of Customers,CUAD_train_contracts,cuad_train
PfHospitalityGroupInc_20150923_10-12G_EX-10.1_9266710_EX-10.1_Franchise Agreement1,17.1.3. Induce any person to leave his or her employment with us.,17 1 3 induce any person to leave his or her employment with us,No-Solicit Of Employees,CUAD_train_contracts,cuad_train
PfHospitalityGroupInc_20150923_10-12G_EX-10.1_9266710_EX-10.1_Franchise Agreement1,"We may terminate your right to provide products and services to a Major Account customer at any time by giving you at least 30 days' prior written notice, and you may terminate your right to provide products and services to a Major Account at any time by giving us at least 30 days' prior written notice.",we may terminate your right to provide products and services to a major account customer at any time by giving you at least 30 days prior written notice and you may terminate your right to provide products and services to a major account at any time by giving us at least 30 days prior written notice,Termination For Convenience,CUAD_train_contracts,cuad_train
PfHospitalityGroupInc_20150923_10-12G_EX-10.1_9266710_EX-10.1_Franchise Agreement1,"You agree that, at our option, you will sell to us any or all your assets used to operate the Franchised Business (including equipment, fixtures, furnishings, Delivery Vehicles, supplies, and inventory) that we ask in writing to purchase. 16.2.1. The purchase price for such items will be equal to your depreciated cost (determined below) or fair market value, whichever is less. The cost will be determined based upon a five (5) year straight-line depreciation of original costs. For equipment that is five (5) or more years old, the parties agree that fair market value will be deemed to be ten percent (10%) of the equipment's original cost. The fair market value of tangible assets must be determined without reference to good will, going-concern value, or other intangible assets. Page 32 of 39 Source: PF HOSPITALITY GROUP INC., 10-12G, 9/23/2015 16.2.2. We may exercise this option by delivering a notice of intent to purchase to you within 30 days after the expiration or termination of this Agreement. During that 30-day period, you agree not to dispose of, transfer, or otherwise hinder our ability to exercise our rights with respect to your assets. 16.2.3. If we exercise our option to purchase, we may setoff all amounts due to us under this Agreement and the cost of the appraisal (if any), against any payment due to you. 16.2.4. If we do not exercise our rights to purchase your Delivery Vehicle(s), you must immediately make such modifications or alterations to the Delivery Vehicle(s) that may be needed to remove any Proprietary Marks and to otherwise distinguish the appearance of the vehicle(s) from those used by other Restaurants.",you agree that at our option you will sell to us any or all your assets used to operate the franchised business including equipment fixtures furnishings delivery vehicles supplies and inventory that we ask in writing to purchase 16 2 1 the purchase price for such items will be equal to your depreciated cost determined below or fair market value whichever is less the cost will be determined based upon a five 5 year straight line depreciation of original costs for equipment that is five 5 or more years old the parties agree that fair market value will be deemed to be ten percent 10 of the equipment s original cost the fair market value of tangible assets must be determined without reference to good will going concern value or other intangible assets page 32 of 39 source pf hospitality group inc 10 12g 9 23 2015 16 2 2 we may exercise this option by delivering a notice of intent to purchase to you within 30 days after the expiration or termination of this agreement during that 30 day period you agree not to dispose of transfer or otherwise hinder our ability to exercise our rights with respect to your assets 16 2 3 if we exercise our option to purchase we may setoff all amounts due to us under this agreement and the cost of the appraisal if any against any payment due to you 16 2 4 if we do not exercise our rights to purchase your delivery vehicle s you must immediately make such modifications or alterations to the delivery vehicle s that may be needed to remove any proprietary marks and to otherwise distinguish the appearance of the vehicle s from those used by other restaurants,Rofr/Rofo/Rofn,CUAD_train_contracts,cuad_train
PfHospitalityGroupInc_20150923_10-12G_EX-10.1_9266710_EX-10.1_Franchise Agreement1,We may assign our right of first refusal to someone else either before or after we exercise it.,we may assign our right of first refusal to someone else either before or after we exercise it,Rofr/Rofo/Rofn,CUAD_train_contracts,cuad_train
PfHospitalityGroupInc_20150923_10-12G_EX-10.1_9266710_EX-10.1_Franchise Agreement1,"If the Transfer is proposed to be made pursuant to a sale, we or our designee may purchase the interest proposed to be Transferred on the same economic terms and conditions offered by the third-party.",if the transfer is proposed to be made pursuant to a sale we or our designee may purchase the interest proposed to be transferred on the same economic terms and conditions offered by the third party,Rofr/Rofo/Rofn,CUAD_train_contracts,cuad_train
PfHospitalityGroupInc_20150923_10-12G_EX-10.1_9266710_EX-10.1_Franchise Agreement1,We may exercise this option by delivering a notice of intent to purchase to you within 30 days after the expiration or termination of this Agreement.,we may exercise this option by delivering a notice of intent to purchase to you within 30 days after the expiration or termination of this agreement,Rofr/Rofo/Rofn,CUAD_train_contracts,cuad_train
PfHospitalityGroupInc_20150923_10-12G_EX-10.1_9266710_EX-10.1_Franchise Agreement1,Any material change in the terms of the offer from a third-party after we have elected not to purchase the seller's interest will constitute a new offer subject to the same right of first refusal as the third party's initial offer.,any material change in the terms of the offer from a third party after we have elected not to purchase the seller s interest will constitute a new offer subject to the same right of first refusal as the third party s initial offer,Rofr/Rofo/Rofn,CUAD_train_contracts,cuad_train
PfHospitalityGroupInc_20150923_10-12G_EX-10.1_9266710_EX-10.1_Franchise Agreement1,"Closing of the Transfer must occur within 60 calendar days of our election (or such longer period as applicable law may require); otherwise, the third-party's offer will be treated as a new offer subject to our right of first refusal.",closing of the transfer must occur within 60 calendar days of our election or such longer period as applicable law may require otherwise the third party s offer will be treated as a new offer subject to our right of first refusal,Rofr/Rofo/Rofn,CUAD_train_contracts,cuad_train
PfHospitalityGroupInc_20150923_10-12G_EX-10.1_9266710_EX-10.1_Franchise Agreement1,"We have the right, exercisable within thirty (30) days after receipt of the notice specified in Section 14.2 [No Transfer without Our Prior Written Consent], to send written notice to you that we intend to purchase the interest proposed to be Transferred.",we have the right exercisable within thirty 30 days after receipt of the notice specified in section 14 2 no transfer without our prior written consent to send written notice to you that we intend to purchase the interest proposed to be transferred,Rofr/Rofo/Rofn,CUAD_train_contracts,cuad_train
PfHospitalityGroupInc_20150923_10-12G_EX-10.1_9266710_EX-10.1_Franchise Agreement1,"You may not permit the Franchised Business to be operated, managed, directed, or controlled by any other person without our prior written consent.",you may not permit the franchised business to be operated managed directed or controlled by any other person without our prior written consent,Change Of Control,CUAD_train_contracts,cuad_train
PfHospitalityGroupInc_20150923_10-12G_EX-10.1_9266710_EX-10.1_Franchise Agreement1,"The Owners may not enter into any shareholders' agreement, management agreement, voting trust or other arrangement that gives a third party the power to direct and control your affairs without our prior written consent.",the owners may not enter into any shareholders agreement management agreement voting trust or other arrangement that gives a third party the power to direct and control your affairs without our prior written consent,Change Of Control,CUAD_train_contracts,cuad_train
PfHospitalityGroupInc_20150923_10-12G_EX-10.1_9266710_EX-10.1_Franchise Agreement1,Neither you nor any of the Owners may make any Transfer or permit any Transfer to occur without obtaining our prior written consent.,neither you nor any of the owners may make any transfer or permit any transfer to occur without obtaining our prior written consent,Anti-Assignment,CUAD_train_contracts,cuad_train
PfHospitalityGroupInc_20150923_10-12G_EX-10.1_9266710_EX-10.1_Franchise Agreement1,A majority of the Restaurant owners in the Regional Fund may vote to increase the amount of each Restaurant owner's Regional Fund contribution by up to an additional two percent (2%) of each Restaurant's Gross Revenues.,a majority of the restaurant owners in the regional fund may vote to increase the amount of each restaurant owner s regional fund contribution by up to an additional two percent 2 of each restaurant s gross revenues,Revenue/Profit Sharing,CUAD_train_contracts,cuad_train
PfHospitalityGroupInc_20150923_10-12G_EX-10.1_9266710_EX-10.1_Franchise Agreement1,"You must pay us a royalty fee (""Royalty"") equal to six percent (6%) of your Gross Revenues.",you must pay us a royalty fee royalty equal to six percent 6 of your gross revenues,Revenue/Profit Sharing,CUAD_train_contracts,cuad_train
PfHospitalityGroupInc_20150923_10-12G_EX-10.1_9266710_EX-10.1_Franchise Agreement1,"During any Period that the Marketing Fund (as defined in Section 9.1 [Pizza Fusion Marketing Fund] below) is in effect, you must make a contribution as described in Section 9.1 [Pizza Fusion Marketing Fund] below equal to three percent (3%) of your Gross Revenues for the preceding Period",during any period that the marketing fund as defined in section 9 1 pizza fusion marketing fund below is in effect you must make a contribution as described in section 9 1 pizza fusion marketing fund below equal to three percent 3 of your gross revenues for the preceding period,Revenue/Profit Sharing,CUAD_train_contracts,cuad_train
PfHospitalityGroupInc_20150923_10-12G_EX-10.1_9266710_EX-10.1_Franchise Agreement1,"If by reason of state or other law, we are prohibited from receiving a percentage of certain components of Gross Revenues (including alcoholic-beverage sales), you must pay us an equivalent amount by increasing the Royalty percentage applied to Gross Revenues exclusive of the prohibited components.",if by reason of state or other law we are prohibited from receiving a percentage of certain components of gross revenues including alcoholic beverage sales you must pay us an equivalent amount by increasing the royalty percentage applied to gross revenues exclusive of the prohibited components,Revenue/Profit Sharing,CUAD_train_contracts,cuad_train
PfHospitalityGroupInc_20150923_10-12G_EX-10.1_9266710_EX-10.1_Franchise Agreement1,"Additionally, during any Period that a Regional Fund (as defined in Section 9.3 [Regional Fund] below) for the area in which your Franchised Business is located is in effect, you must make a contribution as described in Section 9.2 [Local Marketing] below in such amounts as we specify in writing up to two percent (2%) of your Gross Revenues for the preceding Period; in addition, you may be required to contribute to a Regional Fund up to an additional two percent (2%) of Gross Revenues of your Franchised Business if the members of that Regional Fund vote to increase the total contribution, as provided in Section 9.3.5 [Regional Fund] below.",additionally during any period that a regional fund as defined in section 9 3 regional fund below for the area in which your franchised business is located is in effect you must make a contribution as described in section 9 2 local marketing below in such amounts as we specify in writing up to two percent 2 of your gross revenues for the preceding period in addition you may be required to contribute to a regional fund up to an additional two percent 2 of gross revenues of your franchised business if the members of that regional fund vote to increase the total contribution as provided in section 9 3 5 regional fund below,Revenue/Profit Sharing,CUAD_train_contracts,cuad_train
PfHospitalityGroupInc_20150923_10-12G_EX-10.1_9266710_EX-10.1_Franchise Agreement1,"You agree to conduct a Grand Opening Advertising Program for the Franchised Business throughout the first four weeks after the Opening Date, spending an amount not less than $12,000.",you agree to conduct a grand opening advertising program for the franchised business throughout the first four weeks after the opening date spending an amount not less than 12 000,Minimum Commitment,CUAD_train_contracts,cuad_train
PfHospitalityGroupInc_20150923_10-12G_EX-10.1_9266710_EX-10.1_Franchise Agreement1,"Beginning on the Opening Date, during each consecutive three-calendar-month period during the Term, you must spend three percent (3%) or more of your Gross Sales on local marketing of the Franchised Business.",beginning on the opening date during each consecutive three calendar month period during the term you must spend three percent 3 or more of your gross sales on local marketing of the franchised business,Minimum Commitment,CUAD_train_contracts,cuad_train
PfHospitalityGroupInc_20150923_10-12G_EX-10.1_9266710_EX-10.1_Franchise Agreement1,"If you wish to test market an item that we have not approved, then, so long as we have given you our prior written approval, you may do so for so long, and on such terms, that we mutually agree upon (a ""Test""), and the item so tested, and all associated formulae, plans, and materials, will become our property.",if you wish to test market an item that we have not approved then so long as we have given you our prior written approval you may do so for so long and on such terms that we mutually agree upon a test and the item so tested and all associated formulae plans and materials will become our property,Ip Ownership Assignment,CUAD_train_contracts,cuad_train
PfHospitalityGroupInc_20150923_10-12G_EX-10.1_9266710_EX-10.1_Franchise Agreement1,"You agree that all data that you collect from customers and potential customers in connection with the Franchised Business (""Customer Data"") is deemed to be owned exclusively by us, and you also agree to provide the Customer Data to us at any time that we request as you to do so.",you agree that all data that you collect from customers and potential customers in connection with the franchised business customer data is deemed to be owned exclusively by us and you also agree to provide the customer data to us at any time that we request as you to do so,Ip Ownership Assignment,CUAD_train_contracts,cuad_train
PfHospitalityGroupInc_20150923_10-12G_EX-10.1_9266710_EX-10.1_Franchise Agreement1,"The Customer List is, and remains, our exclusive property, you hereby assign to us all rights you now have or hereafter may acquire in the Customer List.",the customer list is and remains our exclusive property you hereby assign to us all rights you now have or hereafter may acquire in the customer list,Ip Ownership Assignment,CUAD_train_contracts,cuad_train
PfHospitalityGroupInc_20150923_10-12G_EX-10.1_9266710_EX-10.1_Franchise Agreement1,"All data pertaining to, derived from, or displayed at the Franchised Business (including without limitation data pertaining to or otherwise about Franchised Business customers) is and shall be our exclusive property, and we hereby grant you a royalty-free non-exclusive license to use that data during the Term of this Agreement.",all data pertaining to derived from or displayed at the franchised business including without limitation data pertaining to or otherwise about franchised business customers is and shall be our exclusive property and we hereby grant you a royalty free non exclusive license to use that data during the term of this agreement,Ip Ownership Assignment,CUAD_train_contracts,cuad_train
PfHospitalityGroupInc_20150923_10-12G_EX-10.1_9266710_EX-10.1_Franchise Agreement1,"We grant you the right, and you accept the obligation, to use the Proprietary Marks and the System to operate one Restaurant (the ""Franchised Business"") at the Premises, in accordance with the terms of this Agreement.",we grant you the right and you accept the obligation to use the proprietary marks and the system to operate one restaurant the franchised business at the premises in accordance with the terms of this agreement,License Grant,CUAD_train_contracts,cuad_train
PfHospitalityGroupInc_20150923_10-12G_EX-10.1_9266710_EX-10.1_Franchise Agreement1,"If, following the Test, we determine that we will approve the tested item, then for so long as we deem that item to be an ""approved item"" under this Agreement, you will have the right to use that item under the terms of this Agreement; and we will have the right to use and market that item as we see fit, including but not limited to use in our own Restaurants as well as that of other licensees and franchisees, without compensation to you.",if following the test we determine that we will approve the tested item then for so long as we deem that item to be an approved item under this agreement you will have the right to use that item under the terms of this agreement and we will have the right to use and market that item as we see fit including but not limited to use in our own restaurants as well as that of other licensees and franchisees without compensation to you,License Grant,CUAD_train_contracts,cuad_train
PfHospitalityGroupInc_20150923_10-12G_EX-10.1_9266710_EX-10.1_Franchise Agreement1,You have no right to sublicense either the Proprietary Marks or the System to anyone else;,you have no right to sublicense either the proprietary marks or the system to anyone else,Non-Transferable License,CUAD_train_contracts,cuad_train
PfHospitalityGroupInc_20150923_10-12G_EX-10.1_9266710_EX-10.1_Franchise Agreement1,"If we do not elect or are unable to exercise our option to acquire, or to acquire the lease or sublease for the Premises, you must make such modifications or alterations to the premises operated hereunder (including, without limitation, the changing of the telephone number) immediately upon termination or expiration of this Agreement as may be necessary to distinguish the appearance of the Premises from that of other Restaurants under the System, and such specific additional changes as we may reasonably request for that purpose.",if we do not elect or are unable to exercise our option to acquire or to acquire the lease or sublease for the premises you must make such modifications or alterations to the premises operated hereunder including without limitation the changing of the telephone number immediately upon termination or expiration of this agreement as may be necessary to distinguish the appearance of the premises from that of other restaurants under the system and such specific additional changes as we may reasonably request for that purpose,Post-Termination Services,CUAD_train_contracts,cuad_train
PfHospitalityGroupInc_20150923_10-12G_EX-10.1_9266710_EX-10.1_Franchise Agreement1,"(c) Recognize your right to display and use the Proprietary Marks in accordance with the specifications required by the Manual, subject only to the provisions of applicable law; (d) Require that the premises be used solely for the operation of a Franchised Business; and (e) Acknowledge that, if this Agreement is terminated or expires (without you renewing your franchise rights): (i) you must take certain steps to de-identify the location as a Pizza Fusion Restaurant; and (ii) lessor will cooperate with us in enforcing your obligation to de-identity, including allowing us, our employees and/or agents to enter the premises and remove signs, décor and materials that bear or display our Proprietary Marks, designs, or logos.",c recognize your right to display and use the proprietary marks in accordance with the specifications required by the manual subject only to the provisions of applicable law d require that the premises be used solely for the operation of a franchised business and e acknowledge that if this agreement is terminated or expires without you renewing your franchise rights i you must take certain steps to de identify the location as a pizza fusion restaurant and ii lessor will cooperate with us in enforcing your obligation to de identity including allowing us our employees and or agents to enter the premises and remove signs d cor and materials that bear or display our proprietary marks designs or logos,Post-Termination Services,CUAD_train_contracts,cuad_train
PfHospitalityGroupInc_20150923_10-12G_EX-10.1_9266710_EX-10.1_Franchise Agreement1,"Your lease (or rider to a lease) must include provisions that will: (a) Allow us the right to elect to take an assignment of the leasehold interest upon termination or expiration of your rights under this Agreement, and that allow us (or our designee) to operate a ""Pizza Fusion"" restaurant upon the premises for the remaining term of the lease or sublease; (b) Require the lessor to provide us with a copy of any written notice of deficiency under the lease sent to you, at the same time as notice is given to you (as the lessee under the lease), and which grants to us the right (but not obligation) to cure any deficiency by you under the lease within fifteen (15) business days after the expiration of the period in which you had to cure any such default should you fail to do so;",your lease or rider to a lease must include provisions that will a allow us the right to elect to take an assignment of the leasehold interest upon termination or expiration of your rights under this agreement and that allow us or our designee to operate a pizza fusion restaurant upon the premises for the remaining term of the lease or sublease b require the lessor to provide us with a copy of any written notice of deficiency under the lease sent to you at the same time as notice is given to you as the lessee under the lease and which grants to us the right but not obligation to cure any deficiency by you under the lease within fifteen 15 business days after the expiration of the period in which you had to cure any such default should you fail to do so,Post-Termination Services,CUAD_train_contracts,cuad_train
PfHospitalityGroupInc_20150923_10-12G_EX-10.1_9266710_EX-10.1_Franchise Agreement1,"You agree that, at our option, you will sell to us any or all your assets used to operate the Franchised Business (including equipment, fixtures, furnishings, Delivery Vehicles, supplies, and inventory) that we ask in writing to purchase.",you agree that at our option you will sell to us any or all your assets used to operate the franchised business including equipment fixtures furnishings delivery vehicles supplies and inventory that we ask in writing to purchase,Post-Termination Services,CUAD_train_contracts,cuad_train
PfHospitalityGroupInc_20150923_10-12G_EX-10.1_9266710_EX-10.1_Franchise Agreement1,We reserve the right to reinspect the facilities and products of any approved supplier and to revoke approval if we find that the supplier fails to meet any of our then-current criteria.,we reserve the right to reinspect the facilities and products of any approved supplier and to revoke approval if we find that the supplier fails to meet any of our then current criteria,Audit Rights,CUAD_train_contracts,cuad_train
PfHospitalityGroupInc_20150923_10-12G_EX-10.1_9266710_EX-10.1_Franchise Agreement1,To permit us or our representatives to inspect your operations to assure that you are properly using the Proprietary Marks;,to permit us or our representatives to inspect your operations to assure that you are properly using the proprietary marks,Audit Rights,CUAD_train_contracts,cuad_train
PfHospitalityGroupInc_20150923_10-12G_EX-10.1_9266710_EX-10.1_Franchise Agreement1,"If we request in writing, you agree that your financial institution is authorized to send us a monthly statement of all activity in the designated account (and such other reports of the activity in the operating account as we reasonably request) at the same time as it sends such statements to you.",if we request in writing you agree that your financial institution is authorized to send us a monthly statement of all activity in the designated account and such other reports of the activity in the operating account as we reasonably request at the same time as it sends such statements to you,Audit Rights,CUAD_train_contracts,cuad_train
PfHospitalityGroupInc_20150923_10-12G_EX-10.1_9266710_EX-10.1_Franchise Agreement1,"If Gross Revenues have been understated by more than 2% for the period covered by the examination or audit, you must also: (1) reimburse us for the full reasonable cost of the examination or audit, including, travel, lodging, meals, and wages of our representatives and the legal and accounting fees of any attorneys or independent accountants we use for the examination or audit; and (2) at our request, thereafter provide us with periodic audited financial statements.",if gross revenues have been understated by more than 2 for the period covered by the examination or audit you must also 1 reimburse us for the full reasonable cost of the examination or audit including travel lodging meals and wages of our representatives and the legal and accounting fees of any attorneys or independent accountants we use for the examination or audit and 2 at our request thereafter provide us with periodic audited financial statements,Audit Rights,CUAD_train_contracts,cuad_train
PfHospitalityGroupInc_20150923_10-12G_EX-10.1_9266710_EX-10.1_Franchise Agreement1,"We have the right, both during and after the Term of this Agreement, to inspect, copy and audit your books and records, your federal, state and local tax returns, and any other forms, reports, information or data that we may reasonably designate.",we have the right both during and after the term of this agreement to inspect copy and audit your books and records your federal state and local tax returns and any other forms reports information or data that we may reasonably designate,Audit Rights,CUAD_train_contracts,cuad_train
PfHospitalityGroupInc_20150923_10-12G_EX-10.1_9266710_EX-10.1_Franchise Agreement1,"We have the right, at any time during normal business hours: (i) to conduct inspections of the Franchised Business; (ii) to interview your employees, work crews, and customers; and (iii) to review your business records, including those maintained electronically or off premises.",we have the right at any time during normal business hours i to conduct inspections of the franchised business ii to interview your employees work crews and customers and iii to review your business records including those maintained electronically or off premises,Audit Rights,CUAD_train_contracts,cuad_train
PfHospitalityGroupInc_20150923_10-12G_EX-10.1_9266710_EX-10.1_Franchise Agreement1,"In order to preserve the goodwill of the System following termination, we (or our designee) have the right to enter the Premises (without liability to you, your Owners, or otherwise) for the purpose continuing the Franchised Business' operation and maintaining the goodwill of the business.",in order to preserve the goodwill of the system following termination we or our designee have the right to enter the premises without liability to you your owners or otherwise for the purpose continuing the franchised business operation and maintaining the goodwill of the business,Audit Rights,CUAD_train_contracts,cuad_train
PfHospitalityGroupInc_20150923_10-12G_EX-10.1_9266710_EX-10.1_Franchise Agreement1,"We may conduct the examination or audit at our offices or those of a third-party, in which case we may require you to send us your records.",we may conduct the examination or audit at our offices or those of a third party in which case we may require you to send us your records,Audit Rights,CUAD_train_contracts,cuad_train
PfHospitalityGroupInc_20150923_10-12G_EX-10.1_9266710_EX-10.1_Franchise Agreement1,We have the ongoing right to inspect any proposed supplier's facilities and to test samples of the proposed products or services.,we have the ongoing right to inspect any proposed supplier s facilities and to test samples of the proposed products or services,Audit Rights,CUAD_train_contracts,cuad_train
PfHospitalityGroupInc_20150923_10-12G_EX-10.1_9266710_EX-10.1_Franchise Agreement1,You agree to submit financial and operational reports and records and documents to us at the times and in the manner specified in the Manual or other written instructions.,you agree to submit financial and operational reports and records and documents to us at the times and in the manner specified in the manual or other written instructions,Audit Rights,CUAD_train_contracts,cuad_train
PfHospitalityGroupInc_20150923_10-12G_EX-10.1_9266710_EX-10.1_Franchise Agreement1,"Each of us waives any right to or claim of punitive, exemplary, multiple, or consequential damages against the other in litigation and agrees to be limited to the recovery of actual damages sustained.",each of us waives any right to or claim of punitive exemplary multiple or consequential damages against the other in litigation and agrees to be limited to the recovery of actual damages sustained,Cap On Liability,CUAD_train_contracts,cuad_train
PfHospitalityGroupInc_20150923_10-12G_EX-10.1_9266710_EX-10.1_Franchise Agreement1,"Any and all claims and actions arising out of or relating to this Agreement, the relationship between you and us, or your operation of the Restaurant, brought by any party hereto against the other, must be commenced within one (1) year from the occurrence of the facts giving rise to such claim or action, or, it is expressly acknowledged and agreed by all parties, such claim or action will be irrevocably barred.",any and all claims and actions arising out of or relating to this agreement the relationship between you and us or your operation of the restaurant brought by any party hereto against the other must be commenced within one 1 year from the occurrence of the facts giving rise to such claim or action or it is expressly acknowledged and agreed by all parties such claim or action will be irrevocably barred,Cap On Liability,CUAD_train_contracts,cuad_train
PfHospitalityGroupInc_20150923_10-12G_EX-10.1_9266710_EX-10.1_Franchise Agreement1,The amounts contemplated under Section 16.4 [Liquidated Damages] above is not a penalty and is intended by the parties only as a compensatory remedy for past breaches and not as a preventative remedy to deter future breaches.,the amounts contemplated under section 16 4 liquidated damages above is not a penalty and is intended by the parties only as a compensatory remedy for past breaches and not as a preventative remedy to deter future breaches,Liquidated Damages,CUAD_train_contracts,cuad_train
PfHospitalityGroupInc_20150923_10-12G_EX-10.1_9266710_EX-10.1_Franchise Agreement1,The payments called for in Section 16.4 [Liquidated Damages] above constitute liquidated damages for causing the premature termination of this Agreement and not a penalty.,the payments called for in section 16 4 liquidated damages above constitute liquidated damages for causing the premature termination of this agreement and not a penalty,Liquidated Damages,CUAD_train_contracts,cuad_train
PfHospitalityGroupInc_20150923_10-12G_EX-10.1_9266710_EX-10.1_Franchise Agreement1,"If this Agreement is terminated due to your default, you must, upon written demand, pay us a lump-sum payment in an amount calculated as follows: (a) the average of your Royalty fees and Advertising Contributions due for the last 60 months before our delivery of notice of default (or, if lesser, the months you had been operating before our delivery of notice of default), (b) multiplied by the lesser of 60 or the number of months remaining in the term of this Agreement.",if this agreement is terminated due to your default you must upon written demand pay us a lump sum payment in an amount calculated as follows a the average of your royalty fees and advertising contributions due for the last 60 months before our delivery of notice of default or if lesser the months you had been operating before our delivery of notice of default b multiplied by the lesser of 60 or the number of months remaining in the term of this agreement,Liquidated Damages,CUAD_train_contracts,cuad_train
PfHospitalityGroupInc_20150923_10-12G_EX-10.1_9266710_EX-10.1_Franchise Agreement1,"Nevertheless, the parties agree that the lump-sum payment provided under Section 16.4 [Liquidated Damages] above is reasonable in light of the damages for premature termination that may reasonably be expected to occur in such event.",nevertheless the parties agree that the lump sum payment provided under section 16 4 liquidated damages above is reasonable in light of the damages for premature termination that may reasonably be expected to occur in such event,Liquidated Damages,CUAD_train_contracts,cuad_train
PfHospitalityGroupInc_20150923_10-12G_EX-10.1_9266710_EX-10.1_Franchise Agreement1,"Throughout the entire Term, you must maintain such types of insurance, in such amounts, as we may require.",throughout the entire term you must maintain such types of insurance in such amounts as we may require,Insurance,CUAD_train_contracts,cuad_train
PfHospitalityGroupInc_20150923_10-12G_EX-10.1_9266710_EX-10.1_Franchise Agreement1,(f) obtain and maintain in force during the entire period of construction the insurance required under this Agreement or as otherwise specified in the Manuals;,f obtain and maintain in force during the entire period of construction the insurance required under this agreement or as otherwise specified in the manuals,Insurance,CUAD_train_contracts,cuad_train
PfHospitalityGroupInc_20150923_10-12G_EX-10.1_9266710_EX-10.1_Franchise Agreement1,"In connection with any construction, renovation, refurbishment, or remodeling of the Premises, you must cause the general contractor to maintain commercial general liability insurance (with comprehensive automobile liability coverage for both owned and non-owned vehicles, builder's risk, product liability, and independent contractors coverage) with a reputable insurer.",in connection with any construction renovation refurbishment or remodeling of the premises you must cause the general contractor to maintain commercial general liability insurance with comprehensive automobile liability coverage for both owned and non owned vehicles builder s risk product liability and independent contractors coverage with a reputable insurer,Insurance,CUAD_train_contracts,cuad_train
PfHospitalityGroupInc_20150923_10-12G_EX-10.1_9266710_EX-10.1_Franchise Agreement1,You must also cause the general contractor to maintain workers' compensation and employer's liability insurance as may be required by law.,you must also cause the general contractor to maintain workers compensation and employer s liability insurance as may be required by law,Insurance,CUAD_train_contracts,cuad_train
PfHospitalityGroupInc_20150923_10-12G_EX-10.1_9266710_EX-10.1_Franchise Agreement1,"If we do so and you choose not to use our recommended construction manager, you must hire a general contractor who is reasonably acceptable to us and who must have the following minimum insurance coverage: (a) commercial general liability in an amount of $2,000,000 combined single limit; (b) comprehensive automobile liability for owned, hired and non-owned motor vehicles in an amount of $1,000,000 combined single limit; (c) workers' compensation, occupational diseases and disability benefits in accordance with applicable statutory requirements; (d) employers' liability in an amount of $1,000,000; (e) employee fidelity bond of $2,000,000; and (f) umbrella form excess liability insurance in excess of the limits provided by the commercial general liability policy required above with limits of $3,000,000 per occurrence and annual aggregate.",if we do so and you choose not to use our recommended construction manager you must hire a general contractor who is reasonably acceptable to us and who must have the following minimum insurance coverage a commercial general liability in an amount of 2 000 000 combined single limit b comprehensive automobile liability for owned hired and non owned motor vehicles in an amount of 1 000 000 combined single limit c workers compensation occupational diseases and disability benefits in accordance with applicable statutory requirements d employers liability in an amount of 1 000 000 e employee fidelity bond of 2 000 000 and f umbrella form excess liability insurance in excess of the limits provided by the commercial general liability policy required above with limits of 3 000 000 per occurrence and annual aggregate,Insurance,CUAD_train_contracts,cuad_train
PfHospitalityGroupInc_20150923_10-12G_EX-10.1_9266710_EX-10.1_Franchise Agreement1,"At any time, we may adjust the amounts of coverage required under such insurance policies and require different or additional kinds of insurance, including excess liability insurance.",at any time we may adjust the amounts of coverage required under such insurance policies and require different or additional kinds of insurance including excess liability insurance,Insurance,CUAD_train_contracts,cuad_train
PfHospitalityGroupInc_20150923_10-12G_EX-10.1_9266710_EX-10.1_Franchise Agreement1,"You must obtain and maintain appropriate insurance coverage for you and for our benefit, including any minimum coverages that we may establish.",you must obtain and maintain appropriate insurance coverage for you and for our benefit including any minimum coverages that we may establish,Insurance,CUAD_train_contracts,cuad_train
PfHospitalityGroupInc_20150923_10-12G_EX-10.1_9266710_EX-10.1_Franchise Agreement1,"By the dates specified below, an approved insurance company must issue a certificate of insurance showing compliance with the insurance requirements in this Section 6.19 [Insurance] and you must furnish us with a paid receipt showing the certificate number: (a) 30 days before beginning construction of the Premises; (b) if the Premises are constructed and presently owned or leased by you, 10 days from the Agreement Date; or (c) if the Premises are not presently owned or leased, 10 days after ownership of the Premises is conveyed to you or you sign a lease for the Premises. The certificate of insurance must include a statement by the insurer that the policy or policies may not be canceled, subject to nonrenewal, or materially altered without at least 30 days' prior written notice to us. Upon our request, you must supply us with copies of all insurance policies and proof of payment. Every year, you must send us current certificates of insurance and copies of all insurance policies.",by the dates specified below an approved insurance company must issue a certificate of insurance showing compliance with the insurance requirements in this section 6 19 insurance and you must furnish us with a paid receipt showing the certificate number a 30 days before beginning construction of the premises b if the premises are constructed and presently owned or leased by you 10 days from the agreement date or c if the premises are not presently owned or leased 10 days after ownership of the premises is conveyed to you or you sign a lease for the premises the certificate of insurance must include a statement by the insurer that the policy or policies may not be canceled subject to nonrenewal or materially altered without at least 30 days prior written notice to us upon our request you must supply us with copies of all insurance policies and proof of payment every year you must send us current certificates of insurance and copies of all insurance policies,Insurance,CUAD_train_contracts,cuad_train
PfHospitalityGroupInc_20150923_10-12G_EX-10.1_9266710_EX-10.1_Franchise Agreement1,"At a minimum, such policies must include the following: (a) commercial general liability insurance, completed-operations and independent-contractors coverage in the amount of $1,000,000, per person/per occurrence for bodily injury and property damage combined with a general aggregate of $3,000,000.",at a minimum such policies must include the following a commercial general liability insurance completed operations and independent contractors coverage in the amount of 1 000 000 per person per occurrence for bodily injury and property damage combined with a general aggregate of 3 000 000,Insurance,CUAD_train_contracts,cuad_train
PfHospitalityGroupInc_20150923_10-12G_EX-10.1_9266710_EX-10.1_Franchise Agreement1,"Such insurance must be in the amount of at least $1,000,000 and must name us and you as an additional named insured party, as our respective interests may appear.",such insurance must be in the amount of at least 1 000 000 and must name us and you as an additional named insured party as our respective interests may appear,Insurance,CUAD_train_contracts,cuad_train
PfHospitalityGroupInc_20150923_10-12G_EX-10.1_9266710_EX-10.1_Franchise Agreement1,"(b) workers'-compensation coverage in the amount of at least $100,000/$500,000/$100,000, unemployment insurance and employer's liability insurance, as well as such other insurance as may be required by statute or rule of the state in which the Franchised Business is located; (c) fire, lightning, vandalism, theft, malicious mischief, flood (if in a special flood-hazard area), sprinkler damage, and the perils described in ex-tended-coverage insurance with primary and excess limits of not less than the full-replacement value of the supplies, furniture, fixtures, equipment, machinery, inventory, and plate glass having a deductible of not more than $1,000 and naming us as a loss payee; (d) automobile liability insurance-including coverage of vehicles not owned by you, but used by employees in connection with the Franchised Business, with a combination of primary and excess limits of not less than $1,000,000; (e) commercial blanket bond in the amount of $100,000; and (f) such other insurance, in such amounts, as we reasonably require for our and your protection.",b workers compensation coverage in the amount of at least 100 000 500 000 100 000 unemployment insurance and employer s liability insurance as well as such other insurance as may be required by statute or rule of the state in which the franchised business is located c fire lightning vandalism theft malicious mischief flood if in a special flood hazard area sprinkler damage and the perils described in ex tended coverage insurance with primary and excess limits of not less than the full replacement value of the supplies furniture fixtures equipment machinery inventory and plate glass having a deductible of not more than 1 000 and naming us as a loss payee d automobile liability insurance including coverage of vehicles not owned by you but used by employees in connection with the franchised business with a combination of primary and excess limits of not less than 1 000 000 e commercial blanket bond in the amount of 100 000 and f such other insurance in such amounts as we reasonably require for our and your protection,Insurance,CUAD_train_contracts,cuad_train
PfHospitalityGroupInc_20150923_10-12G_EX-10.1_9266710_EX-10.1_Franchise Agreement1,"Policies that we require must be written by an insurance company reasonably satisfactory to us with an A.M. Best rating of ""A"" or better, and, must name us as an additional insured party.",policies that we require must be written by an insurance company reasonably satisfactory to us with an a m best rating of a or better and must name us as an additional insured party,Insurance,CUAD_train_contracts,cuad_train
PfHospitalityGroupInc_20150923_10-12G_EX-10.1_9266710_EX-10.1_Franchise Agreement1,You agree that you will do all of the following things:,you agree that you will do all of the following things,Insurance,CUAD_train_contracts,cuad_train
PfHospitalityGroupInc_20150923_10-12G_EX-10.1_9266710_EX-10.1_Franchise Agreement1,"You and all Owners must execute a general release, in a form satisfactory to us, of all claims against us and our past, present and future affiliates, officers, directors, shareholders, agents and employees.",you and all owners must execute a general release in a form satisfactory to us of all claims against us and our past present and future affiliates officers directors shareholders agents and employees,Covenant Not To Sue,CUAD_train_contracts,cuad_train
PfHospitalityGroupInc_20150923_10-12G_EX-10.1_9266710_EX-10.1_Franchise Agreement1,"During the Term of this Agreement and after its expiration or termination, you agree not to directly or indirectly contest, or aid in contesting, the validity or ownership of the Proprietary Marks or take any action detrimental to our rights in the Proprietary Marks.",during the term of this agreement and after its expiration or termination you agree not to directly or indirectly contest or aid in contesting the validity or ownership of the proprietary marks or take any action detrimental to our rights in the proprietary marks,Covenant Not To Sue,CUAD_train_contracts,cuad_train
PfHospitalityGroupInc_20150923_10-12G_EX-10.1_9266710_EX-10.1_Franchise Agreement1,To accept the validity of the Proprietary Marks as they exist now and in the future and agree that you will not contest the validity of any of the Proprietary Marks at any time;,to accept the validity of the proprietary marks as they exist now and in the future and agree that you will not contest the validity of any of the proprietary marks at any time,Covenant Not To Sue,CUAD_train_contracts,cuad_train
CORIOINC_07_20_2000-EX-10.5-LICENSE AND HOSTING AGREEMENT,License and Hosting Agreement,license and hosting agreement,Document Name,CUAD_train_contracts,cuad_train
CORIOINC_07_20_2000-EX-10.5-LICENSE AND HOSTING AGREEMENT,The term of this Agreement shall commence on the Effective Date and shall continue in full force and effect for an initial period of five (5) years.,the term of this agreement shall commence on the effective date and shall continue in full force and effect for an initial period of five 5 years,Expiration Date,CUAD_train_contracts,cuad_train
CORIOINC_07_20_2000-EX-10.5-LICENSE AND HOSTING AGREEMENT,"Thereafter, this Agreement shall automatically renew for subsequent one (1) year periods unless either party provides the other party with written notification at least thirty (30) days prior to the expiration of the initial five (5) year term or any one (1) year renewal thereof of its intention to terminate this Agreement.",thereafter this agreement shall automatically renew for subsequent one 1 year periods unless either party provides the other party with written notification at least thirty 30 days prior to the expiration of the initial five 5 year term or any one 1 year renewal thereof of its intention to terminate this agreement,Renewal Term,CUAD_train_contracts,cuad_train
CORIOINC_07_20_2000-EX-10.5-LICENSE AND HOSTING AGREEMENT,"This Agreement shall be governed by the laws of the State of California, USA, excluding conflict of laws provisions and excluding the 1980 United Nations Convention on Contracts for the International Sale of Goods.",this agreement shall be governed by the laws of the state of california usa excluding conflict of laws provisions and excluding the 1980 united nations convention on contracts for the international sale of goods,Governing Law,CUAD_train_contracts,cuad_train
CORIOINC_07_20_2000-EX-10.5-LICENSE AND HOSTING AGREEMENT,"Notwithstanding the foregoing, either party shall have the right to assign this Agreement in connection with the merger or acquisition of such party or the sale of all or substantially all of its assets related to this Agreement without such consent, except in the case where such transaction involves a direct competitor of the other party where consent of the other party will be required.",notwithstanding the foregoing either party shall have the right to assign this agreement in connection with the merger or acquisition of such party or the sale of all or substantially all of its assets related to this agreement without such consent except in the case where such transaction involves a direct competitor of the other party where consent of the other party will be required,Change Of Control,CUAD_train_contracts,cuad_train
CORIOINC_07_20_2000-EX-10.5-LICENSE AND HOSTING AGREEMENT,"Neither party may assign this Agreement or any rights or obligations hereunder, whether by operation of law or otherwise, without the prior written consent of the other party.",neither party may assign this agreement or any rights or obligations hereunder whether by operation of law or otherwise without the prior written consent of the other party,Anti-Assignment,CUAD_train_contracts,cuad_train
CORIOINC_07_20_2000-EX-10.5-LICENSE AND HOSTING AGREEMENT,Any assignment in violation of this Section 14.1 shall be null and void.,any assignment in violation of this section 14 1 shall be null and void,Anti-Assignment,CUAD_train_contracts,cuad_train
CORIOINC_07_20_2000-EX-10.5-LICENSE AND HOSTING AGREEMENT,"In addition, the parties shall share certain revenues related to purchases made by Customers utilizing Commerce One's MarketSite.net Service, as set forth in EXHIBIT B hereto.",in addition the parties shall share certain revenues related to purchases made by customers utilizing commerce one s marketsite net service as set forth in exhibit b hereto,Revenue/Profit Sharing,CUAD_train_contracts,cuad_train
CORIOINC_07_20_2000-EX-10.5-LICENSE AND HOSTING AGREEMENT,"Subject to Commerce One's pre-existing ownership of any materials or technology provided to Corio, the results of all such development efforts set forth in this Section 13, including all intellectual property rights in any software interface coding or programs created solely by Corio during the term of this Agreement to enable the Software to operated within the Corio Servers' hosted environment (""DEVELOPMENTS""), shall be owned by Corio, unless such Developments are supported on an ongoing basis by Commerce One in which case Commerce One will retain all ownership rights, including intellectual property rights in the Developments.",subject to commerce one s pre existing ownership of any materials or technology provided to corio the results of all such development efforts set forth in this section 13 including all intellectual property rights in any software interface coding or programs created solely by corio during the term of this agreement to enable the software to operated within the corio servers hosted environment developments shall be owned by corio unless such developments are supported on an ongoing basis by commerce one in which case commerce one will retain all ownership rights including intellectual property rights in the developments,Ip Ownership Assignment,CUAD_train_contracts,cuad_train
CORIOINC_07_20_2000-EX-10.5-LICENSE AND HOSTING AGREEMENT,"To the extent that Commerce One would otherwise have a claim of ownership in such Developments, Commerce One hereby assigns all rights in and to such Developments to Corio.",to the extent that commerce one would otherwise have a claim of ownership in such developments commerce one hereby assigns all rights in and to such developments to corio,Ip Ownership Assignment,CUAD_train_contracts,cuad_train
CORIOINC_07_20_2000-EX-10.5-LICENSE AND HOSTING AGREEMENT,"Ownership of intellectual property rights to any enhancements, modifications or derivative works to the Software itself which may be developed jointly by the parties or solely by Corio shall be negotiated by the parties prior to the start of any such development work.",ownership of intellectual property rights to any enhancements modifications or derivative works to the software itself which may be developed jointly by the parties or solely by corio shall be negotiated by the parties prior to the start of any such development work,Joint Ip Ownership,CUAD_train_contracts,cuad_train
CORIOINC_07_20_2000-EX-10.5-LICENSE AND HOSTING AGREEMENT,"Upon the release of the Source Code to Corio pursuant to Section 12.2 of this Agreement, Corio shall have a royalty-free, nonexclusive, nontransferable, right and license in the Territory to use and modify the Source Code to support and maintain the Software until the expiration or termination of Corio's Customers' End User License Agreements.",upon the release of the source code to corio pursuant to section 12 2 of this agreement corio shall have a royalty free nonexclusive nontransferable right and license in the territory to use and modify the source code to support and maintain the software until the expiration or termination of corio s customers end user license agreements,License Grant,CUAD_train_contracts,cuad_train
CORIOINC_07_20_2000-EX-10.5-LICENSE AND HOSTING AGREEMENT,"Subject to the terms and conditions of this Agreement, Commerce One hereby grants to Corio a nonexclusive, nontransferable (except in accordance with Section 14.1 of this Agreement) royalty-free, fully paid up right and license in the Territory, on Corio Servers, to make a reasonable number of copies of the Demonstration Software solely for demonstration purposes to potential Customer",subject to the terms and conditions of this agreement commerce one hereby grants to corio a nonexclusive nontransferable except in accordance with section 14 1 of this agreement royalty free fully paid up right and license in the territory on corio servers to make a reasonable number of copies of the demonstration software solely for demonstration purposes to potential customer,License Grant,CUAD_train_contracts,cuad_train
CORIOINC_07_20_2000-EX-10.5-LICENSE AND HOSTING AGREEMENT,"During the term of this Agreement, each party authorizes the other party to display and use the other's trademarks, trade names and logos (collectively, the TRADEMARKS) in connection with that party's sale, advertisement, service and promotion of the Corio Services or the Software and MarketSite.net Service.",during the term of this agreement each party authorizes the other party to display and use the other s trademarks trade names and logos collectively the trademarks in connection with that party s sale advertisement service and promotion of the corio services or the software and marketsite net service,License Grant,CUAD_train_contracts,cuad_train
CORIOINC_07_20_2000-EX-10.5-LICENSE AND HOSTING AGREEMENT,"Subject to the terms and conditions of this Agreement, Commerce One grants to Corio a nonexclusive, nontransferable (except in accordance with Section 14.1 of this Agreement), royalty-free, fully paid up, perpetual right and license in the Territory to reproduce, install and use additional copies of the Software and Software tools and utilities, subject to any restrictions placed on the Commerce One by third party software providers, in machine executable object code for (i) Corio's internal business operations and (ii) production, testing, development, upgrade, reporting and training.",subject to the terms and conditions of this agreement commerce one grants to corio a nonexclusive nontransferable except in accordance with section 14 1 of this agreement royalty free fully paid up perpetual right and license in the territory to reproduce install and use additional copies of the software and software tools and utilities subject to any restrictions placed on the commerce one by third party software providers in machine executable object code for i corio s internal business operations and ii production testing development upgrade reporting and training,License Grant,CUAD_train_contracts,cuad_train
CORIOINC_07_20_2000-EX-10.5-LICENSE AND HOSTING AGREEMENT,"Subject to the terms and conditions of this Agreement, Commerce One hereby grants to Corio a fee-bearing, perpetual and irrevocable, nonexclusive, nontransferable (except in accordance with Section 14.1 of this Agreement), right and license in the Territory to (i) reproduce the Software in machine executable object code format only for installation on the Corio Servers; (ii) install multiple copies of the Software on Corio's Servers which will be made remotely accessible to Corio's Customers for their subsequent use, (iii) permit limited access to and use of the Software and MarketSite.net Service by Customers through Corio Servers; (iv) sublicense an unlimited number of Customers to access and use the Software and MarketSite.net Service only through the installation on Corio servers; and (v) use Commerce One's tools and utilities, subject to any restrictions placed on the Commerce One by third party software providers, to modify and manage the Software.",subject to the terms and conditions of this agreement commerce one hereby grants to corio a fee bearing perpetual and irrevocable nonexclusive nontransferable except in accordance with section 14 1 of this agreement right and license in the territory to i reproduce the software in machine executable object code format only for installation on the corio servers ii install multiple copies of the software on corio s servers which will be made remotely accessible to corio s customers for their subsequent use iii permit limited access to and use of the software and marketsite net service by customers through corio servers iv sublicense an unlimited number of customers to access and use the software and marketsite net service only through the installation on corio servers and v use commerce one s tools and utilities subject to any restrictions placed on the commerce one by third party software providers to modify and manage the software,License Grant,CUAD_train_contracts,cuad_train
CORIOINC_07_20_2000-EX-10.5-LICENSE AND HOSTING AGREEMENT,"Subject to the terms and conditions of this Agreement, Commerce One hereby grants to Corio a nonexclusive, nontransferable (except in accordance with Section 14.1 of this Agreement), right and license in the Territory to sell and distribute such software licenses to Customers pursuant to this Section 2.4.",subject to the terms and conditions of this agreement commerce one hereby grants to corio a nonexclusive nontransferable except in accordance with section 14 1 of this agreement right and license in the territory to sell and distribute such software licenses to customers pursuant to this section 2 4,License Grant,CUAD_train_contracts,cuad_train
CORIOINC_07_20_2000-EX-10.5-LICENSE AND HOSTING AGREEMENT,"Subject to the terms and conditions of this Agreement, Commerce One hereby grants to Corio a nonexclusive, nontransferable (except in accordance with Section 14.1 of this Agreement) royalty-free, fully paid up right and license in the Territory, on Corio Servers, to make a reasonable number of copies of the Demonstration Software solely for demonstration purposes to potential Customers.",subject to the terms and conditions of this agreement commerce one hereby grants to corio a nonexclusive nontransferable except in accordance with section 14 1 of this agreement royalty free fully paid up right and license in the territory on corio servers to make a reasonable number of copies of the demonstration software solely for demonstration purposes to potential customers,Non-Transferable License,CUAD_train_contracts,cuad_train
CORIOINC_07_20_2000-EX-10.5-LICENSE AND HOSTING AGREEMENT,"Subject to the terms and conditions of this Agreement, Commerce One hereby grants to Corio a fee-bearing, perpetual and irrevocable, nonexclusive, nontransferable (except in accordance with Section 14.1 of this Agreement), right and license in the Territory to",subject to the terms and conditions of this agreement commerce one hereby grants to corio a fee bearing perpetual and irrevocable nonexclusive nontransferable except in accordance with section 14 1 of this agreement right and license in the territory to,Unlimited/All-You-Can-Eat-License,CUAD_train_contracts,cuad_train
CORIOINC_07_20_2000-EX-10.5-LICENSE AND HOSTING AGREEMENT,(iv) sublicense an unlimited number of Customers to access and use the Software and MarketSite.net Service only through the installation on Corio servers;,iv sublicense an unlimited number of customers to access and use the software and marketsite net service only through the installation on corio servers,Unlimited/All-You-Can-Eat-License,CUAD_train_contracts,cuad_train
CORIOINC_07_20_2000-EX-10.5-LICENSE AND HOSTING AGREEMENT,"Within sixty (60) days of the Effective Date, Commerce One agrees to execute an escrow agreement by and among Corio, Commerce One and a mutually acceptable escrow agent (the ""ESCROW AGENT"").",within sixty 60 days of the effective date commerce one agrees to execute an escrow agreement by and among corio commerce one and a mutually acceptable escrow agent the escrow agent,Source Code Escrow,CUAD_train_contracts,cuad_train
CORIOINC_07_20_2000-EX-10.5-LICENSE AND HOSTING AGREEMENT,"escrow account in California a copy of the source code of the Software including all Updates and Upgrades thereto, documentation and similar materials (the SOURCE CODE).",escrow account in california a copy of the source code of the software including all updates and upgrades thereto documentation and similar materials the source code,Source Code Escrow,CUAD_train_contracts,cuad_train
CORIOINC_07_20_2000-EX-10.5-LICENSE AND HOSTING AGREEMENT,"Corio shall bear all fees, expenses and other charges to open and maintain such escrow account.",corio shall bear all fees expenses and other charges to open and maintain such escrow account,Source Code Escrow,CUAD_train_contracts,cuad_train
CORIOINC_07_20_2000-EX-10.5-LICENSE AND HOSTING AGREEMENT,The Escrow Agent shall require Commerce One to place in an,the escrow agent shall require commerce one to place in an,Source Code Escrow,CUAD_train_contracts,cuad_train
CORIOINC_07_20_2000-EX-10.5-LICENSE AND HOSTING AGREEMENT,"If a Release Condition (as defined in Section 12.2 of this Agreement) occurs and the Escrow Agent provides the Source Code to Corio under the escrow agreement, Corio agrees to hold the Source Code in confidence pursuant to the provisions contained in Section 10 of this Agreement, and not to use them for any purpose other than those purposes contemplated under Section 12.3 of this Agreement.",if a release condition as defined in section 12 2 of this agreement occurs and the escrow agent provides the source code to corio under the escrow agreement corio agrees to hold the source code in confidence pursuant to the provisions contained in section 10 of this agreement and not to use them for any purpose other than those purposes contemplated under section 12 3 of this agreement,Source Code Escrow,CUAD_train_contracts,cuad_train
CORIOINC_07_20_2000-EX-10.5-LICENSE AND HOSTING AGREEMENT,"Corio shall notify Commerce One in writing if it believes that one of the following events (the ""RELEASE CONDITIONS"") has occurred and that it intends to seek release of the Source Code from the escrow account: (i) Commerce One's dissolution or ceasing to do business in the normal course, or (ii) Commerce One's repeated and material breach of its support and maintenance obligations under Section 5 of this Agreement and such breach is not cured within sixty (60) days of receipt of written notice thereof from Corio. If Commerce One notifies Corio in writing that it disputes whether any such event has occurred, officers of each of the parties shall negotiate for a period of ten (10) business days to attempt to resolve the dispute. At the end of such ten (10) business day period, if the parties have not resolved the dispute, the matter shall be referred to arbitration in the manner provided in Section 14.3 of this Agreement.",corio shall notify commerce one in writing if it believes that one of the following events the release conditions has occurred and that it intends to seek release of the source code from the escrow account i commerce one s dissolution or ceasing to do business in the normal course or ii commerce one s repeated and material breach of its support and maintenance obligations under section 5 of this agreement and such breach is not cured within sixty 60 days of receipt of written notice thereof from corio if commerce one notifies corio in writing that it disputes whether any such event has occurred officers of each of the parties shall negotiate for a period of ten 10 business days to attempt to resolve the dispute at the end of such ten 10 business day period if the parties have not resolved the dispute the matter shall be referred to arbitration in the manner provided in section 14 3 of this agreement,Source Code Escrow,CUAD_train_contracts,cuad_train
CORIOINC_07_20_2000-EX-10.5-LICENSE AND HOSTING AGREEMENT,"Subject to Corio's payment of the annual support and maintenance fee, Commerce One's support and maintenance obligation of the Software and MarketSite.net Service shall continue after termination or expiration of this Agreement with respect to all Software Users granted access to the Software and MarketSite.net Service prior to termination or expiration of this Agreement.",subject to corio s payment of the annual support and maintenance fee commerce one s support and maintenance obligation of the software and marketsite net service shall continue after termination or expiration of this agreement with respect to all software users granted access to the software and marketsite net service prior to termination or expiration of this agreement,Post-Termination Services,CUAD_train_contracts,cuad_train
CORIOINC_07_20_2000-EX-10.5-LICENSE AND HOSTING AGREEMENT,"In addition, if any such inspection reveals an underpayment of more than five percent (5%) for the period under audit, Corio shall reimburse Commerce One for the reasonable cost of the examination.",in addition if any such inspection reveals an underpayment of more than five percent 5 for the period under audit corio shall reimburse commerce one for the reasonable cost of the examination,Audit Rights,CUAD_train_contracts,cuad_train
CORIOINC_07_20_2000-EX-10.5-LICENSE AND HOSTING AGREEMENT,"Such books and records shall be kept for at least three (3) years following the end of the calendar month to which they pertain, and shall be open for inspection by an independent certified public accountant reasonably acceptable to Corio for the purpose of verifying the amounts payable to Commerce One under this Agreement. Such inspections may be made no more than once each calendar year, at reasonable times and upon reasonable notice.",such books and records shall be kept for at least three 3 years following the end of the calendar month to which they pertain and shall be open for inspection by an independent certified public accountant reasonably acceptable to corio for the purpose of verifying the amounts payable to commerce one under this agreement such inspections may be made no more than once each calendar year at reasonable times and upon reasonable notice,Audit Rights,CUAD_train_contracts,cuad_train
CORIOINC_07_20_2000-EX-10.5-LICENSE AND HOSTING AGREEMENT,"EXCEPT FOR LIABILITY ARISING UNDER SECTION 8 OF THIS AGREEMENT, IN NO EVENT SHALL EITHER PARTY'S LIABILITY ARISING OUT OF THIS AGREEMENT OR THE USE OR PERFORMANCE OF THE SOFTWARE EXCEED THE TOTAL AMOUNT ACTUALLY PAID BY CORIO HEREUNDER FOR THE TRANSACTION WHICH THE LIABILITY RELATES TO DURING THE TWELVE (12) MONTHS IMMEDIATELY PRIOR TO THE FILING OF THE CAUSE OF ACTION TO WHICH THE LIABILITY RELATES.",except for liability arising under section 8 of this agreement in no event shall either party s liability arising out of this agreement or the use or performance of the software exceed the total amount actually paid by corio hereunder for the transaction which the liability relates to during the twelve 12 months immediately prior to the filing of the cause of action to which the liability relates,Uncapped Liability,CUAD_train_contracts,cuad_train
CORIOINC_07_20_2000-EX-10.5-LICENSE AND HOSTING AGREEMENT,The foregoing are Corio's sole and exclusive remedies for breach of product warranty.,the foregoing are corio s sole and exclusive remedies for breach of product warranty,Cap On Liability,CUAD_train_contracts,cuad_train
CORIOINC_07_20_2000-EX-10.5-LICENSE AND HOSTING AGREEMENT,"EXCEPT FOR LIABILITY ARISING UNDER SECTION 8 OF THIS AGREEMENT, IN NO EVENT SHALL EITHER PARTY HAVE ANY LIABILITY TO THE OTHER PARTY FOR ANY LOST PROFITS OR COSTS OF PROCUREMENT OF SUBSTITUTE GOODS OR SERVICES, OR FOR ANY INDIRECT, SPECIAL OR CONSEQUENTIAL DAMAGES HOWEVER CAUSED AND UNDER ANY THEORY OF LIABILITY AND WHETHER OR NOT SUCH PARTY HAS BEEN ADVISED OF THE POSSIBILITY OF SUCH DAMAGE.",except for liability arising under section 8 of this agreement in no event shall either party have any liability to the other party for any lost profits or costs of procurement of substitute goods or services or for any indirect special or consequential damages however caused and under any theory of liability and whether or not such party has been advised of the possibility of such damage,Cap On Liability,CUAD_train_contracts,cuad_train
CORIOINC_07_20_2000-EX-10.5-LICENSE AND HOSTING AGREEMENT,"EXCEPT FOR LIABILITY ARISING UNDER SECTION 8 OF THIS AGREEMENT, IN NO EVENT SHALL EITHER PARTY'S LIABILITY ARISING OUT OF THIS AGREEMENT OR THE USE OR PERFORMANCE OF THE SOFTWARE EXCEED THE TOTAL AMOUNT ACTUALLY PAID BY CORIO HEREUNDER FOR THE TRANSACTION WHICH THE LIABILITY RELATES TO DURING THE TWELVE (12) MONTHS IMMEDIATELY PRIOR TO THE FILING OF THE CAUSE OF ACTION TO WHICH THE LIABILITY RELATES. EXCEPT FOR LIABILITY ARISING UNDER SECTION 8 OF THIS AGREEMENT, IN NO EVENT SHALL EITHER PARTY HAVE ANY LIABILITY TO THE OTHER PARTY FOR ANY LOST PROFITS OR COSTS OF PROCUREMENT OF SUBSTITUTE GOODS OR SERVICES, OR FOR ANY INDIRECT, SPECIAL OR CONSEQUENTIAL DAMAGES HOWEVER CAUSED AND UNDER ANY THEORY OF LIABILITY AND WHETHER OR NOT SUCH PARTY HAS BEEN ADVISED OF THE POSSIBILITY OF SUCH DAMAGE.",except for liability arising under section 8 of this agreement in no event shall either party s liability arising out of this agreement or the use or performance of the software exceed the total amount actually paid by corio hereunder for the transaction which the liability relates to during the twelve 12 months immediately prior to the filing of the cause of action to which the liability relates except for liability arising under section 8 of this agreement in no event shall either party have any liability to the other party for any lost profits or costs of procurement of substitute goods or services or for any indirect special or consequential damages however caused and under any theory of liability and whether or not such party has been advised of the possibility of such damage,Cap On Liability,CUAD_train_contracts,cuad_train
CORIOINC_07_20_2000-EX-10.5-LICENSE AND HOSTING AGREEMENT,Commerce One will replace any defective media returned to Commerce One during the Warranty Period.,commerce one will replace any defective media returned to commerce one during the warranty period,Warranty Duration,CUAD_train_contracts,cuad_train
CORIOINC_07_20_2000-EX-10.5-LICENSE AND HOSTING AGREEMENT,"In addition, Commerce One warrants that during the Warranty Period the Software and MarketSite.net Service is free of any willfully introduced computer virus, or any other similar harmful, malicious or hidden program or data, which is designed to disable, erase, or alter the Software, or any other files, data, or software.",in addition commerce one warrants that during the warranty period the software and marketsite net service is free of any willfully introduced computer virus or any other similar harmful malicious or hidden program or data which is designed to disable erase or alter the software or any other files data or software,Warranty Duration,CUAD_train_contracts,cuad_train
CORIOINC_07_20_2000-EX-10.5-LICENSE AND HOSTING AGREEMENT,"If during the Warranty Period the Software and MarketSite.net Service does not perform in substantial compliance with the Documentation, Commerce One shall take all commercially reasonable efforts to correct the Software and MarketSite.net Service, or if correction of the Software and MarketSite.net Service is reasonably not possible, replace such Software and MarketSite.net Service free of charge.",if during the warranty period the software and marketsite net service does not perform in substantial compliance with the documentation commerce one shall take all commercially reasonable efforts to correct the software and marketsite net service or if correction of the software and marketsite net service is reasonably not possible replace such software and marketsite net service free of charge,Warranty Duration,CUAD_train_contracts,cuad_train
CORIOINC_07_20_2000-EX-10.5-LICENSE AND HOSTING AGREEMENT,"In the event any such breach of warranty can not be reasonably corrected at Commerce One's sole expense, Corio has the right to terminate this Agreement and receive a refund of all prepaid fees.",in the event any such breach of warranty can not be reasonably corrected at commerce one s sole expense corio has the right to terminate this agreement and receive a refund of all prepaid fees,Warranty Duration,CUAD_train_contracts,cuad_train
CORIOINC_07_20_2000-EX-10.5-LICENSE AND HOSTING AGREEMENT,"Commerce One warrants that the Software and MarketSite.net Service will perform in substantial accordance with the Documentation, and the media on which the Software is distributed will be free from defects in materials and workmanship under normal use, for a period of sixty (60) days from the Effective Date, but in no event not later than December 31, 1999 (the ""Warranty Period"").",commerce one warrants that the software and marketsite net service will perform in substantial accordance with the documentation and the media on which the software is distributed will be free from defects in materials and workmanship under normal use for a period of sixty 60 days from the effective date but in no event not later than december 31 1999 the warranty period,Warranty Duration,CUAD_train_contracts,cuad_train
CORIOINC_07_20_2000-EX-10.5-LICENSE AND HOSTING AGREEMENT,"Each party covenants that it shall not, under any circumstances, sue the other party (or its officers, directors, successors and assigns) or any of that parties' licensees, customers, or distributors (""Protected Entities"") for patent infringment under any future patents or future patent rights relating to said Developments, that either party owns or controls, so long as that Protected Entity has a license from Commerce One or Corio to the Software, or to a product that is a modification of, derivative work based on, or replacement for the Software.",each party covenants that it shall not under any circumstances sue the other party or its officers directors successors and assigns or any of that parties licensees customers or distributors protected entities for patent infringment under any future patents or future patent rights relating to said developments that either party owns or controls so long as that protected entity has a license from commerce one or corio to the software or to a product that is a modification of derivative work based on or replacement for the software,Covenant Not To Sue,CUAD_train_contracts,cuad_train
TUNIUCORP_03_06_2014-EX-10-COOPERATION AGREEMENT,Cooperation Agreement (2014 Amendment),cooperation agreement 2014 amendment,Document Name,CUAD_train_contracts,cuad_train
TUNIUCORP_03_06_2014-EX-10-COOPERATION AGREEMENT,"Nanjing Tuniu Technology Co., Ltd.,",nanjing tuniu technology co ltd,Parties,CUAD_train_contracts,cuad_train
TUNIUCORP_03_06_2014-EX-10-COOPERATION AGREEMENT,"Beijing Tuniu Technology Co., Ltd.",beijing tuniu technology co ltd,Parties,CUAD_train_contracts,cuad_train
TUNIUCORP_03_06_2014-EX-10-COOPERATION AGREEMENT,This Agreement shall take effect as of the date when the authorized representatives of the Parties sign hereon.,this agreement shall take effect as of the date when the authorized representatives of the parties sign hereon,Effective Date,CUAD_train_contracts,cuad_train
TUNIUCORP_03_06_2014-EX-10-COOPERATION AGREEMENT,"Party A and Party B agree and confirm that the term of cooperation under this Agreement shall commence from the execution date hereof and end on the expiration date of the operation term of Party B (""Term of Cooperation"").",party a and party b agree and confirm that the term of cooperation under this agreement shall commence from the execution date hereof and end on the expiration date of the operation term of party b term of cooperation,Expiration Date,CUAD_train_contracts,cuad_train
TUNIUCORP_03_06_2014-EX-10-COOPERATION AGREEMENT,"This Agreement shall be governed by and interpreted pursuant to the laws of the People's Republic of China that are promulgated and are publicly available, provided that the general international business practices shall apply if the laws of the People's Republic of China that are promulgated and are publicly available do not involve any matter in relation to this Agreement.",this agreement shall be governed by and interpreted pursuant to the laws of the people s republic of china that are promulgated and are publicly available provided that the general international business practices shall apply if the laws of the people s republic of china that are promulgated and are publicly available do not involve any matter in relation to this agreement,Governing Law,CUAD_train_contracts,cuad_train
TUNIUCORP_03_06_2014-EX-10-COOPERATION AGREEMENT,"Party A irrevocably undertakes that, without Party B's consent, Party A shall not conduct any other business or make any commercial arrangement, including without limitation being engaged in or otherwise participating in any commercial activities and businesses independently or together with any other person or entity, nor shall it carry out any activities that may be competitive with or cause adverse effect to Party B's business.",party a irrevocably undertakes that without party b s consent party a shall not conduct any other business or make any commercial arrangement including without limitation being engaged in or otherwise participating in any commercial activities and businesses independently or together with any other person or entity nor shall it carry out any activities that may be competitive with or cause adverse effect to party b s business,Non-Compete,CUAD_train_contracts,cuad_train
TUNIUCORP_03_06_2014-EX-10-COOPERATION AGREEMENT,Party A irrevocably undertakes that Party A will take Party B as its exclusive and sole partner to provide the business consultancy and technical services as well as technical consultancy to Party A and its subsidiaries,party a irrevocably undertakes that party a will take party b as its exclusive and sole partner to provide the business consultancy and technical services as well as technical consultancy to party a and its subsidiaries,Exclusivity,CUAD_train_contracts,cuad_train
TUNIUCORP_03_06_2014-EX-10-COOPERATION AGREEMENT,"Party A shall not establish any same or similar cooperative relationship with any third party in respect of such businesses nor shall it make any same or similar arrangement, unless with the prior written consent of Party B.",party a shall not establish any same or similar cooperative relationship with any third party in respect of such businesses nor shall it make any same or similar arrangement unless with the prior written consent of party b,Exclusivity,CUAD_train_contracts,cuad_train
TUNIUCORP_03_06_2014-EX-10-COOPERATION AGREEMENT,Party A irrevocably undertakes that it will make best efforts to assist and endeavor to achieve the exclusive operation of thecooperative business to the extent permitted by laws.,party a irrevocably undertakes that it will make best efforts to assist and endeavor to achieve the exclusive operation of thecooperative business to the extent permitted by laws,Exclusivity,CUAD_train_contracts,cuad_train
TUNIUCORP_03_06_2014-EX-10-COOPERATION AGREEMENT,"Party B shall have the right to terminate this Agreement in advance without the prior written consent from Party A, bysending a written notice to Party A but Party A may not terminate or rescind this Agreement;",party b shall have the right to terminate this agreement in advance without the prior written consent from party a bysending a written notice to party a but party a may not terminate or rescind this agreement,Termination For Convenience,CUAD_train_contracts,cuad_train
TUNIUCORP_03_06_2014-EX-10-COOPERATION AGREEMENT,"The rights and obligations of each Party under this Agreement shall not be transferred, except for the transfer by Party B to its affiliates.",the rights and obligations of each party under this agreement shall not be transferred except for the transfer by party b to its affiliates,Anti-Assignment,CUAD_train_contracts,cuad_train
TUNIUCORP_03_06_2014-EX-10-COOPERATION AGREEMENT,"The Parties agree that any and all intellectual property researched and developed, created and invented by the Parties (including their employees) in the course of performance of this Agreement shall be owned by Party B. For the purpose of this Article 12.3, ""Intellectual Property"" means the patent, patent application right, trademark, service mark, logo, image, trade name, internet domain name, design right, copyright (including copyright of computer software) and moral rights, database right, right of semiconductor design drawing, utility model, proprietary technology and other intellectual property that are registered and unregistered including those that have applied for registration, as well as all other rights or protection methods with same or similar effect on a global scope.",the parties agree that any and all intellectual property researched and developed created and invented by the parties including their employees in the course of performance of this agreement shall be owned by party b for the purpose of this article 12 3 intellectual property means the patent patent application right trademark service mark logo image trade name internet domain name design right copyright including copyright of computer software and moral rights database right right of semiconductor design drawing utility model proprietary technology and other intellectual property that are registered and unregistered including those that have applied for registration as well as all other rights or protection methods with same or similar effect on a global scope,Ip Ownership Assignment,CUAD_train_contracts,cuad_train
TUNIUCORP_03_06_2014-EX-10-COOPERATION AGREEMENT,"Notwithstanding the foregoing provisions, neither Party shall be responsible to the other Party in respect of any indirect loss or damage caused hereunder.",notwithstanding the foregoing provisions neither party shall be responsible to the other party in respect of any indirect loss or damage caused hereunder,Cap On Liability,CUAD_train_contracts,cuad_train
TUNIUCORP_03_06_2014-EX-10-COOPERATION AGREEMENT,The demand for liquidated damages and specific performance in respect of any breach during the Term of Cooperation are all remedies that the non-breaching Party shall have under this Agreement.,the demand for liquidated damages and specific performance in respect of any breach during the term of cooperation are all remedies that the non breaching party shall have under this agreement,Cap On Liability,CUAD_train_contracts,cuad_train
TUNIUCORP_03_06_2014-EX-10-COOPERATION AGREEMENT,"Except as otherwise agreed hereunder, if Party A or its subsidiaries fail to pay the Service Fee in full on schedule according to provisions of Article 4.1 and Article 4.2, then Party A or its subsidiaries shall, in addition to the continuance of the payment of Service Fee in full, it shall pay Party B the liquidated damages at a daily interest rate of 0.03% in respect of the outstanding Service Fee.",except as otherwise agreed hereunder if party a or its subsidiaries fail to pay the service fee in full on schedule according to provisions of article 4 1 and article 4 2 then party a or its subsidiaries shall in addition to the continuance of the payment of service fee in full it shall pay party b the liquidated damages at a daily interest rate of 0 03 in respect of the outstanding service fee,Liquidated Damages,CUAD_train_contracts,cuad_train
CYBERIANOUTPOSTINC_07_09_1998-EX-10.13-PROMOTION AGREEMENT,"Cyberian Outpost, Inc.",cyberian outpost inc,Parties,CUAD_train_contracts,cuad_train
CYBERIANOUTPOSTINC_07_09_1998-EX-10.13-PROMOTION AGREEMENT,"The term of this Agreement (the ""Term"") will begin on February 1, 1998 and end on the first anniversary of the date of this Agreement; provided that (a) either party may terminate this Agreement, effective at any time after the first three months of the Term, by giving 30 days' written notice of termination to the other party, and (b) either party may terminate this Agreement at any time by giving written notice of termination to the other party, if the other party commits a material breach of its obligations hereunder that is not cured within 30 days after notice thereof from the non-breaching party.",the term of this agreement the term will begin on february 1 1998 and end on the first anniversary of the date of this agreement provided that a either party may terminate this agreement effective at any time after the first three months of the term by giving 30 days written notice of termination to the other party and b either party may terminate this agreement at any time by giving written notice of termination to the other party if the other party commits a material breach of its obligations hereunder that is not cured within 30 days after notice thereof from the non breaching party,Effective Date,CUAD_train_contracts,cuad_train
CYBERIANOUTPOSTINC_07_09_1998-EX-10.13-PROMOTION AGREEMENT,"This Agreement will be construed in accordance with and governed by the laws of the State of California, without regard to principles of conflicts of law.",this agreement will be construed in accordance with and governed by the laws of the state of california without regard to principles of conflicts of law,Governing Law,CUAD_train_contracts,cuad_train
CYBERIANOUTPOSTINC_07_09_1998-EX-10.13-PROMOTION AGREEMENT,"During the Term, CNET will not enter into more than two other agreements under which CNET receives consideration from a Competing Computer Products Retailer for displaying permanent links to or other fixed promotions for such Competing Computer Products Retailer on any CNET Site; provided that the foregoing will not restrict the display of(a) standard advertisements for any Competing Computer Products Retailer or its products or (b) any promotions within COMPUTERS.COM or within CNET's Snap! Online service (which are expressly excluded from this provision).",during the term cnet will not enter into more than two other agreements under which cnet receives consideration from a competing computer products retailer for displaying permanent links to or other fixed promotions for such competing computer products retailer on any cnet site provided that the foregoing will not restrict the display of a standard advertisements for any competing computer products retailer or its products or b any promotions within computers com or within cnet s snap online service which are expressly excluded from this provision,Non-Compete,CUAD_train_contracts,cuad_train
CYBERIANOUTPOSTINC_07_09_1998-EX-10.13-PROMOTION AGREEMENT,The parties acknowledge that the foregoing will not prevent CNET from displaying text links and other references to Competing Computer Products Retailers as reasonably necessary to provide appropriate editorial and search related services on the CNET Sites. The Retail Promotions granted to the Company shall be placed in such a way as to provide no more or less prominence to the Company than is provided to any other Competing Computer Retailer signing an agreement with CNET.,the parties acknowledge that the foregoing will not prevent cnet from displaying text links and other references to competing computer products retailers as reasonably necessary to provide appropriate editorial and search related services on the cnet sites the retail promotions granted to the company shall be placed in such a way as to provide no more or less prominence to the company than is provided to any other competing computer retailer signing an agreement with cnet,Competitive Restriction Exception,CUAD_train_contracts,cuad_train
CYBERIANOUTPOSTINC_07_09_1998-EX-10.13-PROMOTION AGREEMENT,"provided that (a) either party may terminate this Agreement, effective at any time after the first three months of the Term, by giving 30 days' written notice of termination to the other party,",provided that a either party may terminate this agreement effective at any time after the first three months of the term by giving 30 days written notice of termination to the other party,Termination For Convenience,CUAD_train_contracts,cuad_train
CYBERIANOUTPOSTINC_07_09_1998-EX-10.13-PROMOTION AGREEMENT,"This Agreement may not be assigned by either party, except (a) to the transferee of substantially all of the business operations of such party (whether by asset sale, stock sale, merger or otherwise) or (b) to any entity that controls, is controlled by or is under common control with such party.",this agreement may not be assigned by either party except a to the transferee of substantially all of the business operations of such party whether by asset sale stock sale merger or otherwise or b to any entity that controls is controlled by or is under common control with such party,Anti-Assignment,CUAD_train_contracts,cuad_train
CYBERIANOUTPOSTINC_07_09_1998-EX-10.13-PROMOTION AGREEMENT,"For each month during the Term, the Company will pay CNET a minimum of [XXXX] in cash, plus [XXX] of CNET Sales.",for each month during the term the company will pay cnet a minimum of xxxx in cash plus xxx of cnet sales,Revenue/Profit Sharing,CUAD_train_contracts,cuad_train
CYBERIANOUTPOSTINC_07_09_1998-EX-10.13-PROMOTION AGREEMENT,"The Company hereby grants to CNET a non-exclusive, royalty-free license, effective throughout the Term, to use, display and publish any of the Company trademarks, tradenames, service marks and logos that may be delivered by the Company to CNET expressly for inclusion in the Promotions, solely for use in connection with the Promotions.",the company hereby grants to cnet a non exclusive royalty free license effective throughout the term to use display and publish any of the company trademarks tradenames service marks and logos that may be delivered by the company to cnet expressly for inclusion in the promotions solely for use in connection with the promotions,License Grant,CUAD_train_contracts,cuad_train
CYBERIANOUTPOSTINC_07_09_1998-EX-10.13-PROMOTION AGREEMENT,"Each party will have the right to engage an independent third party to audit the books and records of the other party relevant to the calculation of Retail Impressions or CNET Sales, upon reasonable notice and during normal business hours, and the other party will provide reasonable cooperation in connection with any such audit.",each party will have the right to engage an independent third party to audit the books and records of the other party relevant to the calculation of retail impressions or cnet sales upon reasonable notice and during normal business hours and the other party will provide reasonable cooperation in connection with any such audit,Audit Rights,CUAD_train_contracts,cuad_train
CYBERIANOUTPOSTINC_07_09_1998-EX-10.13-PROMOTION AGREEMENT,"CNET shall indemnify and hold the Company harmless from and against any costs, losses, liabilities and expenses, including all court costs, reasonable expenses and reasonable attorney's fees (collectively, ""Losses"") that the Company may suffer, incur or be subjected to by reason of any legal action, proceeding, arbitration or other claim by a third party, whether commenced or threatened, arising out of or as a result of (a) any breach or alleged breach by CNET of its representations, warranties or covenants hereunder; or (b) the operation of the CNET Sites (except in cases where the Company is required to indemnify CNET under the following paragraph), including claims of infringement or misappropriation of intellectual property rights.",cnet shall indemnify and hold the company harmless from and against any costs losses liabilities and expenses including all court costs reasonable expenses and reasonable attorney s fees collectively losses that the company may suffer incur or be subjected to by reason of any legal action proceeding arbitration or other claim by a third party whether commenced or threatened arising out of or as a result of a any breach or alleged breach by cnet of its representations warranties or covenants hereunder or b the operation of the cnet sites except in cases where the company is required to indemnify cnet under the following paragraph including claims of infringement or misappropriation of intellectual property rights,Cap On Liability,CUAD_train_contracts,cuad_train
CYBERIANOUTPOSTINC_07_09_1998-EX-10.13-PROMOTION AGREEMENT,"The Company shall indemnify and hold CNET harmless from and against any Losses that CNET may suffer, incur or be subjected to by reason of any legal action, proceeding, arbitration or other claim by a third party, whether commenced or threatened, arising out of or as a result of (a) any breach or alleged breach by the Company of its representations, warranties or covenants hereunder; (b) the use by CNET of the Company Marks or any content provided by the Company to CNET expressly for display in connection with or as part of the Promotions, including claims of infringement or misappropriation of intellectual property rights; or (c) the operation of the Company Site or the offer or sale of the Products by the Company or through the Company Site.",the company shall indemnify and hold cnet harmless from and against any losses that cnet may suffer incur or be subjected to by reason of any legal action proceeding arbitration or other claim by a third party whether commenced or threatened arising out of or as a result of a any breach or alleged breach by the company of its representations warranties or covenants hereunder b the use by cnet of the company marks or any content provided by the company to cnet expressly for display in connection with or as part of the promotions including claims of infringement or misappropriation of intellectual property rights or c the operation of the company site or the offer or sale of the products by the company or through the company site,Cap On Liability,CUAD_train_contracts,cuad_train
CYBERIANOUTPOSTINC_07_09_1998-EX-10.13-PROMOTION AGREEMENT,"The Company shall indemnify and hold CNET harmless from and against any Losses that CNET may suffer, incur or be subjected to by reason of any legal action, proceeding, arbitration or other claim by a third party, whether commenced or threatened, arising out of or as a result of (a) any breach or alleged breach by the Company of its representations, warranties or covenants hereunder; (b) the use by CNET of the Company Marks or any content provided by the Company to CNET expressly for display in connection with or as part of the Promotions, including claims of infringement or misappropriation of intellectual property rights; or (c) the operation of the Company Site or the offer or sale of the Products by the Company or through the Company Sit",the company shall indemnify and hold cnet harmless from and against any losses that cnet may suffer incur or be subjected to by reason of any legal action proceeding arbitration or other claim by a third party whether commenced or threatened arising out of or as a result of a any breach or alleged breach by the company of its representations warranties or covenants hereunder b the use by cnet of the company marks or any content provided by the company to cnet expressly for display in connection with or as part of the promotions including claims of infringement or misappropriation of intellectual property rights or c the operation of the company site or the offer or sale of the products by the company or through the company sit,Cap On Liability,CUAD_train_contracts,cuad_train
CYBERIANOUTPOSTINC_07_09_1998-EX-10.13-PROMOTION AGREEMENT,"NEITHER PARTY WILL BE LIABLE FOR ANY SPECIAL, INDIRECT, CONSEQUENTIAL OR INCIDENTAL DAMAGES ARISING OUT OF OR RELATED TO THIS AGREEMENT, HOWEVER CAUSED AND ON ANY THEORY OF LIABILITY (INCLUDING NEGLIGENCE), AND EVEN IF SUCH PARTY HAS BEEN ADVISED OF THE POSSIBILITY OF SUCH DAMAGES.",neither party will be liable for any special indirect consequential or incidental damages arising out of or related to this agreement however caused and on any theory of liability including negligence and even if such party has been advised of the possibility of such damages,Cap On Liability,CUAD_train_contracts,cuad_train
SENMIAOTECHNOLOGYLTD_02_19_2019-EX-10.5-Collaboration Agreement,Collaboration Agreement,collaboration agreement,Document Name,CUAD_train_contracts,cuad_train
SENMIAOTECHNOLOGYLTD_02_19_2019-EX-10.5-Collaboration Agreement,"Party A and Party B shall be individually referred to as a ""Party"" and collectively as the ""Parties"".",party a and party b shall be individually referred to as a party and collectively as the parties,Parties,CUAD_train_contracts,cuad_train
SENMIAOTECHNOLOGYLTD_02_19_2019-EX-10.5-Collaboration Agreement,"Didi Chuxing Technology Co., Ltd.",didi chuxing technology co ltd,Parties,CUAD_train_contracts,cuad_train
SENMIAOTECHNOLOGYLTD_02_19_2019-EX-10.5-Collaboration Agreement,"Hunan Ruixi Financial Leasing Co., Ltd",hunan ruixi financial leasing co ltd,Parties,CUAD_train_contracts,cuad_train
SENMIAOTECHNOLOGYLTD_02_19_2019-EX-10.5-Collaboration Agreement,"The Agreement executed offline in paper form shall become effective upon the completion of the execution by both Parties (hereinafter referred to as the ""Effective Date""); and the Agreement executed online in electronic form shall become effective upon the completion of the execution on the Contracting Platform by both Parties (hereinafter referred to as the ""Effective Date"") recorded by the third-party Online Document Depository.",the agreement executed offline in paper form shall become effective upon the completion of the execution by both parties hereinafter referred to as the effective date and the agreement executed online in electronic form shall become effective upon the completion of the execution on the contracting platform by both parties hereinafter referred to as the effective date recorded by the third party online document depository,Effective Date,CUAD_train_contracts,cuad_train
SENMIAOTECHNOLOGYLTD_02_19_2019-EX-10.5-Collaboration Agreement,"Unless this Agreement is early terminated in accordance with this Agreement or other agreements signed by the Parties hereof, the term of the validity of this Agreement shall be one year from the effective date.",unless this agreement is early terminated in accordance with this agreement or other agreements signed by the parties hereof the term of the validity of this agreement shall be one year from the effective date,Expiration Date,CUAD_train_contracts,cuad_train
SENMIAOTECHNOLOGYLTD_02_19_2019-EX-10.5-Collaboration Agreement,"The execution, validation, interpretation, performance, modification and termination of this Agreement and the settlement of disputes under this Agreement shall be governed by the Laws of China.",the execution validation interpretation performance modification and termination of this agreement and the settlement of disputes under this agreement shall be governed by the laws of china,Governing Law,CUAD_train_contracts,cuad_train
SENMIAOTECHNOLOGYLTD_02_19_2019-EX-10.5-Collaboration Agreement,"Party B shall provide the Driver User with long-term and stable rental sources and the most favorable financial leasing scheme, complete the vehicle leasing transactions with the Driver User through the Platform, and provide the Driver User with high-quality financial leasing services.",party b shall provide the driver user with long term and stable rental sources and the most favorable financial leasing scheme complete the vehicle leasing transactions with the driver user through the platform and provide the driver user with high quality financial leasing services,Most Favored Nation,CUAD_train_contracts,cuad_train
SENMIAOTECHNOLOGYLTD_02_19_2019-EX-10.5-Collaboration Agreement,"In case that the price and other substantive terms offered by Party B to such entity are more favorable than those enjoyed by the Driver User in any commercial cooperative relationship signed or formed between Party B and any entity, the Driver User and Party B shall amend the provisions in the Financial Leasing Agreement signed by both parties to enable the Driver User to enjoy the same or more favorable provisions as those enjoyed by such other entities, such modifications shall include but not limit to the modifications of the monthly rent terms.",in case that the price and other substantive terms offered by party b to such entity are more favorable than those enjoyed by the driver user in any commercial cooperative relationship signed or formed between party b and any entity the driver user and party b shall amend the provisions in the financial leasing agreement signed by both parties to enable the driver user to enjoy the same or more favorable provisions as those enjoyed by such other entities such modifications shall include but not limit to the modifications of the monthly rent terms,Most Favored Nation,CUAD_train_contracts,cuad_train
SENMIAOTECHNOLOGYLTD_02_19_2019-EX-10.5-Collaboration Agreement,Party B guarantees that the Driver User will enjoy the most favorable treatment in accordance with the terms and conditions stipulated in This Agreement during the Period of Cooperation.,party b guarantees that the driver user will enjoy the most favorable treatment in accordance with the terms and conditions stipulated in this agreement during the period of cooperation,Most Favored Nation,CUAD_train_contracts,cuad_train
SENMIAOTECHNOLOGYLTD_02_19_2019-EX-10.5-Collaboration Agreement,"10.4.11 In consideration of the fact that Party B may have access to the relevant trade secrets of Didi during the cooperation, Party B or Party B's any affiliate cooperates with any entity competitive with Didi (including but not limited to Meituan, CAR, Yongche, izu, Caocao, Dida) in any form without prior written notice to and confirmation by Didi; 10.4.12 Party B introduces the entities competitive with Didi (including but not limited to Meituan, CAR, Yongche, izu, Caocao, Dida) to Driver Users, and induces Driver Users to conduct activities directly competing or conflicting with Didi;",10 4 11 in consideration of the fact that party b may have access to the relevant trade secrets of didi during the cooperation party b or party b s any affiliate cooperates with any entity competitive with didi including but not limited to meituan car yongche izu caocao dida in any form without prior written notice to and confirmation by didi 10 4 12 party b introduces the entities competitive with didi including but not limited to meituan car yongche izu caocao dida to driver users and induces driver users to conduct activities directly competing or conflicting with didi,Non-Compete,CUAD_train_contracts,cuad_train
SENMIAOTECHNOLOGYLTD_02_19_2019-EX-10.5-Collaboration Agreement,The following acts constitute Class D breaches.,the following acts constitute class d breaches,Non-Compete,CUAD_train_contracts,cuad_train
SENMIAOTECHNOLOGYLTD_02_19_2019-EX-10.5-Collaboration Agreement,Party A is entitled to unilaterally terminate this Agreement within three natural months from the signing date of this Agreement.,party a is entitled to unilaterally terminate this agreement within three natural months from the signing date of this agreement,Termination For Convenience,CUAD_train_contracts,cuad_train
SENMIAOTECHNOLOGYLTD_02_19_2019-EX-10.5-Collaboration Agreement,"In the case of a written notice 15 days in advance from either party to the other Party And a payment of the liquidated damages of RMB10,000 (RMB TEN THOUSAND), this Agreement shall terminate as of the date of termination stated in the notice of termination.",in the case of a written notice 15 days in advance from either party to the other party and a payment of the liquidated damages of rmb10 000 rmb ten thousand this agreement shall terminate as of the date of termination stated in the notice of termination,Termination For Convenience,CUAD_train_contracts,cuad_train
SENMIAOTECHNOLOGYLTD_02_19_2019-EX-10.5-Collaboration Agreement,"During the term of this Agreement, neither party may assign, or transfer its rights and obligations under this Agreement in whole or in part, without the prior written consent of the other party.",during the term of this agreement neither party may assign or transfer its rights and obligations under this agreement in whole or in part without the prior written consent of the other party,Anti-Assignment,CUAD_train_contracts,cuad_train
SENMIAOTECHNOLOGYLTD_02_19_2019-EX-10.5-Collaboration Agreement,"After the termination of this Agreement, Party B shall strictly perform the Financial Leasing Agreement signed with the Driver User until the lease expires.",after the termination of this agreement party b shall strictly perform the financial leasing agreement signed with the driver user until the lease expires,Post-Termination Services,CUAD_train_contracts,cuad_train
SENMIAOTECHNOLOGYLTD_02_19_2019-EX-10.5-Collaboration Agreement,"Unless any party is in violation of the confidentiality clause, in any case, neither party shall be liable for any indirect, punitive claims, or claims for losses of commercial profits, or damages for business losses of the company or any third Party Arising from this Agreement, or for any loss or inaccuracy of data of any form, whether based on Agreement, tort or any other legal principle, even though the party has been informed of the possibility of such damage.",unless any party is in violation of the confidentiality clause in any case neither party shall be liable for any indirect punitive claims or claims for losses of commercial profits or damages for business losses of the company or any third party arising from this agreement or for any loss or inaccuracy of data of any form whether based on agreement tort or any other legal principle even though the party has been informed of the possibility of such damage,Cap On Liability,CUAD_train_contracts,cuad_train
SENMIAOTECHNOLOGYLTD_02_19_2019-EX-10.5-Collaboration Agreement,Party B's use of the Platform and the acquisition of any information by using the Platform are solely at Party B's independent judgment and is at Party B's own risk (including but not limited to the losses caused by damage to Party B's computer system or mobile phone system or loss of data.),party b s use of the platform and the acquisition of any information by using the platform are solely at party b s independent judgment and is at party b s own risk including but not limited to the losses caused by damage to party b s computer system or mobile phone system or loss of data,Cap On Liability,CUAD_train_contracts,cuad_train
SENMIAOTECHNOLOGYLTD_02_19_2019-EX-10.5-Collaboration Agreement,"Party B has fully understood the functions and characteristics of services of the Platform prior to the use of the Platform and agrees that Party A shall not be liable to Party B for any defect in software, insufficiency of function or any necessary improvement.",party b has fully understood the functions and characteristics of services of the platform prior to the use of the platform and agrees that party a shall not be liable to party b for any defect in software insufficiency of function or any necessary improvement,Cap On Liability,CUAD_train_contracts,cuad_train
SENMIAOTECHNOLOGYLTD_02_19_2019-EX-10.5-Collaboration Agreement,"In this case, Party B shall pay additional deposit equivalent to the liquidated damages when it pays the liquidated damages.",in this case party b shall pay additional deposit equivalent to the liquidated damages when it pays the liquidated damages,Liquidated Damages,CUAD_train_contracts,cuad_train
SENMIAOTECHNOLOGYLTD_02_19_2019-EX-10.5-Collaboration Agreement,"If Party B shall pay liquidated damages for breach of this Agreement or violation of the platform rules, Party A is entitled to request Party B to pay the liquidated damages.",if party b shall pay liquidated damages for breach of this agreement or violation of the platform rules party a is entitled to request party b to pay the liquidated damages,Liquidated Damages,CUAD_train_contracts,cuad_train
SENMIAOTECHNOLOGYLTD_02_19_2019-EX-10.5-Collaboration Agreement,"The following acts constitute Class C breaches. In the event of any breach below by Party B, Party B shall immediately remedy the breach, and Party A is entitled to request Party B to pay the liquidated damages of an amount from RMB5,000 (RMB FIVE THOUSAND) to RMB50,000 (RMB FIFTY THOUSAND) based on the consequences of the breach, and send the Confirmation Letter on the Breach of the Partner of Xiaoju Online Ride-hailing Marketplace to Party B.",the following acts constitute class c breaches in the event of any breach below by party b party b shall immediately remedy the breach and party a is entitled to request party b to pay the liquidated damages of an amount from rmb5 000 rmb five thousand to rmb50 000 rmb fifty thousand based on the consequences of the breach and send the confirmation letter on the breach of the partner of xiaoju online ride hailing marketplace to party b,Liquidated Damages,CUAD_train_contracts,cuad_train
SENMIAOTECHNOLOGYLTD_02_19_2019-EX-10.5-Collaboration Agreement,"The following acts constitute Class B breaches. In the event of any breach below by Party B, Party B shall immediately remedy the breach, and Party A is entitled to request Party B to pay the liquidated damages of an amount from RMB1,000 (RMB ONE THOUSAND) to RMB 5,000 (RMB FIVE THOUSAND) based on the consequences of the breach, and send the Confirmation Letter on the Breach of the Partner of Xiaoju Online Ride-hailing Marketplace to Party B.",the following acts constitute class b breaches in the event of any breach below by party b party b shall immediately remedy the breach and party a is entitled to request party b to pay the liquidated damages of an amount from rmb1 000 rmb one thousand to rmb 5 000 rmb five thousand based on the consequences of the breach and send the confirmation letter on the breach of the partner of xiaoju online ride hailing marketplace to party b,Liquidated Damages,CUAD_train_contracts,cuad_train
SENMIAOTECHNOLOGYLTD_02_19_2019-EX-10.5-Collaboration Agreement,"For example, if Party B shall pay liquidated damages as much as RMB N, it shall pay additional RMB N to increase the deposit paid in accordance with Article 4.2 after it pays the liquidated damages or Party A deducts the liquidated damages from the deposit.",for example if party b shall pay liquidated damages as much as rmb n it shall pay additional rmb n to increase the deposit paid in accordance with article 4 2 after it pays the liquidated damages or party a deducts the liquidated damages from the deposit,Liquidated Damages,CUAD_train_contracts,cuad_train
SENMIAOTECHNOLOGYLTD_02_19_2019-EX-10.5-Collaboration Agreement,"Any violation of this article by Party B shall be considered as a material breach of the this Agreement, and Party A is entitled to immediately terminate this Agreement and the cooperation relationship between the Parties, and request Party B to pay the liquidated damages of RMB 50,000 (RMB FIFTY THOUSAND) and indemnify for all losses incurred to Party A thereby.",any violation of this article by party b shall be considered as a material breach of the this agreement and party a is entitled to immediately terminate this agreement and the cooperation relationship between the parties and request party b to pay the liquidated damages of rmb 50 000 rmb fifty thousand and indemnify for all losses incurred to party a thereby,Liquidated Damages,CUAD_train_contracts,cuad_train
SENMIAOTECHNOLOGYLTD_02_19_2019-EX-10.5-Collaboration Agreement,"In case that the Driver User unilaterally terminates the Financial Leasing Agreement in advance, Party B shall collect the liquidated damages from the Driver User within 30% of the ""down payment + total monthly rent + last payment"" stipulated in the Financial Leasing Agreement;",in case that the driver user unilaterally terminates the financial leasing agreement in advance party b shall collect the liquidated damages from the driver user within 30 of the down payment total monthly rent last payment stipulated in the financial leasing agreement,Liquidated Damages,CUAD_train_contracts,cuad_train
SENMIAOTECHNOLOGYLTD_02_19_2019-EX-10.5-Collaboration Agreement,"The following acts constitute Class D breaches. In the event of any breach below by Party B, Party B shall immediately remedy the breach, and Party A is entitled to request Party B to pay the liquidated damages of not less than RMB50,000 (RMB FIFTY THOUSAND) based on the consequences of the breach, and send the Confirmation Letter on the Breach of the Partner of Xiaoju Online Ride-hailing Marketplace to Party B, and terminate the Agreement.",the following acts constitute class d breaches in the event of any breach below by party b party b shall immediately remedy the breach and party a is entitled to request party b to pay the liquidated damages of not less than rmb50 000 rmb fifty thousand based on the consequences of the breach and send the confirmation letter on the breach of the partner of xiaoju online ride hailing marketplace to party b and terminate the agreement,Liquidated Damages,CUAD_train_contracts,cuad_train
SENMIAOTECHNOLOGYLTD_02_19_2019-EX-10.5-Collaboration Agreement,"In such case, Party A is entitled to immediately terminate the Agreement and the cooperation relationship between the Parties, and request Party B to pay the liquidated damages of RMB50,000 (RMB FIFTY THOUSAND) and indemnify for all losses incurred to Party A thereby.",in such case party a is entitled to immediately terminate the agreement and the cooperation relationship between the parties and request party b to pay the liquidated damages of rmb50 000 rmb fifty thousand and indemnify for all losses incurred to party a thereby,Liquidated Damages,CUAD_train_contracts,cuad_train
HealthcareIntegratedTechnologiesInc_20190812_8-K_EX-10.1_11776966_EX-10.1_Reseller Agreement,WALABOT-HOME RESELLER AGREEMENT,walabot home reseller agreement,Document Name,CUAD_train_contracts,cuad_train
HealthcareIntegratedTechnologiesInc_20190812_8-K_EX-10.1_11776966_EX-10.1_Reseller Agreement,"Vayyar and Reseller shall be referred to individually as ""Party"" and collectively as ""Parties"".",vayyar and reseller shall be referred to individually as party and collectively as parties,Parties,CUAD_train_contracts,cuad_train
HealthcareIntegratedTechnologiesInc_20190812_8-K_EX-10.1_11776966_EX-10.1_Reseller Agreement,"Inde Living Holdings, Inc.",inde living holdings inc,Parties,CUAD_train_contracts,cuad_train
HealthcareIntegratedTechnologiesInc_20190812_8-K_EX-10.1_11776966_EX-10.1_Reseller Agreement,"This Agreement shall become effective on the Effective Date and shall remain in effect for an initial period of 1 year (""Initial Term"").",this agreement shall become effective on the effective date and shall remain in effect for an initial period of 1 year initial term,Expiration Date,CUAD_train_contracts,cuad_train
HealthcareIntegratedTechnologiesInc_20190812_8-K_EX-10.1_11776966_EX-10.1_Reseller Agreement,"Thereafter, this Agreement shall automatically be renewed for successive 1-year terms (each a ""Renewal Term"", and together with the Initial Term, the ""Term"").",thereafter this agreement shall automatically be renewed for successive 1 year terms each a renewal term and together with the initial term the term,Renewal Term,CUAD_train_contracts,cuad_train
HealthcareIntegratedTechnologiesInc_20190812_8-K_EX-10.1_11776966_EX-10.1_Reseller Agreement,"Following the Initial Term, either Party may terminate this Agreement without cause upon written notice to the other Party of at least 3 months.",following the initial term either party may terminate this agreement without cause upon written notice to the other party of at least 3 months,Notice Period To Terminate Renewal,CUAD_train_contracts,cuad_train
HealthcareIntegratedTechnologiesInc_20190812_8-K_EX-10.1_11776966_EX-10.1_Reseller Agreement,"This Agreement shall be governed by the laws of the State of New York and all disputes and controversies arising out of or in connection with the Agreement shall be brought exclusively before the competent courts in New York County, New York; provided however that judgment shall be enforceable in any country and that nothing in this Section shall prevent or restrict either Party from seeking interim relief in any competent jurisdiction as it may deem fit.",this agreement shall be governed by the laws of the state of new york and all disputes and controversies arising out of or in connection with the agreement shall be brought exclusively before the competent courts in new york county new york provided however that judgment shall be enforceable in any country and that nothing in this section shall prevent or restrict either party from seeking interim relief in any competent jurisdiction as it may deem fit,Governing Law,CUAD_train_contracts,cuad_train
HealthcareIntegratedTechnologiesInc_20190812_8-K_EX-10.1_11776966_EX-10.1_Reseller Agreement,Any purported assignment of rights in violation of this subsection is void.,any purported assignment of rights in violation of this subsection is void,Anti-Assignment,CUAD_train_contracts,cuad_train
HealthcareIntegratedTechnologiesInc_20190812_8-K_EX-10.1_11776966_EX-10.1_Reseller Agreement,Supplier and/or Reseller may assign or novate this Agreement and the rights and obligations under it to any of its affiliates or upon any merger or acquisition or the sale of all or substantially all of its assets relating to the Agreement.,supplier and or reseller may assign or novate this agreement and the rights and obligations under it to any of its affiliates or upon any merger or acquisition or the sale of all or substantially all of its assets relating to the agreement,Anti-Assignment,CUAD_train_contracts,cuad_train
HealthcareIntegratedTechnologiesInc_20190812_8-K_EX-10.1_11776966_EX-10.1_Reseller Agreement,"""MOQ"" means the minimum order quantity of Product units during the Initial Term, as set forth in Schedule 1.",moq means the minimum order quantity of product units during the initial term as set forth in schedule 1,Minimum Commitment,CUAD_train_contracts,cuad_train
HealthcareIntegratedTechnologiesInc_20190812_8-K_EX-10.1_11776966_EX-10.1_Reseller Agreement,"If Reseller fails to submit Orders with an aggregate value equal to or greater than the MOQ, then Reseller shall pay Supplier a sum equal to the shortfall, within 30 days after the end of the Initial Term.",if reseller fails to submit orders with an aggregate value equal to or greater than the moq then reseller shall pay supplier a sum equal to the shortfall within 30 days after the end of the initial term,Minimum Commitment,CUAD_train_contracts,cuad_train
HealthcareIntegratedTechnologiesInc_20190812_8-K_EX-10.1_11776966_EX-10.1_Reseller Agreement,"In connection with the foregoing appointment, Supplier hereby grants Reseller a non-transferable, revocable, limited right to resell, market, promote, stimulate interest in, and solicit Orders by Customers and/or End Users in the Territory for the Products and to provide services in connection with those activities.",in connection with the foregoing appointment supplier hereby grants reseller a non transferable revocable limited right to resell market promote stimulate interest in and solicit orders by customers and or end users in the territory for the products and to provide services in connection with those activities,License Grant,CUAD_train_contracts,cuad_train
HealthcareIntegratedTechnologiesInc_20190812_8-K_EX-10.1_11776966_EX-10.1_Reseller Agreement,"In addition to the foregoing, if, at the time of termination of this Agreement, Reseller shall have additional Product units in its inventory and is able to sell them to Customers and/or End Users (including, without limitation, any Product units for which Reseller has or is obligated to pay the Supplier the purchase price therefor but which have not yet been delivered to the Reseller by Supplier, which Supplier hereby agrees to either deliver as otherwise contemplated by this Agreement as if it had not terminated or to refund the purchase price therefor), then the licenses and appointments described in Section 2 shall remain in effect with respect to such unsold Product units (and such Section 2 shall not terminate) until the earlier of (i) the date on which the last Product in Reseller's inventory is sold to a Customer and/or End User, or (ii) 1 year from the date of the termination of this Agreement.",in addition to the foregoing if at the time of termination of this agreement reseller shall have additional product units in its inventory and is able to sell them to customers and or end users including without limitation any product units for which reseller has or is obligated to pay the supplier the purchase price therefor but which have not yet been delivered to the reseller by supplier which supplier hereby agrees to either deliver as otherwise contemplated by this agreement as if it had not terminated or to refund the purchase price therefor then the licenses and appointments described in section 2 shall remain in effect with respect to such unsold product units and such section 2 shall not terminate until the earlier of i the date on which the last product in reseller s inventory is sold to a customer and or end user or ii 1 year from the date of the termination of this agreement,Post-Termination Services,CUAD_train_contracts,cuad_train
HealthcareIntegratedTechnologiesInc_20190812_8-K_EX-10.1_11776966_EX-10.1_Reseller Agreement,"ANY SUBSTITUTE GOODS OR SERVICES. THE AGGREGATE LIABILITY OF SUPPLIER UNDER, OR IN CONNECTION WITH, THIS AGREEMENT SHALL BE EQUAL TO THE LESSER OF: (i) ***; AND (ii) ***.",any substitute goods or services the aggregate liability of supplier under or in connection with this agreement shall be equal to the lesser of i and ii,Cap On Liability,CUAD_train_contracts,cuad_train
HealthcareIntegratedTechnologiesInc_20190812_8-K_EX-10.1_11776966_EX-10.1_Reseller Agreement,"TO THE MAXIMUM EXTENT PERMITTED BY APPLICABLE LAW, IN NO EVENT SHALL SUPPLIER BE LIABLE UNDER, OR OTHERWISE IN CONNECTION WITH, THIS AGREEMENT FOR: (A) ANY CONSEQUENTIAL, INDIRECT, SPECIAL, INCIDENTAL, OR PUNITIVE DAMAGES; (B) ANY LOSS OF PROFITS, LOSS OF BUSINESS, LOSS OF REVENUE, OR LOSS OF ANTICIPATED SAVINGS; (C) ANY LOSS OF, OR DAMAGE TO, DATA, REPUTATION, OR GOODWILL; AND/OR (D) THE COST OF PROCURING ANY SUBSTITUTE GOODS OR SERVICES.",to the maximum extent permitted by applicable law in no event shall supplier be liable under or otherwise in connection with this agreement for a any consequential indirect special incidental or punitive damages b any loss of profits loss of business loss of revenue or loss of anticipated savings c any loss of or damage to data reputation or goodwill and or d the cost of procuring any substitute goods or services,Cap On Liability,CUAD_train_contracts,cuad_train
LOYALTYPOINTINC_11_16_2004-EX-10.2-RESELLER AGREEMENT,Distribution Agreement,distribution agreement,Document Name,CUAD_train_contracts,cuad_train
LOYALTYPOINTINC_11_16_2004-EX-10.2-RESELLER AGREEMENT,"American Express Incentive Services, L.L.C.",american express incentive services l l c,Parties,CUAD_train_contracts,cuad_train
LOYALTYPOINTINC_11_16_2004-EX-10.2-RESELLER AGREEMENT,"This Agreement is effective as of August 1, 2004, (the ""Effective Date"") and shall terminate on July 31, 2009, (the ""Termination Date"") unless earlier terminated or extended as provided for herein.",this agreement is effective as of august 1 2004 the effective date and shall terminate on july 31 2009 the termination date unless earlier terminated or extended as provided for herein,Effective Date,CUAD_train_contracts,cuad_train
LOYALTYPOINTINC_11_16_2004-EX-10.2-RESELLER AGREEMENT,"This Agreement shall be subject to and governed by the laws of the State of Missouri, USA.",this agreement shall be subject to and governed by the laws of the state of missouri usa,Governing Law,CUAD_train_contracts,cuad_train
LOYALTYPOINTINC_11_16_2004-EX-10.2-RESELLER AGREEMENT,"This Agreement shall be deemed to have been made and executed in the State of Missouri and any dispute arising thereunder shall be resolved in accordance with the laws of the State of Missouri, without reference to its rules governing conflicts of law.",this agreement shall be deemed to have been made and executed in the state of missouri and any dispute arising thereunder shall be resolved in accordance with the laws of the state of missouri without reference to its rules governing conflicts of law,Governing Law,CUAD_train_contracts,cuad_train
LOYALTYPOINTINC_11_16_2004-EX-10.2-RESELLER AGREEMENT,Schoolpop shall have the exclusive right to resell Cards in the NPO Marketplace.,schoolpop shall have the exclusive right to resell cards in the npo marketplace,Exclusivity,CUAD_train_contracts,cuad_train
LOYALTYPOINTINC_11_16_2004-EX-10.2-RESELLER AGREEMENT,"AEIS, on its own behalf, reserves the right to market its Cards and other products and services directly as 1 well as through additional firms on terms and conditions that it selects in its sole discretion, provided that no such sales shall take place within the NPO Marketplace.",aeis on its own behalf reserves the right to market its cards and other products and services directly as 1 well as through additional firms on terms and conditions that it selects in its sole discretion provided that no such sales shall take place within the npo marketplace,Exclusivity,CUAD_train_contracts,cuad_train
LOYALTYPOINTINC_11_16_2004-EX-10.2-RESELLER AGREEMENT,Schoolpop understands and agrees that this Agreement does not grant Schoolpop any exclusive right to market the Cards or any other AEIS products and services outside of the NPO Marketplace.,schoolpop understands and agrees that this agreement does not grant schoolpop any exclusive right to market the cards or any other aeis products and services outside of the npo marketplace,Competitive Restriction Exception,CUAD_train_contracts,cuad_train
LOYALTYPOINTINC_11_16_2004-EX-10.2-RESELLER AGREEMENT,"Notwithstanding the foregoing, Schoolpop shall fund from AEIS a minimum of $52,000,000 of Cards (the ""Guaranteed Minimum"") in each Contract Year in order to maintain the exclusive right to sell Cards in the NPO Marketplace.",notwithstanding the foregoing schoolpop shall fund from aeis a minimum of 52 000 000 of cards the guaranteed minimum in each contract year in order to maintain the exclusive right to sell cards in the npo marketplace,Competitive Restriction Exception,CUAD_train_contracts,cuad_train
LOYALTYPOINTINC_11_16_2004-EX-10.2-RESELLER AGREEMENT,"In any Contract Year in which Schoolpop fails to fund the Guaranteed Minimum, AEIS shall have the right, in its sole discretion, to (a) terminate the Agreement or (b) revoke the exclusivity.",in any contract year in which schoolpop fails to fund the guaranteed minimum aeis shall have the right in its sole discretion to a terminate the agreement or b revoke the exclusivity,Competitive Restriction Exception,CUAD_train_contracts,cuad_train
LOYALTYPOINTINC_11_16_2004-EX-10.2-RESELLER AGREEMENT,"No right or interest in this Agreement shall be assigned by Schoolpop without prior written permission of AEIS, which shall not be unreasonably withheld.",no right or interest in this agreement shall be assigned by schoolpop without prior written permission of aeis which shall not be unreasonably withheld,Anti-Assignment,CUAD_train_contracts,cuad_train
LOYALTYPOINTINC_11_16_2004-EX-10.2-RESELLER AGREEMENT,"This Agreement (a) may not be assigned by Seller without the written consent of AEIS, except to an entity controlling, controlled by or under common control with Seller, provided, however, Schoolpop shall remain liable for the obligations contained herein including the attachments and Exhibits thereto, and (b) may be modified only by an agreement in writing signed on behalf of AEIS by an executive officer.",this agreement a may not be assigned by seller without the written consent of aeis except to an entity controlling controlled by or under common control with seller provided however schoolpop shall remain liable for the obligations contained herein including the attachments and exhibits thereto and b may be modified only by an agreement in writing signed on behalf of aeis by an executive officer,Anti-Assignment,CUAD_train_contracts,cuad_train
LOYALTYPOINTINC_11_16_2004-EX-10.2-RESELLER AGREEMENT,The parties agree that the minimum number required for the category Card shall be not less than 70% of the consumer categories contained within Exhibit 5; and the grocery Card not less than 70% national coverage to launch each respectively.,the parties agree that the minimum number required for the category card shall be not less than 70 of the consumer categories contained within exhibit 5 and the grocery card not less than 70 national coverage to launch each respectively,Minimum Commitment,CUAD_train_contracts,cuad_train
LOYALTYPOINTINC_11_16_2004-EX-10.2-RESELLER AGREEMENT,"In any consecutive three (3) month period in which the difference between the Card Inventory Forecast less the actual Card Order volume for that period is a shortage of ten percent or greater (10%+), AEIS reserves the right to assess a penalty, (""Card Inventory Penalty"") of sixteen and one-half cents ($0.165) per Card for such difference as detailed in Examples 1 and 2 below.",in any consecutive three 3 month period in which the difference between the card inventory forecast less the actual card order volume for that period is a shortage of ten percent or greater 10 aeis reserves the right to assess a penalty card inventory penalty of sixteen and one half cents 0 165 per card for such difference as detailed in examples 1 and 2 below,Minimum Commitment,CUAD_train_contracts,cuad_train
LOYALTYPOINTINC_11_16_2004-EX-10.2-RESELLER AGREEMENT,"In the event that Schoolpop exceeds either of these limits, AEIS shall cease fulfilling Orders from Schoolpop until such time that Schoolpop's inventory returns to an acceptable level based on the established maximums.",in the event that schoolpop exceeds either of these limits aeis shall cease fulfilling orders from schoolpop until such time that schoolpop s inventory returns to an acceptable level based on the established maximums,Volume Restriction,CUAD_train_contracts,cuad_train
LOYALTYPOINTINC_11_16_2004-EX-10.2-RESELLER AGREEMENT,"Effective January 1, 2005, after which Encompass(R) Select shall no longer be available to Schoolpop, the maximum inactive Card value shall not exceed $3,000,000 in any combination of products at any given time.",effective january 1 2005 after which encompass r select shall no longer be available to schoolpop the maximum inactive card value shall not exceed 3 000 000 in any combination of products at any given time,Volume Restriction,CUAD_train_contracts,cuad_train
LOYALTYPOINTINC_11_16_2004-EX-10.2-RESELLER AGREEMENT,"At any given time during this Agreement, Schoolpop's inactive Card inventory shall be limited to $3,000,000 in Card value as determined by the Point denomination on each Card.",at any given time during this agreement schoolpop s inactive card inventory shall be limited to 3 000 000 in card value as determined by the point denomination on each card,Volume Restriction,CUAD_train_contracts,cuad_train
LOYALTYPOINTINC_11_16_2004-EX-10.2-RESELLER AGREEMENT,"From the Effective Date through September 30, 2004, Schoolpop may order non-standard Encompass(R) Select denominations (other than 25, 50, 75, and 100 Points) up to a maximum of 200 Points.",from the effective date through september 30 2004 schoolpop may order non standard encompass r select denominations other than 25 50 75 and 100 points up to a maximum of 200 points,Volume Restriction,CUAD_train_contracts,cuad_train
LOYALTYPOINTINC_11_16_2004-EX-10.2-RESELLER AGREEMENT,"This limit &sbsp; shall consist of a maximum Card value of $1,500,000 in Encompass(R) Select Cards and $1,500,000 Card value in any other product (s).",this limit sbsp shall consist of a maximum card value of 1 500 000 in encompass r select cards and 1 500 000 card value in any other product s,Volume Restriction,CUAD_train_contracts,cuad_train
LOYALTYPOINTINC_11_16_2004-EX-10.2-RESELLER AGREEMENT,"Upon termination of this Agreement, Schoolpop shall have the right to continue to sell any Cards in its possession for a period of three (3) months following the effective date of termination, subject to compliance with the applicable terms and conditions set forth herein, provided however, that termination of the Agreement is not due to a breach of representation or warranty of the Agreement by Schoolpop in which case Schoolpop shall discontinue selling Cards immediately upon termination.",upon termination of this agreement schoolpop shall have the right to continue to sell any cards in its possession for a period of three 3 months following the effective date of termination subject to compliance with the applicable terms and conditions set forth herein provided however that termination of the agreement is not due to a breach of representation or warranty of the agreement by schoolpop in which case schoolpop shall discontinue selling cards immediately upon termination,Post-Termination Services,CUAD_train_contracts,cuad_train
LOYALTYPOINTINC_11_16_2004-EX-10.2-RESELLER AGREEMENT,"AEIS and/or their appointed representatives of AEIS or American Express Travel Related Services Inc. as solely determined by AEIS, shall be entitled to inspect and approve Seller's safekeeping facilities at any time during normal business hours.",aeis and or their appointed representatives of aeis or american express travel related services inc as solely determined by aeis shall be entitled to inspect and approve seller s safekeeping facilities at any time during normal business hours,Audit Rights,CUAD_train_contracts,cuad_train
LOYALTYPOINTINC_11_16_2004-EX-10.2-RESELLER AGREEMENT,"Notwithstanding anything contained herein to the contrary, the cumulative liability of the parties to one another for any claims, liabilities, losses, damages or expenses, direct or indirect, arising out of or related to this Agreement shall not exceed the lesser of $50,000 or (not including other funding amounts such as the Point value of Cards) or the amount paid by Schoolpop to AEIS for the immediately preceding twelve (12) months provided, however, that in no event shall this limitation of liability apply to any claims, liabilities, losses, damages, or expenses, direct or indirect, arising out of or related to this Agreement brought by the actions of Schoolpop pursuant to paragraphs 4(e), 4(i), 4(k), 4(p), 5(a), 5(b), 6(b), 7(a), 7(d), 14(d.iii), 9(f) and Sections 2, 3 11, 12, and 13, and Exhibit 1 of this Agreement. In no event shall either party be liable to the other, under any theory, for lost profits, exemplary, punitive, special incidental, indirect, or consequential damages.",notwithstanding anything contained herein to the contrary the cumulative liability of the parties to one another for any claims liabilities losses damages or expenses direct or indirect arising out of or related to this agreement shall not exceed the lesser of 50 000 or not including other funding amounts such as the point value of cards or the amount paid by schoolpop to aeis for the immediately preceding twelve 12 months provided however that in no event shall this limitation of liability apply to any claims liabilities losses damages or expenses direct or indirect arising out of or related to this agreement brought by the actions of schoolpop pursuant to paragraphs 4 e 4 i 4 k 4 p 5 a 5 b 6 b 7 a 7 d 14 d iii 9 f and sections 2 3 11 12 and 13 and exhibit 1 of this agreement in no event shall either party be liable to the other under any theory for lost profits exemplary punitive special incidental indirect or consequential damages,Cap On Liability,CUAD_train_contracts,cuad_train
LOYALTYPOINTINC_11_16_2004-EX-10.2-RESELLER AGREEMENT,"Schoolpop shall, during the term of this Agreement, at its own cost and expense, procure with sound and reputable insurers, the following insurance coverage's: (i) Workers' Compensation Insurance in an amount not less than the statutory limits for the state(s), country or province in where the services are to be performed; (ii) Employer's Liability Insurance not less than (a) $100,000 per occurrence, and not less than $100,000 aggregate limit of liability per policy year for disease, including death at any time resulting therefrom, not caused by accident or (b) such amount as required by law, whichever is higher; (iii) Comprehensive General Liability Insurance, including blanket extended coverage against all hazards, including personal injury and death resulting therefrom, for not less than $1,000,000 per occurrence, and not less than $2,000,000 aggregate; (iv) Automobile Liability insurance against liability arising from the maintenance or use of all owned, non-owned and hired automobiles and trucks used to provide services, with (a) a minimum limit of liability for bodily injury of $1,000,000 in the aggregate, and with a minimum limit of liability for property damage of $500,000 per accident, or (b) amount as required by law, whichever is higher; and (v) fidelity or crime policy of not less than $3,000,000 in the aggregate against misappropriation and/or destruction of Cards.",schoolpop shall during the term of this agreement at its own cost and expense procure with sound and reputable insurers the following insurance coverage s i workers compensation insurance in an amount not less than the statutory limits for the state s country or province in where the services are to be performed ii employer s liability insurance not less than a 100 000 per occurrence and not less than 100 000 aggregate limit of liability per policy year for disease including death at any time resulting therefrom not caused by accident or b such amount as required by law whichever is higher iii comprehensive general liability insurance including blanket extended coverage against all hazards including personal injury and death resulting therefrom for not less than 1 000 000 per occurrence and not less than 2 000 000 aggregate iv automobile liability insurance against liability arising from the maintenance or use of all owned non owned and hired automobiles and trucks used to provide services with a a minimum limit of liability for bodily injury of 1 000 000 in the aggregate and with a minimum limit of liability for property damage of 500 000 per accident or b amount as required by law whichever is higher and v fidelity or crime policy of not less than 3 000 000 in the aggregate against misappropriation and or destruction of cards,Insurance,CUAD_train_contracts,cuad_train
LOYALTYPOINTINC_11_16_2004-EX-10.2-RESELLER AGREEMENT,"Each policy of insurance which Schoolpop is required to possess under this Agreement shall name AEIS, and its Directors, Officers, and Employees, as additional insured in the insurance policy limits herein required.",each policy of insurance which schoolpop is required to possess under this agreement shall name aeis and its directors officers and employees as additional insured in the insurance policy limits herein required,Insurance,CUAD_train_contracts,cuad_train
BNCMORTGAGEINC_05_17_1999-EX-10.4-LICENSING AND WEB SITE HOSTING AGREEMENT,LICENSING AND WEB SITE HOSTING AGREEMENT,licensing and web site hosting agreement,Document Name,CUAD_train_contracts,cuad_train
BNCMORTGAGEINC_05_17_1999-EX-10.4-LICENSING AND WEB SITE HOSTING AGREEMENT,"Mortgage Logic.com, Inc.",mortgage logic com inc,Parties,CUAD_train_contracts,cuad_train
BNCMORTGAGEINC_05_17_1999-EX-10.4-LICENSING AND WEB SITE HOSTING AGREEMENT,"This Agreement will take effect on the Effective Date and remain in effect for a period of 1 year; provided, that Sections 2 and 3 level shall terminate promptly upon (a) any action or omission by Client or any of its customers which constitutes a breach of or default by TrueLink under any System Agreement or Credit Repository Agreement, which breach or default has either not been cured or cannot be cured within the applicable cure period and the consequences of which is that TrueLink will lose material rights it had pursuant to said Agreements or (b) any violations or breach by Client of Sections 8a - 8c.",this agreement will take effect on the effective date and remain in effect for a period of 1 year provided that sections 2 and 3 level shall terminate promptly upon a any action or omission by client or any of its customers which constitutes a breach of or default by truelink under any system agreement or credit repository agreement which breach or default has either not been cured or cannot be cured within the applicable cure period and the consequences of which is that truelink will lose material rights it had pursuant to said agreements or b any violations or breach by client of sections 8a 8c,Expiration Date,CUAD_train_contracts,cuad_train
BNCMORTGAGEINC_05_17_1999-EX-10.4-LICENSING AND WEB SITE HOSTING AGREEMENT,This Agreement shall renew automatically thereafter for successive one year periods until terminated pursuant to Section 12 herein or unless either Client or TrueLink deliver to the other written notice of intent not to renew no later than thirty (30) days prior to the end of said year.,this agreement shall renew automatically thereafter for successive one year periods until terminated pursuant to section 12 herein or unless either client or truelink deliver to the other written notice of intent not to renew no later than thirty 30 days prior to the end of said year,Renewal Term,CUAD_train_contracts,cuad_train
BNCMORTGAGEINC_05_17_1999-EX-10.4-LICENSING AND WEB SITE HOSTING AGREEMENT,"This Agreement shall be governed, construed and interpreted in accordance with the laws of the State of California (without respect to principles of conflicts of law).",this agreement shall be governed construed and interpreted in accordance with the laws of the state of california without respect to principles of conflicts of law,Governing Law,CUAD_train_contracts,cuad_train
BNCMORTGAGEINC_05_17_1999-EX-10.4-LICENSING AND WEB SITE HOSTING AGREEMENT,"Neither party shall assign or transfer any of its rights under this Agreement without the prior written approval of the other party, except no such approval shall be required for an assignment to a financially responsible affiliate.",neither party shall assign or transfer any of its rights under this agreement without the prior written approval of the other party except no such approval shall be required for an assignment to a financially responsible affiliate,Anti-Assignment,CUAD_train_contracts,cuad_train
BNCMORTGAGEINC_05_17_1999-EX-10.4-LICENSING AND WEB SITE HOSTING AGREEMENT,"Client will pay TrueLink's fees for requested Hosting Services and Support Services pursuant to the schedule of charges set forth on Exhibits ""A"" and ""B"" attached hereto, (but not less than $____ per month for the Hosting Services and $____ per month for Support Services).",client will pay truelink s fees for requested hosting services and support services pursuant to the schedule of charges set forth on exhibits a and b attached hereto but not less than per month for the hosting services and per month for support services,Minimum Commitment,CUAD_train_contracts,cuad_train
BNCMORTGAGEINC_05_17_1999-EX-10.4-LICENSING AND WEB SITE HOSTING AGREEMENT,"TrueLink hereby grants to Client a non-exclusive license to use the Interface in the ordinary course of its business of the origination, underwriting, processing and funding of consumer finance receivables in accordance with this Agreement.",truelink hereby grants to client a non exclusive license to use the interface in the ordinary course of its business of the origination underwriting processing and funding of consumer finance receivables in accordance with this agreement,License Grant,CUAD_train_contracts,cuad_train
BNCMORTGAGEINC_05_17_1999-EX-10.4-LICENSING AND WEB SITE HOSTING AGREEMENT,"Client hereby grants to TrueLink the nonexclusive worldwide right and license to use, distribute, disseminate, license, resell, exploit, upload, display, copy and store Credit Data subject to the limitations set forth in and in accordance with the Non-Competition Agreement.",client hereby grants to truelink the nonexclusive worldwide right and license to use distribute disseminate license resell exploit upload display copy and store credit data subject to the limitations set forth in and in accordance with the non competition agreement,License Grant,CUAD_train_contracts,cuad_train
BNCMORTGAGEINC_05_17_1999-EX-10.4-LICENSING AND WEB SITE HOSTING AGREEMENT,"The license granted to Client pursuant to section 2(a) consists of the following rights: i. Use and execution of the Interface on a compatible software platform (as such compatibility specifications may be issued by TrueLink from time to time); and ii. Access to the Interface from multiple computer located at those sites listed on Exhibit ""A."" Client may amend Exhibit ""A"" by giving TrueLink written notice of the new sites.",the license granted to client pursuant to section 2 a consists of the following rights i use and execution of the interface on a compatible software platform as such compatibility specifications may be issued by truelink from time to time and ii access to the interface from multiple computer located at those sites listed on exhibit a client may amend exhibit a by giving truelink written notice of the new sites,License Grant,CUAD_train_contracts,cuad_train
BNCMORTGAGEINC_05_17_1999-EX-10.4-LICENSING AND WEB SITE HOSTING AGREEMENT,"IN NO EVENT SHALL TRUELINK'S LIABILITY FOR ANY MATTER ARISING UNDER OR RELATED TO SECTION 3, 4, 7 AND 11 THIS AGREEMENT (OTHER THAN DUE TO A BREACH RESULTING FROM TRUELINK'S GROSS NEGLIGENCE OR WILLFUL MISCONDUCT) EXCEED THE TOTAL COMPENSATION PAID FOR HOSTING AND SUPPORT SERVICES OVER THE IMMEDIATELY PRECEDING 12 MONTHS PERIOD.",in no event shall truelink s liability for any matter arising under or related to section 3 4 7 and 11 this agreement other than due to a breach resulting from truelink s gross negligence or willful misconduct exceed the total compensation paid for hosting and support services over the immediately preceding 12 months period,Cap On Liability,CUAD_train_contracts,cuad_train
ENERGOUSCORP_03_16_2017-EX-10.24-STRATEGIC ALLIANCE AGREEMENT,Dialog Semiconductor (UK) Ltd.,dialog semiconductor uk ltd,Parties,CUAD_train_contracts,cuad_train
ENERGOUSCORP_03_16_2017-EX-10.24-STRATEGIC ALLIANCE AGREEMENT,Energous Corporation,energous corporation,Parties,CUAD_train_contracts,cuad_train
ENERGOUSCORP_03_16_2017-EX-10.24-STRATEGIC ALLIANCE AGREEMENT,"Unless earlier terminated as provided herein, this Agreement continues in effect for an initial term of seven (7) years (""Initial Term"") and will automatically renew for one or more annual periods after the Initial Term (each a ""Renewal Term"") unless either party gives notice of non-renewal at least one hundred eighty (180) days prior to the beginning of any Renewal Term.",unless earlier terminated as provided herein this agreement continues in effect for an initial term of seven 7 years initial term and will automatically renew for one or more annual periods after the initial term each a renewal term unless either party gives notice of non renewal at least one hundred eighty 180 days prior to the beginning of any renewal term,Expiration Date,CUAD_train_contracts,cuad_train
ENERGOUSCORP_03_16_2017-EX-10.24-STRATEGIC ALLIANCE AGREEMENT,"This Letter of Authorization will be governed by and construed in accordance with the laws of California, excluding its conflict of laws provisions, and be subject to the non-exclusive jurisdiction of the California courts.",this letter of authorization will be governed by and construed in accordance with the laws of california excluding its conflict of laws provisions and be subject to the non exclusive jurisdiction of the california courts,Governing Law,CUAD_train_contracts,cuad_train
ENERGOUSCORP_03_16_2017-EX-10.24-STRATEGIC ALLIANCE AGREEMENT,"This Agreement will be governed by and construed in accordance with the laws of the State of California, exclusive of conflict of laws principles.",this agreement will be governed by and construed in accordance with the laws of the state of california exclusive of conflict of laws principles,Governing Law,CUAD_train_contracts,cuad_train
ENERGOUSCORP_03_16_2017-EX-10.24-STRATEGIC ALLIANCE AGREEMENT,"Until expiration or earlier termination of the Agreement, DIALOG agrees that it and its Affiliates will not, without ENERGOUS' written approval, intentionally sell, distribute or work with any third party to develop products incorporating any Uncoupled Power Transfer Technology other than Licensed Products; provided, however, that DIALOG shall not be under any such restrictions in relation to services or products it provides to the Key Customer in the event the Key Customer terminates its agreement with ENERGOUS.",until expiration or earlier termination of the agreement dialog agrees that it and its affiliates will not without energous written approval intentionally sell distribute or work with any third party to develop products incorporating any uncoupled power transfer technology other than licensed products provided however that dialog shall not be under any such restrictions in relation to services or products it provides to the key customer in the event the key customer terminates its agreement with energous,Non-Compete,CUAD_train_contracts,cuad_train
ENERGOUSCORP_03_16_2017-EX-10.24-STRATEGIC ALLIANCE AGREEMENT,"DIALOG will have the right to terminate this Agreement immediately upon the issuance of written notice to ENERGOUS (A) if ENERGOUS undergoes a Change of Control involving a competitor of DIALOG, or (B) if ENERGOUS acquires, whether directly through a sale of assets or through a Change of Control transaction, any competitor of DIALOG (as reasonably determined by DIALOG). ENERGOUS will provide DIALOG with notice of any such Change of Control or acquisition within [***] after the closing thereof and DIALOG's right to terminate the Agreement will expire [***] after receipt of such notice.",dialog will have the right to terminate this agreement immediately upon the issuance of written notice to energous a if energous undergoes a change of control involving a competitor of dialog or b if energous acquires whether directly through a sale of assets or through a change of control transaction any competitor of dialog as reasonably determined by dialog energous will provide dialog with notice of any such change of control or acquisition within after the closing thereof and dialog s right to terminate the agreement will expire after receipt of such notice,Non-Compete,CUAD_train_contracts,cuad_train
ENERGOUSCORP_03_16_2017-EX-10.24-STRATEGIC ALLIANCE AGREEMENT,"ENERGOUS will have the right to terminate this Agreement, upon not less than [***] prior written notice to DIALOG, in the event that, following termination by the [***] of its agreement with ENERGOUS, DIALOG participates in or indicates its intention to participate in the development, design or manufacture of products incorporating Uncoupled Power Transfer Technology not provided by ENERGOUS to [***].",energous will have the right to terminate this agreement upon not less than prior written notice to dialog in the event that following termination by the of its agreement with energous dialog participates in or indicates its intention to participate in the development design or manufacture of products incorporating uncoupled power transfer technology not provided by energous to,Non-Compete,CUAD_train_contracts,cuad_train
ENERGOUSCORP_03_16_2017-EX-10.24-STRATEGIC ALLIANCE AGREEMENT,"If DIALOG decides to discontinue Sales of any Product, it will notify ENERGOUS at least [***] prior to such discontinuance, and following such notification, the exclusivity rights, if any, associated with that Product will cease; provided, however, this provision will not apply in the event that DIALOG continues Sales of Product Updates, repackaged Product Dies or MCMs.",if dialog decides to discontinue sales of any product it will notify energous at least prior to such discontinuance and following such notification the exclusivity rights if any associated with that product will cease provided however this provision will not apply in the event that dialog continues sales of product updates repackaged product dies or mcms,Exclusivity,CUAD_train_contracts,cuad_train
ENERGOUSCORP_03_16_2017-EX-10.24-STRATEGIC ALLIANCE AGREEMENT,"Subject to paragraph (b) of this Section 2.5, ENERGOUS will not, and will not enable any Semiconductor Supplier, to manufacture, have manufactured, offer for sale, sell, import or export the Products or Product Die in commercial volumes, except a Semiconductor Supplier to the Key Customer for use in the Excluded Applications.",subject to paragraph b of this section 2 5 energous will not and will not enable any semiconductor supplier to manufacture have manufactured offer for sale sell import or export the products or product die in commercial volumes except a semiconductor supplier to the key customer for use in the excluded applications,Exclusivity,CUAD_train_contracts,cuad_train
ENERGOUSCORP_03_16_2017-EX-10.24-STRATEGIC ALLIANCE AGREEMENT,"For clarity, ENERGOUS shall not intentionally supply Products, Product Die or comparable products or product die to customers directly or through distribution channels.",for clarity energous shall not intentionally supply products product die or comparable products or product die to customers directly or through distribution channels,No-Solicit Of Customers,CUAD_train_contracts,cuad_train
ENERGOUSCORP_03_16_2017-EX-10.24-STRATEGIC ALLIANCE AGREEMENT,"However, ENERGOUS is allowed to engage with a Semiconductor Supplier to supply comparable products or product die to a customer if either (i) the customer which has not been engaged with DIALOG with respect to such product or product die notifies ENERGOUS or DIALOG in writing by an authorized officer of the customer that it does not want to use DIALOG or a DIALOG Affiliate as a supplier of such product or product die; or (ii) if DIALOG has been engaged with the customer, the customer notifies ENERGOUS or DIALOG in writing prior to commencement of the Design-In Phase that it does not want to use DIALOG or a DIALOG Affiliate as a supplier of such product or product die",however energous is allowed to engage with a semiconductor supplier to supply comparable products or product die to a customer if either i the customer which has not been engaged with dialog with respect to such product or product die notifies energous or dialog in writing by an authorized officer of the customer that it does not want to use dialog or a dialog affiliate as a supplier of such product or product die or ii if dialog has been engaged with the customer the customer notifies energous or dialog in writing prior to commencement of the design in phase that it does not want to use dialog or a dialog affiliate as a supplier of such product or product die,Competitive Restriction Exception,CUAD_train_contracts,cuad_train
ENERGOUSCORP_03_16_2017-EX-10.24-STRATEGIC ALLIANCE AGREEMENT,"During the Term and for a [***], neither party will without the written consent of the other party (which may be granted or denied in its sole discretion) (a) directly or indirectly recruit or solicit for employment or for the provision of services any employee of the other party, (b) otherwise solicit, induce or influence any employee to leave their employment with the other party, or (c) attempt to do any of the foregoing; provided, however, that the foregoing will not apply to (y) any employee of the other party that responds to a public advertisement of employment opportunities or (z) any employee that was terminated without cause by the other party. ENERGOUS and DIALOG acknowledge and agree that the covenants in this Section 18 are reasonable and necessary to protect each of their trade secrets, Confidential Information and stable workforces.",during the term and for a neither party will without the written consent of the other party which may be granted or denied in its sole discretion a directly or indirectly recruit or solicit for employment or for the provision of services any employee of the other party b otherwise solicit induce or influence any employee to leave their employment with the other party or c attempt to do any of the foregoing provided however that the foregoing will not apply to y any employee of the other party that responds to a public advertisement of employment opportunities or z any employee that was terminated without cause by the other party energous and dialog acknowledge and agree that the covenants in this section 18 are reasonable and necessary to protect each of their trade secrets confidential information and stable workforces,No-Solicit Of Employees,CUAD_train_contracts,cuad_train
ENERGOUSCORP_03_16_2017-EX-10.24-STRATEGIC ALLIANCE AGREEMENT,"ENERGOUS may, at any time after the third anniversary of the Effective Date, terminate this Agreement with or without cause upon not less than one hundred and eighty (180) days prior written notice to DIALOG.",energous may at any time after the third anniversary of the effective date terminate this agreement with or without cause upon not less than one hundred and eighty 180 days prior written notice to dialog,Termination For Convenience,CUAD_train_contracts,cuad_train
ENERGOUSCORP_03_16_2017-EX-10.24-STRATEGIC ALLIANCE AGREEMENT,"Upon receipt of such notice, DIALOG will have [***] to notify ENERGOUS in writing that it desires to add such New Product as Product under this Agreement.",upon receipt of such notice dialog will have to notify energous in writing that it desires to add such new product as product under this agreement,Rofr/Rofo/Rofn,CUAD_train_contracts,cuad_train
ENERGOUSCORP_03_16_2017-EX-10.24-STRATEGIC ALLIANCE AGREEMENT,"In the event that ENERGOUS develops New Product, ENERGOUS will provide DIALOG with written notice describing the New Product before marketing, selling or distributing the New Product with or to any third party.",in the event that energous develops new product energous will provide dialog with written notice describing the new product before marketing selling or distributing the new product with or to any third party,Rofr/Rofo/Rofn,CUAD_train_contracts,cuad_train
ENERGOUSCORP_03_16_2017-EX-10.24-STRATEGIC ALLIANCE AGREEMENT,"ENERGOUS may not negotiate with any third party the rights to market, sell or distribute any New Product until the earliest to occur of the following (a) DIALOG does not provide ENERGOUS with notice that it desires to add such New Product to this Agreement within the above-described [***] period, (b) ENERGOUS and DIALOG do not reach mutually agreeable terms for adding such New Product to this Agreement during the [***] negotiation period or (c) DIALOG provides ENERGOUS with written notice that it does not wish to negotiate with respect to such New Product.",energous may not negotiate with any third party the rights to market sell or distribute any new product until the earliest to occur of the following a dialog does not provide energous with notice that it desires to add such new product to this agreement within the above described period b energous and dialog do not reach mutually agreeable terms for adding such new product to this agreement during the negotiation period or c dialog provides energous with written notice that it does not wish to negotiate with respect to such new product,Rofr/Rofo/Rofn,CUAD_train_contracts,cuad_train
ENERGOUSCORP_03_16_2017-EX-10.24-STRATEGIC ALLIANCE AGREEMENT,"If DIALOG provides such a notice, for a period of [***] following ENERGOUS' receipt of such notice, ENERGOUS and DIALOG will negotiate in good faith the terms pursuant to which such New Product will be added as a Product to this Agreement.",if dialog provides such a notice for a period of following energous receipt of such notice energous and dialog will negotiate in good faith the terms pursuant to which such new product will be added as a product to this agreement,Rofr/Rofo/Rofn,CUAD_train_contracts,cuad_train
ENERGOUSCORP_03_16_2017-EX-10.24-STRATEGIC ALLIANCE AGREEMENT,"ENERGOUS will have the right to terminate this Agreement immediately upon the issuance of written notice to DIALOG (A) if DIALOG undergoes a Change of Control involving a competitor of ENERGOUS (as reasonably determined by ENERGOUS), or (B) if DIALOG or any of its Affiliates acquires, whether directly or indirectly through a sale of assets or a Change of Control transaction or otherwise, any competitor of ENERGOUS. DIALOG will provide ENERGOUS with notice of any such Change of Control or acquisition within [***] after the closing thereof and ENERGOUS' right to terminate the Agreement will expire [***] after receipt of such notice.",energous will have the right to terminate this agreement immediately upon the issuance of written notice to dialog a if dialog undergoes a change of control involving a competitor of energous as reasonably determined by energous or b if dialog or any of its affiliates acquires whether directly or indirectly through a sale of assets or a change of control transaction or otherwise any competitor of energous dialog will provide energous with notice of any such change of control or acquisition within after the closing thereof and energous right to terminate the agreement will expire after receipt of such notice,Change Of Control,CUAD_train_contracts,cuad_train
ENERGOUSCORP_03_16_2017-EX-10.24-STRATEGIC ALLIANCE AGREEMENT,"Notice of Merger or Acquisition. Until the date that this Agreement terminates or is terminated in accordance with Section 15 hereof, ENERGOUS agrees that, [***].",notice of merger or acquisition until the date that this agreement terminates or is terminated in accordance with section 15 hereof energous agrees that,Change Of Control,CUAD_train_contracts,cuad_train
ENERGOUSCORP_03_16_2017-EX-10.24-STRATEGIC ALLIANCE AGREEMENT,"If DIALOG is acquired by a third party, DIALOG's acquirer will have the right, for a period of [***] following closing of such acquisition, to terminate this Agreement upon written notice to ENERGOUS.",if dialog is acquired by a third party dialog s acquirer will have the right for a period of following closing of such acquisition to terminate this agreement upon written notice to energous,Change Of Control,CUAD_train_contracts,cuad_train
ENERGOUSCORP_03_16_2017-EX-10.24-STRATEGIC ALLIANCE AGREEMENT,"If ENERGOUS is acquired by a third party, ENERGOUS' acquirer will have the right, for a period of [***] following closing of such acquisition, to terminate this Agreement upon written notice to DIALOG.",if energous is acquired by a third party energous acquirer will have the right for a period of following closing of such acquisition to terminate this agreement upon written notice to dialog,Change Of Control,CUAD_train_contracts,cuad_train
ENERGOUSCORP_03_16_2017-EX-10.24-STRATEGIC ALLIANCE AGREEMENT,"This Agreement may not be assigned by either party without the express written consent of the other party, which approval will not be unreasonably withheld or delayed, except that either party may (without consent but with notice to the other party) assign this Agreement in its entirety to any successor in the event of a Change of Control of such party.",this agreement may not be assigned by either party without the express written consent of the other party which approval will not be unreasonably withheld or delayed except that either party may without consent but with notice to the other party assign this agreement in its entirety to any successor in the event of a change of control of such party,Anti-Assignment,CUAD_train_contracts,cuad_train
ENERGOUSCORP_03_16_2017-EX-10.24-STRATEGIC ALLIANCE AGREEMENT,Royalties and Service Fees payable by DIALOG and/or its Affiliates to ENERGOUS hereunder will be calculated on a Product by Product basis as defined herein.,royalties and service fees payable by dialog and or its affiliates to energous hereunder will be calculated on a product by product basis as defined herein,Revenue/Profit Sharing,CUAD_train_contracts,cuad_train
ENERGOUSCORP_03_16_2017-EX-10.24-STRATEGIC ALLIANCE AGREEMENT,"DIALOG may terminate this Agreement, immediately upon issuance of written notice to ENERGOUS in the event that: (A) DIALOG or its Affiliates fail to achieve a design-win pipeline with an annual projected sales value to DIALOG of at least [***] in the [***] after the availability of a Mass Production Qualified Product; or (B) the aggregate annual Net Sales of Products are below [***] by the [***] of the availability of a Mass Production Qualified Product, or below [***] by the [***] of the availability of a Mass Production Qualified Product, or below [***] by each [***] of the availability of a Mass Production Qualified Product during the remainder of the Term.",dialog may terminate this agreement immediately upon issuance of written notice to energous in the event that a dialog or its affiliates fail to achieve a design win pipeline with an annual projected sales value to dialog of at least in the after the availability of a mass production qualified product or b the aggregate annual net sales of products are below by the of the availability of a mass production qualified product or below by the of the availability of a mass production qualified product or below by each of the availability of a mass production qualified product during the remainder of the term,Minimum Commitment,CUAD_train_contracts,cuad_train
ENERGOUSCORP_03_16_2017-EX-10.24-STRATEGIC ALLIANCE AGREEMENT,"Upon the termination of DIALOG's right to manufacture the Licensed Products following any expiration or termination of the Agreement or any Wind Down Period or Continuing Obligation period, as applicable, then all right, title and interest in the Tooling will automatically transfer to ENERGOUS subject to any Third Party IP, and DIALOG will, at ENERGOUS' option, either sell any Tooling in its possession to ENERGOUS at cost or destroy the Tooling and certify in writing as to same.",upon the termination of dialog s right to manufacture the licensed products following any expiration or termination of the agreement or any wind down period or continuing obligation period as applicable then all right title and interest in the tooling will automatically transfer to energous subject to any third party ip and dialog will at energous option either sell any tooling in its possession to energous at cost or destroy the tooling and certify in writing as to same,Ip Ownership Assignment,CUAD_train_contracts,cuad_train
ENERGOUSCORP_03_16_2017-EX-10.24-STRATEGIC ALLIANCE AGREEMENT,"ENERGOUS hereby grants DIALOG a non-exclusive, non-transferable (except as set forth in Section 2) license under the Product IP to use any of the Deposit Materials released from escrow for the purpose of fixing an Epidemic Defect or other Product design or production issue impacting yield or quality during the Term and, if applicable, any Wind Down Period or Continuing Obligation period, including, but not limited to, authorizing any third party subcontractor to manufacture and supply Products, provided, however, that DIALOG continues to make all Royalty payment owed to ENERGOUS (or the then-current owner of the Product IP) as provided in this Agreement.",energous hereby grants dialog a non exclusive non transferable except as set forth in section 2 license under the product ip to use any of the deposit materials released from escrow for the purpose of fixing an epidemic defect or other product design or production issue impacting yield or quality during the term and if applicable any wind down period or continuing obligation period including but not limited to authorizing any third party subcontractor to manufacture and supply products provided however that dialog continues to make all royalty payment owed to energous or the then current owner of the product ip as provided in this agreement,License Grant,CUAD_train_contracts,cuad_train
ENERGOUSCORP_03_16_2017-EX-10.24-STRATEGIC ALLIANCE AGREEMENT,"Until the earlier of (i) termination of ENERGOUS' exclusivity obligations to the Key Customer set forth in Exhibit F (the ""Key Customer"") existing as of the Effective Date with respect to the following applications, or (ii) [***] that incorporates ENERGOUS wireless charging technology, or (iii) [***] and subject to the exceptions set out in Section 2.3, DIALOG will not be permitted to Sell Licensed Products for use in the following applications (the ""Excluded Applications""): (a) [***];",until the earlier of i termination of energous exclusivity obligations to the key customer set forth in exhibit f the key customer existing as of the effective date with respect to the following applications or ii that incorporates energous wireless charging technology or iii and subject to the exceptions set out in section 2 3 dialog will not be permitted to sell licensed products for use in the following applications the excluded applications a,License Grant,CUAD_train_contracts,cuad_train
ENERGOUSCORP_03_16_2017-EX-10.24-STRATEGIC ALLIANCE AGREEMENT,(b) [***]; (c) [***]; (d) [***]; and (e) [***] designed for use with any of the applications in paragraphs (a) to (d) of this Section 2.2.,b c d and e designed for use with any of the applications in paragraphs a to d of this section 2 2,License Grant,CUAD_train_contracts,cuad_train
ENERGOUSCORP_03_16_2017-EX-10.24-STRATEGIC ALLIANCE AGREEMENT,"For the avoidance of doubt, DIALOG will be permitted to Sell Licensed Products for use in any or all of the Excluded Applications (A) at any time on or after [***] or, if earlier, (B) [***] that incorporates ENERGOUS wireless charging technology, or (C) upon the termination of ENERGOUS' exclusivity obligations to the Key Customer existing as of the Effective Date with respect to the above applications.",for the avoidance of doubt dialog will be permitted to sell licensed products for use in any or all of the excluded applications a at any time on or after or if earlier b that incorporates energous wireless charging technology or c upon the termination of energous exclusivity obligations to the key customer existing as of the effective date with respect to the above applications,License Grant,CUAD_train_contracts,cuad_train
ENERGOUSCORP_03_16_2017-EX-10.24-STRATEGIC ALLIANCE AGREEMENT,"Subject to the restrictions set out in Section 2.2, ENERGOUS hereby grants to DIALOG a non-exclusive (subject to Section 2.5), irrevocable, worldwide, sub-licensable (solely in accordance with Section 2.4), royalty-bearing license during the Term under all Product IP to: (a) repackage or have repackaged the Product Die into various package formats or layouts, and to integrate the Product Die into MCMs, which may incorporate DIALOG or third party intellectual property (such repackaged Product Die, MCMs and Products, are individually and/or collectively referred to as the ""Licensed Products""); (b) have the Licensed Products manufactured, tested and packaged by Manufacturing Subcontractors; (c) Sell, offer for Sale, import, export and support the Licensed Products, including without limitation, providing system design, troubleshooting and failure analysis support for DIALOG's customers and their customers; (d) use and modify the Tooling and Documentation for the purposes of paragraphs (a) to (d) of this Section 2.1.",subject to the restrictions set out in section 2 2 energous hereby grants to dialog a non exclusive subject to section 2 5 irrevocable worldwide sub licensable solely in accordance with section 2 4 royalty bearing license during the term under all product ip to a repackage or have repackaged the product die into various package formats or layouts and to integrate the product die into mcms which may incorporate dialog or third party intellectual property such repackaged product die mcms and products are individually and or collectively referred to as the licensed products b have the licensed products manufactured tested and packaged by manufacturing subcontractors c sell offer for sale import export and support the licensed products including without limitation providing system design troubleshooting and failure analysis support for dialog s customers and their customers d use and modify the tooling and documentation for the purposes of paragraphs a to d of this section 2 1,License Grant,CUAD_train_contracts,cuad_train
ENERGOUSCORP_03_16_2017-EX-10.24-STRATEGIC ALLIANCE AGREEMENT,"To the extent the parties engage in any co-branding activities, then, subject to the terms and conditions of this Agreement and during the Term, each party (in such capacity, ""Licensor"") hereby grants to the other party (in such capacity, ""Licensee"") a non-exclusive, non- transferable, worldwide right and license (without the right to sublicense), under Licensor's Intellectual Property Rights in Licensor's Marks, to use those Marks of Licensor set forth in Exhibit D solely in connection with the marketing, sale and distribution of such co-branded Products in accordance with this Agreement.",to the extent the parties engage in any co branding activities then subject to the terms and conditions of this agreement and during the term each party in such capacity licensor hereby grants to the other party in such capacity licensee a non exclusive non transferable worldwide right and license without the right to sublicense under licensor s intellectual property rights in licensor s marks to use those marks of licensor set forth in exhibit d solely in connection with the marketing sale and distribution of such co branded products in accordance with this agreement,License Grant,CUAD_train_contracts,cuad_train
ENERGOUSCORP_03_16_2017-EX-10.24-STRATEGIC ALLIANCE AGREEMENT,"DIALOG may sublicense the foregoing license rights to Manufacturing Subcontractors solely to the extent necessary and appropriate for them to manufacture, assemble, test and provide support for the Products.",dialog may sublicense the foregoing license rights to manufacturing subcontractors solely to the extent necessary and appropriate for them to manufacture assemble test and provide support for the products,Non-Transferable License,CUAD_train_contracts,cuad_train
ENERGOUSCORP_03_16_2017-EX-10.24-STRATEGIC ALLIANCE AGREEMENT,DIALOG may not sublicense the foregoing license rights to any other third party without ENERGOUS' prior written consent.,dialog may not sublicense the foregoing license rights to any other third party without energous prior written consent,Non-Transferable License,CUAD_train_contracts,cuad_train
ENERGOUSCORP_03_16_2017-EX-10.24-STRATEGIC ALLIANCE AGREEMENT,"""Product IP"" means (a) all Intellectual Property Rights in and to the Products, including all Product Updates, (b) any other Inventions and work products created or developed in connection with research and development or manufacturing efforts relating to the Products, including all Intellectual Property Rights therein and (c) all Intellectual Property Rights in and to the Mask Sets and Tooling, in each of the foregoing cases, that are owned or controlled by ENERGOUS, its Affiliates or any successor or assign.",product ip means a all intellectual property rights in and to the products including all product updates b any other inventions and work products created or developed in connection with research and development or manufacturing efforts relating to the products including all intellectual property rights therein and c all intellectual property rights in and to the mask sets and tooling in each of the foregoing cases that are owned or controlled by energous its affiliates or any successor or assign,Affiliate License-Licensor,CUAD_train_contracts,cuad_train
ENERGOUSCORP_03_16_2017-EX-10.24-STRATEGIC ALLIANCE AGREEMENT,DIALOG may sublicense the foregoing license rights to any of its Affiliates.,dialog may sublicense the foregoing license rights to any of its affiliates,Affiliate License-Licensee,CUAD_train_contracts,cuad_train
ENERGOUSCORP_03_16_2017-EX-10.24-STRATEGIC ALLIANCE AGREEMENT,"IALOG's license to possess and use the Deposit Materials does not include any right to disclose, market, sublicense or distribute the Deposit Materials to any third party other than its Affiliates and Manufacturing Subcontractors.",ialog s license to possess and use the deposit materials does not include any right to disclose market sublicense or distribute the deposit materials to any third party other than its affiliates and manufacturing subcontractors,Affiliate License-Licensee,CUAD_train_contracts,cuad_train
ENERGOUSCORP_03_16_2017-EX-10.24-STRATEGIC ALLIANCE AGREEMENT,"Subject to the restrictions set out in Section 2.2, ENERGOUS hereby grants to DIALOG a non-exclusive (subject to Section 2.5), irrevocable, worldwide, sub-licensable (solely in accordance with Section 2.4), royalty-bearing license during the Term under all Product IP to:",subject to the restrictions set out in section 2 2 energous hereby grants to dialog a non exclusive subject to section 2 5 irrevocable worldwide sub licensable solely in accordance with section 2 4 royalty bearing license during the term under all product ip to,Irrevocable Or Perpetual License,CUAD_train_contracts,cuad_train
ENERGOUSCORP_03_16_2017-EX-10.24-STRATEGIC ALLIANCE AGREEMENT,"ENERGOUS will keep the Deposit Materials in escrow and ensure on a quarterly basis that all the information relating to the Deposit Materials in escrow is current, including deposit of any Product Updates.",energous will keep the deposit materials in escrow and ensure on a quarterly basis that all the information relating to the deposit materials in escrow is current including deposit of any product updates,Source Code Escrow,CUAD_train_contracts,cuad_train
ENERGOUSCORP_03_16_2017-EX-10.24-STRATEGIC ALLIANCE AGREEMENT,"DIALOG agrees not to exercise such license until occurrence of a Release Condition, subject to the other restrictions set forth in this Section 16.",dialog agrees not to exercise such license until occurrence of a release condition subject to the other restrictions set forth in this section 16,Source Code Escrow,CUAD_train_contracts,cuad_train
ENERGOUSCORP_03_16_2017-EX-10.24-STRATEGIC ALLIANCE AGREEMENT,"In the event of any Insolvency Event and where the design files need to be accessed by DIALOG to fix an Epidemic Defect or other Product design or production issue impacting yield or quality (""Release Condition""), the Escrow Agent will, in accordance with the terms of the escrow agreement between the parties and the Escrow Agent (the ""Escrow Agreement""), release the Deposit Materials to DIALOG.",in the event of any insolvency event and where the design files need to be accessed by dialog to fix an epidemic defect or other product design or production issue impacting yield or quality release condition the escrow agent will in accordance with the terms of the escrow agreement between the parties and the escrow agent the escrow agreement release the deposit materials to dialog,Source Code Escrow,CUAD_train_contracts,cuad_train
ENERGOUSCORP_03_16_2017-EX-10.24-STRATEGIC ALLIANCE AGREEMENT,"ENERGOUS will at its expense, at DIALOG's written request during the Term and any Wind Down Period, enter into a three- party escrow deposit arrangement, in accordance with this Section 16, with a recognized escrow agent (the ""Escrow Agent"") of mutual agreement.",energous will at its expense at dialog s written request during the term and any wind down period enter into a three party escrow deposit arrangement in accordance with this section 16 with a recognized escrow agent the escrow agent of mutual agreement,Source Code Escrow,CUAD_train_contracts,cuad_train
ENERGOUSCORP_03_16_2017-EX-10.24-STRATEGIC ALLIANCE AGREEMENT,"If, at the time of notice of any termination of this Agreement, DIALOG or any of its Affiliates has a written supply contract with a customer that extends beyond the end of the Wind Down Period (a ""Continuing Obligation""), DIALOG and/or its Affiliates may continue to Sell Licensed Products to such customer through the term of the Wind Down Period and for the remainder of the term of such Continuing Obligation, provided that in no event may DIALOG or its Affiliates Sell Licensed Products to such customer pursuant to this Section 15.4(b) for a period longer than [***] after the effective date of termination of this Agreement.",if at the time of notice of any termination of this agreement dialog or any of its affiliates has a written supply contract with a customer that extends beyond the end of the wind down period a continuing obligation dialog and or its affiliates may continue to sell licensed products to such customer through the term of the wind down period and for the remainder of the term of such continuing obligation provided that in no event may dialog or its affiliates sell licensed products to such customer pursuant to this section 15 4 b for a period longer than after the effective date of termination of this agreement,Post-Termination Services,CUAD_train_contracts,cuad_train
ENERGOUSCORP_03_16_2017-EX-10.24-STRATEGIC ALLIANCE AGREEMENT,"In such event, the provisions of this Agreement that survive during the Wind Down Period will continue to survive for the remainder of the period of time that DIALOG is authorized to Sell Licensed Products to any customer in accordance with the foregoing sentence.",in such event the provisions of this agreement that survive during the wind down period will continue to survive for the remainder of the period of time that dialog is authorized to sell licensed products to any customer in accordance with the foregoing sentence,Post-Termination Services,CUAD_train_contracts,cuad_train
ENERGOUSCORP_03_16_2017-EX-10.24-STRATEGIC ALLIANCE AGREEMENT,"Notwithstanding any statement in Section 15.3 to the contrary, upon any termination or expiration of this Agreement and until the later to occur of (i) [***] from the Effective Date or (ii) [***] following the effective date of termination or expiration of this Agreement (the ""Wind Down Period""), the parties' respective rights and obligations under Sections 2 (License), 3 (Sourcing), 7 (Product Sales), 9 (Royalties and Service Fees), 11 (Representations and Warranties; Disclaimers), 12 (Indemnification), 13 (Limitation of Liability), 14 (Compliance with Laws), 15.2 (Termination), 16 (Escrow) and all Exhibits hereto which are associated with any of the foregoing listed sections will remain in full force and effect as to (A) any Products or repackaged Product Die with respect to which DIALOG or any of its Affiliates has secured a design win at a customer prior to or within one (1) month after the start of the Wind Down Period, or (B) the sale of any MCMs which have been released for production at a foundry, provided, however, that DIALOG's license rights under Section 2.1 (including any sublicenses granted by DIALOG pursuant to Section 2.4) will be non-exclusive during the Wind Down Period.",notwithstanding any statement in section 15 3 to the contrary upon any termination or expiration of this agreement and until the later to occur of i from the effective date or ii following the effective date of termination or expiration of this agreement the wind down period the parties respective rights and obligations under sections 2 license 3 sourcing 7 product sales 9 royalties and service fees 11 representations and warranties disclaimers 12 indemnification 13 limitation of liability 14 compliance with laws 15 2 termination 16 escrow and all exhibits hereto which are associated with any of the foregoing listed sections will remain in full force and effect as to a any products or repackaged product die with respect to which dialog or any of its affiliates has secured a design win at a customer prior to or within one 1 month after the start of the wind down period or b the sale of any mcms which have been released for production at a foundry provided however that dialog s license rights under section 2 1 including any sublicenses granted by dialog pursuant to section 2 4 will be non exclusive during the wind down period,Post-Termination Services,CUAD_train_contracts,cuad_train
ENERGOUSCORP_03_16_2017-EX-10.24-STRATEGIC ALLIANCE AGREEMENT,"During the Record Retention Period, ENERGOUS may appoint a mutually agreed independent, internationally recognized third-party certified auditor who will have the right to inspect and copy the Records upon reasonable prior notice, and DIALOG will (and will cause its Affiliates to) allow necessary access including, as applicable, to its premises where such Records are located. ENERGOUS may exercise such right to this independent-third party audit no more than one time per calendar year and each such audit will be conducted during normal business hours.",during the record retention period energous may appoint a mutually agreed independent internationally recognized third party certified auditor who will have the right to inspect and copy the records upon reasonable prior notice and dialog will and will cause its affiliates to allow necessary access including as applicable to its premises where such records are located energous may exercise such right to this independent third party audit no more than one time per calendar year and each such audit will be conducted during normal business hours,Audit Rights,CUAD_train_contracts,cuad_train
ENERGOUSCORP_03_16_2017-EX-10.24-STRATEGIC ALLIANCE AGREEMENT,Such audit may also not interfere with DIALOG's or its Affliates' quarterly closing of its books.,such audit may also not interfere with dialog s or its affliates quarterly closing of its books,Audit Rights,CUAD_train_contracts,cuad_train
ENERGOUSCORP_03_16_2017-EX-10.24-STRATEGIC ALLIANCE AGREEMENT,"EXCEPT IN THE CASE OF (a) ANY BREACH OF SECTION 10 (CONFIDENTIALITY), (b) THE PARTIES' OBLIGATIONS UNDER SECTION 12 (INDEMNIFICATION), (c) A PARTY'S GROSS NEGLIGENCE OR WILLFUL MISCONDUCT, OR (d) LIABILITY ARISING FROM EPIDEMIC DEFECTS (WHICH WILL BE SUBJECT TO THE LIMITATION SET FORTH IN SECTION 11.2(d)), IN NO EVENT WILL EITHER PARTY BE LIABLE UNDER THIS AGREEMENT, REGARDLESS OF THE FORM OF ANY CLAIM OR ACTION (WHETHER IN CONTRACT, NEGLIGENCE, STRICT LIABILITY OR OTHERWISE), FOR ANY (i) INDIRECT, PUNITIVE, INCIDENTAL, RELIANCE, SPECIAL, EXEMPLARY OR CONSEQUENTIAL DAMAGES, INCLUDING, BUT NOT LIMITED TO, LOSS OF BUSINESS, REVENUES, PROFITS OR GOODWILL, OR (ii) AGGREGATE DAMAGES IN EXCESS OF [***].",except in the case of a any breach of section 10 confidentiality b the parties obligations under section 12 indemnification c a party s gross negligence or willful misconduct or d liability arising from epidemic defects which will be subject to the limitation set forth in section 11 2 d in no event will either party be liable under this agreement regardless of the form of any claim or action whether in contract negligence strict liability or otherwise for any i indirect punitive incidental reliance special exemplary or consequential damages including but not limited to loss of business revenues profits or goodwill or ii aggregate damages in excess of,Uncapped Liability,CUAD_train_contracts,cuad_train
ENERGOUSCORP_03_16_2017-EX-10.24-STRATEGIC ALLIANCE AGREEMENT,"IN ADDITION, ENERGOUS' LIABILITY WITH RESPECT TO ITS OBLIGATIONS UNDER SECTION 12.1(b) SHALL IN NO EVENT EXCEED [***].",in addition energous liability with respect to its obligations under section 12 1 b shall in no event exceed,Cap On Liability,CUAD_train_contracts,cuad_train
ENERGOUSCORP_03_16_2017-EX-10.24-STRATEGIC ALLIANCE AGREEMENT,"In the event any warranty claim is due to or arises from an Epidemic Defect, ENERGOUS will be responsible for all costs and expenses directly incurred by DIALOG or its Affiliates or their respective customers as a result of reasonable inspection, servicing, repairs, replacements, recall notices, recalls and responses with respect thereto, provided that ENERGOUS' aggregate liability to DIALOG and its Affiliates and their respective customers under this paragraph (d) will not exceed [***] per occurrence of an Epidemic Defect.",in the event any warranty claim is due to or arises from an epidemic defect energous will be responsible for all costs and expenses directly incurred by dialog or its affiliates or their respective customers as a result of reasonable inspection servicing repairs replacements recall notices recalls and responses with respect thereto provided that energous aggregate liability to dialog and its affiliates and their respective customers under this paragraph d will not exceed per occurrence of an epidemic defect,Cap On Liability,CUAD_train_contracts,cuad_train
ENERGOUSCORP_03_16_2017-EX-10.24-STRATEGIC ALLIANCE AGREEMENT,The above warranties are valid for a period of [***] from the date of shipment of any Licensed Product to any customer.,the above warranties are valid for a period of from the date of shipment of any licensed product to any customer,Warranty Duration,CUAD_train_contracts,cuad_train
ENERGOUSCORP_03_16_2017-EX-10.24-STRATEGIC ALLIANCE AGREEMENT,"Each party will maintain, during the Term and for three (3) years thereafter, such comprehensive general liability insurance (including without limitation, products liability) as will adequately protect it against its potential liabilities under this Agreement, in amounts customary in the semiconductor industry for similar services and products.",each party will maintain during the term and for three 3 years thereafter such comprehensive general liability insurance including without limitation products liability as will adequately protect it against its potential liabilities under this agreement in amounts customary in the semiconductor industry for similar services and products,Insurance,CUAD_train_contracts,cuad_train
ENERGOUSCORP_03_16_2017-EX-10.24-STRATEGIC ALLIANCE AGREEMENT,"Each party will, at the other party's request, provide to the other party a certificate of insurance evidencing the foregoing insurance coverage.",each party will at the other party s request provide to the other party a certificate of insurance evidencing the foregoing insurance coverage,Insurance,CUAD_train_contracts,cuad_train
CytodynInc_20200109_10-Q_EX-10.5_11941634_EX-10.5_License Agreement,COMMERCIALIZATION AND LICENSE AGREEMENT,commercialization and license agreement,Document Name,CUAD_train_contracts,cuad_train
CytodynInc_20200109_10-Q_EX-10.5_11941634_EX-10.5_License Agreement,"Vyera Pharmaceuticals, LLC",vyera pharmaceuticals llc,Parties,CUAD_train_contracts,cuad_train
CytodynInc_20200109_10-Q_EX-10.5_11941634_EX-10.5_License Agreement,"CytoDyn and Vyera are sometimes referred to herein individually as a ""Party"" and collectively as the ""Parties.""",cytodyn and vyera are sometimes referred to herein individually as a party and collectively as the parties,Parties,CUAD_train_contracts,cuad_train
CytodynInc_20200109_10-Q_EX-10.5_11941634_EX-10.5_License Agreement,"The term of this Agreement (""Term"") shall commence upon the Effective Date and, unless earlier terminated pursuant to this Article 11, shall expire on the last day of the Royalty Term.",the term of this agreement term shall commence upon the effective date and unless earlier terminated pursuant to this article 11 shall expire on the last day of the royalty term,Expiration Date,CUAD_train_contracts,cuad_train
CytodynInc_20200109_10-Q_EX-10.5_11941634_EX-10.5_License Agreement,"This Agreement and all disputes arising out of or related to this Agreement or any breach hereof shall be governed by and construed in accordance with the laws of the State of New York, without giving effect to any choice of law principles that would result in the application of the laws of any other jurisdiction.",this agreement and all disputes arising out of or related to this agreement or any breach hereof shall be governed by and construed in accordance with the laws of the state of new york without giving effect to any choice of law principles that would result in the application of the laws of any other jurisdiction,Governing Law,CUAD_train_contracts,cuad_train
CytodynInc_20200109_10-Q_EX-10.5_11941634_EX-10.5_License Agreement,(c) Vyera breaches its obligations or covenants under Section 2.6 (Competitive Products);,c vyera breaches its obligations or covenants under section 2 6 competitive products,Non-Compete,CUAD_train_contracts,cuad_train
CytodynInc_20200109_10-Q_EX-10.5_11941634_EX-10.5_License Agreement,CytoDyn shall have the right to terminate this Agreement in its entirety upon written notice to Vyera on the occurrence of any of the following:,cytodyn shall have the right to terminate this agreement in its entirety upon written notice to vyera on the occurrence of any of the following,Non-Compete,CUAD_train_contracts,cuad_train
CytodynInc_20200109_10-Q_EX-10.5_11941634_EX-10.5_License Agreement,"Except as expressly required under this Agreement, Vyera hereby covenants not to Develop, Manufacture, Commercialize or otherwise exploit a Competitive Product in the Territory during the Royalty Term, including by means of an Affiliate.",except as expressly required under this agreement vyera hereby covenants not to develop manufacture commercialize or otherwise exploit a competitive product in the territory during the royalty term including by means of an affiliate,Non-Compete,CUAD_train_contracts,cuad_train
CytodynInc_20200109_10-Q_EX-10.5_11941634_EX-10.5_License Agreement,Vyera shall purchase all of its requirements for supply of Licensed Product exclusively from CytoDyn in accordance with the terms and conditions of the Supply Agreement.,vyera shall purchase all of its requirements for supply of licensed product exclusively from cytodyn in accordance with the terms and conditions of the supply agreement,Exclusivity,CUAD_train_contracts,cuad_train
CytodynInc_20200109_10-Q_EX-10.5_11941634_EX-10.5_License Agreement,"CytoDyn hereby grants to Vyera, and Vyera hereby accepts, an exclusive royalty-bearing license (or sublicense, as the case may be), under the CytoDyn Patents, the CytoDyn Know-How and the Inventions (if any) solely to Commercialize, use, have used, offer for sale and sell Licensed Products in the Field in the Territory.",cytodyn hereby grants to vyera and vyera hereby accepts an exclusive royalty bearing license or sublicense as the case may be under the cytodyn patents the cytodyn know how and the inventions if any solely to commercialize use have used offer for sale and sell licensed products in the field in the territory,Exclusivity,CUAD_train_contracts,cuad_train
CytodynInc_20200109_10-Q_EX-10.5_11941634_EX-10.5_License Agreement,"Without limiting the foregoing, Vyera shall have the exclusive right and responsibility throughout the Territory for the following: (a) receiving and accepting orders for the Licensed Product from customers; (b) distributing the Licensed Product to customers; (c) controlling invoicing and collection of accounts receivable for Licensed Product sales; (d) recording Licensed Product sales in its books of account for sales (in accordance with Vyera's accounting standards consistently applied (currently GAAP)); (e) subject to Section 5.5, determining pricing for the Licensed Product and all aspects of the promotion (including promotional materials) to be used in Commercializing Licensed Products; (f) negotiating with Third Parties, including without limitation, payors, pharmacy benefit managers and distributors, with respect to sales and distribution of Licensed Product; and (g) paying all rebates, chargebacks and other amounts due to customers in respect of Licensed Products (it being understood that all such amounts shall be deducted in calculating Net Sales).",without limiting the foregoing vyera shall have the exclusive right and responsibility throughout the territory for the following a receiving and accepting orders for the licensed product from customers b distributing the licensed product to customers c controlling invoicing and collection of accounts receivable for licensed product sales d recording licensed product sales in its books of account for sales in accordance with vyera s accounting standards consistently applied currently gaap e subject to section 5 5 determining pricing for the licensed product and all aspects of the promotion including promotional materials to be used in commercializing licensed products f negotiating with third parties including without limitation payors pharmacy benefit managers and distributors with respect to sales and distribution of licensed product and g paying all rebates chargebacks and other amounts due to customers in respect of licensed products it being understood that all such amounts shall be deducted in calculating net sales,Exclusivity,CUAD_train_contracts,cuad_train
CytodynInc_20200109_10-Q_EX-10.5_11941634_EX-10.5_License Agreement,"In the event that such assignment would be unlawful, Vyera shall, and hereby does, grant to CytoDyn an exclusive, irrevocable, worldwide, sublicensable (including through multiple tiers), transferrable (without consent) royalty free license to any and all right, title and/or interest that it may have in or to an Invention.",in the event that such assignment would be unlawful vyera shall and hereby does grant to cytodyn an exclusive irrevocable worldwide sublicensable including through multiple tiers transferrable without consent royalty free license to any and all right title and or interest that it may have in or to an invention,Exclusivity,CUAD_train_contracts,cuad_train
CytodynInc_20200109_10-Q_EX-10.5_11941634_EX-10.5_License Agreement,"(c) at any time following the second (2nd) anniversary of the First Commercial Sale of the Licensed Product, for any reason or no reason, upon one hundred eighty (180) days' written notice to CytoDyn.",c at any time following the second 2nd anniversary of the first commercial sale of the licensed product for any reason or no reason upon one hundred eighty 180 days written notice to cytodyn,Termination For Convenience,CUAD_train_contracts,cuad_train
CytodynInc_20200109_10-Q_EX-10.5_11941634_EX-10.5_License Agreement,Vyera shall have the right to terminate this Agreement in its entirety:,vyera shall have the right to terminate this agreement in its entirety,Termination For Convenience,CUAD_train_contracts,cuad_train
CytodynInc_20200109_10-Q_EX-10.5_11941634_EX-10.5_License Agreement,"For clarity, nothing in this Agreement shall prohibit Vyera from undergoing any Change of Control, but if Vyera undergoes a Change of Control, it will be subject to Section 2.6.",for clarity nothing in this agreement shall prohibit vyera from undergoing any change of control but if vyera undergoes a change of control it will be subject to section 2 6,Change Of Control,CUAD_train_contracts,cuad_train
CytodynInc_20200109_10-Q_EX-10.5_11941634_EX-10.5_License Agreement,"In the event that Vyera experiences a Change of Control with a Third Party that is actively engaged in the Development, Manufacture or Commercialization of a Competitive Product, then, Vyera shall either: (a) within ninety (90) days after the closing of such Change of Control, enter into a binding written agreement to sell, transfer, assign or divest all of Vyera's and/or its Affiliate's rights in and to such Competitive Product to a non-Affiliate Third Party and consummate such sale, transfer, assignment or divestiture of said rights not later than ninety (90) days following the date of the binding Agreement; or (b) within six (6) months after the closing of such Change of Control, terminate any and all Development, Manufacturing, Commercialization and/or other exploitation of such Competitive Product; or (c) terminate this Agreement in accordance with Section 11.2(c).",in the event that vyera experiences a change of control with a third party that is actively engaged in the development manufacture or commercialization of a competitive product then vyera shall either a within ninety 90 days after the closing of such change of control enter into a binding written agreement to sell transfer assign or divest all of vyera s and or its affiliate s rights in and to such competitive product to a non affiliate third party and consummate such sale transfer assignment or divestiture of said rights not later than ninety 90 days following the date of the binding agreement or b within six 6 months after the closing of such change of control terminate any and all development manufacturing commercialization and or other exploitation of such competitive product or c terminate this agreement in accordance with section 11 2 c,Change Of Control,CUAD_train_contracts,cuad_train
CytodynInc_20200109_10-Q_EX-10.5_11941634_EX-10.5_License Agreement,A Change of Control shall be deemed an assignment for purposes of this Agreement.,a change of control shall be deemed an assignment for purposes of this agreement,Change Of Control,CUAD_train_contracts,cuad_train
CytodynInc_20200109_10-Q_EX-10.5_11941634_EX-10.5_License Agreement,"CytoDyn may assign this Agreement and its rights and obligations hereunder, in whole but not in part, to any Third Party not in a materially worse (financially and otherwise) of performing CytoDyn's obligations hereunder without the prior written consent of Vyera (it being understood that any other assignment of this Agreement or any rights or obligations hereunder shall require the prior written consent of Vyera, not to be unreasonably withheld or delayed).",cytodyn may assign this agreement and its rights and obligations hereunder in whole but not in part to any third party not in a materially worse financially and otherwise of performing cytodyn s obligations hereunder without the prior written consent of vyera it being understood that any other assignment of this agreement or any rights or obligations hereunder shall require the prior written consent of vyera not to be unreasonably withheld or delayed,Anti-Assignment,CUAD_train_contracts,cuad_train
CytodynInc_20200109_10-Q_EX-10.5_11941634_EX-10.5_License Agreement,"Vyera may not assign this Agreement, or any rights or obligations hereunder without the prior written consent of CytoDyn, not to be unreasonably withheld or delayed provided that Vyera may assign this Agreement without CytoDyn's consent to an Affiliate or to a successor to substantially all of the business of Vyera to which this Agreement relates.",vyera may not assign this agreement or any rights or obligations hereunder without the prior written consent of cytodyn not to be unreasonably withheld or delayed provided that vyera may assign this agreement without cytodyn s consent to an affiliate or to a successor to substantially all of the business of vyera to which this agreement relates,Anti-Assignment,CUAD_train_contracts,cuad_train
CytodynInc_20200109_10-Q_EX-10.5_11941634_EX-10.5_License Agreement,"Any assignment or attempted assignment by Vyera in violation of the terms of this Section 14.6 shall be null, void and of no legal effect.",any assignment or attempted assignment by vyera in violation of the terms of this section 14 6 shall be null void and of no legal effect,Anti-Assignment,CUAD_train_contracts,cuad_train
CytodynInc_20200109_10-Q_EX-10.5_11941634_EX-10.5_License Agreement,"Vyera shall pay to CytoDyn royalties equal to fifty percent (50%) of Net Sales of Licensed Products in the Territory during the Royalty Term; provided that, after the Step-Down Date, the royalty percentage will be reduced to [***] of Net Sales of Licensed Products in the Territory throughout the remaining period in the Royalty Term.",vyera shall pay to cytodyn royalties equal to fifty percent 50 of net sales of licensed products in the territory during the royalty term provided that after the step down date the royalty percentage will be reduced to of net sales of licensed products in the territory throughout the remaining period in the royalty term,Revenue/Profit Sharing,CUAD_train_contracts,cuad_train
CytodynInc_20200109_10-Q_EX-10.5_11941634_EX-10.5_License Agreement,"(d) Upon [***] written notice, in the event Vyera fails to meet any of the Minimum Requirements and has not cured such failure, to the extent curable, within such notice period;",d upon written notice in the event vyera fails to meet any of the minimum requirements and has not cured such failure to the extent curable within such notice period,Minimum Commitment,CUAD_train_contracts,cuad_train
CytodynInc_20200109_10-Q_EX-10.5_11941634_EX-10.5_License Agreement,Vyera shall conduct the Commercialization activities in accordance with the Commercialization Plan and in performing such activities will ensure that it meets or exceeds the Minimum Requirements.,vyera shall conduct the commercialization activities in accordance with the commercialization plan and in performing such activities will ensure that it meets or exceeds the minimum requirements,Minimum Commitment,CUAD_train_contracts,cuad_train
CytodynInc_20200109_10-Q_EX-10.5_11941634_EX-10.5_License Agreement,"Vyera will, upon reasonable request of CytoDyn, and at CytoDyn's expense, execute or cause to be executed, any assignments, filings, applications or other documents that CytoDyn may require to evidence its rights in the Inventions.",vyera will upon reasonable request of cytodyn and at cytodyn s expense execute or cause to be executed any assignments filings applications or other documents that cytodyn may require to evidence its rights in the inventions,Ip Ownership Assignment,CUAD_train_contracts,cuad_train
CytodynInc_20200109_10-Q_EX-10.5_11941634_EX-10.5_License Agreement,"If Vyera acquires any rights in the Trademarks, by operation of Applicable Law, or otherwise, such rights shall be deemed and are hereby irrevocably assigned to CytoDyn without further action by either Party.",if vyera acquires any rights in the trademarks by operation of applicable law or otherwise such rights shall be deemed and are hereby irrevocably assigned to cytodyn without further action by either party,Ip Ownership Assignment,CUAD_train_contracts,cuad_train
CytodynInc_20200109_10-Q_EX-10.5_11941634_EX-10.5_License Agreement,"CytoDyn will be the sole owner of all trade dress, logos, slogans, designs and copyrights specifically created by or on behalf of Vyera or used by Vyera on or in connection with the Licensed Products in the Territory.",cytodyn will be the sole owner of all trade dress logos slogans designs and copyrights specifically created by or on behalf of vyera or used by vyera on or in connection with the licensed products in the territory,Ip Ownership Assignment,CUAD_train_contracts,cuad_train
CytodynInc_20200109_10-Q_EX-10.5_11941634_EX-10.5_License Agreement,"To the fullest extent permitted by law, Vyera shall, and hereby does, assign all of its right title and interest in and to any and all Inventions to CytoDyn",to the fullest extent permitted by law vyera shall and hereby does assign all of its right title and interest in and to any and all inventions to cytodyn,Ip Ownership Assignment,CUAD_train_contracts,cuad_train
CytodynInc_20200109_10-Q_EX-10.5_11941634_EX-10.5_License Agreement,"Vyera shall have the exclusive right to implement, and subject to Section 5.5, final decision-making authority with respect to, Commercialization of all Licensed Products in the Field and the Territory.",vyera shall have the exclusive right to implement and subject to section 5 5 final decision making authority with respect to commercialization of all licensed products in the field and the territory,License Grant,CUAD_train_contracts,cuad_train
CytodynInc_20200109_10-Q_EX-10.5_11941634_EX-10.5_License Agreement,Vyera shall not Commercialize nor shall it authorize the Commercialization of any Licensed Product outside of the Field or outside of the Territory.,vyera shall not commercialize nor shall it authorize the commercialization of any licensed product outside of the field or outside of the territory,License Grant,CUAD_train_contracts,cuad_train
CytodynInc_20200109_10-Q_EX-10.5_11941634_EX-10.5_License Agreement,"The licenses granted to Vyera under this Agreement shall not be transferrable and/or sublicensable without CytoDyn's written consent, which it may grant, condition or withhold in its sole discretion.",the licenses granted to vyera under this agreement shall not be transferrable and or sublicensable without cytodyn s written consent which it may grant condition or withhold in its sole discretion,Non-Transferable License,CUAD_train_contracts,cuad_train
CytodynInc_20200109_10-Q_EX-10.5_11941634_EX-10.5_License Agreement,"Following the expiration of the Royalty Term with respect to the Licensed Product, the licenses granted under Section 2.1 with respect to such Licensed Product in the Field and the Territory shall be non-exclusive, perpetual, irrevocable, fully-paid and royalty-free.",following the expiration of the royalty term with respect to the licensed product the licenses granted under section 2 1 with respect to such licensed product in the field and the territory shall be non exclusive perpetual irrevocable fully paid and royalty free,Irrevocable Or Perpetual License,CUAD_train_contracts,cuad_train
CytodynInc_20200109_10-Q_EX-10.5_11941634_EX-10.5_License Agreement,"Upon the expiration of the Royalty Term, the license granted to Vyera under Section 2.1 of this Agreement shall become non-exclusive, fully-paid, royalty free, perpetual and irrevocable.",upon the expiration of the royalty term the license granted to vyera under section 2 1 of this agreement shall become non exclusive fully paid royalty free perpetual and irrevocable,Irrevocable Or Perpetual License,CUAD_train_contracts,cuad_train
CytodynInc_20200109_10-Q_EX-10.5_11941634_EX-10.5_License Agreement,"In the event of a termination by Vyera under Section 11.2, the following terms shall apply: (i) at CytoDyn's request, the Parties will negotiate in good faith a transition services agreement (the ""Transition Services Agreement""), under which Vyera will provide certain Commercialization services to CytoDyn in connection with CytoDyn efforts to Commercialize the Licensed Product in the Field in the Territory; (ii) the services to be provided by Vyera pursuant to the Transition Services Agreement (the ""Transition Services"") will be negotiated in good faith taking into account (A) the activities undertaken by Vyera in connection with the Commercialization of Licensed Product during the Term and (B) Vyera's then-existing resources and capabilities (it being understood and agreed that Vyera shall not (x) be required to hire any new employees or enter into any new agreements with Third Parties in order to provide the Transition Services or (y) terminate any employee or agreement the primary purpose of which is to circumvent its obligations to provide the Transition Services); (iii) the Transition Services Agreement will require Vyera to provide Transition Services for a period of up to six (6) months from the effective date of termination; provided that CytoDyn will have the ability to terminate Transition Services on a service-by-service basis as they are transitioned; and (iv) Transition Services will be reimbursed at Vyera's actual cost plus ten percent (10%) by CytoDyn. (v) At CytoDyn's reasonable request and subject to the terms of the applicable agreement, Vyera will use its reasonable best efforts to assign to CytoDyn any Third Party agreements that relate to the Transition Services matters solely for Licensed Product in the Territory in the Field.",in the event of a termination by vyera under section 11 2 the following terms shall apply i at cytodyn s request the parties will negotiate in good faith a transition services agreement the transition services agreement under which vyera will provide certain commercialization services to cytodyn in connection with cytodyn efforts to commercialize the licensed product in the field in the territory ii the services to be provided by vyera pursuant to the transition services agreement the transition services will be negotiated in good faith taking into account a the activities undertaken by vyera in connection with the commercialization of licensed product during the term and b vyera s then existing resources and capabilities it being understood and agreed that vyera shall not x be required to hire any new employees or enter into any new agreements with third parties in order to provide the transition services or y terminate any employee or agreement the primary purpose of which is to circumvent its obligations to provide the transition services iii the transition services agreement will require vyera to provide transition services for a period of up to six 6 months from the effective date of termination provided that cytodyn will have the ability to terminate transition services on a service by service basis as they are transitioned and iv transition services will be reimbursed at vyera s actual cost plus ten percent 10 by cytodyn v at cytodyn s reasonable request and subject to the terms of the applicable agreement vyera will use its reasonable best efforts to assign to cytodyn any third party agreements that relate to the transition services matters solely for licensed product in the territory in the field,Post-Termination Services,CUAD_train_contracts,cuad_train
CytodynInc_20200109_10-Q_EX-10.5_11941634_EX-10.5_License Agreement,"Upon reasonable prior notice, but not more than once per Calendar Year, such records of Vyera and its Affiliates shall be available during Vyera's and its Affiliates regular business hours for a period of three (3) years from the end of the Calendar Year to which they pertain for examination at the expense of CytoDyn by an independent certified public accountant selected by CytoDyn and reasonably acceptable to Vyera, for the sole purpose of verifying the accuracy of the financial reports and correctness of the payments furnished by Vyera pursuant to this Agreement.",upon reasonable prior notice but not more than once per calendar year such records of vyera and its affiliates shall be available during vyera s and its affiliates regular business hours for a period of three 3 years from the end of the calendar year to which they pertain for examination at the expense of cytodyn by an independent certified public accountant selected by cytodyn and reasonably acceptable to vyera for the sole purpose of verifying the accuracy of the financial reports and correctness of the payments furnished by vyera pursuant to this agreement,Audit Rights,CUAD_train_contracts,cuad_train
CytodynInc_20200109_10-Q_EX-10.5_11941634_EX-10.5_License Agreement,"To the extent permitted under Applicable Law and, if applicable, its relevant Third Party agreements, (a) CytoDyn shall provide Vyera with reasonable advance notice of any scheduled regulatory inspection of CytoDyn or Third Party Manufacturing facilities used for supply of the Licensed Product as contemplated by Article 6, and (b) Vyera shall be allowed to participate in any pre-approval readiness activities and audits for CytoDyn or its Third Party Manufacturing facilities.",to the extent permitted under applicable law and if applicable its relevant third party agreements a cytodyn shall provide vyera with reasonable advance notice of any scheduled regulatory inspection of cytodyn or third party manufacturing facilities used for supply of the licensed product as contemplated by article 6 and b vyera shall be allowed to participate in any pre approval readiness activities and audits for cytodyn or its third party manufacturing facilities,Audit Rights,CUAD_train_contracts,cuad_train
CytodynInc_20200109_10-Q_EX-10.5_11941634_EX-10.5_License Agreement,"EXCEPT FOR A PARTY'S OBLIGATIONS SET FORTH IN THIS ARTICLE 13, AND ANY BREACH OF ARTICLE 10 (CONFIDENTIALITY), IN NO EVENT WILL EITHER PARTY BE LIABLE TO THE OTHER PARTY (OR THE OTHER PARTY'S AFFILIATES OR SUBLICENSEES) IN CONNECTION WITH THIS AGREEMENT FOR LOST REVENUE, LOST PROFITS, LOST ROYALTIES, LOST SAVINGS, LOSS OF USE, DAMAGE TO GOODWILL, OR ANY CONSEQUENTIAL, INCIDENTAL, SPECIAL, EXEMPLARY, PUNITIVE OR INDIRECT DAMAGES IN CONNECTION WITH THIS AGREEMENT, HOWEVER CAUSED, UNDER ANY THEORY OF LIABILITY, INCLUDING CONTRACT, NEGLIGENCE, OR STRICT LIABILITY, EVEN IF THAT PARTY HAS BEEN PLACED ON NOTICE OF THE POSSIBILITY OF SUCH DAMAGES.",except for a party s obligations set forth in this article 13 and any breach of article 10 confidentiality in no event will either party be liable to the other party or the other party s affiliates or sublicensees in connection with this agreement for lost revenue lost profits lost royalties lost savings loss of use damage to goodwill or any consequential incidental special exemplary punitive or indirect damages in connection with this agreement however caused under any theory of liability including contract negligence or strict liability even if that party has been placed on notice of the possibility of such damages,Uncapped Liability,CUAD_train_contracts,cuad_train
CytodynInc_20200109_10-Q_EX-10.5_11941634_EX-10.5_License Agreement,"FOR CLARITY AND NOTWITHSTANDING THE PROVISIONS OF THE FIRST SENTENCE OF THIS SECTION 13.5, ROYALTIES AND MILESTONES PAYABLE TO CYTODYN IN CONNECTION WITH VYERA'S COMMERCIALIZATION OF LICENSED PRODUCTS IN ACCORDANCE WITH THE TERMS OF THIS AGREEMENT COULD CONSTITUTE DIRECT DAMAGES TO THE EXTENT AWARDED IN ACCORDANCE WITH ARTICLE 12.",for clarity and notwithstanding the provisions of the first sentence of this section 13 5 royalties and milestones payable to cytodyn in connection with vyera s commercialization of licensed products in accordance with the terms of this agreement could constitute direct damages to the extent awarded in accordance with article 12,Cap On Liability,CUAD_train_contracts,cuad_train
CytodynInc_20200109_10-Q_EX-10.5_11941634_EX-10.5_License Agreement,Each Party shall provide a certificate of insurance (or evidence of self-insurance) evidencing such coverage to the other Party upon reques,each party shall provide a certificate of insurance or evidence of self insurance evidencing such coverage to the other party upon reques,Insurance,CUAD_train_contracts,cuad_train
CytodynInc_20200109_10-Q_EX-10.5_11941634_EX-10.5_License Agreement,"Each Party shall provide the other Party with prompt written notice of any cancellation, non-renewal or material change in such insurance that could materially adversely affect the rights of the other Party hereunder, and shall provide such notice within thirty (30) days after any such cancellation, non-renewal or material change.",each party shall provide the other party with prompt written notice of any cancellation non renewal or material change in such insurance that could materially adversely affect the rights of the other party hereunder and shall provide such notice within thirty 30 days after any such cancellation non renewal or material change,Insurance,CUAD_train_contracts,cuad_train
CytodynInc_20200109_10-Q_EX-10.5_11941634_EX-10.5_License Agreement,"Each Party, at its own expense, shall maintain comprehensive general liability, product liability and other appropriate insurance for the activities such Party undertakes pursuant to this Agreement, from reputable and financially secure insurance carriers in a form and at levels consistent with sound business practice and adequate in light of its obligations under this Agreement.",each party at its own expense shall maintain comprehensive general liability product liability and other appropriate insurance for the activities such party undertakes pursuant to this agreement from reputable and financially secure insurance carriers in a form and at levels consistent with sound business practice and adequate in light of its obligations under this agreement,Insurance,CUAD_train_contracts,cuad_train
CytodynInc_20200109_10-Q_EX-10.5_11941634_EX-10.5_License Agreement,"CytoDyn shall have the right to terminate this Agreement in its entirety upon written notice to Vyera on the occurrence of any of the following: (a) Vyera or any of its Affiliates directly or indirectly, challenges, disputes, or assists any Third Party to dispute or challenge, in a legal or administrative proceeding the patentability, enforceability or validity of any CytoDyn Patents;",cytodyn shall have the right to terminate this agreement in its entirety upon written notice to vyera on the occurrence of any of the following a vyera or any of its affiliates directly or indirectly challenges disputes or assists any third party to dispute or challenge in a legal or administrative proceeding the patentability enforceability or validity of any cytodyn patents,Covenant Not To Sue,CUAD_train_contracts,cuad_train
CytodynInc_20200109_10-Q_EX-10.5_11941634_EX-10.5_License Agreement,"Neither Vyera, nor any of its Affiliates shall directly or indirectly, challenge, or assist any Third Party to dispute or challenge, in a legal or administrative proceeding the patentability, enforceability or validity of any CytoDyn Patents.",neither vyera nor any of its affiliates shall directly or indirectly challenge or assist any third party to dispute or challenge in a legal or administrative proceeding the patentability enforceability or validity of any cytodyn patents,Covenant Not To Sue,CUAD_train_contracts,cuad_train
NICELTD_06_26_2003-EX-4.5-OUTSOURCING AGREEMENT,MANUFACTURING OUTSOURCING AGREEMENT,manufacturing outsourcing agreement,Document Name,CUAD_train_contracts,cuad_train
NICELTD_06_26_2003-EX-4.5-OUTSOURCING AGREEMENT,Flextronics Israel Ltd.,flextronics israel ltd,Parties,CUAD_train_contracts,cuad_train
NICELTD_06_26_2003-EX-4.5-OUTSOURCING AGREEMENT,"The initial term of this Agreement shall commence on the Effective Date and extend for three (3) years thereafter (""INITIAL TERM""), with an automatic renewal for an indefinite period of time (""EXTENDED TERM""), unless terminated by the parties according to Sections 16.2. or 16.3. herein.",the initial term of this agreement shall commence on the effective date and extend for three 3 years thereafter initial term with an automatic renewal for an indefinite period of time extended term unless terminated by the parties according to sections 16 2 or 16 3 herein,Expiration Date,CUAD_train_contracts,cuad_train
NICELTD_06_26_2003-EX-4.5-OUTSOURCING AGREEMENT,"Notwithstanding the aforesaid in Section 16.1. and any possible implication to the contrary herein or as a result of the course of conduct of the parties, Contractor shall be entitled, at its sole discretion, to terminate this Agreement only during the Extended Term, with or without cause, upon a prior written notice of termination to NICE of not less than six (6) months.",notwithstanding the aforesaid in section 16 1 and any possible implication to the contrary herein or as a result of the course of conduct of the parties contractor shall be entitled at its sole discretion to terminate this agreement only during the extended term with or without cause upon a prior written notice of termination to nice of not less than six 6 months,Notice Period To Terminate Renewal,CUAD_train_contracts,cuad_train
NICELTD_06_26_2003-EX-4.5-OUTSOURCING AGREEMENT,"This Agreement shall be governed by and construed in accordance with the laws of the state of Israel, without giving effect to choice of law rules.",this agreement shall be governed by and construed in accordance with the laws of the state of israel without giving effect to choice of law rules,Governing Law,CUAD_train_contracts,cuad_train
NICELTD_06_26_2003-EX-4.5-OUTSOURCING AGREEMENT,"Notwithstanding the aforesaid in Section 16.1. and any possible implication to the contrary herein or as a result of the course of conduct of the parties, NICEshall be entitled, at its sole discretion, to terminate this Agreement, in whole or in part, at any time during the Initial Term or the Extended Term, with or without cause, upon a prior written notice of termination to Contractor of not less than forty-five (45) Days.",notwithstanding the aforesaid in section 16 1 and any possible implication to the contrary herein or as a result of the course of conduct of the parties niceshall be entitled at its sole discretion to terminate this agreement in whole or in part at any time during the initial term or the extended term with or without cause upon a prior written notice of termination to contractor of not less than forty five 45 days,Termination For Convenience,CUAD_train_contracts,cuad_train
NICELTD_06_26_2003-EX-4.5-OUTSOURCING AGREEMENT,"Neither party shall in any way sell, transfer, assign, sub-contract or otherwise dispose of any of the rights, privileges, duties and obligations granted or imposed upon it under this Agreement. However, NICE may, at its discretion, transfer and/or assign any of its rights, privileges, duties and obligations granted or imposed upon it under this Agreement to any NICE Affiliate, provided that NICE remains responsible towards Contractor, jointly and severally with the Affiliate, for all of its obligations hereunder so assigned, and provided further that the assignee signs this Agreement.",neither party shall in any way sell transfer assign sub contract or otherwise dispose of any of the rights privileges duties and obligations granted or imposed upon it under this agreement however nice may at its discretion transfer and or assign any of its rights privileges duties and obligations granted or imposed upon it under this agreement to any nice affiliate provided that nice remains responsible towards contractor jointly and severally with the affiliate for all of its obligations hereunder so assigned and provided further that the assignee signs this agreement,Anti-Assignment,CUAD_train_contracts,cuad_train
NICELTD_06_26_2003-EX-4.5-OUTSOURCING AGREEMENT,"Furthermore, without derogating from NICE' undertakings hereunder, Contractor will use its international supply chain in order to assist NICE in selling its dead inventory, which is not included in APPENDIX F, and the proceeds from such sales will be shared as follows: 10% Contractor, 90% NICE. Contractor will report to NICE regularly, on such sales.",furthermore without derogating from nice undertakings hereunder contractor will use its international supply chain in order to assist nice in selling its dead inventory which is not included in appendix f and the proceeds from such sales will be shared as follows 10 contractor 90 nice contractor will report to nice regularly on such sales,Revenue/Profit Sharing,CUAD_train_contracts,cuad_train
NICELTD_06_26_2003-EX-4.5-OUTSOURCING AGREEMENT,"Notwithstanding the aforesaid, it is agreed that any manufacturing methods applied by Contractor, which are Contractor's Proprietary Information, may be used by NICE itself (including its Affiliates) (but may not be transferred/disclosed to any third party) and by signing this Agreement Contractor hereby grants NICE a personal, non exclusive, non transferable, perpetual license to use such manufacturing methods.",notwithstanding the aforesaid it is agreed that any manufacturing methods applied by contractor which are contractor s proprietary information may be used by nice itself including its affiliates but may not be transferred disclosed to any third party and by signing this agreement contractor hereby grants nice a personal non exclusive non transferable perpetual license to use such manufacturing methods,Irrevocable Or Perpetual License,CUAD_train_contracts,cuad_train
NICELTD_06_26_2003-EX-4.5-OUTSOURCING AGREEMENT,"NICE shall have the rights to conduct audits of the Manufacturing Outsourcing Services and related facilities, systems, and records as set forth in this Section 10 for the purpose of auditing Contractor's compliance with the provisions of this Agreement, all subject to the limitations below.",nice shall have the rights to conduct audits of the manufacturing outsourcing services and related facilities systems and records as set forth in this section 10 for the purpose of auditing contractor s compliance with the provisions of this agreement all subject to the limitations below,Audit Rights,CUAD_train_contracts,cuad_train
NICELTD_06_26_2003-EX-4.5-OUTSOURCING AGREEMENT,"As part of the Manufacturing Outsourcing Services, Contractor shall (1) retain records and supporting documentation detailed in Section 10.2 above if and to the extent such record retention is required by tax or similar authorities, and/or exists in the ERP system, and/or is common practice in the industry, including but not limited to - production files for the following periods: 7 years for records required by tax or similar authorities and ERP data, 3 years for production files, otherwise as required by law or as is the common practice, and (2) upon notice of no less than five (5) Days from NICE, provide NICE and its designees with reasonable access to such records and documentation for the purpose of conducting NICE' business and reporting.",as part of the manufacturing outsourcing services contractor shall 1 retain records and supporting documentation detailed in section 10 2 above if and to the extent such record retention is required by tax or similar authorities and or exists in the erp system and or is common practice in the industry including but not limited to production files for the following periods 7 years for records required by tax or similar authorities and erp data 3 years for production files otherwise as required by law or as is the common practice and 2 upon notice of no less than five 5 days from nice provide nice and its designees with reasonable access to such records and documentation for the purpose of conducting nice business and reporting,Audit Rights,CUAD_train_contracts,cuad_train
NICELTD_06_26_2003-EX-4.5-OUTSOURCING AGREEMENT,"NICE agrees to conduct the audits in a reasonable manner so as not to cause undue disruption to Contractor's provision of the Manufacturing Outsourcing Services and such audits shall be conducted during business hours, and shall be coordinated with Contractor.",nice agrees to conduct the audits in a reasonable manner so as not to cause undue disruption to contractor s provision of the manufacturing outsourcing services and such audits shall be conducted during business hours and shall be coordinated with contractor,Audit Rights,CUAD_train_contracts,cuad_train
NICELTD_06_26_2003-EX-4.5-OUTSOURCING AGREEMENT,"Notwithstanding anything to the contrary contained herein or otherwise, Contractor's liability to NICE for any indirect, special, incidental, exemplary or consequential damages as a result of any claim arising under this Agreement or in connection therewith, regardless of whether Contractor has been advised of the possibility of such damages, shall not exceed five million US dollars ($5,000,000) in the aggregate for all claims, except for infringement of Intellectual Property rights for which Contractor is liable under Section 12.6.",notwithstanding anything to the contrary contained herein or otherwise contractor s liability to nice for any indirect special incidental exemplary or consequential damages as a result of any claim arising under this agreement or in connection therewith regardless of whether contractor has been advised of the possibility of such damages shall not exceed five million us dollars 5 000 000 in the aggregate for all claims except for infringement of intellectual property rights for which contractor is liable under section 12 6,Cap On Liability,CUAD_train_contracts,cuad_train
NICELTD_06_26_2003-EX-4.5-OUTSOURCING AGREEMENT,"In any event, the total liquidated damages as per this Section shall not exceed 5% of the Product Price.",in any event the total liquidated damages as per this section shall not exceed 5 of the product price,Cap On Liability,CUAD_train_contracts,cuad_train
NICELTD_06_26_2003-EX-4.5-OUTSOURCING AGREEMENT,"Notwithstanding anything to the contrary contained herein, NICE' liability to Contractor for any indirect, special, incidental, exemplary or consequential damages as a result of any claim arising under this Agreement or in connection therewith, regardless of whether NICE has been advised of the possibility of such damages, shall not exceed five million US dollars ($5,000,000) in the aggregate for all claims, except for infringement of Intellectual Property rights for which NICE is liable under Section 12.8.",notwithstanding anything to the contrary contained herein nice liability to contractor for any indirect special incidental exemplary or consequential damages as a result of any claim arising under this agreement or in connection therewith regardless of whether nice has been advised of the possibility of such damages shall not exceed five million us dollars 5 000 000 in the aggregate for all claims except for infringement of intellectual property rights for which nice is liable under section 12 8,Cap On Liability,CUAD_train_contracts,cuad_train
NICELTD_06_26_2003-EX-4.5-OUTSOURCING AGREEMENT,"Any delay from the Due Date of a certain Product in a certain Quarter, not due to a specific written request by NICE or otherwise deriving from a breach of NICE' undertakings hereunder and only to the extent deriving from such breach by NICE, or caused by an event of Force Majeure, and subject to the terms hereof, shall be considered a material breach of Contractor's obligations under this Agreement and shall entitle NICE to the following liquidated damages in addition to any remedy available to NICE under this Agreement or by law: 5.3.1. One percent (1%) of the Product Price for a delay of 3 to 5 Days. 5.3.2. Three percent (3%) of the Product Price for a delay of up to 10 Days. 5.3.3. Five percent (5%) of the Product Price for a delay of 11 Days or more.",any delay from the due date of a certain product in a certain quarter not due to a specific written request by nice or otherwise deriving from a breach of nice undertakings hereunder and only to the extent deriving from such breach by nice or caused by an event of force majeure and subject to the terms hereof shall be considered a material breach of contractor s obligations under this agreement and shall entitle nice to the following liquidated damages in addition to any remedy available to nice under this agreement or by law 5 3 1 one percent 1 of the product price for a delay of 3 to 5 days 5 3 2 three percent 3 of the product price for a delay of up to 10 days 5 3 3 five percent 5 of the product price for a delay of 11 days or more,Liquidated Damages,CUAD_train_contracts,cuad_train
NICELTD_06_26_2003-EX-4.5-OUTSOURCING AGREEMENT,"In the event that following the delay, Contractor is in compliance with the Due Dates for two immediately consecutive Quarters and there is no delay whatsoever, Contractor will be reimbursed by NICE for liquidated damages already paid for delay in the previous Quarter (before the said 2 Quarters), if paid, without derogating from the previous delay being regarded as a breach hereunder.",in the event that following the delay contractor is in compliance with the due dates for two immediately consecutive quarters and there is no delay whatsoever contractor will be reimbursed by nice for liquidated damages already paid for delay in the previous quarter before the said 2 quarters if paid without derogating from the previous delay being regarded as a breach hereunder,Liquidated Damages,CUAD_train_contracts,cuad_train
NICELTD_06_26_2003-EX-4.5-OUTSOURCING AGREEMENT,"For the removal of doubt, when determining the liquidated damages due, the applicable sub-section 5.3.1, 5.3.2 OR 5.3.3 will apply.",for the removal of doubt when determining the liquidated damages due the applicable sub section 5 3 1 5 3 2 or 5 3 3 will apply,Liquidated Damages,CUAD_train_contracts,cuad_train
NICELTD_06_26_2003-EX-4.5-OUTSOURCING AGREEMENT,"""WARRANTY PERIOD"" - Thirteen (13) months from the Shipment Date of the Product subject matter of the warranty, unless agreed otherwise by the parties in writing.",warranty period thirteen 13 months from the shipment date of the product subject matter of the warranty unless agreed otherwise by the parties in writing,Warranty Duration,CUAD_train_contracts,cuad_train
NICELTD_06_26_2003-EX-4.5-OUTSOURCING AGREEMENT,"Contractor warrants to NICE that each of the Products manufactured, configured or tested by Contractor will have been manufactured, configured and tested in conformance with the Specifications therefor as provided by NICE and be free from defects in workmanship or material for the Warranty Period.",contractor warrants to nice that each of the products manufactured configured or tested by contractor will have been manufactured configured and tested in conformance with the specifications therefor as provided by nice and be free from defects in workmanship or material for the warranty period,Warranty Duration,CUAD_train_contracts,cuad_train
NICELTD_06_26_2003-EX-4.5-OUTSOURCING AGREEMENT,"Without limiting any of the obligations or liabilities of Contractor, whether under this Agreement or by law, subject to any limitations hereunder, Contractor shall maintain, and shall cause any subcontractors engaged by Contractor to provide services under this Agreement to maintain, at Contractor's own expense, as long as this Agreement is in effect, insurance policies of the kind and limits as set forth in APPENDIX D to this Agreement. The expense of such insurance shall be borne by Contractor. The Contractor shall keep in force the policies specified in sections 1 and 3 to the Insurance Certificate valid as long as Contractor's legal liability EXISTS IN CONNECTION WITH OPERATIONS ACCORDING TO THE AGREEMENT.",without limiting any of the obligations or liabilities of contractor whether under this agreement or by law subject to any limitations hereunder contractor shall maintain and shall cause any subcontractors engaged by contractor to provide services under this agreement to maintain at contractor s own expense as long as this agreement is in effect insurance policies of the kind and limits as set forth in appendix d to this agreement the expense of such insurance shall be borne by contractor the contractor shall keep in force the policies specified in sections 1 and 3 to the insurance certificate valid as long as contractor s legal liability exists in connection with operations according to the agreement,Insurance,CUAD_train_contracts,cuad_train
ImpresseCorp_20000322_S-1A_EX-10.11_5199234_EX-10.11_Co-Branding Agreement,CO-BRANDING AGREEMENT,co branding agreement,Document Name,CUAD_train_contracts,cuad_train
ImpresseCorp_20000322_S-1A_EX-10.11_5199234_EX-10.11_Co-Branding Agreement,Impresse Corporation,impresse corporation,Parties,CUAD_train_contracts,cuad_train
ImpresseCorp_20000322_S-1A_EX-10.11_5199234_EX-10.11_Co-Branding Agreement,The Term of this Agreement shall begin on the Effective Date and shall end fifteen months therefrom.,the term of this agreement shall begin on the effective date and shall end fifteen months therefrom,Expiration Date,CUAD_train_contracts,cuad_train
ImpresseCorp_20000322_S-1A_EX-10.11_5199234_EX-10.11_Co-Branding Agreement,This Agreement shall be governed by and interpreted under the laws of the State of Delaware without regard to its conflicts of law provisions.,this agreement shall be governed by and interpreted under the laws of the state of delaware without regard to its conflicts of law provisions,Governing Law,CUAD_train_contracts,cuad_train
ImpresseCorp_20000322_S-1A_EX-10.11_5199234_EX-10.11_Co-Branding Agreement,"Beginning on the Launch Date and continuing during the Term, VerticalNet shall not place advertising relating to the commercial printing entities listed on Exhibit ""A,"" or other such entities subsequently identified by Impresse, on the VerticalNet Area of the Co-Branded Site.",beginning on the launch date and continuing during the term verticalnet shall not place advertising relating to the commercial printing entities listed on exhibit a or other such entities subsequently identified by impresse on the verticalnet area of the co branded site,Non-Compete,CUAD_train_contracts,cuad_train
ImpresseCorp_20000322_S-1A_EX-10.11_5199234_EX-10.11_Co-Branding Agreement,"Except as otherwise set forth herein, neither party shall transfer, assign or cede any rights or delegate any obligations hereunder, in whole or in part, whether voluntarily or by operation of law, without the prior written consent of the other party, which consent may be withheld at the other party's reasonable business discretion; provided, however, that either party may transfer this Agreement without prior written consent of the other to an Affiliate of such party, or to the surviving party in a merger or consolidation, or to a purchaser of all or substantially all of its assets.",except as otherwise set forth herein neither party shall transfer assign or cede any rights or delegate any obligations hereunder in whole or in part whether voluntarily or by operation of law without the prior written consent of the other party which consent may be withheld at the other party s reasonable business discretion provided however that either party may transfer this agreement without prior written consent of the other to an affiliate of such party or to the surviving party in a merger or consolidation or to a purchaser of all or substantially all of its assets,Anti-Assignment,CUAD_train_contracts,cuad_train
ImpresseCorp_20000322_S-1A_EX-10.11_5199234_EX-10.11_Co-Branding Agreement,"Impresse shall pay VerticalNet [*]of Impresse VerticalNet Revenue accruing during the term of this Agreement, payable to VerticalNet on or before the thirtieth day of the calendar quarter immediately following the quarter in which such revenue was collected by Impresse.",impresse shall pay verticalnet of impresse verticalnet revenue accruing during the term of this agreement payable to verticalnet on or before the thirtieth day of the calendar quarter immediately following the quarter in which such revenue was collected by impresse,Revenue/Profit Sharing,CUAD_train_contracts,cuad_train
ImpresseCorp_20000322_S-1A_EX-10.11_5199234_EX-10.11_Co-Branding Agreement,"If government regulations prevent Impresse from sharing any revenues associated with Impresse Services, VerticalNet and Impresse shall negotiate in good faith a compensation structure that seeks to provide VerticalNet with compensation equal to that set forth in Section 4.6 [REVENUE SHARING].",if government regulations prevent impresse from sharing any revenues associated with impresse services verticalnet and impresse shall negotiate in good faith a compensation structure that seeks to provide verticalnet with compensation equal to that set forth in section 4 6 revenue sharing,Revenue/Profit Sharing,CUAD_train_contracts,cuad_train
ImpresseCorp_20000322_S-1A_EX-10.11_5199234_EX-10.11_Co-Branding Agreement,"During the Term of this Agreement, Impresse agrees to purchase from VerticalNet Banners and Newsletters for a total price of at least $[*] as set forth below in this Section 4.3 [BANNER/NEWSLETTER PURCHASE COMMITMENT].",during the term of this agreement impresse agrees to purchase from verticalnet banners and newsletters for a total price of at least as set forth below in this section 4 3 banner newsletter purchase commitment,Minimum Commitment,CUAD_train_contracts,cuad_train
ImpresseCorp_20000322_S-1A_EX-10.11_5199234_EX-10.11_Co-Branding Agreement,"Impresse agrees to purchase at least $[*] of such Banners and Newsletters in each calendar quarter after the Effective Date until a total of $[*] have been purchased, provided, the total dollar amount purchased by Impresse in any calendar quarter shall not consist of greater than 70% of either Banners or Newsletters.",impresse agrees to purchase at least of such banners and newsletters in each calendar quarter after the effective date until a total of have been purchased provided the total dollar amount purchased by impresse in any calendar quarter shall not consist of greater than 70 of either banners or newsletters,Minimum Commitment,CUAD_train_contracts,cuad_train
ImpresseCorp_20000322_S-1A_EX-10.11_5199234_EX-10.11_Co-Branding Agreement,"Upon termination of the Agreement, VerticalNet and Impresse shall jointly own all User Data.",upon termination of the agreement verticalnet and impresse shall jointly own all user data,Joint Ip Ownership,CUAD_train_contracts,cuad_train
ImpresseCorp_20000322_S-1A_EX-10.11_5199234_EX-10.11_Co-Branding Agreement,Impresse shall permit Users who access the Co-Branded Site to access and use Co-Branded Content from the Co-Branded Site for the personal use of such Users in accordance with the then-current terms of Impresse's standard license agreement governing the use of such Co-Branded Content.,impresse shall permit users who access the co branded site to access and use co branded content from the co branded site for the personal use of such users in accordance with the then current terms of impresse s standard license agreement governing the use of such co branded content,License Grant,CUAD_train_contracts,cuad_train
ImpresseCorp_20000322_S-1A_EX-10.11_5199234_EX-10.11_Co-Branding Agreement,"Impresse hereby grants to VerticalNet a non-exclusive, non-transferable, royalty-free, right and license to link to the Impresse Area of the Co-Branded Site.",impresse hereby grants to verticalnet a non exclusive non transferable royalty free right and license to link to the impresse area of the co branded site,License Grant,CUAD_train_contracts,cuad_train
ImpresseCorp_20000322_S-1A_EX-10.11_5199234_EX-10.11_Co-Branding Agreement,"During the term of this Agreement and for one year thereafter, VerticalNet shall have the right to appoint a certified public accountant to audit Impresse's financial records relating to such payment to verify the accuracy of Impresse's financial records in order to verify the amount of the payments owed and/or paid hereunder, but no more frequently than once per year.",during the term of this agreement and for one year thereafter verticalnet shall have the right to appoint a certified public accountant to audit impresse s financial records relating to such payment to verify the accuracy of impresse s financial records in order to verify the amount of the payments owed and or paid hereunder but no more frequently than once per year,Post-Termination Services,CUAD_train_contracts,cuad_train
ImpresseCorp_20000322_S-1A_EX-10.11_5199234_EX-10.11_Co-Branding Agreement,VerticalNet shall give reasonable advance notice to Impresse of such audit and each audit shall be conducted in a manner that does not cause unreasonable disruption to the conduct of business by Impresse.,verticalnet shall give reasonable advance notice to impresse of such audit and each audit shall be conducted in a manner that does not cause unreasonable disruption to the conduct of business by impresse,Audit Rights,CUAD_train_contracts,cuad_train
ImpresseCorp_20000322_S-1A_EX-10.11_5199234_EX-10.11_Co-Branding Agreement,Except for claims under Sections 9.4 [INDEMNIFICATION BY IMPRESSE] and 9.5 [INDEMNIFICATION BY VERTICALNET],except for claims under sections 9 4 indemnification by impresse and 9 5 indemnification by verticalnet,Uncapped Liability,CUAD_train_contracts,cuad_train
ImpresseCorp_20000322_S-1A_EX-10.11_5199234_EX-10.11_Co-Branding Agreement,"EXCEPT IN CONNECTION WITH A BREACH BY EITHER PARTY OF ARTICLE 7 OR SECTION 8.1.5 [REPRESENTATIONS AND WARRANTIES] (v) AND THE INDEMNIFICATION OBLIGATIONS OF IMPRESSE UNDER SECTION 9.4(i)(d) [INDEMNIFICATION BY IMPRESSE] AND THE INDEMNIFICATION OBLIGATIONS OF VERTICALNET UNDER SECTION 9.5(i)(d) [INDEMNIFICATION BY VERTICALNET], NEITHER PARTY WILL BE LIABLE FOR ANY SPECIAL, INDIRECT, CONSEQUENTIAL, EXEMPLARY OR INCIDENTAL DAMAGES ARISING OUT OF OR RELATED TO THIS AGREEMENT, HOWEVER CAUSED AND UNDER ANY THEORY OF LIABILITY (INCLUDING NEGLIGENCE), EVEN IF SUCH PARTY HAS BEEN ADVISED OF THE POSSIBILITY OF SUCH DAMAGES.",except in connection with a breach by either party of article 7 or section 8 1 5 representations and warranties v and the indemnification obligations of impresse under section 9 4 i d indemnification by impresse and the indemnification obligations of verticalnet under section 9 5 i d indemnification by verticalnet neither party will be liable for any special indirect consequential exemplary or incidental damages arising out of or related to this agreement however caused and under any theory of liability including negligence even if such party has been advised of the possibility of such damages,Uncapped Liability,CUAD_train_contracts,cuad_train
ImpresseCorp_20000322_S-1A_EX-10.11_5199234_EX-10.11_Co-Branding Agreement,"hereof, neither party may bring a claim or action regardless of form, arising out of or related to this Agreement, including any claim of fraud or misrepresentation, more than two years after the cause of action accrues or becomes known, whichever is later.",hereof neither party may bring a claim or action regardless of form arising out of or related to this agreement including any claim of fraud or misrepresentation more than two years after the cause of action accrues or becomes known whichever is later,Uncapped Liability,CUAD_train_contracts,cuad_train
ImpresseCorp_20000322_S-1A_EX-10.11_5199234_EX-10.11_Co-Branding Agreement,"In addition, Impresse shall not now or in the future contest the validity of VerticalNet's ownership of its Intellectual Property; provided, however, that Impresse may contest the validity of VerticalNet's Intellectual Property in any proceeding brought against Impresse alleging infringement or misappropriation of VerticalNet's Intellectual Property.",in addition impresse shall not now or in the future contest the validity of verticalnet s ownership of its intellectual property provided however that impresse may contest the validity of verticalnet s intellectual property in any proceeding brought against impresse alleging infringement or misappropriation of verticalnet s intellectual property,Covenant Not To Sue,CUAD_train_contracts,cuad_train
ImpresseCorp_20000322_S-1A_EX-10.11_5199234_EX-10.11_Co-Branding Agreement,"In addition, VerticalNet shall not now or in the future contest the validity of Impresse's ownership of its Intellectual Property; provided, however, that VerticalNet may contest the validity of Impresse's Intellectual Property in any proceeding brought against VerticalNet alleging infringement or misappropriation of Impresse's Intellectual Property.",in addition verticalnet shall not now or in the future contest the validity of impresse s ownership of its intellectual property provided however that verticalnet may contest the validity of impresse s intellectual property in any proceeding brought against verticalnet alleging infringement or misappropriation of impresse s intellectual property,Covenant Not To Sue,CUAD_train_contracts,cuad_train
AlliedEsportsEntertainmentInc_20190815_8-K_EX-10.19_11788293_EX-10.19_Content License Agreement,JOINT CONTENT LICENSE AGREEMENT,joint content license agreement,Document Name,CUAD_train_contracts,cuad_train
AlliedEsportsEntertainmentInc_20190815_8-K_EX-10.19_11788293_EX-10.19_Content License Agreement,ZYNGA GAME IRELAND LIMITED,zynga game ireland limited,Parties,CUAD_train_contracts,cuad_train
AlliedEsportsEntertainmentInc_20190815_8-K_EX-10.19_11788293_EX-10.19_Content License Agreement,"WPT Enterprises, Inc.",wpt enterprises inc,Parties,CUAD_train_contracts,cuad_train
AlliedEsportsEntertainmentInc_20190815_8-K_EX-10.19_11788293_EX-10.19_Content License Agreement,"(""Zynga Ireland,"" and together with Zynga US and their respective Affiliates, ""Zynga"").",zynga ireland and together with zynga us and their respective affiliates zynga,Parties,CUAD_train_contracts,cuad_train
AlliedEsportsEntertainmentInc_20190815_8-K_EX-10.19_11788293_EX-10.19_Content License Agreement,"This Agreement will be in effect for three (3) years from the Effective Date (""Initial Term"") unless terminated earlier in accordance with this Agreement.",this agreement will be in effect for three 3 years from the effective date initial term unless terminated earlier in accordance with this agreement,Expiration Date,CUAD_train_contracts,cuad_train
AlliedEsportsEntertainmentInc_20190815_8-K_EX-10.19_11788293_EX-10.19_Content License Agreement,"This Agreement shall automatically extend for an additional two (2) years on the same terms herein (""Renewal Term"") provided WPT receives payments greater than twelve million U.S. dollars ($12,000,000) within the Initial Term.",this agreement shall automatically extend for an additional two 2 years on the same terms herein renewal term provided wpt receives payments greater than twelve million u s dollars 12 000 000 within the initial term,Renewal Term,CUAD_train_contracts,cuad_train
AlliedEsportsEntertainmentInc_20190815_8-K_EX-10.19_11788293_EX-10.19_Content License Agreement,This Agreement will for all purposes be governed by and interpreted in accordance with the laws of the State of California without giving effect to any conflict of laws principles that require the application of the laws of a different state.,this agreement will for all purposes be governed by and interpreted in accordance with the laws of the state of california without giving effect to any conflict of laws principles that require the application of the laws of a different state,Governing Law,CUAD_train_contracts,cuad_train
AlliedEsportsEntertainmentInc_20190815_8-K_EX-10.19_11788293_EX-10.19_Content License Agreement,WPT or its affiliates shall not authorize a Zynga Competitor to commercially exploit the Licensed Property in connection with social poker gaming via a license similar to the license granted herein for the Term.,wpt or its affiliates shall not authorize a zynga competitor to commercially exploit the licensed property in connection with social poker gaming via a license similar to the license granted herein for the term,Non-Compete,CUAD_train_contracts,cuad_train
AlliedEsportsEntertainmentInc_20190815_8-K_EX-10.19_11788293_EX-10.19_Content License Agreement,"Without the prior written consent of the other party, neither party shall assign or transfer any of its rights or obligations hereunder, in whole or in part, to any third party, and any purported assignment without such prior written consent shall be null and void and of no force and effect; except that notice, but no consent shall be required for such assignment or transfer in connection with an internal reorganization or sale of the transferring party, including by merger or other business combination, or a sale of substantially all of the assets of the transferring party.",without the prior written consent of the other party neither party shall assign or transfer any of its rights or obligations hereunder in whole or in part to any third party and any purported assignment without such prior written consent shall be null and void and of no force and effect except that notice but no consent shall be required for such assignment or transfer in connection with an internal reorganization or sale of the transferring party including by merger or other business combination or a sale of substantially all of the assets of the transferring party,Anti-Assignment,CUAD_train_contracts,cuad_train
AlliedEsportsEntertainmentInc_20190815_8-K_EX-10.19_11788293_EX-10.19_Content License Agreement,The Royalties to be paid by Zynga to WPT is the percentage of Net Revenue as set forth in Section 5 of the Basic Provisions.,the royalties to be paid by zynga to wpt is the percentage of net revenue as set forth in section 5 of the basic provisions,Revenue/Profit Sharing,CUAD_train_contracts,cuad_train
AlliedEsportsEntertainmentInc_20190815_8-K_EX-10.19_11788293_EX-10.19_Content License Agreement,"Zynga will pay to WPT ten percent (10%) of the cumulative Net Revenue (as defined in Section 3.b. of the Additional Provisions) (""Royalty"") from the WPT-branded Zynga Poker Tournament Mode or other such use of the WPT brand on the Zynga platform.",zynga will pay to wpt ten percent 10 of the cumulative net revenue as defined in section 3 b of the additional provisions royalty from the wpt branded zynga poker tournament mode or other such use of the wpt brand on the zynga platform,Revenue/Profit Sharing,CUAD_train_contracts,cuad_train
AlliedEsportsEntertainmentInc_20190815_8-K_EX-10.19_11788293_EX-10.19_Content License Agreement,"Zynga will pay WPT three million U.S. dollars ($3,000,000) per year according to the following schedule (which the parties may alter upon mutual agreement) (the ""Annual Minimum Guarantee""): a. Within thirty (30) days of executing this Agreement: $1.5M b. July 1, 2018: $1.5M c. January 1, 2019: $1.5M d. July 1, 2019: $1.5M e. January 1, 2020: $1.5M f. July 1, 2020: $1.5M",zynga will pay wpt three million u s dollars 3 000 000 per year according to the following schedule which the parties may alter upon mutual agreement the annual minimum guarantee a within thirty 30 days of executing this agreement 1 5m b july 1 2018 1 5m c january 1 2019 1 5m d july 1 2019 1 5m e january 1 2020 1 5m f july 1 2020 1 5m,Minimum Commitment,CUAD_train_contracts,cuad_train
AlliedEsportsEntertainmentInc_20190815_8-K_EX-10.19_11788293_EX-10.19_Content License Agreement,"Subject to the terms and conditions of this Agreement, Zynga grants to WPT a non-exclusive, non- assignable, non-sublicensable, royalty-free, paid up, limited worldwide license to use and display Zynga's Licensed Property solely as necessary to perform WPT's obligations under this Agreement and as specifically described on Exhibit A, in any and all media now known or hereafter devised, for the Term (subject to Section 7.e. of Additional Provisions).",subject to the terms and conditions of this agreement zynga grants to wpt a non exclusive non assignable non sublicensable royalty free paid up limited worldwide license to use and display zynga s licensed property solely as necessary to perform wpt s obligations under this agreement and as specifically described on exhibit a in any and all media now known or hereafter devised for the term subject to section 7 e of additional provisions,License Grant,CUAD_train_contracts,cuad_train
AlliedEsportsEntertainmentInc_20190815_8-K_EX-10.19_11788293_EX-10.19_Content License Agreement,"Notwithstanding the foregoing, for each end user that previously downloaded a Zynga game that includes WPT's Licensed Property, and stored such Zynga game within such end user's device, WPT grants a license and right to continue to use, activate, operate, perform, store, use and display that game on the end user's device in perpetuity at no additional charge; provided, however, that Zynga shall use best efforts to offer end users updates to its games which no longer include WPT's Licensed Property after the Term.",notwithstanding the foregoing for each end user that previously downloaded a zynga game that includes wpt s licensed property and stored such zynga game within such end user s device wpt grants a license and right to continue to use activate operate perform store use and display that game on the end user s device in perpetuity at no additional charge provided however that zynga shall use best efforts to offer end users updates to its games which no longer include wpt s licensed property after the term,License Grant,CUAD_train_contracts,cuad_train
AlliedEsportsEntertainmentInc_20190815_8-K_EX-10.19_11788293_EX-10.19_Content License Agreement,"Subject to the terms and conditions of this Agreement, WPT grants to Zynga a non-exclusive, non-assignable, non-sublicensable, royalty-free, paid up, limited license in the Territory to use and display WPT's Licensed Property solely as necessary to perform Zynga's obligations under this Agreement and as specifically described on Exhibit A, for the Term.",subject to the terms and conditions of this agreement wpt grants to zynga a non exclusive non assignable non sublicensable royalty free paid up limited license in the territory to use and display wpt s licensed property solely as necessary to perform zynga s obligations under this agreement and as specifically described on exhibit a for the term,License Grant,CUAD_train_contracts,cuad_train
AlliedEsportsEntertainmentInc_20190815_8-K_EX-10.19_11788293_EX-10.19_Content License Agreement,"Notwithstanding any termination of this Agreement, any Approved Content that includes Zynga's Licensed Property may remain in perpetuity in any media in which such Licensed Property was integrated into during the Term (e.g., televised WPT Tournaments or WPT Invitational Tournaments, social media posts, repurposed integrations for ""best of"" television programs) or for historical purposes (e.g., reference on WPT's website that Zynga-sponsored tour events took place as part of the tour).",notwithstanding any termination of this agreement any approved content that includes zynga s licensed property may remain in perpetuity in any media in which such licensed property was integrated into during the term e g televised wpt tournaments or wpt invitational tournaments social media posts repurposed integrations for best of television programs or for historical purposes e g reference on wpt s website that zynga sponsored tour events took place as part of the tour,License Grant,CUAD_train_contracts,cuad_train
AlliedEsportsEntertainmentInc_20190815_8-K_EX-10.19_11788293_EX-10.19_Content License Agreement,"Zynga shall permit such records to be examined by authorized representatives of WPT, including such independent auditors as WPT may designate, during usual business hours, with advance notice, to verify to the extent necessary the Royalties paid hereunder, and WPT and its representatives shall use reasonable efforts to minimize disruptions to Zynga's business.",zynga shall permit such records to be examined by authorized representatives of wpt including such independent auditors as wpt may designate during usual business hours with advance notice to verify to the extent necessary the royalties paid hereunder and wpt and its representatives shall use reasonable efforts to minimize disruptions to zynga s business,Audit Rights,CUAD_train_contracts,cuad_train
AlliedEsportsEntertainmentInc_20190815_8-K_EX-10.19_11788293_EX-10.19_Content License Agreement,"EXCEPT IN CASES OF GROSS NEGLIGENCE, WILLFUL MISCONDUCT OR FRAUD, INDEMNIFICATION CLAIMS UNDER SECTION 5 OR BREACHES OF SECTION 2 (TRADEMARKS), 8 (CONFIDENTIALITY), OR 9 (NO AGENCY RELATIONSHIP), IN NO EVENT SHALL EITHER PARTY OR ITS OFFICERS, DIRECTORS, OR EMPLOYEES BE LIABLE TO THE OTHER PARTY IN CONNECTION WITH THE SUBJECT MATTER HEREOF, FOR ANY SPECIAL, INDIRECT, CONSEQUENTIAL OR PUNITIVE DAMAGES OF ANY KIND, LOST PROFITS OR LOST REVENUE, WHETHER ARISING IN CONTRACT, TORT, NEGLIGENCE, STATUTE, OR OTHERWISE, EVEN IF ADVISED OF THE POSSIBILITY THEREOF.",except in cases of gross negligence willful misconduct or fraud indemnification claims under section 5 or breaches of section 2 trademarks 8 confidentiality or 9 no agency relationship in no event shall either party or its officers directors or employees be liable to the other party in connection with the subject matter hereof for any special indirect consequential or punitive damages of any kind lost profits or lost revenue whether arising in contract tort negligence statute or otherwise even if advised of the possibility thereof,Uncapped Liability,CUAD_train_contracts,cuad_train
AlliedEsportsEntertainmentInc_20190815_8-K_EX-10.19_11788293_EX-10.19_Content License Agreement,Each party agrees to carry liability insurance sufficient to cover the risks posed under this Agreement.,each party agrees to carry liability insurance sufficient to cover the risks posed under this agreement,Insurance,CUAD_train_contracts,cuad_train
AlliedEsportsEntertainmentInc_20190815_8-K_EX-10.19_11788293_EX-10.19_Content License Agreement,"Licensee will not, at any time during or after this Agreement, register, attempt to register, claim any interest in, contest the use of, or otherwise adversely affect the validity of any of Licensor's marks (including, without limitation, any act or assistance to any act, which may infringe or lead to the infringement of any such marks).",licensee will not at any time during or after this agreement register attempt to register claim any interest in contest the use of or otherwise adversely affect the validity of any of licensor s marks including without limitation any act or assistance to any act which may infringe or lead to the infringement of any such marks,Covenant Not To Sue,CUAD_train_contracts,cuad_train
CHERRYHILLMORTGAGEINVESTMENTCORP_09_26_2013-EX-10.1-Strategic Alliance Agreement,Cherry Hill Mortgage Investment Corp.,cherry hill mortgage investment corp,Parties,CUAD_train_contracts,cuad_train
CHERRYHILLMORTGAGEINVESTMENTCORP_09_26_2013-EX-10.1-Strategic Alliance Agreement,Freedom Mortgage Corporation,freedom mortgage corporation,Parties,CUAD_train_contracts,cuad_train
CHERRYHILLMORTGAGEINVESTMENTCORP_09_26_2013-EX-10.1-Strategic Alliance Agreement,"Unless earlier terminated as provided below, this Agreement shall remain in effect until the later to occur of the date that is (x) three (3) years from the date hereof and (y) the date on which an affiliate of Freedom Mortgage is not acting as the external manager of Cherry Hill.",unless earlier terminated as provided below this agreement shall remain in effect until the later to occur of the date that is x three 3 years from the date hereof and y the date on which an affiliate of freedom mortgage is not acting as the external manager of cherry hill,Expiration Date,CUAD_train_contracts,cuad_train
CHERRYHILLMORTGAGEINVESTMENTCORP_09_26_2013-EX-10.1-Strategic Alliance Agreement,"This Agreement shall be governed by the laws of the State of New York, without giving effect to its principles of conflicts of laws, other than Section 5-1401 of the New York General Obligations Law.",this agreement shall be governed by the laws of the state of new york without giving effect to its principles of conflicts of laws other than section 5 1401 of the new york general obligations law,Governing Law,CUAD_train_contracts,cuad_train
CHERRYHILLMORTGAGEINVESTMENTCORP_09_26_2013-EX-10.1-Strategic Alliance Agreement,"This Agreement shall be binding upon and shall inure to the benefit of the Parties and their respective successors and permitted assigns; provided, however, that neither this Agreement nor any of the rights, interests or obligations hereunder shall be assigned by any Party without the prior written consent of the other Party.",this agreement shall be binding upon and shall inure to the benefit of the parties and their respective successors and permitted assigns provided however that neither this agreement nor any of the rights interests or obligations hereunder shall be assigned by any party without the prior written consent of the other party,Anti-Assignment,CUAD_train_contracts,cuad_train
CreditcardscomInc_20070810_S-1_EX-10.33_362297_EX-10.33_Affiliate Agreement,CHASE AFFILIATE AGREEMENT,chase affiliate agreement,Document Name,CUAD_train_contracts,cuad_train
CreditcardscomInc_20070810_S-1_EX-10.33_362297_EX-10.33_Affiliate Agreement,"you as an ""Affiliate""",you as an affiliate,Parties,CUAD_train_contracts,cuad_train
CreditcardscomInc_20070810_S-1_EX-10.33_362297_EX-10.33_Affiliate Agreement,"Chase Bank USA, N.A. (?Chase?)",chase bank usa n a chase,Parties,CUAD_train_contracts,cuad_train
CreditcardscomInc_20070810_S-1_EX-10.33_362297_EX-10.33_Affiliate Agreement,The term of this Agreement will commence on the date that the Affiliate Registration Form is approved by Chase and will end when terminated by either party.,the term of this agreement will commence on the date that the affiliate registration form is approved by chase and will end when terminated by either party,Effective Date,CUAD_train_contracts,cuad_train
CreditcardscomInc_20070810_S-1_EX-10.33_362297_EX-10.33_Affiliate Agreement,"This Agreement will be governed in all respects by the laws of the State of Delaware, including its conflict with law provisions.",this agreement will be governed in all respects by the laws of the state of delaware including its conflict with law provisions,Governing Law,CUAD_train_contracts,cuad_train
CreditcardscomInc_20070810_S-1_EX-10.33_362297_EX-10.33_Affiliate Agreement,Chase may revoke Affiliate's license at any time.,chase may revoke affiliate s license at any time,Termination For Convenience,CUAD_train_contracts,cuad_train
CreditcardscomInc_20070810_S-1_EX-10.33_362297_EX-10.33_Affiliate Agreement,"Either Affiliate or Chase may terminate this Agreement at any time, with or without cause, by giving the other party written or e-mail notice of termination.",either affiliate or chase may terminate this agreement at any time with or without cause by giving the other party written or e mail notice of termination,Termination For Convenience,CUAD_train_contracts,cuad_train
CreditcardscomInc_20070810_S-1_EX-10.33_362297_EX-10.33_Affiliate Agreement,"Chase grants Affiliate a non-exclusive, nontransferable, revocable right to (a) access the Chase site through the links solely in accordance with the terms of this Agreement and (b) solely in connection with such links, to use Chase's logos, trade names, trademarks, and similar identifying material relating to Chase (collectively, the ""Licensed Materials""), for the sole purpose of booking Chase products.",chase grants affiliate a non exclusive nontransferable revocable right to a access the chase site through the links solely in accordance with the terms of this agreement and b solely in connection with such links to use chase s logos trade names trademarks and similar identifying material relating to chase collectively the licensed materials for the sole purpose of booking chase products,License Grant,CUAD_train_contracts,cuad_train
CreditcardscomInc_20070810_S-1_EX-10.33_362297_EX-10.33_Affiliate Agreement,"Further, Chase's aggregate liability arising under or with respect to this Agreement or the Affiliate Program shall in no event exceed the total Commissions paid or payable by Chase to Affiliate under this Agreement.",further chase s aggregate liability arising under or with respect to this agreement or the affiliate program shall in no event exceed the total commissions paid or payable by chase to affiliate under this agreement,Cap On Liability,CUAD_train_contracts,cuad_train
CreditcardscomInc_20070810_S-1_EX-10.33_362297_EX-10.33_Affiliate Agreement,"Chase shall have no liability for any indirect, incidental, special or consequential damages or any loss of revenue or profits arising under or with respect to this Agreement or the Affiliate Program, regardless of whether Chase has been advised of the possibility of such damages.",chase shall have no liability for any indirect incidental special or consequential damages or any loss of revenue or profits arising under or with respect to this agreement or the affiliate program regardless of whether chase has been advised of the possibility of such damages,Cap On Liability,CUAD_train_contracts,cuad_train
GALACTICOMMTECHNOLOGIESINC_11_07_1997-EX-10.46-WEB HOSTING AGREEMENT,WEB HOSTING AGREEMENT,web hosting agreement,Document Name,CUAD_train_contracts,cuad_train
GALACTICOMMTECHNOLOGIESINC_11_07_1997-EX-10.46-WEB HOSTING AGREEMENT,Horst Entertainment Inc,horst entertainment inc,Parties,CUAD_train_contracts,cuad_train
GALACTICOMMTECHNOLOGIESINC_11_07_1997-EX-10.46-WEB HOSTING AGREEMENT,"In the event Galacticomm, Inc. chooses to terminate this agreement, Horst Entertainment Inc. will have the right to purchase a license copy of the software in the amount of $15,000.00.",in the event galacticomm inc chooses to terminate this agreement horst entertainment inc will have the right to purchase a license copy of the software in the amount of 15 000 00,License Grant,CUAD_train_contracts,cuad_train
"Zounds Hearing, Inc. - MANUFACTURING DESIGN MARKETING AGREEMENT","MANUFACTURING, DESIGN AND MARKETING AGREEMENT (t",manufacturing design and marketing agreement t,Document Name,CUAD_train_contracts,cuad_train
"Zounds Hearing, Inc. - MANUFACTURING DESIGN MARKETING AGREEMENT","InnerScope Hearing Technologies, Inc.",innerscope hearing technologies inc,Parties,CUAD_train_contracts,cuad_train
"Zounds Hearing, Inc. - MANUFACTURING DESIGN MARKETING AGREEMENT","Subcontractor and Manufacturer may also be referred to herein individually as ""Party"" or collectively as the ""Parties"".",subcontractor and manufacturer may also be referred to herein individually as party or collectively as the parties,Parties,CUAD_train_contracts,cuad_train
"Zounds Hearing, Inc. - MANUFACTURING DESIGN MARKETING AGREEMENT","Zounds Hearing, Inc.",zounds hearing inc,Parties,CUAD_train_contracts,cuad_train
"Zounds Hearing, Inc. - MANUFACTURING DESIGN MARKETING AGREEMENT","Subject to earlier termination as provided in this Agreement, the initial term of this Agreement shall be for a period beginning on the Effective Date and ending ten (10) years thereafter unless this Agreement is terminated earlier as provided herein.",subject to earlier termination as provided in this agreement the initial term of this agreement shall be for a period beginning on the effective date and ending ten 10 years thereafter unless this agreement is terminated earlier as provided herein,Expiration Date,CUAD_train_contracts,cuad_train
"Zounds Hearing, Inc. - MANUFACTURING DESIGN MARKETING AGREEMENT",This Agreement will renew automatically thereafter for successive one-year terms unless and until one Party gives notification of termination with at least sixty (60) days written notice.,this agreement will renew automatically thereafter for successive one year terms unless and until one party gives notification of termination with at least sixty 60 days written notice,Renewal Term,CUAD_train_contracts,cuad_train
"Zounds Hearing, Inc. - MANUFACTURING DESIGN MARKETING AGREEMENT","The Parties agree that this Agreement shall be governed by and construed in accordance with the laws of the State of Arizona without regard to conflicts of law provisions thereof or any other applicable law and that exclusive venue shall be in the federal or state courts located in Maricopa County, Arizona.",the parties agree that this agreement shall be governed by and construed in accordance with the laws of the state of arizona without regard to conflicts of law provisions thereof or any other applicable law and that exclusive venue shall be in the federal or state courts located in maricopa county arizona,Governing Law,CUAD_train_contracts,cuad_train
"Zounds Hearing, Inc. - MANUFACTURING DESIGN MARKETING AGREEMENT","During the term hereof and for a period of five (5) years thereafter, each Party agrees not to, either directly or indirectly, for itself or on behalf of any other person, firm, partnership, corporation or other entity hire, solicit, contract for, attempt to solicit, or cause to be solicited, the employment or services of any current or previous employee of the other Party (unless a period of sixty months has elapsed from the last date that such employee was employed by such party) without the prior written consent of such other Party.",during the term hereof and for a period of five 5 years thereafter each party agrees not to either directly or indirectly for itself or on behalf of any other person firm partnership corporation or other entity hire solicit contract for attempt to solicit or cause to be solicited the employment or services of any current or previous employee of the other party unless a period of sixty months has elapsed from the last date that such employee was employed by such party without the prior written consent of such other party,Competitive Restriction Exception,CUAD_train_contracts,cuad_train
"Zounds Hearing, Inc. - MANUFACTURING DESIGN MARKETING AGREEMENT","A Change of Control shall occur with respect to the Manufacturer, unless Subcontractor shall have expressly consented to such Change of Control in writing.",a change of control shall occur with respect to the manufacturer unless subcontractor shall have expressly consented to such change of control in writing,Change Of Control,CUAD_train_contracts,cuad_train
"Zounds Hearing, Inc. - MANUFACTURING DESIGN MARKETING AGREEMENT",In the event of a Change of Control (as defined below) this Agreement shall immediately terminate.,in the event of a change of control as defined below this agreement shall immediately terminate,Change Of Control,CUAD_train_contracts,cuad_train
"Zounds Hearing, Inc. - MANUFACTURING DESIGN MARKETING AGREEMENT",Neither Party may assign or transfer this Agreement by operation of law or otherwise.,neither party may assign or transfer this agreement by operation of law or otherwise,Anti-Assignment,CUAD_train_contracts,cuad_train
"Zounds Hearing, Inc. - MANUFACTURING DESIGN MARKETING AGREEMENT",Any assignment made by either Party in contravention of this Section 15.7 shall be null and void for all purposes.,any assignment made by either party in contravention of this section 15 7 shall be null and void for all purposes,Anti-Assignment,CUAD_train_contracts,cuad_train
"Zounds Hearing, Inc. - MANUFACTURING DESIGN MARKETING AGREEMENT","For Manufacturer's Products that are non-rechargeable, Manufacturer shall pay Subcontractor a Royalty equal to the higher of (i) eighty percent (80.0%) of the Product Cost; and (ii) $80 per unit.",for manufacturer s products that are non rechargeable manufacturer shall pay subcontractor a royalty equal to the higher of i eighty percent 80 0 of the product cost and ii 80 per unit,Revenue/Profit Sharing,CUAD_train_contracts,cuad_train
"Zounds Hearing, Inc. - MANUFACTURING DESIGN MARKETING AGREEMENT","In addition to paying the Product Costs of Manufacturer's Products, Manufacturer shall also pay to Subcontractor the following royalty payments (each a ""Royalty"" and collectively the ""Royalties"") for each of Manufacturer's Product purchased under this Agreement. Royalties shall be paid 50% at time of shipping and the remaining balance of 50% due in 15-days after the Manufacturer's Products have shipped from the manufacturing facility.",in addition to paying the product costs of manufacturer s products manufacturer shall also pay to subcontractor the following royalty payments each a royalty and collectively the royalties for each of manufacturer s product purchased under this agreement royalties shall be paid 50 at time of shipping and the remaining balance of 50 due in 15 days after the manufacturer s products have shipped from the manufacturing facility,Revenue/Profit Sharing,CUAD_train_contracts,cuad_train
"Zounds Hearing, Inc. - MANUFACTURING DESIGN MARKETING AGREEMENT","For Manufacturer's Products that are rechargeable, Manufacturer shall pay Subcontractor a Royalty equal to the higher of (i) one hundred percent (100.0%) of the Product Cost; and (ii) $100 per unit.",for manufacturer s products that are rechargeable manufacturer shall pay subcontractor a royalty equal to the higher of i one hundred percent 100 0 of the product cost and ii 100 per unit,Revenue/Profit Sharing,CUAD_train_contracts,cuad_train
"Zounds Hearing, Inc. - MANUFACTURING DESIGN MARKETING AGREEMENT","If the Manufacturer terminates this Agreement or cancels any purchase order for cause pursuant to Section 8.2 Manufacturer shall not be liable for any termination or cancellation charges but Subcontractor may, at Subcontractor's sole discretion, purchase all or part of any remaining inventory.",if the manufacturer terminates this agreement or cancels any purchase order for cause pursuant to section 8 2 manufacturer shall not be liable for any termination or cancellation charges but subcontractor may at subcontractor s sole discretion purchase all or part of any remaining inventory,Post-Termination Services,CUAD_train_contracts,cuad_train
"Zounds Hearing, Inc. - MANUFACTURING DESIGN MARKETING AGREEMENT",The schedule will be provided in accordance with the requirements established in Subcontractor's Auditing procedure.,the schedule will be provided in accordance with the requirements established in subcontractor s auditing procedure,Audit Rights,CUAD_train_contracts,cuad_train
"Zounds Hearing, Inc. - MANUFACTURING DESIGN MARKETING AGREEMENT","Subcontractor agrees to provide Manufacturer, at Manufacturer's expense and reasonable request and during ordinary business hours, access to, and copies of, such records, books and all other documents and materials in the possession and under the control of Subcontractor relating to or pertaining to the subject matter of this Agreement; including, but not limited to, the following: a) Subcontractor will provide Manufacturer a schedule of all audits of Subcontractors for materials used in the manufacture of Manufacturer's Products upon request.",subcontractor agrees to provide manufacturer at manufacturer s expense and reasonable request and during ordinary business hours access to and copies of such records books and all other documents and materials in the possession and under the control of subcontractor relating to or pertaining to the subject matter of this agreement including but not limited to the following a subcontractor will provide manufacturer a schedule of all audits of subcontractors for materials used in the manufacture of manufacturer s products upon request,Audit Rights,CUAD_train_contracts,cuad_train
"Zounds Hearing, Inc. - MANUFACTURING DESIGN MARKETING AGREEMENT",Reports on all material Subcontractors for the Manufacturer's Products will be made available to Manufacturer upon request.,reports on all material subcontractors for the manufacturer s products will be made available to manufacturer upon request,Audit Rights,CUAD_train_contracts,cuad_train
"Zounds Hearing, Inc. - MANUFACTURING DESIGN MARKETING AGREEMENT","Upon reasonable notice, Manufacturer may review at any time routine reports relating to all nonconforming materials identified by Subcontractor during the manufacture or inspection of the Manufacturer's Products.",upon reasonable notice manufacturer may review at any time routine reports relating to all nonconforming materials identified by subcontractor during the manufacture or inspection of the manufacturer s products,Audit Rights,CUAD_train_contracts,cuad_train
"Zounds Hearing, Inc. - MANUFACTURING DESIGN MARKETING AGREEMENT","THIS SECTION 7 SETS FORTH SUBCONTRACTOR'S SOLE AND EXCLUSIVE LIABILITY, AND MANUFACTURER'S SOLE AND EXCLUSIVE REMEDY, AS TO ANY FAILURE OF THE MANUFACTURER'S PRODUCTS TO MEET THE WARRANTY STANDARDS.",this section 7 sets forth subcontractor s sole and exclusive liability and manufacturer s sole and exclusive remedy as to any failure of the manufacturer s products to meet the warranty standards,Cap On Liability,CUAD_train_contracts,cuad_train
"Zounds Hearing, Inc. - MANUFACTURING DESIGN MARKETING AGREEMENT","IN NO EVENT SHALL EITHER PARTY BE LIABLE TO THE OTHER FOR ANY ""COVER"" DAMAGES (INCLUDING INTERNAL COVER DAMAGES WHICH THE PARTIES AGREE MAY NOT BE CONSIDERED DIRECT DAMAGES), OR ANY INCIDENTAL, CONSEQUENTIAL, SPECIAL OR PUNITIVE DAMAGES OF ANY KIND OR NATURE ARISING OUT OF THIS AGREEMENT OR THE SALE OF MANUFACTURER'S PRODUCTS, WHETHER SUCH LIABILITY IS ASSERTED ON THE BASIS OF CONTRACT, TORT (INCLUDING THE POSSIBILITY OF NEGLIGENCE OR STRICT LIABILITY), OR OTHERWISE, EVEN IF THE PARTY HAS BEEN WARNED OF THE POSSIBILITY OF ANY SUCH LOSS OR DAMAGE, AND EVEN IF ANY OF THE LIMITED REMEDIES IN THIS AGREEMENT FAIL OF THEIR ESSENTIAL PURPOSE.",in no event shall either party be liable to the other for any cover damages including internal cover damages which the parties agree may not be considered direct damages or any incidental consequential special or punitive damages of any kind or nature arising out of this agreement or the sale of manufacturer s products whether such liability is asserted on the basis of contract tort including the possibility of negligence or strict liability or otherwise even if the party has been warned of the possibility of any such loss or damage and even if any of the limited remedies in this agreement fail of their essential purpose,Cap On Liability,CUAD_train_contracts,cuad_train
"Zounds Hearing, Inc. - MANUFACTURING DESIGN MARKETING AGREEMENT","Each Party agrees that in the event it violates the provisions of this Section 15.9, it will pay to the other Party as liquidated damages, and not as a penalty, an amount equal to one hundred times (100 X) of any such employee's then-current base annual salary.",each party agrees that in the event it violates the provisions of this section 15 9 it will pay to the other party as liquidated damages and not as a penalty an amount equal to one hundred times 100 x of any such employee s then current base annual salary,Liquidated Damages,CUAD_train_contracts,cuad_train
"Zounds Hearing, Inc. - MANUFACTURING DESIGN MARKETING AGREEMENT","Upon Manufacturer's request, Subcontractor will facilitate such Manufacturer's Products being repaired or replaced, Manufacturer must return the Manufacturer's Products to Subcontractor, transportation charges prepaid by Manufacturer, within fifteen (15) days of the end of such thirty (30) date notice period.",upon manufacturer s request subcontractor will facilitate such manufacturer s products being repaired or replaced manufacturer must return the manufacturer s products to subcontractor transportation charges prepaid by manufacturer within fifteen 15 days of the end of such thirty 30 date notice period,Warranty Duration,CUAD_train_contracts,cuad_train
CUROGROUPHOLDINGSCORP_05_04_2020-EX-10.3-SERVICING AGREEMENT,"CURO MANAGEMENT, LLC",curo management llc,Parties,CUAD_train_contracts,cuad_train
CUROGROUPHOLDINGSCORP_05_04_2020-EX-10.3-SERVICING AGREEMENT,"CURO RECEIVABLES FINANCE II, LLC",curo receivables finance ii llc,Parties,CUAD_train_contracts,cuad_train
CUROGROUPHOLDINGSCORP_05_04_2020-EX-10.3-SERVICING AGREEMENT,"This Agreement shall continue in force until the earlier to occur of (i) the Owner no longer owns any Receivables or Participation Interests, and (ii) subject to Section 7(d), the delivery of written notice of termination by the Owner to the Servicer pursuant to Section 7(c), in each case upon which event this Agreement shall automatically terminate unless otherwise agreed in writing between the Servicer and the Owner.",this agreement shall continue in force until the earlier to occur of i the owner no longer owns any receivables or participation interests and ii subject to section 7 d the delivery of written notice of termination by the owner to the servicer pursuant to section 7 c in each case upon which event this agreement shall automatically terminate unless otherwise agreed in writing between the servicer and the owner,Expiration Date,CUAD_train_contracts,cuad_train
CUROGROUPHOLDINGSCORP_05_04_2020-EX-10.3-SERVICING AGREEMENT,"THIS AGREEMENT SHALL BE GOVERNED BY AND CONSTRUED IN ACCORDANCE WITH THE LAWS OF THE STATE OF NEW YORK, WITHOUT REFERENCE TO ITS CONFLICT OF LAW PROVISIONS (OTHER THAN SECTION 5-1401 OF THE GENERAL OBLIGATIONS LAW), AND THE OBLIGATIONS, RIGHTS AND REMEDIES OF THE PARTIES HEREUNDER SHALL BE DETERMINED IN ACCORDANCE WITH SUCH LAWS.",this agreement shall be governed by and construed in accordance with the laws of the state of new york without reference to its conflict of law provisions other than section 5 1401 of the general obligations law and the obligations rights and remedies of the parties hereunder shall be determined in accordance with such laws,Governing Law,CUAD_train_contracts,cuad_train
CUROGROUPHOLDINGSCORP_05_04_2020-EX-10.3-SERVICING AGREEMENT,"In the event that the Servicer resigns or is terminated hereunder, the Servicer shall use its commercially reasonable efforts to and shall cooperate with the Owner and take other reasonable steps requested by the Owner to assist in the orderly and efficient transfer of the administration of the Serviced Assets to the successor Servicer.",in the event that the servicer resigns or is terminated hereunder the servicer shall use its commercially reasonable efforts to and shall cooperate with the owner and take other reasonable steps requested by the owner to assist in the orderly and efficient transfer of the administration of the serviced assets to the successor servicer,Post-Termination Services,CUAD_train_contracts,cuad_train
CUROGROUPHOLDINGSCORP_05_04_2020-EX-10.3-SERVICING AGREEMENT,"The Servicer shall maintain appropriate books of account and records relating to services performed hereunder, which books of account and records shall be accessible for inspection by the Owner at any time during normal business hours.",the servicer shall maintain appropriate books of account and records relating to services performed hereunder which books of account and records shall be accessible for inspection by the owner at any time during normal business hours,Audit Rights,CUAD_train_contracts,cuad_train
CUROGROUPHOLDINGSCORP_05_04_2020-EX-10.3-SERVICING AGREEMENT,"Notwithstanding any prior termination of the Owner or this Agreement, the Servicer shall not at any time with respect to the Owner, acquiesce, petition or otherwise invoke or cause the Owner to invoke the process of any court or governmental authority for the purpose of commencing or sustaining a case against the Owner under any federal or state bankruptcy, insolvency or similar law or appointing a receiver, conservator, liquidator, assignee, trustee, custodian, sequestrator or other similar official of the Owner or any substantial part of its property, or ordering the winding up or liquidation of the affairs of the Owner.",notwithstanding any prior termination of the owner or this agreement the servicer shall not at any time with respect to the owner acquiesce petition or otherwise invoke or cause the owner to invoke the process of any court or governmental authority for the purpose of commencing or sustaining a case against the owner under any federal or state bankruptcy insolvency or similar law or appointing a receiver conservator liquidator assignee trustee custodian sequestrator or other similar official of the owner or any substantial part of its property or ordering the winding up or liquidation of the affairs of the owner,Covenant Not To Sue,CUAD_train_contracts,cuad_train
CUROGROUPHOLDINGSCORP_05_04_2020-EX-10.3-SERVICING AGREEMENT,"Notwithstanding anything to the contrary in this Agreement, both the Owner and Servicer agree that the Agent shall be deemed to be a third-party beneficiary of this Agreement and has the authority to enforce the provisions hereof.",notwithstanding anything to the contrary in this agreement both the owner and servicer agree that the agent shall be deemed to be a third party beneficiary of this agreement and has the authority to enforce the provisions hereof,Third Party Beneficiary,CUAD_train_contracts,cuad_train
SouthernStarEnergyInc_20051202_SB-2A_EX-9_801890_EX-9_Affiliate Agreement,Affiliate Program / Premium Affiliate Management General Terms and Conditions,affiliate program premium affiliate management general terms and conditions,Document Name,CUAD_train_contracts,cuad_train
SouthernStarEnergyInc_20051202_SB-2A_EX-9_801890_EX-9_Affiliate Agreement,"element 5 GmbH, Vogelsanger Strasse 78, 50823 Cologne, Germany and its subsidiaries (together hereafter, ""element 5"")",element 5 gmbh vogelsanger strasse 78 50823 cologne germany and its subsidiaries together hereafter element 5,Parties,CUAD_train_contracts,cuad_train
SouthernStarEnergyInc_20051202_SB-2A_EX-9_801890_EX-9_Affiliate Agreement,"Web site owners (hereafter, ""Affiliates"")",web site owners hereafter affiliates,Parties,CUAD_train_contracts,cuad_train
SouthernStarEnergyInc_20051202_SB-2A_EX-9_801890_EX-9_Affiliate Agreement,"who wish to make use of the additional service provided by element 5 (hereafter, ""Affiliate Management""",who wish to make use of the additional service provided by element 5 hereafter affiliate management,Parties,CUAD_train_contracts,cuad_train
SouthernStarEnergyInc_20051202_SB-2A_EX-9_801890_EX-9_Affiliate Agreement,The term of this Agreement will begin upon acceptance of Affiliate's Program application and will end when terminated by either party of this Agreement.,the term of this agreement will begin upon acceptance of affiliate s program application and will end when terminated by either party of this agreement,Effective Date,CUAD_train_contracts,cuad_train
SouthernStarEnergyInc_20051202_SB-2A_EX-9_801890_EX-9_Affiliate Agreement,This Agreement is entered into for an unlimited period of time.,this agreement is entered into for an unlimited period of time,Expiration Date,CUAD_train_contracts,cuad_train
SouthernStarEnergyInc_20051202_SB-2A_EX-9_801890_EX-9_Affiliate Agreement,"Even in case of agreements with foreign (non-German) Software Publishers and Affiliates, the law of the Federal Republic of Germany applies.",even in case of agreements with foreign non german software publishers and affiliates the law of the federal republic of germany applies,Governing Law,CUAD_train_contracts,cuad_train
SouthernStarEnergyInc_20051202_SB-2A_EX-9_801890_EX-9_Affiliate Agreement,"Either party may cancel this Agreement at any time, with or without supplying a reason, through written notification or by making suitable settings in the respective Control Panel.",either party may cancel this agreement at any time with or without supplying a reason through written notification or by making suitable settings in the respective control panel,Termination For Convenience,CUAD_train_contracts,cuad_train
SouthernStarEnergyInc_20051202_SB-2A_EX-9_801890_EX-9_Affiliate Agreement,The Software Publisher and element 5 are authorized to revoke the license granted to the Affiliate at any time by written notice.,the software publisher and element 5 are authorized to revoke the license granted to the affiliate at any time by written notice,Termination For Convenience,CUAD_train_contracts,cuad_train
SouthernStarEnergyInc_20051202_SB-2A_EX-9_801890_EX-9_Affiliate Agreement,"The percentage of the respective Advertising Cost Compensation shall be stipulated by the Software Publisher, but shall not exceed 50% of the effective gross sales price of the software.",the percentage of the respective advertising cost compensation shall be stipulated by the software publisher but shall not exceed 50 of the effective gross sales price of the software,Revenue/Profit Sharing,CUAD_train_contracts,cuad_train
SouthernStarEnergyInc_20051202_SB-2A_EX-9_801890_EX-9_Affiliate Agreement,"For each sale administered by element 5 of the Software under this Agreement, element 5 shall receive an additional service fee of 2% of the gross sales price (including taxes, shipping and handling, etc.) as well as the Advertising Cost Compensation defined in II. § 6 (4) and in addition to VAT or sales tax (where applicable).",for each sale administered by element 5 of the software under this agreement element 5 shall receive an additional service fee of 2 of the gross sales price including taxes shipping and handling etc as well as the advertising cost compensation defined in ii 6 4 and in addition to vat or sales tax where applicable,Revenue/Profit Sharing,CUAD_train_contracts,cuad_train
SouthernStarEnergyInc_20051202_SB-2A_EX-9_801890_EX-9_Affiliate Agreement,The Advertising Cost Compensation depends on the actual sales generated by end users referred via the electronic advertisement (the Affiliate's link).,the advertising cost compensation depends on the actual sales generated by end users referred via the electronic advertisement the affiliate s link,Revenue/Profit Sharing,CUAD_train_contracts,cuad_train
SouthernStarEnergyInc_20051202_SB-2A_EX-9_801890_EX-9_Affiliate Agreement,"Instead of fixed compensation, the Affiliate receives result- dependent Advertising Cost Compensation (also known in the element 5 Control Panel as ""Commission"") in exchange for publishing the advertisements.",instead of fixed compensation the affiliate receives result dependent advertising cost compensation also known in the element 5 control panel as commission in exchange for publishing the advertisements,Revenue/Profit Sharing,CUAD_train_contracts,cuad_train
SouthernStarEnergyInc_20051202_SB-2A_EX-9_801890_EX-9_Affiliate Agreement,"Upon activation of the Affiliate, the Software Publisher grants the Affiliate a non-exclusive, revocable right to use provided advertising material, notices and all further presentations (insofar as available - also known hereafter as ""Material"") only for the purpose of designating its Web site as a ""partner Web site"" and presenting the designated advertising Material.",upon activation of the affiliate the software publisher grants the affiliate a non exclusive revocable right to use provided advertising material notices and all further presentations insofar as available also known hereafter as material only for the purpose of designating its web site as a partner web site and presenting the designated advertising material,License Grant,CUAD_train_contracts,cuad_train
SouthernStarEnergyInc_20051202_SB-2A_EX-9_801890_EX-9_Affiliate Agreement,"This includes in particular the liability exclusion for lost profit, the loss of data or interruption to or errors in the operation of the Web site of the Affiliate.",this includes in particular the liability exclusion for lost profit the loss of data or interruption to or errors in the operation of the web site of the affiliate,Cap On Liability,CUAD_train_contracts,cuad_train
ConformisInc_20191101_10-Q_EX-10.6_11861402_EX-10.6_Development Agreement,DEVELOPMENT AGREEMENT,development agreement,Document Name,CUAD_train_contracts,cuad_train
ConformisInc_20191101_10-Q_EX-10.6_11861402_EX-10.6_Development Agreement,"Stryker and Conformis are collectively referred to herein as the ""Parties"" and individually as a ""Party.""",stryker and conformis are collectively referred to herein as the parties and individually as a party,Parties,CUAD_train_contracts,cuad_train
ConformisInc_20191101_10-Q_EX-10.6_11861402_EX-10.6_Development Agreement,"also known as Stryker Orthopaedics (""Stryker"")",also known as stryker orthopaedics stryker,Parties,CUAD_train_contracts,cuad_train
ConformisInc_20191101_10-Q_EX-10.6_11861402_EX-10.6_Development Agreement,Howmedica Osteonics Corp.,howmedica osteonics corp,Parties,CUAD_train_contracts,cuad_train
ConformisInc_20191101_10-Q_EX-10.6_11861402_EX-10.6_Development Agreement,"The term of this Agreement shall begin as of the Effective Date and continue until Acceptance of all Deliverables for Milestones #1 and #2 pursuant to Section 3.4 and completion of Milestone #3, unless earlier terminated under Section 8.2, as provided for under the Other Agreements, or as mutually agreed by the Parties.",the term of this agreement shall begin as of the effective date and continue until acceptance of all deliverables for milestones 1 and 2 pursuant to section 3 4 and completion of milestone 3 unless earlier terminated under section 8 2 as provided for under the other agreements or as mutually agreed by the parties,Expiration Date,CUAD_train_contracts,cuad_train
ConformisInc_20191101_10-Q_EX-10.6_11861402_EX-10.6_Development Agreement,This Agreement shall be governed and construed in accordance with the laws of New York State (without regard to the conflict of laws provisions thereof).,this agreement shall be governed and construed in accordance with the laws of new york state without regard to the conflict of laws provisions thereof,Governing Law,CUAD_train_contracts,cuad_train
ConformisInc_20191101_10-Q_EX-10.6_11861402_EX-10.6_Development Agreement,"Except as specifically provided in the Distribution Agreement, Conformis shall be prohibited from developing or assisting another in developing, or causing another to develop, Patient-Specific Instrumentation for Off-The-Shelf Knee Implants for any Third Party in the field of orthopedics until January 1, 2032 (or earlier, to the extent set forth in Section 2.3.3.4 or Section 2.3.5 of the Distribution Agreement), with the exception that Conformis (including any entity involved in a Change of Control of Conformis, any such entity an ""Acquirer""), may develop Patient-Specific Instrumentation for any Off-The- Shelf Implants of Conformis, an Acquirer or any of their Affiliates.",except as specifically provided in the distribution agreement conformis shall be prohibited from developing or assisting another in developing or causing another to develop patient specific instrumentation for off the shelf knee implants for any third party in the field of orthopedics until january 1 2032 or earlier to the extent set forth in section 2 3 3 4 or section 2 3 5 of the distribution agreement with the exception that conformis including any entity involved in a change of control of conformis any such entity an acquirer may develop patient specific instrumentation for any off the shelf implants of conformis an acquirer or any of their affiliates,Exclusivity,CUAD_train_contracts,cuad_train
ConformisInc_20191101_10-Q_EX-10.6_11861402_EX-10.6_Development Agreement,"For purposes of clarity, the foregoing does not prevent Conformis from granting any license, release, covenant not to sue or other immunity to any third party under any Patents, including any such immunity that would authorize manufacture, use or sale of Patient-Specific Instrumentation for Off-The-Shelf Knee Implants outside the Buyer Field.",for purposes of clarity the foregoing does not prevent conformis from granting any license release covenant not to sue or other immunity to any third party under any patents including any such immunity that would authorize manufacture use or sale of patient specific instrumentation for off the shelf knee implants outside the buyer field,Competitive Restriction Exception,CUAD_train_contracts,cuad_train
ConformisInc_20191101_10-Q_EX-10.6_11861402_EX-10.6_Development Agreement,"Notwithstanding the foregoing, in the event that the applicable Party decides not to file at all or not to file a continuing or other application to maintain the viability of the U.S part of a family of patents to which an application belongs, or decides to abandon or discontinue the prosecution or maintenance of any of the Joint IP Rights, such Party shall notify the other Party thereof, and such other Party may elect to continue the prosecution (including non-provisional application and PCT entry) or maintenance of such Joint IP Rights at its sole expense and in the name(s) of both Stryker and Conformis",notwithstanding the foregoing in the event that the applicable party decides not to file at all or not to file a continuing or other application to maintain the viability of the u s part of a family of patents to which an application belongs or decides to abandon or discontinue the prosecution or maintenance of any of the joint ip rights such party shall notify the other party thereof and such other party may elect to continue the prosecution including non provisional application and pct entry or maintenance of such joint ip rights at its sole expense and in the name s of both stryker and conformis,Rofr/Rofo/Rofn,CUAD_train_contracts,cuad_train
ConformisInc_20191101_10-Q_EX-10.6_11861402_EX-10.6_Development Agreement,"obligations of the assigning Party in a written instrument, a copy of which is provided to the other Party; and (ii) any assignment of this Agreement must be accompanied by a simultaneous assignment of the Other Agreements to the same assignee, and the assigning Party's interest in the Purchased Assets to the same assignee unless otherwise agreed by Conformis in advance, which agreement shall not be unreasonably withheld.",obligations of the assigning party in a written instrument a copy of which is provided to the other party and ii any assignment of this agreement must be accompanied by a simultaneous assignment of the other agreements to the same assignee and the assigning party s interest in the purchased assets to the same assignee unless otherwise agreed by conformis in advance which agreement shall not be unreasonably withheld,Change Of Control,CUAD_train_contracts,cuad_train
ConformisInc_20191101_10-Q_EX-10.6_11861402_EX-10.6_Development Agreement,"Except as otherwise provided herein, a Party shall not have the right to assign any of its rights or obligations under this Agreement (whether through a merger, sale of stock, or otherwise) without the prior written consent of the other Party; except that, either Party shall be permitted, without any need for the other Party's consent, to assign this Agreement (a) in whole or in part to an Affiliate (provided, however, that once such Person is no longer an Affiliate of the assigning Party, such former Affiliate shall assign this Agreement back to the assigning Party), provided that the assigning Party provides the other Party notice of any such assignment provided further that failure to provide such notice of such assignment shall not render such assignment void; or (b) to a Third Party in connection with sale or transfer of all or substantially all of the assigning Party's business or assets relating to the subject matter of this Agreement, whether by Change of Control, merger, sale of assets or otherwise; provided, however, that, with respect to clause (b), (i) any assignment of this Agreement shall be void and have no effect unless and until the assignee assumes the",except as otherwise provided herein a party shall not have the right to assign any of its rights or obligations under this agreement whether through a merger sale of stock or otherwise without the prior written consent of the other party except that either party shall be permitted without any need for the other party s consent to assign this agreement a in whole or in part to an affiliate provided however that once such person is no longer an affiliate of the assigning party such former affiliate shall assign this agreement back to the assigning party provided that the assigning party provides the other party notice of any such assignment provided further that failure to provide such notice of such assignment shall not render such assignment void or b to a third party in connection with sale or transfer of all or substantially all of the assigning party s business or assets relating to the subject matter of this agreement whether by change of control merger sale of assets or otherwise provided however that with respect to clause b i any assignment of this agreement shall be void and have no effect unless and until the assignee assumes the,Change Of Control,CUAD_train_contracts,cuad_train
ConformisInc_20191101_10-Q_EX-10.6_11861402_EX-10.6_Development Agreement,"assigning Party in a written instrument, a copy of which is provided to the other Party; and (ii) any assignment of this Agreement must be accompanied by a simultaneous assignment of the Other Agreements to the same assignee, and the assigning Party's interest in the Purchased Assets to the same assignee unless otherwise agreed by Conformis in advance, which agreement shall not be unreasonably withheld.",assigning party in a written instrument a copy of which is provided to the other party and ii any assignment of this agreement must be accompanied by a simultaneous assignment of the other agreements to the same assignee and the assigning party s interest in the purchased assets to the same assignee unless otherwise agreed by conformis in advance which agreement shall not be unreasonably withheld,Anti-Assignment,CUAD_train_contracts,cuad_train
ConformisInc_20191101_10-Q_EX-10.6_11861402_EX-10.6_Development Agreement,Any assignment not in accordance with this Section 10.2 shall be void.,any assignment not in accordance with this section 10 2 shall be void,Anti-Assignment,CUAD_train_contracts,cuad_train
ConformisInc_20191101_10-Q_EX-10.6_11861402_EX-10.6_Development Agreement,"To the extent working with Agents or other Third Parties is permitted under the R&D Work Plan, should a Party wish to engage an Agent or any other Third Party in connection with the R&D Work Plan or any other work under this Agreement, such Party must obtain in advance a written agreement by such Agent or other Third Party (i) to assign to the Party all Inventions conceived, created or generated by the Agent or other Third Party, and (ii) to maintain all Confidential Information in confidence as set forth in Section 5.2.",to the extent working with agents or other third parties is permitted under the r d work plan should a party wish to engage an agent or any other third party in connection with the r d work plan or any other work under this agreement such party must obtain in advance a written agreement by such agent or other third party i to assign to the party all inventions conceived created or generated by the agent or other third party and ii to maintain all confidential information in confidence as set forth in section 5 2,Anti-Assignment,CUAD_train_contracts,cuad_train
ConformisInc_20191101_10-Q_EX-10.6_11861402_EX-10.6_Development Agreement,"Conformis by operation of law or by assignment by its employees or consultants; and to facilitate such assignment to Stryker, Conformis agrees (i) to regularly ensure that its employees and consultants timely make any appropriate assignments to it of that which constitutes Improved Stryker Background IP, and (ii) at Stryker's reasonable request, to execute and have its employees and consultants execute, as necessary, all assignments and any other documentation necessary to perfect title in Stryker of such Improved Stryker Background IP.",conformis by operation of law or by assignment by its employees or consultants and to facilitate such assignment to stryker conformis agrees i to regularly ensure that its employees and consultants timely make any appropriate assignments to it of that which constitutes improved stryker background ip and ii at stryker s reasonable request to execute and have its employees and consultants execute as necessary all assignments and any other documentation necessary to perfect title in stryker of such improved stryker background ip,Ip Ownership Assignment,CUAD_train_contracts,cuad_train
ConformisInc_20191101_10-Q_EX-10.6_11861402_EX-10.6_Development Agreement,"Conformis agrees to assign and hereby assigns to Stryker all right, title and interest in and to all Improved Stryker Background IP in which ownership in same has vested in",conformis agrees to assign and hereby assigns to stryker all right title and interest in and to all improved stryker background ip in which ownership in same has vested in,Ip Ownership Assignment,CUAD_train_contracts,cuad_train
ConformisInc_20191101_10-Q_EX-10.6_11861402_EX-10.6_Development Agreement,"Each Party to whom ownership is to vest in Joint IP by operation of law or by assignment by its employees or Agents agrees to assign and hereby assigns to the other Party an undivided one-half right, title and interest in and to all Joint IP; and to facilitate such assignment, the Party possessing such ownership agrees (i) to regularly ensure that its employees and consultants timely make any appropriate assignments to it; and (ii) at the other Party's reasonable request, to execute and have its employees and consultants execute, as necessary, all assignments and any other documentation to perfect the undivided one-half right, title and interest in and to the other Party of such Joint IP.",each party to whom ownership is to vest in joint ip by operation of law or by assignment by its employees or agents agrees to assign and hereby assigns to the other party an undivided one half right title and interest in and to all joint ip and to facilitate such assignment the party possessing such ownership agrees i to regularly ensure that its employees and consultants timely make any appropriate assignments to it and ii at the other party s reasonable request to execute and have its employees and consultants execute as necessary all assignments and any other documentation to perfect the undivided one half right title and interest in and to the other party of such joint ip,Ip Ownership Assignment,CUAD_train_contracts,cuad_train
ConformisInc_20191101_10-Q_EX-10.6_11861402_EX-10.6_Development Agreement,"Subject to the limitations set forth in this Agreement, the Joint IP may be used freely by either Party or its Affiliates and licensed to Third Parties by Conformis and its Affiliates, on the one hand, outside of the Buyer Field or by Stryker and its Affiliates, on the other hand, within the Buyer Field, in each case, without the consent of, or duty to account to or notify, the other Party, but, except with respect to external licenses of the Improved Conformis Background IP by Conformis or its Affiliates to Third Parties, any external Third Party license shall be governed in accordance with the last sentence of Section 4.3(c) of the APA.",subject to the limitations set forth in this agreement the joint ip may be used freely by either party or its affiliates and licensed to third parties by conformis and its affiliates on the one hand outside of the buyer field or by stryker and its affiliates on the other hand within the buyer field in each case without the consent of or duty to account to or notify the other party but except with respect to external licenses of the improved conformis background ip by conformis or its affiliates to third parties any external third party license shall be governed in accordance with the last sentence of section 4 3 c of the apa,Joint Ip Ownership,CUAD_train_contracts,cuad_train
ConformisInc_20191101_10-Q_EX-10.6_11861402_EX-10.6_Development Agreement,"All right, title and interest in and to the Improved Conformis Background IP and KIB Product IP (""Joint IP"") shall be owned jointly by the Parties.",all right title and interest in and to the improved conformis background ip and kib product ip joint ip shall be owned jointly by the parties,Joint Ip Ownership,CUAD_train_contracts,cuad_train
ConformisInc_20191101_10-Q_EX-10.6_11861402_EX-10.6_Development Agreement,"To the extent required and for the avoidance of doubt, Stryker hereby grants Conformis, and Conformis hereby accepts, a non-exclusive license to the Stryker Background IP and Improved Stryker Background IP solely for purposes of performing any obligations under this Agreement and the Distribution Agreement.",to the extent required and for the avoidance of doubt stryker hereby grants conformis and conformis hereby accepts a non exclusive license to the stryker background ip and improved stryker background ip solely for purposes of performing any obligations under this agreement and the distribution agreement,License Grant,CUAD_train_contracts,cuad_train
ConformisInc_20191101_10-Q_EX-10.6_11861402_EX-10.6_Development Agreement,"EXCEPT FOR [**], IN NO EVENT WILL EITHER PARTY BE LIABLE TO THE OTHER PARTY FOR [**], EVEN IF SUCH PARTY WAS ADVISED OR AWARE OF THE POSSIBILITY OF SUCH DAMAGES.",except for in no event will either party be liable to the other party for even if such party was advised or aware of the possibility of such damages,Uncapped Liability,CUAD_train_contracts,cuad_train
ConformisInc_20191101_10-Q_EX-10.6_11861402_EX-10.6_Development Agreement,CONFORMIS' LIABILITY ON A PER OCCURRENCE BASIS UNDER SECTION 7.3(A)(IV) SHALL NOT EXCEED THE GREATER OF (I) $[**] AND (II) THE AMOUNT OF INSURANCE COVERAGE ACTUALLY PAID TO CONFORMIS UNDER THEN-CURRENT INSURANCE POLICIES OF CONFORMIS IN RESPECT OF SUCH DAMAGES.,conformis liability on a per occurrence basis under section 7 3 a iv shall not exceed the greater of i and ii the amount of insurance coverage actually paid to conformis under then current insurance policies of conformis in respect of such damages,Cap On Liability,CUAD_train_contracts,cuad_train
ConformisInc_20191101_10-Q_EX-10.6_11861402_EX-10.6_Development Agreement,"Such termination, together with the provisions of Section 5.2 of the License Agreement, constitutes as Stryker's sole remedy and Conformis' exclusive liability in the event of any such rejection or failure by Conformis to deliver materially conforming Deliverables hereunder so long as such rejection or failure does not arise from Conformis' fraud, willful misconduct, gross negligence or bad faith.",such termination together with the provisions of section 5 2 of the license agreement constitutes as stryker s sole remedy and conformis exclusive liability in the event of any such rejection or failure by conformis to deliver materially conforming deliverables hereunder so long as such rejection or failure does not arise from conformis fraud willful misconduct gross negligence or bad faith,Cap On Liability,CUAD_train_contracts,cuad_train
ConformisInc_20191101_10-Q_EX-10.6_11861402_EX-10.6_Development Agreement,"Notwithstanding anything to the contrary, Stryker's sole remedy and Conformis' exclusive liability for breach of Section 3.2 with respect to a Product or a Stryker Product shall be as set forth in Section 10.1(i) of the Distribution Agreement.",notwithstanding anything to the contrary stryker s sole remedy and conformis exclusive liability for breach of section 3 2 with respect to a product or a stryker product shall be as set forth in section 10 1 i of the distribution agreement,Cap On Liability,CUAD_train_contracts,cuad_train
LegacyEducationAllianceInc_20200330_10-K_EX-10.18_12090678_EX-10.18_Development Agreement,REAL ESTATE EDUCATION TRAINING PROGRAM DEVELOPMENT AGREEMENT,real estate education training program development agreement,Document Name,CUAD_train_contracts,cuad_train
LegacyEducationAllianceInc_20200330_10-K_EX-10.18_12090678_EX-10.18_Development Agreement,"Legacy Education Alliance Holdings, Inc.",legacy education alliance holdings inc,Parties,CUAD_train_contracts,cuad_train
LegacyEducationAllianceInc_20200330_10-K_EX-10.18_12090678_EX-10.18_Development Agreement,"The term ""Term"" shall mean an initial term of five years, automatically renewable thereafter for successive 5-year terms unless either party provides prior written notice of termination not less than 90 days prior to the end of such five-year term; provided, however, T&B shall have the right to terminate the license after the first year of the Term if LEA does not conduct the Business so as to meet the Cash Sales benchmarks set by the parties for years two through five of the Term, as set forth in Section 3.3, below.",the term term shall mean an initial term of five years automatically renewable thereafter for successive 5 year terms unless either party provides prior written notice of termination not less than 90 days prior to the end of such five year term provided however t b shall have the right to terminate the license after the first year of the term if lea does not conduct the business so as to meet the cash sales benchmarks set by the parties for years two through five of the term as set forth in section 3 3 below,Expiration Date,CUAD_train_contracts,cuad_train
LegacyEducationAllianceInc_20200330_10-K_EX-10.18_12090678_EX-10.18_Development Agreement,The Term shall commence upon the Effective Date and shall continue for an initial term of five (5) years.,the term shall commence upon the effective date and shall continue for an initial term of five 5 years,Expiration Date,CUAD_train_contracts,cuad_train
LegacyEducationAllianceInc_20200330_10-K_EX-10.18_12090678_EX-10.18_Development Agreement,The Term shall automatically renew thereafter for successive 5-year terms unless either party provides prior written notice of termination not less than 90 days prior to the end of such five-year term.,the term shall automatically renew thereafter for successive 5 year terms unless either party provides prior written notice of termination not less than 90 days prior to the end of such five year term,Renewal Term,CUAD_train_contracts,cuad_train
LegacyEducationAllianceInc_20200330_10-K_EX-10.18_12090678_EX-10.18_Development Agreement,"This Agreement will be governed by and construed in accordance with the laws of the State of New York without regard to its provisions concerning the applicability of the laws of other jurisdictions, and specifically excluding the United Nations Convention on the International Sale of Goods.",this agreement will be governed by and construed in accordance with the laws of the state of new york without regard to its provisions concerning the applicability of the laws of other jurisdictions and specifically excluding the united nations convention on the international sale of goods,Governing Law,CUAD_train_contracts,cuad_train
LegacyEducationAllianceInc_20200330_10-K_EX-10.18_12090678_EX-10.18_Development Agreement,"Further, during the Term, except as otherwise provided herein, neither T&B nor any of its Affiliates may (1) offer to sell or sell any product or service that is the same or similar to the Products in the Exclusive Field of Use,",further during the term except as otherwise provided herein neither t b nor any of its affiliates may 1 offer to sell or sell any product or service that is the same or similar to the products in the exclusive field of use,Non-Compete,CUAD_train_contracts,cuad_train
LegacyEducationAllianceInc_20200330_10-K_EX-10.18_12090678_EX-10.18_Development Agreement,"provided, however, that T&B, in its sole and absolute discretion, shall have the right to terminate this Agreement, including all rights and licenses granted to LEA herein, if and as of the date that any monthly Royalty Payment (as defined in 9.3, below) payable to T&B does not exceed the Minimum Guaranteed Royalty for six (6) consecutive months.",provided however that t b in its sole and absolute discretion shall have the right to terminate this agreement including all rights and licenses granted to lea herein if and as of the date that any monthly royalty payment as defined in 9 3 below payable to t b does not exceed the minimum guaranteed royalty for six 6 consecutive months,Non-Compete,CUAD_train_contracts,cuad_train
LegacyEducationAllianceInc_20200330_10-K_EX-10.18_12090678_EX-10.18_Development Agreement,"In consideration of the exclusivity rights granted to LEA, commencing with the seventh (7t h) month of the Term and continuing each year of the Term thereafter, the minimum Royalties payable to T&B each month shall be the greater of the (i) applicable monthly Base Royalty and Marketing Royalty or (ii) $200,000.",in consideration of the exclusivity rights granted to lea commencing with the seventh 7t h month of the term and continuing each year of the term thereafter the minimum royalties payable to t b each month shall be the greater of the i applicable monthly base royalty and marketing royalty or ii 200 000,Exclusivity,CUAD_train_contracts,cuad_train
LegacyEducationAllianceInc_20200330_10-K_EX-10.18_12090678_EX-10.18_Development Agreement,"T&B hereby grants to LEA, and LEA hereby accepts from T&B, during the Term, the sole and exclusive worldwide right and license in and to the Licensed Intellectual Property, which right and license shall be limited to that which is necessary for LEA to (i) develop and create Educational Materials and (ii) develop, promote and conduct the Business worldwide , unless the license is earlier terminated as provided herein.",t b hereby grants to lea and lea hereby accepts from t b during the term the sole and exclusive worldwide right and license in and to the licensed intellectual property which right and license shall be limited to that which is necessary for lea to i develop and create educational materials and ii develop promote and conduct the business worldwide unless the license is earlier terminated as provided herein,Exclusivity,CUAD_train_contracts,cuad_train
LegacyEducationAllianceInc_20200330_10-K_EX-10.18_12090678_EX-10.18_Development Agreement,"T&B shall not, during the Term, grant any third party a license to use the Licensed Intellectual Property within the Exclusive Field of Use.",t b shall not during the term grant any third party a license to use the licensed intellectual property within the exclusive field of use,Exclusivity,CUAD_train_contracts,cuad_train
LegacyEducationAllianceInc_20200330_10-K_EX-10.18_12090678_EX-10.18_Development Agreement,"(2) contact, solicit, or direct any person or entity to contact or solicit, any of the customers of (or customers set forth in the Customer Data) for the purpose of providing any products or services that are the same or similar to the Products; provided, however, that T&B, in its sole and absolute discretion, shall have the right to terminate this Agreement, including all rights and licenses granted to LEA herein, if and as of the date that any monthly Royalty Payment (as defined in 9.3, below) payable to T&B does not exceed the Minimum Guaranteed Royalty for six (6) consecutive months.",2 contact solicit or direct any person or entity to contact or solicit any of the customers of or customers set forth in the customer data for the purpose of providing any products or services that are the same or similar to the products provided however that t b in its sole and absolute discretion shall have the right to terminate this agreement including all rights and licenses granted to lea herein if and as of the date that any monthly royalty payment as defined in 9 3 below payable to t b does not exceed the minimum guaranteed royalty for six 6 consecutive months,No-Solicit Of Customers,CUAD_train_contracts,cuad_train
LegacyEducationAllianceInc_20200330_10-K_EX-10.18_12090678_EX-10.18_Development Agreement,"Further, during the Term, except as otherwise provided herein, neither T&B nor any of its Affiliates may",further during the term except as otherwise provided herein neither t b nor any of its affiliates may,No-Solicit Of Customers,CUAD_train_contracts,cuad_train
LegacyEducationAllianceInc_20200330_10-K_EX-10.18_12090678_EX-10.18_Development Agreement,"Notwithstanding the foregoing, either party may assign this Agreement without the other party's prior written consent in the event of a merger, acquisition, reorganization, change in control, or sale of substantially all of the assets or business of such assigning part",notwithstanding the foregoing either party may assign this agreement without the other party s prior written consent in the event of a merger acquisition reorganization change in control or sale of substantially all of the assets or business of such assigning part,Anti-Assignment,CUAD_train_contracts,cuad_train
LegacyEducationAllianceInc_20200330_10-K_EX-10.18_12090678_EX-10.18_Development Agreement,Neither party may assign this Agreement without the other party's prior written consent.,neither party may assign this agreement without the other party s prior written consent,Anti-Assignment,CUAD_train_contracts,cuad_train
LegacyEducationAllianceInc_20200330_10-K_EX-10.18_12090678_EX-10.18_Development Agreement,Any assignment in conflict with this provision shall be void.,any assignment in conflict with this provision shall be void,Anti-Assignment,CUAD_train_contracts,cuad_train
LegacyEducationAllianceInc_20200330_10-K_EX-10.18_12090678_EX-10.18_Development Agreement,"In lieu of any other royalty, the parties shall share Cash Sales from the sale of such independently developed T&B Products that are generated directly and independently by LEA as follows: [●%] to LEA [●%] to T&B",in lieu of any other royalty the parties shall share cash sales from the sale of such independently developed t b products that are generated directly and independently by lea as follows to lea to t b,Revenue/Profit Sharing,CUAD_train_contracts,cuad_train
LegacyEducationAllianceInc_20200330_10-K_EX-10.18_12090678_EX-10.18_Development Agreement,"For monthly Cash Sales above [$●] and up to [$●], the Base Royalty paid to T&B by LEA shall be [●%] of the LEA's Cash Sales",for monthly cash sales above and up to the base royalty paid to t b by lea shall be of the lea s cash sales,Revenue/Profit Sharing,CUAD_train_contracts,cuad_train
LegacyEducationAllianceInc_20200330_10-K_EX-10.18_12090678_EX-10.18_Development Agreement,"Marketing Royalty: In consideration of T&B Personality providing commercially reasonable, regular and periodic marketing support to LEA substantially in accordance with Schedule 2 attached to this Agreement and incorporated herein by reference, which LEA agrees to request and accept from T&B consistently during the Term, LEA will pay T&M a royalty in addition to the Base Royalty (""Marketing Royalty"") which shall be comprised of and calculated at [●%] of LEA's Cash Sales made from the sale of Products at live events and [●%] of LEA's Cash Sales made from the sale of Products at on-line webinars",marketing royalty in consideration of t b personality providing commercially reasonable regular and periodic marketing support to lea substantially in accordance with schedule 2 attached to this agreement and incorporated herein by reference which lea agrees to request and accept from t b consistently during the term lea will pay t m a royalty in addition to the base royalty marketing royalty which shall be comprised of and calculated at of lea s cash sales made from the sale of products at live events and of lea s cash sales made from the sale of products at on line webinars,Revenue/Profit Sharing,CUAD_train_contracts,cuad_train
LegacyEducationAllianceInc_20200330_10-K_EX-10.18_12090678_EX-10.18_Development Agreement,"The parties acknowledge that the development and fulfillment of such new Products may require substantial time and effort by the T&B Personality to fulfill such new Products such that the Marketing Royalty payable pursuant to V. B., above, is inadequate to compensate T&B Personality; therefore, in lieu of any other royalty, the parties shall share Cash Sales from the sale of such new Products as follows: [●%] to LEA [●%] to T&B",the parties acknowledge that the development and fulfillment of such new products may require substantial time and effort by the t b personality to fulfill such new products such that the marketing royalty payable pursuant to v b above is inadequate to compensate t b personality therefore in lieu of any other royalty the parties shall share cash sales from the sale of such new products as follows to lea to t b,Revenue/Profit Sharing,CUAD_train_contracts,cuad_train
LegacyEducationAllianceInc_20200330_10-K_EX-10.18_12090678_EX-10.18_Development Agreement,"In consideration of the License granted and other good and valuable consideration provided by T&B to LEA, LEA shall pay to T&B a base royalty (""Base Royalty"") in the amount of [●%] of LEA's monthly Cash Sales for Cash Sales of up to [$●].",in consideration of the license granted and other good and valuable consideration provided by t b to lea lea shall pay to t b a base royalty base royalty in the amount of of lea s monthly cash sales for cash sales of up to,Revenue/Profit Sharing,CUAD_train_contracts,cuad_train
LegacyEducationAllianceInc_20200330_10-K_EX-10.18_12090678_EX-10.18_Development Agreement,For monthly Cash Sales above [$●]the Base Royalty paid to T&B by LEA shall be [●%] of the LEA's Cash Sales.,for monthly cash sales above the base royalty paid to t b by lea shall be of the lea s cash sales,Revenue/Profit Sharing,CUAD_train_contracts,cuad_train
LegacyEducationAllianceInc_20200330_10-K_EX-10.18_12090678_EX-10.18_Development Agreement,"To facilitate the effective launch of the Business, T&B shall assist LEA by providing the following: o Approved Images § Minimum 5 Hero image/poses (studio or in the field) of Tarek · Full length, 3/4 or straight, waist up and/or chest up o Hi-resolution: 8""x10"" or 5""x 7"" 300 dpi flattened file § File Format: .jpg, .psd, .tiff, .png. o Approved Videos § Minimum 3 Live Workshop Promotion · 1 30 second clip · 1 60 second clip · 1 3-minute video § Minimum 3 Online Workshop Promotion by topic · 1 30 second clip · 1 60 second clip · 1 3-minute video § Minimum 5 Nurturing/Event Reminder- Live and Online (10) · 1 Thank you for registering · 1 Workshop reminder/ content · 1 Motivational- Why/Purpose · 1 Call to action- Show up. Take action by doing. o What they'll learn/expectations · 1 Thank you for pursing education- post event",to facilitate the effective launch of the business t b shall assist lea by providing the following o approved images minimum 5 hero image poses studio or in the field of tarek full length 3 4 or straight waist up and or chest up o hi resolution 8 x10 or 5 x 7 300 dpi flattened file file format jpg psd tiff png o approved videos minimum 3 live workshop promotion 1 30 second clip 1 60 second clip 1 3 minute video minimum 3 online workshop promotion by topic 1 30 second clip 1 60 second clip 1 3 minute video minimum 5 nurturing event reminder live and online 10 1 thank you for registering 1 workshop reminder content 1 motivational why purpose 1 call to action show up take action by doing o what they ll learn expectations 1 thank you for pursing education post event,Minimum Commitment,CUAD_train_contracts,cuad_train
LegacyEducationAllianceInc_20200330_10-K_EX-10.18_12090678_EX-10.18_Development Agreement,"Approved Images § Minimum 5 Photos · Studio or in the field of Tarek o File Format: .jpg, .psd, .tiff, .png. o Approved Copy § Minimum 3 topics to post · 1-2 paragraphs of content o Event promotion, Motivational and Real Estate Content o Approved Videos § Minimum 3 Videos · 60 seconds to 3 minutes + o Studio or in the field of Tarek · Event promotion, Motivational and Real Estate Content o Personal Post § Minimum 1 social post on all platforms inviting people to events, products or services",approved images minimum 5 photos studio or in the field of tarek o file format jpg psd tiff png o approved copy minimum 3 topics to post 1 2 paragraphs of content o event promotion motivational and real estate content o approved videos minimum 3 videos 60 seconds to 3 minutes o studio or in the field of tarek event promotion motivational and real estate content o personal post minimum 1 social post on all platforms inviting people to events products or services,Minimum Commitment,CUAD_train_contracts,cuad_train
LegacyEducationAllianceInc_20200330_10-K_EX-10.18_12090678_EX-10.18_Development Agreement,"Approved Copy § Minimum 3 topics to post · 1-2 paragraphs of content o Event promotion, Motivational and Real Estate Content o Approved Videos § Minimum 3 Videos · 60 seconds to 3 minutes + o Studio or in the field of Tarek · Event promotion, Motivational and Real Estate Content",approved copy minimum 3 topics to post 1 2 paragraphs of content o event promotion motivational and real estate content o approved videos minimum 3 videos 60 seconds to 3 minutes o studio or in the field of tarek event promotion motivational and real estate content,Minimum Commitment,CUAD_train_contracts,cuad_train
LegacyEducationAllianceInc_20200330_10-K_EX-10.18_12090678_EX-10.18_Development Agreement,"Further, during the Term, except as otherwise provided herein, neither T&B nor any of its Affiliates may (1) offer to sell or sell any product or service that is the same or similar to the Products in the Exclusive Field of Use, or (2) contact, solicit, or direct any person or entity to contact or solicit, any of the customers of (or customers set forth in the Customer Data) for the purpose of providing any products or services that are the same or similar to the Products; provided, however, that T&B, in its sole and absolute discretion, shall have the right to terminate this Agreement, including all rights and licenses granted to LEA herein, if and as of the date that any monthly Royalty Payment (as defined in 9.3, below) payable to T&B does not exceed the Minimum Guaranteed Royalty for six (6) consecutive months.",further during the term except as otherwise provided herein neither t b nor any of its affiliates may 1 offer to sell or sell any product or service that is the same or similar to the products in the exclusive field of use or 2 contact solicit or direct any person or entity to contact or solicit any of the customers of or customers set forth in the customer data for the purpose of providing any products or services that are the same or similar to the products provided however that t b in its sole and absolute discretion shall have the right to terminate this agreement including all rights and licenses granted to lea herein if and as of the date that any monthly royalty payment as defined in 9 3 below payable to t b does not exceed the minimum guaranteed royalty for six 6 consecutive months,Minimum Commitment,CUAD_train_contracts,cuad_train
LegacyEducationAllianceInc_20200330_10-K_EX-10.18_12090678_EX-10.18_Development Agreement,LEA shall compensate T&B Personality the sum of [$●] plus first-class air and hotel accommodations for up to three (3) additional persons for each such appearance.,lea shall compensate t b personality the sum of plus first class air and hotel accommodations for up to three 3 additional persons for each such appearance,Volume Restriction,CUAD_train_contracts,cuad_train
LegacyEducationAllianceInc_20200330_10-K_EX-10.18_12090678_EX-10.18_Development Agreement,"T&B Personality shall make six (6) public appearances each year of the Term, including an appearance at LEA's annual Hall of Fame Symposium, for the purpose of promoting the Business, which appearances may include autograph sessions, book signings, appearances at LEA's workshops, seminars and symposiums with each such session not to exceed four (4) hours",t b personality shall make six 6 public appearances each year of the term including an appearance at lea s annual hall of fame symposium for the purpose of promoting the business which appearances may include autograph sessions book signings appearances at lea s workshops seminars and symposiums with each such session not to exceed four 4 hours,Volume Restriction,CUAD_train_contracts,cuad_train
LegacyEducationAllianceInc_20200330_10-K_EX-10.18_12090678_EX-10.18_Development Agreement,"The parties may also conduct up to 10 ""big stage"" live events each year to market Products. LEA may request T&B Personality to appear at such events for not more than eight (8) hours each, subject to T&B Personality's availability",the parties may also conduct up to 10 big stage live events each year to market products lea may request t b personality to appear at such events for not more than eight 8 hours each subject to t b personality s availability,Volume Restriction,CUAD_train_contracts,cuad_train
LegacyEducationAllianceInc_20200330_10-K_EX-10.18_12090678_EX-10.18_Development Agreement,"In the event LEA shall be deemed to have acquired any ownership rights in the Licensed Intellectual Property, the LEA shall assign, and agrees to execute all documents reasonably requested by T&B to assign, all such rights in the Licensed Intellectual Property to T&B or its nominee.",in the event lea shall be deemed to have acquired any ownership rights in the licensed intellectual property the lea shall assign and agrees to execute all documents reasonably requested by t b to assign all such rights in the licensed intellectual property to t b or its nominee,Ip Ownership Assignment,CUAD_train_contracts,cuad_train
LegacyEducationAllianceInc_20200330_10-K_EX-10.18_12090678_EX-10.18_Development Agreement,"LEA and T&B shall jointly own all jointly-created work product including, but not limited to, ideas, any and all concepts, designs, Customer Data (including client lists) generated through the conduct of the Business, programs, software, reports, or other intellectual property and tangible work product, produced for the Business , regardless of whether such were incorporated into or used by the Business (collectively ""Work Product""), shall be and remain the joint property of LEA and T&B when produced provided, however, (i) to the extent LEA has contributed distinct and divisible work product to the Business during the Term (""LEA Work Product""), such LEA Work Product shall remain frozen for a period not to exceed 90 days, during which time T&B may acquire a license for the LEA Work Product by reimbursing LEA direct and verifiable costs LEA incurred in producing the LEA Work Product during the Term and (ii) to the extent T&B has contributed distinct and divisible work product to the Business during the Term (""T&B Work Product""), such T&B Work Product shall remain frozen for a period not to exceed 90 days, during which time LEA may acquire license for the T&B Work Product by reimbursing T&B direct and verifiable costs T&B incurred in producing the T&B Work Product during the Term.",lea and t b shall jointly own all jointly created work product including but not limited to ideas any and all concepts designs customer data including client lists generated through the conduct of the business programs software reports or other intellectual property and tangible work product produced for the business regardless of whether such were incorporated into or used by the business collectively work product shall be and remain the joint property of lea and t b when produced provided however i to the extent lea has contributed distinct and divisible work product to the business during the term lea work product such lea work product shall remain frozen for a period not to exceed 90 days during which time t b may acquire a license for the lea work product by reimbursing lea direct and verifiable costs lea incurred in producing the lea work product during the term and ii to the extent t b has contributed distinct and divisible work product to the business during the term t b work product such t b work product shall remain frozen for a period not to exceed 90 days during which time lea may acquire license for the t b work product by reimbursing t b direct and verifiable costs t b incurred in producing the t b work product during the term,Joint Ip Ownership,CUAD_train_contracts,cuad_train
LegacyEducationAllianceInc_20200330_10-K_EX-10.18_12090678_EX-10.18_Development Agreement,"LEA shall, for a period of six (6) months (""Sell-Off Period"") following the effective date of termination of the license granted by T&B hereunder, have the right to fulfill commitments made to customers during the Term",lea shall for a period of six 6 months sell off period following the effective date of termination of the license granted by t b hereunder have the right to fulfill commitments made to customers during the term,Post-Termination Services,CUAD_train_contracts,cuad_train
LegacyEducationAllianceInc_20200330_10-K_EX-10.18_12090678_EX-10.18_Development Agreement,"LEA shall keep such written records respecting Cash Sales as T&B may reasonably request so that Royalty Payments payable hereunder may be accurately determined and shall permit such records to be examined by T&B or its authorized representative upon reasonable prior written notice at any reasonable time during regular business hours to verify the records, reports and payments herein provided.",lea shall keep such written records respecting cash sales as t b may reasonably request so that royalty payments payable hereunder may be accurately determined and shall permit such records to be examined by t b or its authorized representative upon reasonable prior written notice at any reasonable time during regular business hours to verify the records reports and payments herein provided,Audit Rights,CUAD_train_contracts,cuad_train
LegacyEducationAllianceInc_20200330_10-K_EX-10.18_12090678_EX-10.18_Development Agreement,"EXCEPT FOR AMOUNTS PAYABLE TO THIRD PARTIES IN CONNECTION WITH CLAIMS SUBJECT TO THE INDEMNIFICATION PROVISIONS OF SECTION 9.1 OR A BREACH OF EITHER PARTY'S OBLIGATIONS UNDER SECTION 5 (CONFIDENTIALITY), NEITHER PARTY WILL, UNDER ANY CIRCUMSTANCES, BE LIABLE TO THE OTHER PARTY FOR ANY LOST PROFITS OR ANY OTHER SPECIAL, INDIRECT OR CONSEQUENTIAL DAMAGES ARISING OUT OF OR RELATING TO THIS AGREEMENT EVEN IF THE PARTY HAS BEEN NOTIFIED OF THE POSSIBILITY OF SUCH DAMAGES.",except for amounts payable to third parties in connection with claims subject to the indemnification provisions of section 9 1 or a breach of either party s obligations under section 5 confidentiality neither party will under any circumstances be liable to the other party for any lost profits or any other special indirect or consequential damages arising out of or relating to this agreement even if the party has been notified of the possibility of such damages,Uncapped Liability,CUAD_train_contracts,cuad_train
LegacyEducationAllianceInc_20200330_10-K_EX-10.18_12090678_EX-10.18_Development Agreement,T&B and Tarek El Moussa shall be named as an additional insured on such insurance and proof of such inclusion shall be provided to T&B.,t b and tarek el moussa shall be named as an additional insured on such insurance and proof of such inclusion shall be provided to t b,Insurance,CUAD_train_contracts,cuad_train
LegacyEducationAllianceInc_20200330_10-K_EX-10.18_12090678_EX-10.18_Development Agreement,"In any instance to which such indemnities pertain, LEA shall obtain and maintain necessary insurance, including, without limitation, Commercial General Liability Insurance, including product liability insurance, trademark infringement, copyright infringement, defamation, contractual liability and personal and advertising injury liability insurance in an amount no less than ten million dollars ($10,000,000.00) per occurrence and ten million dollars ($10,000,000.00) aggregate combined single limit.",in any instance to which such indemnities pertain lea shall obtain and maintain necessary insurance including without limitation commercial general liability insurance including product liability insurance trademark infringement copyright infringement defamation contractual liability and personal and advertising injury liability insurance in an amount no less than ten million dollars 10 000 000 00 per occurrence and ten million dollars 10 000 000 00 aggregate combined single limit,Insurance,CUAD_train_contracts,cuad_train
LegacyEducationAllianceInc_20200330_10-K_EX-10.18_12090678_EX-10.18_Development Agreement,"LEA shall not at any time do or cause to be done any act, omission, or thing contesting or in any way impairing or tending to impair any part of T&B's right, title and interest in the Licensed Intellectual Property.",lea shall not at any time do or cause to be done any act omission or thing contesting or in any way impairing or tending to impair any part of t b s right title and interest in the licensed intellectual property,Covenant Not To Sue,CUAD_train_contracts,cuad_train
VerizonAbsLlc_20200123_8-K_EX-10.4_11952335_EX-10.4_Service Agreement,"TRANSFER AND SERVICING AGREEMENT, d",transfer and servicing agreement d,Document Name,CUAD_train_contracts,cuad_train
VerizonAbsLlc_20200123_8-K_EX-10.4_11952335_EX-10.4_Service Agreement,VERIZON OWNER TRUST 2020-A,verizon owner trust 2020 a,Parties,CUAD_train_contracts,cuad_train
VerizonAbsLlc_20200123_8-K_EX-10.4_11952335_EX-10.4_Service Agreement,Cellco Partnership d/b/a Verizon Wireless,cellco partnership d b a verizon wireless,Parties,CUAD_train_contracts,cuad_train
VerizonAbsLlc_20200123_8-K_EX-10.4_11952335_EX-10.4_Service Agreement,Cellco's appointment as custodian is effective as of the Initial Cutoff Date and will continue until the later of (i) the date on which all obligations of the Issuer have been paid in full and (ii) the date on which such appointment is terminated under this Section 3.10(f).,cellco s appointment as custodian is effective as of the initial cutoff date and will continue until the later of i the date on which all obligations of the issuer have been paid in full and ii the date on which such appointment is terminated under this section 3 10 f,Expiration Date,CUAD_train_contracts,cuad_train
VerizonAbsLlc_20200123_8-K_EX-10.4_11952335_EX-10.4_Service Agreement,"This Agreement will terminate on the earlier to occur of (a) the date upon which the last remaining Receivable is paid in full, settled, sold or written off and any amounts received are applied and (b) the Issuer is terminated under Section 8.1 of the Trust Agreement.",this agreement will terminate on the earlier to occur of a the date upon which the last remaining receivable is paid in full settled sold or written off and any amounts received are applied and b the issuer is terminated under section 8 1 of the trust agreement,Expiration Date,CUAD_train_contracts,cuad_train
VerizonAbsLlc_20200123_8-K_EX-10.4_11952335_EX-10.4_Service Agreement,"THIS AGREEMENT, INCLUDING THE RIGHTS AND DUTIES OF THE PARTIES HERETO, SHALL BE GOVERNED BY, AND CONSTRUED IN ACCORDANCE WITH, THE INTERNAL LAWS OF THE STATE OF NEW YORK (INCLUDING SECTIONS 5-1401 AND 5-1402 OF THE GENERAL OBLIGATIONS LAW OF THE STATE OF NEW YORK, BUT WITHOUT REGARD TO ANY OTHERWISE APPLICABLE CONFLICTS OF LAW PRINCIPLES).",this agreement including the rights and duties of the parties hereto shall be governed by and construed in accordance with the internal laws of the state of new york including sections 5 1401 and 5 1402 of the general obligations law of the state of new york but without regard to any otherwise applicable conflicts of law principles,Governing Law,CUAD_train_contracts,cuad_train
VerizonAbsLlc_20200123_8-K_EX-10.4_11952335_EX-10.4_Service Agreement,"Within fifteen (15) Business Days after the merger, consolidation, succession or assignment, such Person will (i) execute an agreement to assume the Depositor's obligations under this Agreement and each Transaction Document to which the Depositor is a party (unless the assumption happens by operation of Law), (ii) deliver to the Issuer, the Owner Trustee and the Indenture Trustee an Officer's Certificate and an Opinion of Counsel each stating that the merger, consolidation, succession or assignment and the assumption agreement comply with this Section 5.3, (iii) deliver to the Issuer, the Owner Trustee and the Indenture Trustee an Opinion of Counsel stating that the security interest in favor of the Issuer in the Depositor Transferred Property and the Indenture Trustee in the Collateral is or will be perfected and (iv) notify the Rating Agencies of the merger, consolidation, succession or assignment.",within fifteen 15 business days after the merger consolidation succession or assignment such person will i execute an agreement to assume the depositor s obligations under this agreement and each transaction document to which the depositor is a party unless the assumption happens by operation of law ii deliver to the issuer the owner trustee and the indenture trustee an officer s certificate and an opinion of counsel each stating that the merger consolidation succession or assignment and the assumption agreement comply with this section 5 3 iii deliver to the issuer the owner trustee and the indenture trustee an opinion of counsel stating that the security interest in favor of the issuer in the depositor transferred property and the indenture trustee in the collateral is or will be perfected and iv notify the rating agencies of the merger consolidation succession or assignment,Change Of Control,CUAD_train_contracts,cuad_train
VerizonAbsLlc_20200123_8-K_EX-10.4_11952335_EX-10.4_Service Agreement,"Within fifteen (15) Business Days after the merger, consolidation, succession or assignment, such Person will (i) execute an agreement to assume the Servicer's obligations under this Agreement and each Transaction Document to which the Servicer is a party (unless the assumption happens by operation of Law), (ii) deliver to the Issuer, the Owner Trustee and the Indenture Trustee an Officer's Certificate and an Opinion of Counsel each stating that the merger, consolidation, succession or assignment and the assumption agreement comply with this Section 7.6 and (iii) notify the Rating Agencies of the merger, consolidation, succession or assignment.",within fifteen 15 business days after the merger consolidation succession or assignment such person will i execute an agreement to assume the servicer s obligations under this agreement and each transaction document to which the servicer is a party unless the assumption happens by operation of law ii deliver to the issuer the owner trustee and the indenture trustee an officer s certificate and an opinion of counsel each stating that the merger consolidation succession or assignment and the assumption agreement comply with this section 7 6 and iii notify the rating agencies of the merger consolidation succession or assignment,Change Of Control,CUAD_train_contracts,cuad_train
VerizonAbsLlc_20200123_8-K_EX-10.4_11952335_EX-10.4_Service Agreement,"Except as stated in Sections 5.3, 7.4 and 7.6, this Agreement may not be assigned by the Depositor or the Servicer without the consent of the Owner Trustee, the Indenture Trustee, the Certificateholders and the Noteholders of at least 66-2/3% of the Note Balance of the Controlling Class.",except as stated in sections 5 3 7 4 and 7 6 this agreement may not be assigned by the depositor or the servicer without the consent of the owner trustee the indenture trustee the certificateholders and the noteholders of at least 66 2 3 of the note balance of the controlling class,Anti-Assignment,CUAD_train_contracts,cuad_train
VerizonAbsLlc_20200123_8-K_EX-10.4_11952335_EX-10.4_Service Agreement,"Except for the transfer and assignment under this Agreement, the Depositor will not transfer or assign any Depositor Transferred Property to another Person or Grant or allow a Lien, other than a Permitted Lien, on an interest in any Depositor Transferred Property.",except for the transfer and assignment under this agreement the depositor will not transfer or assign any depositor transferred property to another person or grant or allow a lien other than a permitted lien on an interest in any depositor transferred property,Non-Transferable License,CUAD_train_contracts,cuad_train
VerizonAbsLlc_20200123_8-K_EX-10.4_11952335_EX-10.4_Service Agreement,"If the Servicer resigns under Section 7.1, it will continue to perform its obligations as Servicer under this Agreement until the earlier to occur of (a) a Successor Servicer accepting its engagement as Servicer under Section 7.4 or (b) the date the Servicer is legally unable to act as Servicer.",if the servicer resigns under section 7 1 it will continue to perform its obligations as servicer under this agreement until the earlier to occur of a a successor servicer accepting its engagement as servicer under section 7 4 or b the date the servicer is legally unable to act as servicer,Post-Termination Services,CUAD_train_contracts,cuad_train
VerizonAbsLlc_20200123_8-K_EX-10.4_11952335_EX-10.4_Service Agreement,"On its resignation or termination, the Servicer will cooperate with the Issuer, the Owner Trustee, the Indenture Trustee and the Successor Servicer in effecting (i) the termination of its rights and obligations under this Agreement and (ii) an orderly transition of such rights and obligations to the Successor Servicer.",on its resignation or termination the servicer will cooperate with the issuer the owner trustee the indenture trustee and the successor servicer in effecting i the termination of its rights and obligations under this agreement and ii an orderly transition of such rights and obligations to the successor servicer,Post-Termination Services,CUAD_train_contracts,cuad_train
VerizonAbsLlc_20200123_8-K_EX-10.4_11952335_EX-10.4_Service Agreement,"Upon reasonable request not more than once during any calendar year, and with reasonable notice, the Servicer will give the Issuer, the Depositor, the Parent Support Provider, the Administrator, the Owner Trustee and the Indenture Trustee (or their representatives) access to the records and documents to conduct a review of the Servicer's performance under this Agreement.",upon reasonable request not more than once during any calendar year and with reasonable notice the servicer will give the issuer the depositor the parent support provider the administrator the owner trustee and the indenture trustee or their representatives access to the records and documents to conduct a review of the servicer s performance under this agreement,Audit Rights,CUAD_train_contracts,cuad_train
VerizonAbsLlc_20200123_8-K_EX-10.4_11952335_EX-10.4_Service Agreement,"The Custodian will give the Servicer access to the Receivable Files and, on request of the Servicer, the Custodian will promptly release any document in the Receivable Files to the Servicer for purposes of servicing the Receivables.",the custodian will give the servicer access to the receivable files and on request of the servicer the custodian will promptly release any document in the receivable files to the servicer for purposes of servicing the receivables,Audit Rights,CUAD_train_contracts,cuad_train
VerizonAbsLlc_20200123_8-K_EX-10.4_11952335_EX-10.4_Service Agreement,Any access or review will be conducted at the Custodian's offices during normal business hours at a time reasonably convenient to the Custodian in a manner that will minimize disruption of its business operations.,any access or review will be conducted at the custodian s offices during normal business hours at a time reasonably convenient to the custodian in a manner that will minimize disruption of its business operations,Audit Rights,CUAD_train_contracts,cuad_train
VerizonAbsLlc_20200123_8-K_EX-10.4_11952335_EX-10.4_Service Agreement,"The Custodian will give the Depositor, the Issuer and the Indenture Trustee access to the Receivable Files and the receivables systems to conduct a review of the Receivables.",the custodian will give the depositor the issuer and the indenture trustee access to the receivable files and the receivables systems to conduct a review of the receivables,Audit Rights,CUAD_train_contracts,cuad_train
VerizonAbsLlc_20200123_8-K_EX-10.4_11952335_EX-10.4_Service Agreement,"The sole remedy of the Issuer, the Indenture Trustee, the Owner Trustee, and the Secured Parties for any extension, modification, amendment, cancellation or waiver of a Receivable or any terms thereof under Section 3.2(b) or a breach of the covenants made by the Servicer in Section 3.2(c) or (d) is the Servicer's acquisition of the Receivables, as described under this Section 3.3.",the sole remedy of the issuer the indenture trustee the owner trustee and the secured parties for any extension modification amendment cancellation or waiver of a receivable or any terms thereof under section 3 2 b or a breach of the covenants made by the servicer in section 3 2 c or d is the servicer s acquisition of the receivables as described under this section 3 3,Cap On Liability,CUAD_train_contracts,cuad_train
VerizonAbsLlc_20200123_8-K_EX-10.4_11952335_EX-10.4_Service Agreement,"The Owner Trustee and the Indenture Trustee, for the benefit of the Secured Parties, will be third-party beneficiaries of this Agreement and may enforce this Agreement against the Depositor and the Servicer.",the owner trustee and the indenture trustee for the benefit of the secured parties will be third party beneficiaries of this agreement and may enforce this agreement against the depositor and the servicer,Third Party Beneficiary,CUAD_train_contracts,cuad_train
VERICELCORP_08_06_2019-EX-10.10-SUPPLY AGREEMENT,"Vericel and MediWound may each be referred to herein individually as a ""Party"" and collectively as the ""Parties.""",vericel and mediwound may each be referred to herein individually as a party and collectively as the parties,Parties,CUAD_train_contracts,cuad_train
VERICELCORP_08_06_2019-EX-10.10-SUPPLY AGREEMENT,"The term of this Agreement will commence upon the Effective Date and will continue until the fifth (5th) anniversary of the Effective Date, unless earlier terminated or extended under this Article 8 (the ""Initial Term"").",the term of this agreement will commence upon the effective date and will continue until the fifth 5th anniversary of the effective date unless earlier terminated or extended under this article 8 the initial term,Expiration Date,CUAD_train_contracts,cuad_train
VERICELCORP_08_06_2019-EX-10.10-SUPPLY AGREEMENT,"After the Initial Term (including any extension thereto made in accordance with the preceding sentence), the Agreement may be extended on a yearly basis up to ten (10) years at Vericel's sole discretion, with renewal notice to be provided to MediWound no later than twelve (12) months prior to the expiry of any yearly extension (the ""Renewal Term"", and the Initial Term, together with the Renewal Term, if any, the ""Term""); provided that unless otherwise agreed by the Parties, the Term of this Agreement (including the Initial Term, any extension of the Initial Term and any Renewal Terms) shall be no more than fifteen (15) years in total.",after the initial term including any extension thereto made in accordance with the preceding sentence the agreement may be extended on a yearly basis up to ten 10 years at vericel s sole discretion with renewal notice to be provided to mediwound no later than twelve 12 months prior to the expiry of any yearly extension the renewal term and the initial term together with the renewal term if any the term provided that unless otherwise agreed by the parties the term of this agreement including the initial term any extension of the initial term and any renewal terms shall be no more than fifteen 15 years in total,Renewal Term,CUAD_train_contracts,cuad_train
VERICELCORP_08_06_2019-EX-10.10-SUPPLY AGREEMENT,"This Agreement, and all claims arising under or in connection therewith, shall be governed by and interpreted in accordance with the substantive laws of the State of New York, without regard to conflict of law principles thereof.",this agreement and all claims arising under or in connection therewith shall be governed by and interpreted in accordance with the substantive laws of the state of new york without regard to conflict of law principles thereof,Governing Law,CUAD_train_contracts,cuad_train
VERICELCORP_08_06_2019-EX-10.10-SUPPLY AGREEMENT,"After a Second Source commences supply of Product, in the event of a shortage of Materials or Product, MediWound will allocate to Vericel its pro rata share of MediWound's supply of the same in a manner no less favorable than those of its equivalently situated customers or MediWound's own similarly situated products.",after a second source commences supply of product in the event of a shortage of materials or product mediwound will allocate to vericel its pro rata share of mediwound s supply of the same in a manner no less favorable than those of its equivalently situated customers or mediwound s own similarly situated products,Most Favored Nation,CUAD_train_contracts,cuad_train
VERICELCORP_08_06_2019-EX-10.10-SUPPLY AGREEMENT,"During the first five (5) years of the Term, with respect to the Bulk Vehicle Gel, Intermediate Drug Product and Finished Product, Vericel shall order and purchase such Products exclusively from MediWound in accordance with the terms of this Agreement; provided, however, Vericel may Manufacture or have Manufactured the Products (a) upon the occurrence of a Supply Failure with respect to any Product hereunder, or (b) as otherwise permitted under the terms of the License Agreement or this Agreement.",during the first five 5 years of the term with respect to the bulk vehicle gel intermediate drug product and finished product vericel shall order and purchase such products exclusively from mediwound in accordance with the terms of this agreement provided however vericel may manufacture or have manufactured the products a upon the occurrence of a supply failure with respect to any product hereunder or b as otherwise permitted under the terms of the license agreement or this agreement,Exclusivity,CUAD_train_contracts,cuad_train
VERICELCORP_08_06_2019-EX-10.10-SUPPLY AGREEMENT,"each case, in connection with the Manufacture of Licensed Products in or for the Territory.",each case in connection with the manufacture of licensed products in or for the territory,Exclusivity,CUAD_train_contracts,cuad_train
VERICELCORP_08_06_2019-EX-10.10-SUPPLY AGREEMENT,"MediWound hereby grants to Vericel an exclusive (even as to MediWound), sublicensable, royalty- free, fully paid-up, license in the Territory to use the Licensed Trademarks (as defined in the License Agreement) and a non- exclusive, sublicensable, royalty-free, fully paid-up, license to use the MediWound name and trademark, in",mediwound hereby grants to vericel an exclusive even as to mediwound sublicensable royalty free fully paid up license in the territory to use the licensed trademarks as defined in the license agreement and a non exclusive sublicensable royalty free fully paid up license to use the mediwound name and trademark in,Exclusivity,CUAD_train_contracts,cuad_train
VERICELCORP_08_06_2019-EX-10.10-SUPPLY AGREEMENT,"Following the Initial Term, Vericel may, without penalty or prejudice to any other rights or remedies Vericel may have, in its sole discretion terminate or reduce the scope of any individual activities contemplated by this Agreement or any Additional Service or with respect to any Product or terminate this Agreement as a whole with or without cause, upon [***] prior written notice of such termination or reduction (which such written notice may be provided during the Initial Term).",following the initial term vericel may without penalty or prejudice to any other rights or remedies vericel may have in its sole discretion terminate or reduce the scope of any individual activities contemplated by this agreement or any additional service or with respect to any product or terminate this agreement as a whole with or without cause upon prior written notice of such termination or reduction which such written notice may be provided during the initial term,Termination For Convenience,CUAD_train_contracts,cuad_train
VERICELCORP_08_06_2019-EX-10.10-SUPPLY AGREEMENT,Any assignment not in accordance with this Section 11.1 shall be void.,any assignment not in accordance with this section 11 1 shall be void,Anti-Assignment,CUAD_train_contracts,cuad_train
VERICELCORP_08_06_2019-EX-10.10-SUPPLY AGREEMENT,"Neither this Agreement nor any interest hereunder shall be assignable by a Party without the prior written consent of the other Party, except as follows: (a) such Party may assign its rights and obligations under this Agreement to any of its Affiliates, provided that the assignee shall expressly agree to be bound by such Party's obligations under this Agreement and that such Party shall remain liable for all of its rights and obligations under this Agreement, and (b) either Party may assign its rights and obligations hereunder to a Third Party in connection with a permitted assignment or other permitted transfer of the License Agreement. Each Party shall promptly notify the other Party of any assignment or transfer under the provisions of this Section 11.1.",neither this agreement nor any interest hereunder shall be assignable by a party without the prior written consent of the other party except as follows a such party may assign its rights and obligations under this agreement to any of its affiliates provided that the assignee shall expressly agree to be bound by such party s obligations under this agreement and that such party shall remain liable for all of its rights and obligations under this agreement and b either party may assign its rights and obligations hereunder to a third party in connection with a permitted assignment or other permitted transfer of the license agreement each party shall promptly notify the other party of any assignment or transfer under the provisions of this section 11 1,Anti-Assignment,CUAD_train_contracts,cuad_train
VERICELCORP_08_06_2019-EX-10.10-SUPPLY AGREEMENT,"To the extent that a delivery is less than [***] but at least [***] of the amount set out on the relevant Purchase Order, Vericel shall accept such delivery and shall be entitled, (A) where commercially reasonable for Vericel, to vary the delivery date agreed between Vericel and MediWound in accordance with Section 2.8 for the immediately following shipment(s) of the applicable Product due to the acceptance of such delivery, and (B) to increase subsequent Purchase Orders with the applicable shortage quantities.",to the extent that a delivery is less than but at least of the amount set out on the relevant purchase order vericel shall accept such delivery and shall be entitled a where commercially reasonable for vericel to vary the delivery date agreed between vericel and mediwound in accordance with section 2 8 for the immediately following shipment s of the applicable product due to the acceptance of such delivery and b to increase subsequent purchase orders with the applicable shortage quantities,Minimum Commitment,CUAD_train_contracts,cuad_train
VERICELCORP_08_06_2019-EX-10.10-SUPPLY AGREEMENT,"If MediWound fails to respond to a Purchase Order that is consistent with the Binding Forecast within [***] after receiving it, Vericel will, within [***] thereafter, confirm with MediWound that such Purchase Order was received by MediWound, and if such Purchase Order is consistent with the Binding Forecast and was properly submitted by Vericel in accordance with this Section 2.8(b), MediWound shall be deemed to have accepted such Purchase Order (""Binding Order"") as of the date of MediWound's receipt of such Purchase Order.",if mediwound fails to respond to a purchase order that is consistent with the binding forecast within after receiving it vericel will within thereafter confirm with mediwound that such purchase order was received by mediwound and if such purchase order is consistent with the binding forecast and was properly submitted by vericel in accordance with this section 2 8 b mediwound shall be deemed to have accepted such purchase order binding order as of the date of mediwound s receipt of such purchase order,Minimum Commitment,CUAD_train_contracts,cuad_train
VERICELCORP_08_06_2019-EX-10.10-SUPPLY AGREEMENT,"In each Calendar Year following Vericel's submission of the first Rolling Forecast, Vericel shall issue Purchase Orders for at least [***] of the quantities of each Product set forth in the current Calendar Year of the Rolling Forecast (as was set forth at the Rolling Forecast submitted immediately prior to the beginning of such Calendar Year).",in each calendar year following vericel s submission of the first rolling forecast vericel shall issue purchase orders for at least of the quantities of each product set forth in the current calendar year of the rolling forecast as was set forth at the rolling forecast submitted immediately prior to the beginning of such calendar year,Minimum Commitment,CUAD_train_contracts,cuad_train
VERICELCORP_08_06_2019-EX-10.10-SUPPLY AGREEMENT,"The remaining shelf-life for each Product for the Territory shall be at least [***] of the FDA approved shelf-life of such Product, as measured from the time of delivery of such Product to Vericel (the ""Minimum Shelf Life"").",the remaining shelf life for each product for the territory shall be at least of the fda approved shelf life of such product as measured from the time of delivery of such product to vericel the minimum shelf life,Volume Restriction,CUAD_train_contracts,cuad_train
VERICELCORP_08_06_2019-EX-10.10-SUPPLY AGREEMENT,"The Parties agree and acknowledge that, as of the Effective Date, MediWound's current Facility can fill orders from Vericel for use in the Territory up to [***] of Intermediate Drug Product, whether provided in that form or in the form of the equivalent amount of Finished Product within a calendar year (""Maximum Capacity"").",the parties agree and acknowledge that as of the effective date mediwound s current facility can fill orders from vericel for use in the territory up to of intermediate drug product whether provided in that form or in the form of the equivalent amount of finished product within a calendar year maximum capacity,Volume Restriction,CUAD_train_contracts,cuad_train
VERICELCORP_08_06_2019-EX-10.10-SUPPLY AGREEMENT,"If a Purchase Order contains quantities of Products in excess of the quantity of such Product forecasted for such quarter (as was set forth at the Rolling Forecast submitted immediately prior to the beginning of such Calendar Year) by an amount greater than [***] of the Binding Forecast (""Excess Amount""), MediWound will accept the Purchase Order up to, but not including the Excess Amount which in any event will not exceed the Maximum Capacity.",if a purchase order contains quantities of products in excess of the quantity of such product forecasted for such quarter as was set forth at the rolling forecast submitted immediately prior to the beginning of such calendar year by an amount greater than of the binding forecast excess amount mediwound will accept the purchase order up to but not including the excess amount which in any event will not exceed the maximum capacity,Volume Restriction,CUAD_train_contracts,cuad_train
VERICELCORP_08_06_2019-EX-10.10-SUPPLY AGREEMENT,"Subject to the terms herein, MediWound hereby grants to Vericel a non-exclusive, sublicensable (subject to Section 4.2 of the License Agreement) license under the MediWound Technology and MediWound's interest in the Joint Technology, to Manufacture and have Manufactured Licensed Products in the Territory for use in the Field in the Territory.",subject to the terms herein mediwound hereby grants to vericel a non exclusive sublicensable subject to section 4 2 of the license agreement license under the mediwound technology and mediwound s interest in the joint technology to manufacture and have manufactured licensed products in the territory for use in the field in the territory,License Grant,CUAD_train_contracts,cuad_train
VERICELCORP_08_06_2019-EX-10.10-SUPPLY AGREEMENT,"Following expiration of the Royalty Term (as defined in the License Agreement) for any Licensed Product in a given country, the license granted to Vericel under Section 9.1 of this Agreement with respect to such Licensed Product in such country shall automatically become fully paid-up, perpetual, irrevocable and royalty-free.",following expiration of the royalty term as defined in the license agreement for any licensed product in a given country the license granted to vericel under section 9 1 of this agreement with respect to such licensed product in such country shall automatically become fully paid up perpetual irrevocable and royalty free,Irrevocable Or Perpetual License,CUAD_train_contracts,cuad_train
VERICELCORP_08_06_2019-EX-10.10-SUPPLY AGREEMENT,"In addition, upon the expiration or earlier termination of this Agreement: (a) if Vericel terminates the Agreement for breach or MediWound terminates in accordance with Section 8.5, Vericel shall have the option of [***] (b) Vericel shall pay to MediWound: (i) all amounts outstanding and remaining to be paid for Product supplied prior to such expiration or termination or under any other obligation under the Agreement; (ii) all amounts for Product in the Binding Forecasts and Binding Orders prior to the expiration or termination, provided that MediWound delivers such Product in accordance with the terms of this Agreement; (iii) all amounts representing the purchase by MediWound of Materials in reliance upon the Binding Forecasts and Binding Orders (if MediWound is unable to cancel (without incurring any costs) or otherwise use such Materials); and (iv) all amounts representing remaining inventory of Product and all Product work in process undertaken in accordance with the Binding Forecasts or Binding Orders or undertaken otherwise in accordance with the terms of this Agreement.",in addition upon the expiration or earlier termination of this agreement a if vericel terminates the agreement for breach or mediwound terminates in accordance with section 8 5 vericel shall have the option of b vericel shall pay to mediwound i all amounts outstanding and remaining to be paid for product supplied prior to such expiration or termination or under any other obligation under the agreement ii all amounts for product in the binding forecasts and binding orders prior to the expiration or termination provided that mediwound delivers such product in accordance with the terms of this agreement iii all amounts representing the purchase by mediwound of materials in reliance upon the binding forecasts and binding orders if mediwound is unable to cancel without incurring any costs or otherwise use such materials and iv all amounts representing remaining inventory of product and all product work in process undertaken in accordance with the binding forecasts or binding orders or undertaken otherwise in accordance with the terms of this agreement,Post-Termination Services,CUAD_train_contracts,cuad_train
VERICELCORP_08_06_2019-EX-10.10-SUPPLY AGREEMENT,"In addition to the rights set out in Section 3.4(a), where (i) any audit carried out in accordance with this Section 3.4 has identified any breach of this Agreement, (ii) Vericel has a reasonable basis to suspect a breach of this Agreement, (iii) any previous audit carried out in accordance with this Section 3.4 has identified any major or critical findings, or (iv) if such audit is in response to or following an audit from a regulatory agency, and such audit resulted in a 483 or equivalent citation, then Vericel shall have the right to carry out, upon reasonable prior notice and during normal business hours, follow up compliance audit(s).",in addition to the rights set out in section 3 4 a where i any audit carried out in accordance with this section 3 4 has identified any breach of this agreement ii vericel has a reasonable basis to suspect a breach of this agreement iii any previous audit carried out in accordance with this section 3 4 has identified any major or critical findings or iv if such audit is in response to or following an audit from a regulatory agency and such audit resulted in a 483 or equivalent citation then vericel shall have the right to carry out upon reasonable prior notice and during normal business hours follow up compliance audit s,Audit Rights,CUAD_train_contracts,cuad_train
VERICELCORP_08_06_2019-EX-10.10-SUPPLY AGREEMENT,"MediWound shall use commercially reasonable efforts to procure the right for Vericel to have the same inspection rights described in this Section 3.4 at the premises of any such subcontractor, and if unable to procure such rights, shall carry out such audits itself and shall report its non-confidential findings to Vericel.",mediwound shall use commercially reasonable efforts to procure the right for vericel to have the same inspection rights described in this section 3 4 at the premises of any such subcontractor and if unable to procure such rights shall carry out such audits itself and shall report its non confidential findings to vericel,Audit Rights,CUAD_train_contracts,cuad_train
VERICELCORP_08_06_2019-EX-10.10-SUPPLY AGREEMENT,MediWound shall make such records and data available for Vericel's review on Vericel's reasonable request as mutually agreed by the Parties.,mediwound shall make such records and data available for vericel s review on vericel s reasonable request as mutually agreed by the parties,Audit Rights,CUAD_train_contracts,cuad_train
VERICELCORP_08_06_2019-EX-10.10-SUPPLY AGREEMENT,"Vericel shall have the right from time to time during the Term of this Agreement, but not more than [***] (unless (i) otherwise agreed between the Parties or (ii) if Section 3.4(b) below applies) during normal business hours and upon not less than [***] prior notice (unless Section 3.4(b)(iv) applies), to enter and inspect any Facility and any related utilities and/or services used in Manufacturing Product in order to carry out a cGMP quality and compliance audit of those parts of the Facility involved in or which could have any impact on Manufacture of such Product (including those used for storing, warehousing and/or testing and utilities), including for the purpose of confirming that no types of product which could reasonably be expected to impact the quality of the Product are being manufactured on site in deviation of cGMP.",vericel shall have the right from time to time during the term of this agreement but not more than unless i otherwise agreed between the parties or ii if section 3 4 b below applies during normal business hours and upon not less than prior notice unless section 3 4 b iv applies to enter and inspect any facility and any related utilities and or services used in manufacturing product in order to carry out a cgmp quality and compliance audit of those parts of the facility involved in or which could have any impact on manufacture of such product including those used for storing warehousing and or testing and utilities including for the purpose of confirming that no types of product which could reasonably be expected to impact the quality of the product are being manufactured on site in deviation of cgmp,Audit Rights,CUAD_train_contracts,cuad_train
VERICELCORP_08_06_2019-EX-10.10-SUPPLY AGREEMENT,"NEITHER PARTY SHALL BE LIABLE FOR ANY SPECIAL, INCIDENTAL, EXEMPLARY OR CONSEQUENTIAL DAMAGES OF ANY KIND (INCLUDING LOST PROFITS) REGARDLESS OF THE FORM OF ACTION, WHETHER IN CONTRACT, TORT, NEGLIGENCE, BREACH OF STATUTORY DUTY OR OTHERWISE, SUFFERED BY THE OTHER PARTY, EVEN IF THAT PARTY HAS BEEN INFORMED OF THE POSSIBILITY OF ANY SUCH DAMAGES IN ADVANCE. [***].",neither party shall be liable for any special incidental exemplary or consequential damages of any kind including lost profits regardless of the form of action whether in contract tort negligence breach of statutory duty or otherwise suffered by the other party even if that party has been informed of the possibility of any such damages in advance,Cap On Liability,CUAD_train_contracts,cuad_train
VERICELCORP_08_06_2019-EX-10.10-SUPPLY AGREEMENT,"Vericel shall be deemed to have accepted such shipment of Product as Conforming Product and any shortage in quantity if it does not provide Rejection Notice within [***] after receipt of delivery describing the reasons for such rejections in reasonable detail, provided, however, that such [***] period shall not apply to any Latent Defects, in which case Vericel shall notify MediWound of any such failure as soon as reasonably possible, but in any event within [***] after the Latent Defect is confirmed by Vericel and prior to expiration of the shelf-life for such Product.",vericel shall be deemed to have accepted such shipment of product as conforming product and any shortage in quantity if it does not provide rejection notice within after receipt of delivery describing the reasons for such rejections in reasonable detail provided however that such period shall not apply to any latent defects in which case vericel shall notify mediwound of any such failure as soon as reasonably possible but in any event within after the latent defect is confirmed by vericel and prior to expiration of the shelf life for such product,Warranty Duration,CUAD_train_contracts,cuad_train
VERICELCORP_08_06_2019-EX-10.10-SUPPLY AGREEMENT,"For the duration of this Agreement and for a period of [***] following its termination, each Party agrees to obtain and maintain, during the Term, commercial general liability insurance, including product liability insurance, with reputable and financially secure insurance carriers (or pursuant to a program of self-insurance reasonably satisfactory to the other Party) to cover its indemnification obligations under Section 7.1 or Section 7.2, as applicable, in each case with limits of not less than [***] per occurrence and in the aggregate. Insurance shall be procured with carriers having an A.M. Best Rating of A-VII or better.",for the duration of this agreement and for a period of following its termination each party agrees to obtain and maintain during the term commercial general liability insurance including product liability insurance with reputable and financially secure insurance carriers or pursuant to a program of self insurance reasonably satisfactory to the other party to cover its indemnification obligations under section 7 1 or section 7 2 as applicable in each case with limits of not less than per occurrence and in the aggregate insurance shall be procured with carriers having an a m best rating of a vii or better,Insurance,CUAD_train_contracts,cuad_train
"WASTE2ENERGYHOLDINGS,INC_06_03_2010-EX-10.2-STRATEGIC ALLIANCE AGREEMENT","each a ""Party"" and together the ""Parties",each a party and together the parties,Parties,CUAD_train_contracts,cuad_train
"WASTE2ENERGYHOLDINGS,INC_06_03_2010-EX-10.2-STRATEGIC ALLIANCE AGREEMENT",SHBV (HONG KONG) LTD,shbv hong kong ltd,Parties,CUAD_train_contracts,cuad_train
"WASTE2ENERGYHOLDINGS,INC_06_03_2010-EX-10.2-STRATEGIC ALLIANCE AGREEMENT",WASTE2ENERGY GROUP HOLDINGS PLC,waste2energy group holdings plc,Parties,CUAD_train_contracts,cuad_train
"WASTE2ENERGYHOLDINGS,INC_06_03_2010-EX-10.2-STRATEGIC ALLIANCE AGREEMENT","19 DAY OF MAY , 2010",19 day of may 2010,Agreement Date,CUAD_train_contracts,cuad_train
"WASTE2ENERGYHOLDINGS,INC_06_03_2010-EX-10.2-STRATEGIC ALLIANCE AGREEMENT",Commencement Date means the date of this Agreement,commencement date means the date of this agreement,Effective Date,CUAD_train_contracts,cuad_train
"WASTE2ENERGYHOLDINGS,INC_06_03_2010-EX-10.2-STRATEGIC ALLIANCE AGREEMENT","This Agreement shall commence on the Commencement Date and shall continue for a term of ten (10) years, unless previously terminated in accordance with Clause 15 (Termination).",this agreement shall commence on the commencement date and shall continue for a term of ten 10 years unless previously terminated in accordance with clause 15 termination,Expiration Date,CUAD_train_contracts,cuad_train
"WASTE2ENERGYHOLDINGS,INC_06_03_2010-EX-10.2-STRATEGIC ALLIANCE AGREEMENT",This Agreement is governed by English law.,this agreement is governed by english law,Governing Law,CUAD_train_contracts,cuad_train
"WASTE2ENERGYHOLDINGS,INC_06_03_2010-EX-10.2-STRATEGIC ALLIANCE AGREEMENT","SHBV agrees not to engage in business dealings, discussions, or otherwise work directly with any third parties introduced to SHBV through W2E, or to exploit any pre-existing relationship of W2E with any third party that has been represented to SHBV by W2E, without the prior consent and/or direct participation of W2E.",shbv agrees not to engage in business dealings discussions or otherwise work directly with any third parties introduced to shbv through w2e or to exploit any pre existing relationship of w2e with any third party that has been represented to shbv by w2e without the prior consent and or direct participation of w2e,Non-Compete,CUAD_train_contracts,cuad_train
"WASTE2ENERGYHOLDINGS,INC_06_03_2010-EX-10.2-STRATEGIC ALLIANCE AGREEMENT","W2E agrees not to engage in business dealings, discussions, or otherwise work directly with any third parties introduced to W2E through SHBV, or to exploit any pre-existing relationship of SHBV with any third party that has been represented to W2E by SHBV, without the prior consent and/or direct participation of SHBV.",w2e agrees not to engage in business dealings discussions or otherwise work directly with any third parties introduced to w2e through shbv or to exploit any pre existing relationship of shbv with any third party that has been represented to w2e by shbv without the prior consent and or direct participation of shbv,Non-Compete,CUAD_train_contracts,cuad_train
"WASTE2ENERGYHOLDINGS,INC_06_03_2010-EX-10.2-STRATEGIC ALLIANCE AGREEMENT","Each Party agrees that during the Term of this Agreement and for a period of six (6) months thereafter it shall not, without the prior written consent of the other Party, either on its own account or through its employees or agents or otherwise or on behalf of any other person, firm, company or other organisation and other than by general advertising, solicit, interfere with, procure or entice away (or, in each case, attempt so to do), either directly or indirectly, any employee or contractor of the other Party.",each party agrees that during the term of this agreement and for a period of six 6 months thereafter it shall not without the prior written consent of the other party either on its own account or through its employees or agents or otherwise or on behalf of any other person firm company or other organisation and other than by general advertising solicit interfere with procure or entice away or in each case attempt so to do either directly or indirectly any employee or contractor of the other party,No-Solicit Of Employees,CUAD_train_contracts,cuad_train
"WASTE2ENERGYHOLDINGS,INC_06_03_2010-EX-10.2-STRATEGIC ALLIANCE AGREEMENT","Each Party grants to the other Party a non-exclusive, non-transferable, royalty-free licence to use the other Party's Intellectual Property Rights as far is strictly necessary to comply with its marketing and promotional obligations under this Agreement.",each party grants to the other party a non exclusive non transferable royalty free licence to use the other party s intellectual property rights as far is strictly necessary to comply with its marketing and promotional obligations under this agreement,License Grant,CUAD_train_contracts,cuad_train
WORLDWIDESTRATEGIESINC_11_02_2005-EX-10-RESELLER AGREEMENT,TOUCHSTAR SOFTWARE CORPORATION,touchstar software corporation,Parties,CUAD_train_contracts,cuad_train
WORLDWIDESTRATEGIESINC_11_02_2005-EX-10-RESELLER AGREEMENT,WORLDWIDE STRATEGIES,worldwide strategies,Parties,CUAD_train_contracts,cuad_train
WORLDWIDESTRATEGIESINC_11_02_2005-EX-10-RESELLER AGREEMENT,"14 day of SEPTEMBER, 200_",14 day of september 200,Agreement Date,CUAD_train_contracts,cuad_train
WORLDWIDESTRATEGIESINC_11_02_2005-EX-10-RESELLER AGREEMENT,"This Agreement shall continue in force for a term of twelve (12) months from the Effective Date, unless terminated earlier under the provisions of this Article 8 (the ""Term""); PROVIDED that TouchStar shall have the right to terminate this Agreement at any time after the Effective Date upon not less than fifteen (15) days' prior written notice to Reseller.",this agreement shall continue in force for a term of twelve 12 months from the effective date unless terminated earlier under the provisions of this article 8 the term provided that touchstar shall have the right to terminate this agreement at any time after the effective date upon not less than fifteen 15 days prior written notice to reseller,Expiration Date,CUAD_train_contracts,cuad_train
WORLDWIDESTRATEGIESINC_11_02_2005-EX-10-RESELLER AGREEMENT,"THIS AGREEMENT SHALL BE GOVERNED BY, AND CONSTRUED IN ACCORDANCE WITH, THE LAWS OF THE STATE OF COLORADO, UNITED STATES, WITHOUT REGARD TO ITS PRINCIPLES REGARDING CONFLICT OF LAWS.",this agreement shall be governed by and construed in accordance with the laws of the state of colorado united states without regard to its principles regarding conflict of laws,Governing Law,CUAD_train_contracts,cuad_train
WORLDWIDESTRATEGIESINC_11_02_2005-EX-10-RESELLER AGREEMENT,the Territory which directly compete with the TouchStar Software or Support Services.,the territory which directly compete with the touchstar software or support services,Non-Compete,CUAD_train_contracts,cuad_train
WORLDWIDESTRATEGIESINC_11_02_2005-EX-10-RESELLER AGREEMENT,"Reseller shall not import, promote, distribute, license, market or sell any products in",reseller shall not import promote distribute license market or sell any products in,Non-Compete,CUAD_train_contracts,cuad_train
WORLDWIDESTRATEGIESINC_11_02_2005-EX-10-RESELLER AGREEMENT,Reseller shall not obtain the TouchStar Software or Support Services (or any software or services which compete with the TouchStar Software) for sale from any Entity other than TouchStar or its authorized agents.,reseller shall not obtain the touchstar software or support services or any software or services which compete with the touchstar software for sale from any entity other than touchstar or its authorized agents,Exclusivity,CUAD_train_contracts,cuad_train
WORLDWIDESTRATEGIESINC_11_02_2005-EX-10-RESELLER AGREEMENT,"Nothing contained in this Agreement is intended to limit Reseller from responding to unsolicited requests from Customers from outside of the Territory; PROVIDED, HOWEVER, that Reseller shall (a) immediately notify TouchStar upon receipt of any such request and (b) not seek customers of TouchStar Software or Support Services in any other location other than in the Territory.",nothing contained in this agreement is intended to limit reseller from responding to unsolicited requests from customers from outside of the territory provided however that reseller shall a immediately notify touchstar upon receipt of any such request and b not seek customers of touchstar software or support services in any other location other than in the territory,Competitive Restriction Exception,CUAD_train_contracts,cuad_train
WORLDWIDESTRATEGIESINC_11_02_2005-EX-10-RESELLER AGREEMENT,employment to any former employee of TouchStar for a period of four (4) months after such employee leaves the employ of TouchStar.,employment to any former employee of touchstar for a period of four 4 months after such employee leaves the employ of touchstar,No-Solicit Of Employees,CUAD_train_contracts,cuad_train
WORLDWIDESTRATEGIESINC_11_02_2005-EX-10-RESELLER AGREEMENT,"During the Term, and for a period of one year following the termination or expiration of this Agreement, Reseller will not, directly or indirectly, make an offer of employment to any current employee of TouchStar or otherwise encourage or solicit any current employee of TouchStar to leave the employ of TouchStar for any reason, or to devote less than all of such employee's efforts to the affairs of TouchStar, without (a) the prior written agreement of TouchStar, which TouchStar may grant in its sole discretion, and (b) the payment by Reseller to TouchStar of a mutually agreeable severance fee.",during the term and for a period of one year following the termination or expiration of this agreement reseller will not directly or indirectly make an offer of employment to any current employee of touchstar or otherwise encourage or solicit any current employee of touchstar to leave the employ of touchstar for any reason or to devote less than all of such employee s efforts to the affairs of touchstar without a the prior written agreement of touchstar which touchstar may grant in its sole discretion and b the payment by reseller to touchstar of a mutually agreeable severance fee,No-Solicit Of Employees,CUAD_train_contracts,cuad_train
WORLDWIDESTRATEGIESINC_11_02_2005-EX-10-RESELLER AGREEMENT,Reseller will not make an offer of,reseller will not make an offer of,No-Solicit Of Employees,CUAD_train_contracts,cuad_train
WORLDWIDESTRATEGIESINC_11_02_2005-EX-10-RESELLER AGREEMENT,"Except for the rights of TouchStar under Section 10.7(a), this Agreement may not be assigned by either party without the prior written consent of the other. Any attempted assignment in violation of this provision shall be void and shall be deemed a breach of this Agreement.",except for the rights of touchstar under section 10 7 a this agreement may not be assigned by either party without the prior written consent of the other any attempted assignment in violation of this provision shall be void and shall be deemed a breach of this agreement,Anti-Assignment,CUAD_train_contracts,cuad_train
WORLDWIDESTRATEGIESINC_11_02_2005-EX-10-RESELLER AGREEMENT,"Reseller acknowledges that meeting the Quotas is an essential element of this Agreement and that this Agreement may be terminated by TouchStar if, in TouchStar's reasonable opinion, Reseller will not meet the Quotas during the Term or any extension thereof.",reseller acknowledges that meeting the quotas is an essential element of this agreement and that this agreement may be terminated by touchstar if in touchstar s reasonable opinion reseller will not meet the quotas during the term or any extension thereof,Minimum Commitment,CUAD_train_contracts,cuad_train
WORLDWIDESTRATEGIESINC_11_02_2005-EX-10-RESELLER AGREEMENT,"TouchStar shall provide to Reseller, the Other Resellers, and its and their employees assistance relating to the TouchStar Software as reasonably requested by Reseller, but in any event in an amount not to exceed twenty (20) hours of assistance per month.",touchstar shall provide to reseller the other resellers and its and their employees assistance relating to the touchstar software as reasonably requested by reseller but in any event in an amount not to exceed twenty 20 hours of assistance per month,Volume Restriction,CUAD_train_contracts,cuad_train
WORLDWIDESTRATEGIESINC_11_02_2005-EX-10-RESELLER AGREEMENT,"To the extent that Reseller or any Other Reseller is deemed to be the owner of all or any portion of the TouchStar Software, any Intellectual Property Rights of TouchStar or any Ancillary Software, or any improvements or intellectual property rights related thereto pursuant to applicable law, Reseller (i) hereby assigns exclusively to TouchStar all rights of Reseller in and to such Software and any improvements and intellectual property rights related thereto royalty-free and exclusively and (ii) shall include in any Other Reseller Agreement provision by which any Other Reseller grants to TouchStar an exclusive, perpetual, irrevocable, royalty-free assignment of all deemed rights of such Other Reseller in and to such TouchStar Software, Ancillary Software and Intellectual Property Rights.",to the extent that reseller or any other reseller is deemed to be the owner of all or any portion of the touchstar software any intellectual property rights of touchstar or any ancillary software or any improvements or intellectual property rights related thereto pursuant to applicable law reseller i hereby assigns exclusively to touchstar all rights of reseller in and to such software and any improvements and intellectual property rights related thereto royalty free and exclusively and ii shall include in any other reseller agreement provision by which any other reseller grants to touchstar an exclusive perpetual irrevocable royalty free assignment of all deemed rights of such other reseller in and to such touchstar software ancillary software and intellectual property rights,Ip Ownership Assignment,CUAD_train_contracts,cuad_train
WORLDWIDESTRATEGIESINC_11_02_2005-EX-10-RESELLER AGREEMENT,Reseller grants to TouchStar a right and license to use the Reseller Marks in the preparation of the Private Label Software.,reseller grants to touchstar a right and license to use the reseller marks in the preparation of the private label software,License Grant,CUAD_train_contracts,cuad_train
WORLDWIDESTRATEGIESINC_11_02_2005-EX-10-RESELLER AGREEMENT,"Upgrades and enhancements to the TouchStar Software or Support Services shall automatically be deemed included as TouchStar Software or Support Services, as applicable, unless TouchStar notifies Reseller otherwise.",upgrades and enhancements to the touchstar software or support services shall automatically be deemed included as touchstar software or support services as applicable unless touchstar notifies reseller otherwise,License Grant,CUAD_train_contracts,cuad_train
WORLDWIDESTRATEGIESINC_11_02_2005-EX-10-RESELLER AGREEMENT,"TouchStar hereby grants to Reseller, with the additional right to grant to Other Resellers who or which enter into an Other Reseller Agreement, the nontransferable and nonexclusive right and license to use one copy of the TouchStar Software as necessary to demonstrate the TouchStar Software to potential Customers in the Territory.",touchstar hereby grants to reseller with the additional right to grant to other resellers who or which enter into an other reseller agreement the nontransferable and nonexclusive right and license to use one copy of the touchstar software as necessary to demonstrate the touchstar software to potential customers in the territory,License Grant,CUAD_train_contracts,cuad_train
WORLDWIDESTRATEGIESINC_11_02_2005-EX-10-RESELLER AGREEMENT,"In the event that (i) TouchStar elects not to enter into a new agreement with Reseller pursuant to Section 8.2 or (ii) Reseller terminates this Agreement in accordance with the provisions of Section 8.3, Reseller shall retain all Customer Agreements with Customers and TouchStar shall continue to provide Support Services under such Customer Agreements for the remaining term of such Customer Agreements.",in the event that i touchstar elects not to enter into a new agreement with reseller pursuant to section 8 2 or ii reseller terminates this agreement in accordance with the provisions of section 8 3 reseller shall retain all customer agreements with customers and touchstar shall continue to provide support services under such customer agreements for the remaining term of such customer agreements,Post-Termination Services,CUAD_train_contracts,cuad_train
WORLDWIDESTRATEGIESINC_11_02_2005-EX-10-RESELLER AGREEMENT,"In the event that (a) TouchStar terminates this Agreement in accordance with any one or more of the provisions of Section 8.2 or (b) Reseller elects not to enter into a new agreement with TouchStar pursuant to Section 8.1, Reseller shall refer to TouchStar or TouchStar's designee all inquiries and orders received by Reseller pertaining to the purchase of Support Services.",in the event that a touchstar terminates this agreement in accordance with any one or more of the provisions of section 8 2 or b reseller elects not to enter into a new agreement with touchstar pursuant to section 8 1 reseller shall refer to touchstar or touchstar s designee all inquiries and orders received by reseller pertaining to the purchase of support services,Post-Termination Services,CUAD_train_contracts,cuad_train
WORLDWIDESTRATEGIESINC_11_02_2005-EX-10-RESELLER AGREEMENT,"In the event that (i) TouchStar terminates this Agreement in accordance with any one or more of the provisions of Section 8.2 or (ii) Reseller elects not to enter into a new agreement with TouchStar pursuant to Section 8.1, all Customer Agreements with Customers shall be transferred by Reseller to TouchStar.",in the event that i touchstar terminates this agreement in accordance with any one or more of the provisions of section 8 2 or ii reseller elects not to enter into a new agreement with touchstar pursuant to section 8 1 all customer agreements with customers shall be transferred by reseller to touchstar,Post-Termination Services,CUAD_train_contracts,cuad_train
WORLDWIDESTRATEGIESINC_11_02_2005-EX-10-RESELLER AGREEMENT,"THE SOLE OBLIGATION OF TOUCHSTAR, AND THE SOLE REMEDY OF RESELLER OR ANY OTHER RESELLER, UNDER THIS AGREEMENT SHALL BE (A) WITH REGARD TO THE TOUCHSTAR SOFTWARE OR ANY CALL CENTER SYSTEM, THE REPLACEMENT OR REPAIR OF THE TOUCHSTAR SOFTWARE OR THE CALL CENTER SYSTEM OR, AT THE OPTION OF TOUCHSTAR, THE RETURN OF THE PURCHASE PRICE PAID BY RESELLER",the sole obligation of touchstar and the sole remedy of reseller or any other reseller under this agreement shall be a with regard to the touchstar software or any call center system the replacement or repair of the touchstar software or the call center system or at the option of touchstar the return of the purchase price paid by reseller,Cap On Liability,CUAD_train_contracts,cuad_train
WORLDWIDESTRATEGIESINC_11_02_2005-EX-10-RESELLER AGREEMENT,"Other than pursuant to this Section 10.12(b)(v), the arbitration award shall not include any indirect, incidental, special, consequential, or punitive damages and the arbitrators shall be so instructed.",other than pursuant to this section 10 12 b v the arbitration award shall not include any indirect incidental special consequential or punitive damages and the arbitrators shall be so instructed,Cap On Liability,CUAD_train_contracts,cuad_train
WORLDWIDESTRATEGIESINC_11_02_2005-EX-10-RESELLER AGREEMENT,"TouchStar shall have no liability to Reseller or any Other Reseller by reason of the termination or expiration of this Agreement for compensation, reimbursement, or damages of any kind, including any loss of prospective profits on anticipated sales, loss of goodwill, or investments made in reliance on this Agreement.",touchstar shall have no liability to reseller or any other reseller by reason of the termination or expiration of this agreement for compensation reimbursement or damages of any kind including any loss of prospective profits on anticipated sales loss of goodwill or investments made in reliance on this agreement,Cap On Liability,CUAD_train_contracts,cuad_train
WORLDWIDESTRATEGIESINC_11_02_2005-EX-10-RESELLER AGREEMENT,"IN NO EVENT SHALL TOUCHSTAR BE LIABLE TO RESELLER, ANY OTHER RESELLER OR ANY CUSTOMER BY REASON OF ANY REPRESENTATION OR IMPLIED WARRANTY, CONDITION, OTHER TERM, OR ANY DUTY AT COMMON LAW, OR UNDER THE TERMS OF THIS AGREEMENT, FOR ANY DIRECT, INDIRECT, SPECIAL, CONSEQUENTIAL OR PUNITIVE LOSS OR DAMAGE (WHETHER FOR LOSS OF PROFIT OR OTHERWISE) ARISING OUT OF OR IN CONNECTION WITH ANY ACT OR OMISSION OF TOUCHSTAR RELATING TO THE DEVELOPMENT, MANUFACTURE, OR SUPPLY OF THE TOUCHSTAR SOFTWARE, THE SERVICES, OR THE INSTALLATION OF ANY CALL CENTER SYSTEM, THEIR RESALE BY RESELLER, OR THEIR USE BY ANY CUSTOMER OR OTHER END USER.",in no event shall touchstar be liable to reseller any other reseller or any customer by reason of any representation or implied warranty condition other term or any duty at common law or under the terms of this agreement for any direct indirect special consequential or punitive loss or damage whether for loss of profit or otherwise arising out of or in connection with any act or omission of touchstar relating to the development manufacture or supply of the touchstar software the services or the installation of any call center system their resale by reseller or their use by any customer or other end user,Cap On Liability,CUAD_train_contracts,cuad_train
WORLDWIDESTRATEGIESINC_11_02_2005-EX-10-RESELLER AGREEMENT,"THE SOLE OBLIGATION OF TOUCHSTAR, AND THE SOLE REMEDY OF RESELLER OR ANY OTHER RESELLER, UNDER THIS AGREEMENT SHALL BE (A) WITH REGARD TO THE TOUCHSTAR SOFTWARE OR ANY CALL CENTER SYSTEM, THE REPLACEMENT OR REPAIR OF THE TOUCHSTAR SOFTWARE OR THE CALL CENTER SYSTEM OR, AT THE OPTION OF TOUCHSTAR, THE RETURN OF THE PURCHASE PRICE PAID BY RESELLER 14 FOR SUCH TOUCHSTAR SOFTWARE OR CALL CENTER SYSTEM AND (B) WITH REGARD TO SERVICES, THE REPERFORMANCE OF THE SERVICES.",the sole obligation of touchstar and the sole remedy of reseller or any other reseller under this agreement shall be a with regard to the touchstar software or any call center system the replacement or repair of the touchstar software or the call center system or at the option of touchstar the return of the purchase price paid by reseller 14 for such touchstar software or call center system and b with regard to services the reperformance of the services,Cap On Liability,CUAD_train_contracts,cuad_train
WORLDWIDESTRATEGIESINC_11_02_2005-EX-10-RESELLER AGREEMENT,"FOR SUCH TOUCHSTAR SOFTWARE OR CALL CENTER SYSTEM AND (B) WITH REGARD TO SERVICES, THE REPERFORMANCE OF THE SERVICES.",for such touchstar software or call center system and b with regard to services the reperformance of the services,Cap On Liability,CUAD_train_contracts,cuad_train
WORLDWIDESTRATEGIESINC_11_02_2005-EX-10-RESELLER AGREEMENT,"TouchStar warrants that (a) with regard to the TouchStar Software,",touchstar warrants that a with regard to the touchstar software,Warranty Duration,CUAD_train_contracts,cuad_train
WORLDWIDESTRATEGIESINC_11_02_2005-EX-10-RESELLER AGREEMENT,"(ii) for a period of ninety (90) days after delivery, the TouchStar Software will perform in all",ii for a period of ninety 90 days after delivery the touchstar software will perform in all,Warranty Duration,CUAD_train_contracts,cuad_train
WORLDWIDESTRATEGIESINC_11_02_2005-EX-10-RESELLER AGREEMENT,"material respects with the specifications contained in TouchStar's technical literature with regard to the TouchStar Software,",material respects with the specifications contained in touchstar s technical literature with regard to the touchstar software,Warranty Duration,CUAD_train_contracts,cuad_train
WORLDWIDESTRATEGIESINC_11_02_2005-EX-10-RESELLER AGREEMENT,"At a minimum, Reseller will subscribe for and maintain during the Term and for a period of two (2) years thereafter, commercial general liability insurance and errors and omission insurance in minimum amounts of Two Million Dollars (US$2,000,000) per occurrence.",at a minimum reseller will subscribe for and maintain during the term and for a period of two 2 years thereafter commercial general liability insurance and errors and omission insurance in minimum amounts of two million dollars us 2 000 000 per occurrence,Insurance,CUAD_train_contracts,cuad_train
WORLDWIDESTRATEGIESINC_11_02_2005-EX-10-RESELLER AGREEMENT,Reseller will ensure that any persons or entities engaged by or employed by it will carry and maintain such insurance coverage.,reseller will ensure that any persons or entities engaged by or employed by it will carry and maintain such insurance coverage,Insurance,CUAD_train_contracts,cuad_train
WORLDWIDESTRATEGIESINC_11_02_2005-EX-10-RESELLER AGREEMENT,"Each policy will include a provision requiring notice to the other party at least thirty (30) days prior to any cancellation, non-renewal, or material modification of the policy and will require that each policy will name TouchStar as an additional insured.",each policy will include a provision requiring notice to the other party at least thirty 30 days prior to any cancellation non renewal or material modification of the policy and will require that each policy will name touchstar as an additional insured,Insurance,CUAD_train_contracts,cuad_train
WORLDWIDESTRATEGIESINC_11_02_2005-EX-10-RESELLER AGREEMENT,"(c) dispute or deny the validity of any of the Intellectual Property Rights (including any attempt to register or record the same in any jurisdiction), (d) do any act or omit to do any act whereby TouchStar's right, title, and interest in the Intellectual Property Rights may become invalidated or otherwise adversely affected",c dispute or deny the validity of any of the intellectual property rights including any attempt to register or record the same in any jurisdiction d do any act or omit to do any act whereby touchstar s right title and interest in the intellectual property rights may become invalidated or otherwise adversely affected,Covenant Not To Sue,CUAD_train_contracts,cuad_train
WORLDWIDESTRATEGIESINC_11_02_2005-EX-10-RESELLER AGREEMENT,"In particular, and without limitation, Reseller shall not",in particular and without limitation reseller shall not,Covenant Not To Sue,CUAD_train_contracts,cuad_train
FEDERATEDGOVERNMENTINCOMESECURITIESINC_04_28_2020-EX-99.SERV AGREE-SERVICES AGREEMENT_SECONDAMENDMENT,SECOND AMENDMENT TO SERVICES AGREEMENT,second amendment to services agreement,Document Name,CUAD_train_contracts,cuad_train
FEDERATEDGOVERNMENTINCOMESECURITIESINC_04_28_2020-EX-99.SERV AGREE-SERVICES AGREEMENT_SECONDAMENDMENT,FEDERATED INVESTMENT MANAGEMENT COMPANY,federated investment management company,Parties,CUAD_train_contracts,cuad_train
FEDERATEDGOVERNMENTINCOMESECURITIESINC_04_28_2020-EX-99.SERV AGREE-SERVICES AGREEMENT_SECONDAMENDMENT,FEDERATED ADVISORY SERVICES COMPANY,federated advisory services company,Parties,CUAD_train_contracts,cuad_train
FEDERATEDGOVERNMENTINCOMESECURITIESINC_04_28_2020-EX-99.SERV AGREE-SERVICES AGREEMENT_SECONDAMENDMENT,This Second Amendment shall be governed by and construed in accordance with the laws of the Commonwealth of Pennsylvania.,this second amendment shall be governed by and construed in accordance with the laws of the commonwealth of pennsylvania,Governing Law,CUAD_train_contracts,cuad_train
AzulSa_20170303_F-1A_EX-10.3_9943903_EX-10.3_Maintenance Agreement2,Amendment n° 01 to the Global Maintenance Agreement ref. DS/C-3957/14 Issue 7,amendment n 01 to the global maintenance agreement ref ds c 3957 14 issue 7,Document Name,CUAD_train_contracts,cuad_train
AzulSa_20170303_F-1A_EX-10.3_9943903_EX-10.3_Maintenance Agreement2,"AVIONS DE TRANSPORT REGIONAL, G.I.E",avions de transport regional g i e,Parties,CUAD_train_contracts,cuad_train
AzulSa_20170303_F-1A_EX-10.3_9943903_EX-10.3_Maintenance Agreement2,"Hereinafter individually referred to as the ""Party"" or collectively as the ""Parties""",hereinafter individually referred to as the party or collectively as the parties,Parties,CUAD_train_contracts,cuad_train
AzulSa_20170303_F-1A_EX-10.3_9943903_EX-10.3_Maintenance Agreement2,AZUL LINHAS AÉREAS BRASILEIRAS S/A,azul linhas a reas brasileiras s a,Parties,CUAD_train_contracts,cuad_train
AzulSa_20170303_F-1A_EX-10.3_9943903_EX-10.3_Maintenance Agreement2,"This Amendment shall enter into force on the date of its signature by both Parties and, unless otherwise agreed upon in writing by the Parties through a subsequent amendment to the GMA, shall remain in force for the term of the referenced GMA.",this amendment shall enter into force on the date of its signature by both parties and unless otherwise agreed upon in writing by the parties through a subsequent amendment to the gma shall remain in force for the term of the referenced gma,Effective Date,CUAD_train_contracts,cuad_train
AzulSa_20170303_F-1A_EX-10.3_9943903_EX-10.3_Maintenance Agreement2,"Pursuant to and in accordance with Section 5-1401 of the New York General Obligations Law, the Parties hereto agree that this Amendment in all respects, and any claim or cause of action based upon or arising out of this Amendment, or any dealing between the Parties relating to the subject matter of this Amendment or the transactions contemplated hereby or the Company/Repairer relationship being established, shall be governed by, and construed in accordance with, the laws of the State of New York, U.S.A. as applied to contracts to be performed wholly within the State of New York (Exclusive of Section 7-101 of the New York General Obligations Law which is inapplicable to this Amendment).",pursuant to and in accordance with section 5 1401 of the new york general obligations law the parties hereto agree that this amendment in all respects and any claim or cause of action based upon or arising out of this amendment or any dealing between the parties relating to the subject matter of this amendment or the transactions contemplated hereby or the company repairer relationship being established shall be governed by and construed in accordance with the laws of the state of new york u s a as applied to contracts to be performed wholly within the state of new york exclusive of section 7 101 of the new york general obligations law which is inapplicable to this amendment,Governing Law,CUAD_train_contracts,cuad_train
PelicanDeliversInc_20200211_S-1_EX-10.3_11975895_EX-10.3_Development Agreement1,Software Development Agreement,software development agreement,Document Name,CUAD_train_contracts,cuad_train
PelicanDeliversInc_20200211_S-1_EX-10.3_11975895_EX-10.3_Development Agreement1,STATEMENT OF WORK - APPENDIX A,statement of work appendix a,Document Name,CUAD_train_contracts,cuad_train
PelicanDeliversInc_20200211_S-1_EX-10.3_11975895_EX-10.3_Development Agreement1,PELICAN DELIVERS INC.,pelican delivers inc,Parties,CUAD_train_contracts,cuad_train
PelicanDeliversInc_20200211_S-1_EX-10.3_11975895_EX-10.3_Development Agreement1,"SEATTLE SOFTWARE DEVELOPERS, Inc.",seattle software developers inc,Parties,CUAD_train_contracts,cuad_train
ORBSATCORP_08_17_2007-EX-7.3-STRATEGIC ALLIANCE AGREEMENT,World Energy Solutions,world energy solutions,Parties,CUAD_train_contracts,cuad_train
ORBSATCORP_08_17_2007-EX-7.3-STRATEGIC ALLIANCE AGREEMENT,9th day of September 200,9th day of september 200,Agreement Date,CUAD_train_contracts,cuad_train
ORBSATCORP_08_17_2007-EX-7.3-STRATEGIC ALLIANCE AGREEMENT,The term of the Agreement will be for 12 months unless terminated sooner.,the term of the agreement will be for 12 months unless terminated sooner,Expiration Date,CUAD_train_contracts,cuad_train
ORBSATCORP_08_17_2007-EX-7.3-STRATEGIC ALLIANCE AGREEMENT,AVDU will not seek to acquire any technologies presented to AVDU by UTK directly from the technology developer for a period of 24 months following the termination of this Strategic Alliance agreement.,avdu will not seek to acquire any technologies presented to avdu by utk directly from the technology developer for a period of 24 months following the termination of this strategic alliance agreement,Non-Compete,CUAD_train_contracts,cuad_train
ORBSATCORP_08_17_2007-EX-7.3-STRATEGIC ALLIANCE AGREEMENT,"Should AVDU decide not to proceed in the acquisition of the technology/company as described above, then AVDU shall be prohibited from acquiring the technology/company either directly or indirectly, from the technology/company developer for a period of 24 months following the termination of this Strategic Alliance Agreement.",should avdu decide not to proceed in the acquisition of the technology company as described above then avdu shall be prohibited from acquiring the technology company either directly or indirectly from the technology company developer for a period of 24 months following the termination of this strategic alliance agreement,Non-Compete,CUAD_train_contracts,cuad_train
ORBSATCORP_08_17_2007-EX-7.3-STRATEGIC ALLIANCE AGREEMENT,"AVDU agrees that for a twenty four months (24) following the execution of this Agreement, AVDU shall not, without UTEK's prior written consent, directly or indirectly solicit for employment any present employee of UTEK, or request induce or advise any employee of UTEK to leave the employ of UTEK.",avdu agrees that for a twenty four months 24 following the execution of this agreement avdu shall not without utek s prior written consent directly or indirectly solicit for employment any present employee of utek or request induce or advise any employee of utek to leave the employ of utek,No-Solicit Of Employees,CUAD_train_contracts,cuad_train
ORBSATCORP_08_17_2007-EX-7.3-STRATEGIC ALLIANCE AGREEMENT,"In turn, UTEK agrees that it will not directly or indirectly solicit any present employee of AVDU.",in turn utek agrees that it will not directly or indirectly solicit any present employee of avdu,No-Solicit Of Employees,CUAD_train_contracts,cuad_train
ORBSATCORP_08_17_2007-EX-7.3-STRATEGIC ALLIANCE AGREEMENT,Either party may terminate this Agreement at any time with 30 days written notice.,either party may terminate this agreement at any time with 30 days written notice,Termination For Convenience,CUAD_train_contracts,cuad_train
ORBSATCORP_08_17_2007-EX-7.3-STRATEGIC ALLIANCE AGREEMENT,Present technology acquisition opportunities for AVDU. AVDU will have 30-days to determine if they want to go forward with the technology license. a. UTK after 30 days shall have the right to present the technology to other clients.,present technology acquisition opportunities for avdu avdu will have 30 days to determine if they want to go forward with the technology license a utk after 30 days shall have the right to present the technology to other clients,Rofr/Rofo/Rofn,CUAD_train_contracts,cuad_train
ORBSATCORP_08_17_2007-EX-7.3-STRATEGIC ALLIANCE AGREEMENT,UTK agrees to provide the following distinct services to AVDU:,utk agrees to provide the following distinct services to avdu,Rofr/Rofo/Rofn,CUAD_train_contracts,cuad_train
ORBSATCORP_08_17_2007-EX-7.3-STRATEGIC ALLIANCE AGREEMENT,"The benefits of the Agreement shall inure to the respective successors and assignees of the parties and assigns and representatives, and the obligations and liabilities assumed in this Agreement by the parties hereto shall be binding upon their respective successors and assigns; provided that the rights and obligations of UTK under this Agreement may not be assigned or delegated without the prior written consent of AVDU and any such purported assignment shall be null and void.",the benefits of the agreement shall inure to the respective successors and assignees of the parties and assigns and representatives and the obligations and liabilities assumed in this agreement by the parties hereto shall be binding upon their respective successors and assigns provided that the rights and obligations of utk under this agreement may not be assigned or delegated without the prior written consent of avdu and any such purported assignment shall be null and void,Anti-Assignment,CUAD_train_contracts,cuad_train
ORBSATCORP_08_17_2007-EX-7.3-STRATEGIC ALLIANCE AGREEMENT,"In consideration for providing these Services, AVDU shall pay UTK $120,000 worth of unregistered shares of common stock (31,413 shares) upon the execution of this Strategic Alliance Agreement.",in consideration for providing these services avdu shall pay utk 120 000 worth of unregistered shares of common stock 31 413 shares upon the execution of this strategic alliance agreement,Revenue/Profit Sharing,CUAD_train_contracts,cuad_train
ORBSATCORP_08_17_2007-EX-7.3-STRATEGIC ALLIANCE AGREEMENT,"Notwithstanding the foregoing, UTK may assign this Agreement or any portion of its Compensation as outlined herein to its subsidiaries in its sole discretion.",notwithstanding the foregoing utk may assign this agreement or any portion of its compensation as outlined herein to its subsidiaries in its sole discretion,Third Party Beneficiary,CUAD_train_contracts,cuad_train
DRAGONSYSTEMSINC_01_08_1999-EX-10.17-OUTSOURCING AGREEMENT,OUTSOURCING AGREEMENT,outsourcing agreement,Document Name,CUAD_train_contracts,cuad_train
DRAGONSYSTEMSINC_01_08_1999-EX-10.17-OUTSOURCING AGREEMENT,MODUS MEDIA INTERNATIONAL,modus media international,Parties,CUAD_train_contracts,cuad_train
DRAGONSYSTEMSINC_01_08_1999-EX-10.17-OUTSOURCING AGREEMENT,"DRAGON SYSTEMS, INC.",dragon systems inc,Parties,CUAD_train_contracts,cuad_train
DRAGONSYSTEMSINC_01_08_1999-EX-10.17-OUTSOURCING AGREEMENT,This Agreement shall be valid for an indefinite period.,this agreement shall be valid for an indefinite period,Expiration Date,CUAD_train_contracts,cuad_train
DRAGONSYSTEMSINC_01_08_1999-EX-10.17-OUTSOURCING AGREEMENT,Any lawsuit relating to any matter arising under this Agreement may be initiated in a State or Federal Court located in the Commonwealth of Massachusetts or in any court in the Netherlands having jurisdiction over the matter.,any lawsuit relating to any matter arising under this agreement may be initiated in a state or federal court located in the commonwealth of massachusetts or in any court in the netherlands having jurisdiction over the matter,Governing Law,CUAD_train_contracts,cuad_train
DRAGONSYSTEMSINC_01_08_1999-EX-10.17-OUTSOURCING AGREEMENT,Dragon may terminate this agreement without cause by giving sixty (60) days written notice to MMI.,dragon may terminate this agreement without cause by giving sixty 60 days written notice to mmi,Termination For Convenience,CUAD_train_contracts,cuad_train
DRAGONSYSTEMSINC_01_08_1999-EX-10.17-OUTSOURCING AGREEMENT,MMI shall not be liable for indirect or consequential damages unless caused by intention or gross negligence.,mmi shall not be liable for indirect or consequential damages unless caused by intention or gross negligence,Cap On Liability,CUAD_train_contracts,cuad_train
DRAGONSYSTEMSINC_01_08_1999-EX-10.17-OUTSOURCING AGREEMENT,"Should MMI not supply the Services as agreed or should the Services become defective within 6 months from their delivery to Dragon Systems, Dragon Systems may at its option require MMI to complete or re-perform the Services within a reasonable period of time, rescind the contract or refuse payment of the compensation in part or in total, notwithstanding any damage claims.",should mmi not supply the services as agreed or should the services become defective within 6 months from their delivery to dragon systems dragon systems may at its option require mmi to complete or re perform the services within a reasonable period of time rescind the contract or refuse payment of the compensation in part or in total notwithstanding any damage claims,Warranty Duration,CUAD_train_contracts,cuad_train
DRAGONSYSTEMSINC_01_08_1999-EX-10.17-OUTSOURCING AGREEMENT,"MMI shall at its own expense obtain and maintain with an insurer adequate insurance coverage in respect of any Dragon Systems property under the care, custody or control of MMI.",mmi shall at its own expense obtain and maintain with an insurer adequate insurance coverage in respect of any dragon systems property under the care custody or control of mmi,Insurance,CUAD_train_contracts,cuad_train
SEPARATEACCOUNTIIOFAGL_05_02_2011-EX-99.(J)(4)-UNCONDITIONAL CAPITAL MAINTENANCE AGREEMENT,Unconditional Capital Maintenance Agreement,unconditional capital maintenance agreement,Document Name,CUAD_train_contracts,cuad_train
SEPARATEACCOUNTIIOFAGL_05_02_2011-EX-99.(J)(4)-UNCONDITIONAL CAPITAL MAINTENANCE AGREEMENT,American General Life Insurance Company,american general life insurance company,Parties,CUAD_train_contracts,cuad_train
SEPARATEACCOUNTIIOFAGL_05_02_2011-EX-99.(J)(4)-UNCONDITIONAL CAPITAL MAINTENANCE AGREEMENT,"American International Group, Inc.",american international group inc,Parties,CUAD_train_contracts,cuad_train
SEPARATEACCOUNTIIOFAGL_05_02_2011-EX-99.(J)(4)-UNCONDITIONAL CAPITAL MAINTENANCE AGREEMENT,"To the extent not terminated previously by AIG pursuant to the foregoing, this Agreement will terminate automatically one year after the closing of any sale of the Company by AIG, and all provisions hereof will be of no further force and effect.",to the extent not terminated previously by aig pursuant to the foregoing this agreement will terminate automatically one year after the closing of any sale of the company by aig and all provisions hereof will be of no further force and effect,Expiration Date,CUAD_train_contracts,cuad_train
SEPARATEACCOUNTIIOFAGL_05_02_2011-EX-99.(J)(4)-UNCONDITIONAL CAPITAL MAINTENANCE AGREEMENT,"Unless earlier terminated in accordance with this paragraph 8, this Agreement shall continue indefinitely.",unless earlier terminated in accordance with this paragraph 8 this agreement shall continue indefinitely,Expiration Date,CUAD_train_contracts,cuad_train
SEPARATEACCOUNTIIOFAGL_05_02_2011-EX-99.(J)(4)-UNCONDITIONAL CAPITAL MAINTENANCE AGREEMENT,"This Agreement shall be governed by and construed in accordance with the laws of New York, without giving effect to the principles of conflict of laws.",this agreement shall be governed by and construed in accordance with the laws of new york without giving effect to the principles of conflict of laws,Governing Law,CUAD_train_contracts,cuad_train
SEPARATEACCOUNTIIOFAGL_05_02_2011-EX-99.(J)(4)-UNCONDITIONAL CAPITAL MAINTENANCE AGREEMENT,"AIG shall have the absolute right to terminate this Agreement upon thirty (30) days' prior written notice to the Company, which notice shall state the effective date of termination (the ""Termination Date""); PROVIDED, HOWEVER, that AIG agrees not to terminate this Agreement unless (a) AIG significantly modifies the corporate structure or ownership of the Company, or (b) AIG sells the Company to an acquirer (i) having a rating from at least one of S&P, Moody's, A.M. Best or a substitute agency, which is a nationally recognized statistical rating organization, that is at least equal to the lower of (x) AIG's then-current rating from such agency or (y) the Company's then-current rating as supported by this Agreement from such agency; or (ii) such that, immediately on the effective date of the sale by AIG of the Company, the Company's capitalization is consistent with the minimum capital adequacy standards and criteria of at least one of S&P, Moody's, A.M. Best or a substitute agency, which is a nationally recognized statistical rating organization, for a rating that is equal to or better than the Company's then-current rating on the date immediately preceding such sale.",aig shall have the absolute right to terminate this agreement upon thirty 30 days prior written notice to the company which notice shall state the effective date of termination the termination date provided however that aig agrees not to terminate this agreement unless a aig significantly modifies the corporate structure or ownership of the company or b aig sells the company to an acquirer i having a rating from at least one of s p moody s a m best or a substitute agency which is a nationally recognized statistical rating organization that is at least equal to the lower of x aig s then current rating from such agency or y the company s then current rating as supported by this agreement from such agency or ii such that immediately on the effective date of the sale by aig of the company the company s capitalization is consistent with the minimum capital adequacy standards and criteria of at least one of s p moody s a m best or a substitute agency which is a nationally recognized statistical rating organization for a rating that is equal to or better than the company s then current rating on the date immediately preceding such sale,Termination For Convenience,CUAD_train_contracts,cuad_train
SEPARATEACCOUNTIIOFAGL_05_02_2011-EX-99.(J)(4)-UNCONDITIONAL CAPITAL MAINTENANCE AGREEMENT,"This Agreement does not provide, and is not intended to be construed or deemed to provide, any policyholder of the Company with recourse to or against any of the assets of AIG.",this agreement does not provide and is not intended to be construed or deemed to provide any policyholder of the company with recourse to or against any of the assets of aig,Cap On Liability,CUAD_train_contracts,cuad_train
SEPARATEACCOUNTIIOFAGL_05_02_2011-EX-99.(J)(4)-UNCONDITIONAL CAPITAL MAINTENANCE AGREEMENT,"This Agreement is not, and nothing herein contained and nothing done pursuant hereto by AIG shall constitute or be construed or deemed to constitute, an evidence of indebtedness or an obligation or liability of AIG as guarantor, endorser, surety or otherwise in respect of any obligation, indebtedness or liability, of any kind whatsoever, of the Company.",this agreement is not and nothing herein contained and nothing done pursuant hereto by aig shall constitute or be construed or deemed to constitute an evidence of indebtedness or an obligation or liability of aig as guarantor endorser surety or otherwise in respect of any obligation indebtedness or liability of any kind whatsoever of the company,Cap On Liability,CUAD_train_contracts,cuad_train
GridironBionutrientsInc_20171206_8-K_EX-10.2_10972556_EX-10.2_Endorsement Agreement,ENDORSEMENT AGREEMENT ADDENDUM I,endorsement agreement addendum i,Document Name,CUAD_train_contracts,cuad_train
GridironBionutrientsInc_20171206_8-K_EX-10.2_10972556_EX-10.2_Endorsement Agreement,National Football League Alumni - Northern California Chapter,national football league alumni northern california chapter,Parties,CUAD_train_contracts,cuad_train
GridironBionutrientsInc_20171206_8-K_EX-10.2_10972556_EX-10.2_Endorsement Agreement,Gridiron BioNutrients™,gridiron bionutrients,Parties,CUAD_train_contracts,cuad_train
GridironBionutrientsInc_20171206_8-K_EX-10.2_10972556_EX-10.2_Endorsement Agreement,"National Football League Alumni, Inc",national football league alumni inc,Parties,CUAD_train_contracts,cuad_train
GridironBionutrientsInc_20171206_8-K_EX-10.2_10972556_EX-10.2_Endorsement Agreement,"Food For Athletes, Inc",food for athletes inc,Parties,CUAD_train_contracts,cuad_train
GridironBionutrientsInc_20171206_8-K_EX-10.2_10972556_EX-10.2_Endorsement Agreement,"(collectively the ""Company"").",collectively the company,Parties,CUAD_train_contracts,cuad_train
GridironBionutrientsInc_20171206_8-K_EX-10.2_10972556_EX-10.2_Endorsement Agreement,A *donation of $0.05 per Unit sold of Licensed Products within the Contract Territory payable to the **NFL Alumni Northern California Chapter.,a donation of 0 05 per unit sold of licensed products within the contract territory payable to the nfl alumni northern california chapter,Revenue/Profit Sharing,CUAD_train_contracts,cuad_train
GridironBionutrientsInc_20171206_8-K_EX-10.2_10972556_EX-10.2_Endorsement Agreement,The NFLA-NC will donate 15% of the above described proceeds to the NFLA.,the nfla nc will donate 15 of the above described proceeds to the nfla,Revenue/Profit Sharing,CUAD_train_contracts,cuad_train
ImperialGardenResortInc_20161028_DRS (on F-1)_EX-10.13_9963189_EX-10.13_Outsourcing Agreement,Outsourcing Contract on Development of Miaoli Royal Resort Hotel,outsourcing contract on development of miaoli royal resort hotel,Document Name,CUAD_train_contracts,cuad_train
ImperialGardenResortInc_20161028_DRS (on F-1)_EX-10.13_9963189_EX-10.13_Outsourcing Agreement,The HUANG JIA Country CLUB and Recreation Inc.,the huang jia country club and recreation inc,Parties,CUAD_train_contracts,cuad_train
ImperialGardenResortInc_20161028_DRS (on F-1)_EX-10.13_9963189_EX-10.13_Outsourcing Agreement,Chang Chen- Bin Architects Office,chang chen bin architects office,Parties,CUAD_train_contracts,cuad_train
ImperialGardenResortInc_20161028_DRS (on F-1)_EX-10.13_9963189_EX-10.13_Outsourcing Agreement,"Should either Party herein initiate a legal proceeding for revoking any arbitration result regarding the Contract, both Parties herein agree to take the Miaoli District Court of Taiwan as the competent court of first instance pursuant to the laws of the R.O.C..",should either party herein initiate a legal proceeding for revoking any arbitration result regarding the contract both parties herein agree to take the miaoli district court of taiwan as the competent court of first instance pursuant to the laws of the r o c,Governing Law,CUAD_train_contracts,cuad_train
FuseMedicalInc_20190321_10-K_EX-10.43_11575454_EX-10.43_Distributor Agreement,Distributorship agreement,distributorship agreement,Document Name,CUAD_train_contracts,cuad_train
FuseMedicalInc_20190321_10-K_EX-10.43_11575454_EX-10.43_Distributor Agreement,Signature Orthopaedics Pty Ltd,signature orthopaedics pty ltd,Parties,CUAD_train_contracts,cuad_train
FuseMedicalInc_20190321_10-K_EX-10.43_11575454_EX-10.43_Distributor Agreement,"CPM Medical Consultants, LLC",cpm medical consultants llc,Parties,CUAD_train_contracts,cuad_train
FuseMedicalInc_20190321_10-K_EX-10.43_11575454_EX-10.43_Distributor Agreement,"This agreement begins on the Commencement Date and, subject to clause 11.2, shall continue for an initial term of one (1) years (Initial Term) and indefinitely after that until terminated by either party giving at least twelve (12) months' prior written notice to expire on or after the expiry date of the initial term.",this agreement begins on the commencement date and subject to clause 11 2 shall continue for an initial term of one 1 years initial term and indefinitely after that until terminated by either party giving at least twelve 12 months prior written notice to expire on or after the expiry date of the initial term,Expiration Date,CUAD_train_contracts,cuad_train
FuseMedicalInc_20190321_10-K_EX-10.43_11575454_EX-10.43_Distributor Agreement,This agreement and any dispute or claim arising out of or in connection with it or its subject matter or formation (including non-contractual disputes or claims) shall be governed by and construed in accordance with Ohio law.,this agreement and any dispute or claim arising out of or in connection with it or its subject matter or formation including non contractual disputes or claims shall be governed by and construed in accordance with ohio law,Governing Law,CUAD_train_contracts,cuad_train
FuseMedicalInc_20190321_10-K_EX-10.43_11575454_EX-10.43_Distributor Agreement,The Distributor shall not:,the distributor shall not,Non-Compete,CUAD_train_contracts,cuad_train
FuseMedicalInc_20190321_10-K_EX-10.43_11575454_EX-10.43_Distributor Agreement,"act as the agent or the buying agent, for any person for any goods which are competitive with the Product; or",act as the agent or the buying agent for any person for any goods which are competitive with the product or,Non-Compete,CUAD_train_contracts,cuad_train
FuseMedicalInc_20190321_10-K_EX-10.43_11575454_EX-10.43_Distributor Agreement,"The Distributor shall not assign, transfer, mortgage, charge, declare a trust of or deal in any other manner with this agreement or any of its rights and obligations under or arising out of this agreement, or purport to do any of the same; provided, however, the Distributor may assign or transfer this agreement to a Permitted Assignee without the consent of Supplier.",the distributor shall not assign transfer mortgage charge declare a trust of or deal in any other manner with this agreement or any of its rights and obligations under or arising out of this agreement or purport to do any of the same provided however the distributor may assign or transfer this agreement to a permitted assignee without the consent of supplier,Anti-Assignment,CUAD_train_contracts,cuad_train
FuseMedicalInc_20190321_10-K_EX-10.43_11575454_EX-10.43_Distributor Agreement,"Without affecting any other rights that it may be entitled to, the Supplier may give notice in writing to the Distributor terminating this agreement immediately if the Distributor purports to assign its rights or obligations under this agreement to an entity that is not (1) affiliated with, (2) related to, or (3) sharing common ownership with the Distributor (a Permitted Assignee).",without affecting any other rights that it may be entitled to the supplier may give notice in writing to the distributor terminating this agreement immediately if the distributor purports to assign its rights or obligations under this agreement to an entity that is not 1 affiliated with 2 related to or 3 sharing common ownership with the distributor a permitted assignee,Anti-Assignment,CUAD_train_contracts,cuad_train
